salesforce_account_id,name,parent_sf_account_id,parent_name,name_state_zip_slug,email,phone,phone2,website,street,street_2,city,county,state_province,postal_code,country,latitude,longitude,classical_status,classical_abstract_md_file,classical_report_md_file,classical_report_pdf_file,school_type,operating_model,private_public,church_governed,date_founded,student_population,facility_size,facility_nature,facility_lease_own,educator_certificates_degrees,educator_classes,educator_curriculums,student_curriculums,athletics,co_curricular_programs,classcon_programs,description,admissions_description,admissions_process,accreditations_description,accreditations_bullets,programs_description,programs_bullets,specialties_description,specialties_bullets,tuition_description,parent_id,head_contact_id,ambassador_contact_id,worldview,affiliations,school_awards,school_college_acceptances,liberal_arts,classical_language,great_books,low_tech,memory_work,socratic_method,etiquette,house_system,common_arts,classical_abstract_mdfile,classical_report_mdfile,classical_report_pdffile,featured_image_1_jpgfile,featured_image_2_jpgfile,show_classical_tab,show_campus_tab,show_tab_3,show_tab_4,account_id,cap_orig_sort
Acct0006,Abiding Savior Academy,,,abiding-savior-academy-sd-57103,info@abidingacademy.org,+1 605 371 1876,,https://abidingacademy.org/,4100 S. Bahnson Ave.,,Sioux Falls,Minnehaha County,SD,57103,US,43.50706960,-96.68066760,classical,abiding-savior-academy-sd-57103-fcapi-classicality-abstract.md,abiding-savior-academy-sd-57103-fcapi-classicality-audit.md,abiding-savior-academy-sd-57103-v*-fcapi-classicality-audit.pdf,elementary-intermediate-secondary,Private School,Private,0,2013,,,,,,,,,,,,,,,,,,,,,,,,,,,,,0,,0,0,0,0,0,0,0,abiding-savior-academy-sd-57103-fcapi-classicality-abstract.md,abiding-savior-academy-sd-57103-fcapi-classicality-audit.md,abiding-savior-academy-sd-57103-v*-fcapi-classicality-audit.pdf,,,0,0,0,0,271,2751
Acct0007,Abilene Classical Academy,,,abilene-classical-academy-tx-79602,office@abileneclassical.com,(402) 753-5192,,https://www.abileneclassical.com/,2002 S 27th St,,Abilene,,TX,79602,US,32.32498630,-99.65640920,classical,abilene-classical-academy-tx-79602-fcapi-classicality-abstract.md,abilene-classical-academy-tx-79602-fcapi-classicality-audit.md,abilene-classical-academy-tx-79602-v*-fcapi-classicality-audit.pdf,elementary-intermediate-secondary,Private School,Private School,0,2021,123,,,,,,,,,,,,,,,,,,,,,,,,,,,,1,"""\""\\\""""\\\\\\\""""\""""\\\\\\\\\\\\\\\""""\""""\\\""""\""""\\\\\\\\\\\\\\\\\\\\\\\\\\\\\\\""""\""""\\\""""\""""\\\\\\\""""\""""\\\""""\""""\\\\\\\\\\\\\\\\\\\\\\\\\\\\\\\\\\\\\\\\\\\\\\\\\\\\\\\\\\\\\\\""""\""""\\\""""\""""\\\\\\\""""\""""\\\""""\""""\\\\\\\\\\\\\\\""""\""""\\\""""\""""\\\\\\\""""\""""\\\""""\""""\\\\\\\\\\\\\\\\\\\\\\\\\\\\\\\\\\\\\\\\\\\\\\\\\\\\\\\\\\\\\\\\\\\\\\\\\\\\\\\\\\\\\\\\\\\\\\\\\\\\\\\\\\\\\\\\\\\\\\\\\\\\\\\""""\""""\\\""""\""""\\\\\\\""""\""""\\\""""\""""\\\\\\\\\\\\\\\""""\""""\\\""""\""""\\\\\\\""""\""""\\\""""\""""\\\\\\\\\\\\\\\\\\\\\\\\\\\\\\\""""\""""\\\""""\""""\\\\\\\""""\""""\\\""""\""""\\\\\\\\\\\\\\\""""\""""\\\""""\""""\\\\\\\""""\""""\\\""""\""""[\\\\\\\\\\\\\\\\\\\\\\\\\\\\\\\\\\\\\\\\\\\\\\\\\\\\\\\\\\\\\\\\\\\\\\\\\\\\\\\\\\\\\\\\\\\\\\\\\\\\\\\\\\\\\\\\\\\\\\\\\\\\\\\\\\\\\\\\\\\\\\\\\\\\\\\\\\\\\\\\\\\\\\\\\\\\\\\\\\\\\\\\\\\\\\\\\\\\\\\\\\\\\\\\\\\\\\\\\\\\\\\\\\\\\\\\\\\\\\\\\\\\\\\\\\\\\\\""""\""""\\\""""\""""\\\\\\\""""\""""\\\""""\""""\\\\\\\\\\\\\\\""""\""""\\\""""\""""\\\\\\\""""\""""\\\""""\""""\\\\\\\\\\\\\\\\\\\\\\\\\\\\\\\""""\""""\\\""""\""""\\\\\\\""""\""""\\\""""\""""\\\\\\\\\\\\\\\""""\""""\\\""""\""""\\\\\\\""""\""""\\\""""\""""\\\\\\\\\\\\\\\\\\\\\\\\\\\\\\\\\\\\\\\\\\\\\\\\\\\\\\\\\\\\\\\""""\""""\\\""""\""""\\\\\\\""""\""""\\\""""\""""\\\\\\\\\\\\\\\""""\""""\\\""""\""""\\\\\\\""""\""""\\\""""\""""\\\\\\\\\\\\\\\\\\\\\\\\\\\\\\\""""\""""\\\""""\""""\\\\\\\""""\""""\\\""""\""""\\\\\\\\\\\\\\\""""\""""\\\""""\""""\\\\\\\""""\""""\\\""""\""""Latin\\\\\\\\\\\\\\\\\\\\\\\\\\\\\\\\\\\\\\\\\\\\\\\\\\\\\\\\\\\\\\\\\\\\\\\\\\\\\\\\\\\\\\\\\\\\\\\\\\\\\\\\\\\\\\\\\\\\\\\\\\\\\\\\\\\\\\\\\\\\\\\\\\\\\\\\\\\\\\\\\\\\\\\\\\\\\\\\\\\\\\\\\\\\\\\\\\\\\\\\\\\\\\\\\\\\\\\\\\\\\\\\\\\\\\\\\\\\\\\\\\\\\\\\\\\\\\\""""\""""\\\""""\""""\\\\\\\""""\""""\\\""""\""""\\\\\\\\\\\\\\\""""\""""\\\""""\""""\\\\\\\""""\""""\\\""""\""""\\\\\\\\\\\\\\\\\\\\\\\\\\\\\\\""""\""""\\\""""\""""\\\\\\\""""\""""\\\""""\""""\\\\\\\\\\\\\\\""""\""""\\\""""\""""\\\\\\\""""\""""\\\""""\""""\\\\\\\\\\\\\\\\\\\\\\\\\\\\\\\\\\\\\\\\\\\\\\\\\\\\\\\\\\\\\\\""""\""""\\\""""\""""\\\\\\\""""\""""\\\""""\""""\\\\\\\\\\\\\\\""""\""""\\\""""\""""\\\\\\\""""\""""\\\""""\""""\\\\\\\\\\\\\\\\\\\\\\\\\\\\\\\""""\""""\\\""""\""""\\\\\\\""""\""""\\\""""\""""\\\\\\\\\\\\\\\""""\""""\\\""""\""""\\\\\\\""""\""""\\\""""\""""\\\\\\\\\\\\\\\\\\\\\\\\\\\\\\\\\\\\\\\\\\\\\\\\\\\\\\\\\\\\\\\\\\\\\\\\\\\\\\\\\\\\\\\\\\\\\\\\\\\\\\\\\\\\\\\\\\\\\\\\\\\\\\\""""\""""\\\""""\""""\\\\\\\""""\""""\\\""""\""""\\\\\\\\\\\\\\\""""\""""\\\""""\""""\\\\\\\""""\""""\\\""""\""""\\\\\\\\\\\\\\\\\\\\\\\\\\\\\\\""""\""""\\\""""\""""\\\\\\\""""\""""\\\""""\""""\\\\\\\\\\\\\\\""""\""""\\\""""\""""\\\\\\\""""\""""\\\""""\""""\\\\\\\\\\\\\\\\\\\\\\\\\\\\\\\\\\\\\\\\\\\\\\\\\\\\\\\\\\\\\\\""""\""""\\\""""\""""\\\\\\\""""\""""\\\""""\""""\\\\\\\\\\\\\\\""""\""""\\\""""\""""\\\\\\\""""\""""\\\""""\""""\\\\\\\\\\\\\\\\\\\\\\\\\\\\\\\""""\""""\\\""""\""""\\\\\\\""""\""""\\\""""\""""\\\\\\\\\\\\\\\""""\""""\\\""""\""""\\\\\\\""""\""""\\\""""\""""]\\\\\\\\\\\\\\\\\\\\\\\\\\\\\\\\\\\\\\\\\\\\\\\\\\\\\\\\\\\\\\\\\\\\\\\\\\\\\\\\\\\\\\\\\\\\\\\\\\\\\\\\\\\\\\\\\\\\\\\\\\\\\\\""""\""""\\\""""\""""\\\\\\\""""\""""\\\""""\""""\\\\\\\\\\\\\\\""""\""""\\\""""\""""\\\\\\\""""\""""\\\""""\""""\\\\\\\\\\\\\\\\\\\\\\\\\\\\\\\""""\""""\\\""""\""""\\\\\\\""""\""""\\\""""\""""\\\\\\\\\\\\\\\""""\""""\\\""""\""""\\\\\\\""""\""""\\\""""\""""\\\\\\\\\\\\\\\\\\\\\\\\\\\\\\\\\\\\\\\\\\\\\\\\\\\\\\\\\\\\\\\""""\""""\\\""""\""""\\\\\\\""""\""""\\\""""\""""\\\\\\\\\\\\\\\""""\""""\\\""""\""""\\\\\\\""""\""""\\\""""\""""\\\\\\\\\\\\\\\\\\\\\\\\\\\\\\\""""\""""\\\""""\""""\\\\\\\""""\""""\\\""""\""""\\\\\\\\\\\\\\\""""\""""\\\""""\""""\\\\\\\""""\""""\\\""""\""""\\\\\\\\\\\\\\\\\\\\\\\\\\\\\\\\\\\\\\\\\\\\\\\\\\\\\\\\\\\\\\\\\\\\\\\\\\\\\\\\\\\\\\\\\\\\\\\\\\\\\\\\\\\\\\\\\\\\\\\\\\\\\\\""""\""""\\\""""\""""\\\\\\\""""\""""\\\""""\""""\\\\\\\\\\\\\\\""""\""""\\\""""\""""\\\\\\\""""\""""\\\""""\""""\\\\\\\\\\\\\\\\\\\\\\\\\\\\\\\""""\""""\\\""""\""""\\\\\\\""""\""""\\\""""\""""\\\\\\\\\\\\\\\""""\""""\\\""""\""""\\\\\\\""""\""""\\\""""\""""\\\\\\\\\\\\\\\\\\\\\\\\\\\\\\\\\\\\\\\\\\\\\\\\\\\\\\\\\\\\\\\""""\""""\\\""""\""""\\\\\\\""""\""""\\\""""\""""\\\\\\\\\\\\\\\""""\""""\\\""""\""""\\\\\\\""""\""""\\\""""\""""\\\\\\\\\\\\\\\\\\\\\\\\\\\\\\\""""\""""\\\""""\""""\\\\\\\""""\""""\\\""""\""""\\\\\\\\\\\\\\\""""\""""\\\""""\""""\\\\\\\""""\""""\\\""""\""""\\\\\\\\\\\\\\\\\\\\\\\\\\\\\\\\\\\\\\\\\\\\\\\\\\\\\\\\\\\\\\\\\\\\\\\\\\\\\\\\\\\\\\\\\\\\\\\\\\\\\\\\\\\\\\\\\\\\\\\\\\\\\\\""""\""""\\\""""\""""\\\\\\\""""\""""\\\""""\""""\\\\\\\\\\\\\\\""""\""""\\\""""\""""\\\\\\\""""\""""\\\""""\""""\\\\\\\\\\\\\\\\\\\\\\\\\\\\\\\""""\""""\\\""""\""""\\\\\\\""""\""""\\\""""\""""\\\\\\\\\\\\\\\""""\""""\\\""""\""""\\\\\\\""""\""""\\\""""\""""\\\\\\\\\\\\\\\\\\\\\\\\\\\\\\\\\\\\\\\\\\\\\\\\\\\\\\\\\\\\\\\""""\""""\\\""""\""""\\\\\\\""""\""""\\\""""\""""\\\\\\\\\\\\\\\""""\""""\\\""""\""""\\\\\\\""""\""""\\\""""\""""\\\\\\\\\\\\\\\\\\\\\\\\\\\\\\\""""\""""\\\""""\""""\\\\\\\""""\""""\\\""""\""""\\\\\\\\\\\\\\\""""\""""\\\""""\""""\\\\\\\""""\""""\\\""""\""""\\\\\\\\\\\\\\\\\\\\\\\\\\\\\\\\\\\\\\\\\\\\\\\\\\\\\\\\\\\\\\\""""\""""\\\""""\""""\\\\\\\""""\""""\\\""""\""""\\\\\\\\\\\\\\\""""\""""\\\""""\""""\\\\\\\""""\""""\\\""""\""""\\\\\\\\\\\\\\\\\\\\\\\\\\\\\\\""""\""""\\\""""\""""\\\\\\\""""\""""\\\""""\""""\\\\\\\\\\\\\\\""""\""""\\\""""\""""\\\\\\\""""\""""\\\""""\""""\\\\\\\\\\\\\\\\\\\\\\\\\\\\\\\\\\\\\\\\\\\\\\\\\\\\\\\\\\\\\\\""""\""""\\\""""\""""\\\\\\\""""\""""\\\""""\""""\\\\\\\\\\\\\\\""""\""""\\\""""\""""\\\\\\\""""\""""\\\""""\""""\\\\\\\\\\\\\\\\\\\\\\\\\\\\\\\""""\""""\\\""""\""""\\\\\\\""""\""""\\\""""\""""\\\\\\\\\\\\\\\""""\""""\\\""""\""""\\\\\\\""""\""""\\\""""\""""\\\\\\\\\\\\\\\\\\\\\\\\\\\\\\\\\\\\\\\\\\\\\\\\\\\\\\\\\\\\\\\""""\""""\\\""""\""""\\\\\\\""""\""""\\\""""\""""\\\\\\\\\\\\\\\""""\""""\\\""""\""""\\\\\\\""""\""""\\\""""\""""\\\\\\\\\\\\\\\\\\\\\\\\\\\\\\\""""\""""\\\""""\""""\\\\\\\""""\""""\\\""""\""""\\\\\\\\\\\\\\\""""\""""\\\""""\""""\\\\\\\""""\""""\\\""""\""""\\\\\\\\\\\\\\\\\\\\\\\\\\\\\\\""""\""""\\\""""\""""\\\\\\\""""\""""\\\""""\""""\\\\\\\\\\\\\\\""""\""""\\\""""\""""\\\\\\\""""\""""\\\""""\""""\\\\\\\\\\\\\\\\\\\\\\\\\\\\\\\""""\""""\\\""""\""""\\\\\\\""""\""""\\\""""\""""\\\\\\\\\\\\\\\""""\""""\\\""""\""""\\\\\\\""""\""""\\\""""\""""\\\\\\\\\\\\\\\\\\\\\\\\\\\\\\\""""\""""\\\""""\""""\\\\\\\""""\""""\\\""""\""""\\\\\\\\\\\\\\\""""\""""\\\""""\""""\\\\\\\""""\""""\\\""""\""""\\\\\\\\\\\\\\\""""\""""\\\""""\""""\\\\\\\""""\""""\\\""""\""""\\\\\\\\\\\\\\\""""\""""\\\""""\""""\\\\\\\""""\""""\\\""""\""""\\\\\\\\\\\\\\\""""\""""\\\""""\""""\\\\\\\""""\""""\\\""""\""""\\\\\\\""""\""""\\\""""\""""\\\\\\\""""\""""\\\""""\""""\\\\\\\""""\""""\\\""""\""""\\\""""\""""\\\""""\""""\\\""""\""""\""""\""""\""""""""""",1,0,0,0,0,0,0,abilene-classical-academy-tx-79602-fcapi-classicality-abstract.md,abilene-classical-academy-tx-79602-fcapi-classicality-audit.md,abilene-classical-academy-tx-79602-v*-fcapi-classicality-audit.pdf,,,0,0,0,0,272,
Acct0022,Academy of Classical Christian Studies,,,academy-classical-christian-studies-ok-73131,info@theacademyok.org,+1 405 478 2077,,https://theacademyok.org/,1120 E Hefner Rd.,,Oklahoma City,Oklahoma County,OK,73131,US,35.57945880,-97.49263920,classical,academy-classical-christian-studies-ok-73131-fcapi-classicality-abstract.md,academy-classical-christian-studies-ok-73131-fcapi-classicality-audit.md,academy-classical-christian-studies-ok-73131-v*-fcapi-classicality-audit.pdf,elementary-intermediate-secondary,Private School,Private,0,,,,,,,,,,,,,,,,,,,,,,,,,,,,,,0,,0,0,0,0,0,0,0,academy-classical-christian-studies-ok-73131-fcapi-classicality-abstract.md,academy-classical-christian-studies-ok-73131-fcapi-classicality-audit.md,academy-classical-christian-studies-ok-73131-v*-fcapi-classicality-audit.pdf,,,0,0,0,0,286,2073
,Acts Community School,,,acts-community-school-tx-77536,,+1 281 888 8888,,https://www.actscommunitychurches.com,7347 Temperance Lane,,Deer Park,,TX,77536,US,29.67087630,-95.11999340,classical,acts-community-school-tx-77536-fcapi-classicality-abstract.md,acts-community-school-tx-77536-fcapi-classicality-audit.md,acts-community-school-tx-77536-v*-fcapi-classicality-audit.pdf,elementary-intermediate-secondary,,,0,,,,,,,,,,,,,,,,,,,,,,,,,,,,,,0,,0,0,0,0,0,0,0,acts-community-school-tx-77536-fcapi-classicality-abstract.md,acts-community-school-tx-77536-fcapi-classicality-audit.md,acts-community-school-tx-77536-v*-fcapi-classicality-audit.pdf,,,0,0,0,0,5264,
Acct0029,Ad Fontes Academy,,,ad-fontes-academy-va-22030,dluckenbaugh@adfontes.com,+1 571 762 2431,,https://adfontes.com/,15450 Lee Hwy,,Centreville,Fairfax County,VA,22030,US,38.82886410,-77.48255330,classical,ad-fontes-academy-va-22030-fcapi-classicality-abstract.md,ad-fontes-academy-va-22030-fcapi-classicality-audit.md,ad-fontes-academy-va-22030-v*-fcapi-classicality-audit.pdf,elementary-intermediate-secondary,Private School,Private,0,1996,,,,,,,,,,,,,,,,,,,,,,,,,,,,,0,,0,0,0,0,0,0,0,ad-fontes-academy-va-22030-fcapi-classicality-abstract.md,ad-fontes-academy-va-22030-fcapi-classicality-audit.md,ad-fontes-academy-va-22030-v*-fcapi-classicality-audit.pdf,,,0,0,0,0,293,2053
Acct0033,Addenbrooke Classical Academy,,,addenbrooke-classical-academy-co-80235,,+1 608 469 6798,,https://www.augustineclassical.org/,3940 S. Teller St.,,Lakeview,Jefferson County,CO,80235,US,39.64417420,-105.07556810,classical,addenbrooke-classical-academy-co-80235-fcapi-classicality-abstract.md,addenbrooke-classical-academy-co-80235-fcapi-classicality-audit.md,addenbrooke-classical-academy-co-80235-v*-fcapi-classicality-audit.pdf,elementary-intermediate-secondary,Charter,Public,0,,,,,,,,,,,,,,,,,,,,,,,,,,,,,,0,,0,0,0,0,0,0,0,addenbrooke-classical-academy-co-80235-fcapi-classicality-abstract.md,addenbrooke-classical-academy-co-80235-fcapi-classicality-audit.md,addenbrooke-classical-academy-co-80235-v*-fcapi-classicality-audit.pdf,,,0,0,0,0,294,2255
Acct0034,Adel Classical Academy,,,adel-classical-academy-ia-50003,adelclassicalacademy@gmail.com,+1 515 612 4414,,https://www.adelclassicalacademy.org/,25712 U.S. 6,,Adel,Dallas County,IA,50003,US,41.61303990,-93.97696140,classical,adel-classical-academy-ia-50003-fcapi-classicality-abstract.md,adel-classical-academy-ia-50003-fcapi-classicality-audit.md,adel-classical-academy-ia-50003-v*-fcapi-classicality-audit.pdf,elementary-intermediate-secondary,Private School,Private,0,2022,,,,,,,,,,,,,,,,,,,,,,,,,,,,,0,,0,0,0,0,0,0,0,adel-classical-academy-ia-50003-fcapi-classicality-abstract.md,adel-classical-academy-ia-50003-fcapi-classicality-audit.md,adel-classical-academy-ia-50003-v*-fcapi-classicality-audit.pdf,,,0,0,0,0,295,1194
Acct0035,Adelphia Classical Christian Academy,,,adelphia-classical-christian-academy-ca-92866,,+1 714 677 2594,,https://www.adelphiaclassical.com/,710 South Cambridge Street,,Orange,Orange County,CA,92866,US,33.77663570,-117.84529300,classical,adelphia-classical-christian-academy-ca-92866-fcapi-classicality-abstract.md,adelphia-classical-christian-academy-ca-92866-fcapi-classicality-audit.md,adelphia-classical-christian-academy-ca-92866-v*-fcapi-classicality-audit.pdf,elementary-intermediate-secondary,Private School,Private,0,,,,,,,,,,,,,,,,,,,,,,,,,,,,,,0,,0,0,0,0,0,0,0,adelphia-classical-christian-academy-ca-92866-fcapi-classicality-abstract.md,adelphia-classical-christian-academy-ca-92866-fcapi-classicality-audit.md,adelphia-classical-christian-academy-ca-92866-v*-fcapi-classicality-audit.pdf,,,0,0,0,0,296,1685
Acct0036,Adolesco Preparatory Academy,,,adolesco-preparatory-academy-la-70466,admin@adolescoprep.org,+1 337 281 1726,,https://adolescoprep.org/,48024 Parsonage Rd,,Tickfaw,Tangipahoa Parish,LA,70466,US,30.57724030,-90.48349700,classical,adolesco-preparatory-academy-la-70466-fcapi-classicality-abstract.md,adolesco-preparatory-academy-la-70466-fcapi-classicality-audit.md,adolesco-preparatory-academy-la-70466-v*-fcapi-classicality-audit.pdf,elementary-intermediate,Private School,Private,0,,,,,,,,,,,,,,,,,,,,,,,,,,,,,,0,,0,0,0,0,0,0,0,adolesco-preparatory-academy-la-70466-fcapi-classicality-abstract.md,adolesco-preparatory-academy-la-70466-fcapi-classicality-audit.md,adolesco-preparatory-academy-la-70466-v*-fcapi-classicality-audit.pdf,,,0,0,0,0,297,2647
Acct0045,Agape Montessori Christian Academy,,,agape-montessori-christian-academy-ms-39183,4godskidz@gmail.com,+1 601 634 0092,,https://4godskidz.wixsite.com/mysite-1/,822 Main St.,,Vicksburg,Warren County,MS,39183,US,32.35361360,-90.87931110,classical,agape-montessori-christian-academy-ms-39183-fcapi-classicality-abstract.md,agape-montessori-christian-academy-ms-39183-fcapi-classicality-audit.md,agape-montessori-christian-academy-ms-39183-v*-fcapi-classicality-audit.pdf,elementary-intermediate-secondary,Private School,Private,0,2009,,,,,,,,,,,,,,,,,,,,,,,,,,,,,0,,0,0,0,0,0,0,0,agape-montessori-christian-academy-ms-39183-fcapi-classicality-abstract.md,agape-montessori-christian-academy-ms-39183-fcapi-classicality-audit.md,agape-montessori-christian-academy-ms-39183-v*-fcapi-classicality-audit.pdf,,,0,0,0,0,305,2083
Acct0046,Agathos Classical School,,,agathos-classical-school-tn-38401,office@agathosschool.com,+1 931 388 0556,,https://agathosschool.com/,1201 Mapleash Ave.,,Columbia,Maury County,TN,38401,US,35.60460740,-87.01391430,classical,agathos-classical-school-tn-38401-fcapi-classicality-abstract.md,agathos-classical-school-tn-38401-fcapi-classicality-audit.md,agathos-classical-school-tn-38401-v*-fcapi-classicality-audit.pdf,elementary-intermediate-secondary,Private School,Private,0,2003,,,,,,,,,,,,,,,,,,,,,,,,,,,,,0,,0,0,0,0,0,0,0,agathos-classical-school-tn-38401-fcapi-classicality-abstract.md,agathos-classical-school-tn-38401-fcapi-classicality-audit.md,agathos-classical-school-tn-38401-v*-fcapi-classicality-audit.pdf,,,0,0,0,0,306,2493
Acct0052,Aletheia Christian School of Peoria,,,aletheia-christian-school-peoria-il-61604,info@peoriaclassical.org,+1 309 635 9809,,https://peoriaclassical.org/,7229 N. Knoxville Ave.,,Peoria,Peoria County,IL,61604,US,40.77563880,-89.60472720,classical,aletheia-christian-school-peoria-il-61604-fcapi-classicality-abstract.md,aletheia-christian-school-peoria-il-61604-fcapi-classicality-audit.md,aletheia-christian-school-peoria-il-61604-v*-fcapi-classicality-audit.pdf,elementary-intermediate,Private School,Private,0,,,,,,,,,,,,,,,,,,,,,,,,,,,,,,0,,0,0,0,0,0,0,0,aletheia-christian-school-peoria-il-61604-fcapi-classicality-abstract.md,aletheia-christian-school-peoria-il-61604-fcapi-classicality-audit.md,aletheia-christian-school-peoria-il-61604-v*-fcapi-classicality-audit.pdf,,,0,0,0,0,312,1920
Acct0053,Aletheia United Academy,,,aletheia-united-academy-va-22902,,+1 434 207 2170,,https://aletheiaunitedacademy.org/,981 2nd Street Southeast,,Charlottesville,,VA,22902,US,38.02410300,-78.48365200,classical,aletheia-united-academy-va-22902-fcapi-classicality-abstract.md,aletheia-united-academy-va-22902-fcapi-classicality-audit.md,aletheia-united-academy-va-22902-v*-fcapi-classicality-audit.pdf,elementary-intermediate-secondary,Private School,Private,0,,,,,,,,,,,,,,,,,,,,,,,,,,,,,,0,,0,0,0,0,0,0,0,aletheia-united-academy-va-22902-fcapi-classicality-abstract.md,aletheia-united-academy-va-22902-fcapi-classicality-audit.md,aletheia-united-academy-va-22902-v*-fcapi-classicality-audit.pdf,,,0,0,0,0,313,451
Acct0054,Alexandria Classical Christian Academy,,,alexandria-classical-christian-academy-va-22302,katherine.kramer@accacademy.org,+1 571 206 1604,,https://www.accacademy.org/,2932 King St,,Alexandria,,VA,22302,US,38.81944740,-77.07884100,classical,alexandria-classical-christian-academy-va-22302-fcapi-classicality-abstract.md,alexandria-classical-christian-academy-va-22302-fcapi-classicality-audit.md,alexandria-classical-christian-academy-va-22302-v*-fcapi-classicality-audit.pdf,elementary,Private School,Private,0,2023,,,,,,,,,,,,,,,,,,,,,,,,,,,,,0,,0,0,0,0,0,0,0,alexandria-classical-christian-academy-va-22302-fcapi-classicality-abstract.md,alexandria-classical-christian-academy-va-22302-fcapi-classicality-audit.md,alexandria-classical-christian-academy-va-22302-v*-fcapi-classicality-audit.pdf,,,0,0,0,0,314,723
Acct0055,Aliso Viejo Christian School,,,aliso-viejo-christian-school-ca-92656,,+1 949 389 0300,,https://www.pacificaoc.org/,1 Orion,,Aliso Viejo,Orange County,CA,92656,US,33.55796430,-117.72719570,classical,aliso-viejo-christian-school-ca-92656-fcapi-classicality-abstract.md,aliso-viejo-christian-school-ca-92656-fcapi-classicality-audit.md,aliso-viejo-christian-school-ca-92656-v*-fcapi-classicality-audit.pdf,secondary,Private School,Private,0,,,,,,,,,,,,,,,,,,,,,,,,,,,,,,0,,0,0,0,0,0,0,0,aliso-viejo-christian-school-ca-92656-fcapi-classicality-abstract.md,aliso-viejo-christian-school-ca-92656-fcapi-classicality-audit.md,aliso-viejo-christian-school-ca-92656-v*-fcapi-classicality-audit.pdf,,,0,0,0,0,315,1951
Acct0057,All Saints Academy,,,all-saints-academy-wa-98383,info@allsaintsacademy.com,(360) 776-1700,,https://allsaintsclassical.com/,3450 NW Carlton St,,Silverdalw,,WA,98383,US,47.64634130,-122.69631620,classical,all-saints-academy-wa-98383-fcapi-classicality-abstract.md,all-saints-academy-wa-98383-fcapi-classicality-audit.md,all-saints-academy-wa-98383-v*-fcapi-classicality-audit.pdf,elementary-intermediate-secondary,Private School,Private School,0,2022,,,,,,,,,,,,,,,,,,,,,,,,,,,,,1,"""\""\\\""""\\\\\\\""""\""""\\\\\\\\\\\\\\\""""\""""\\\""""\""""\\\\\\\\\\\\\\\\\\\\\\\\\\\\\\\""""\""""\\\""""\""""\\\\\\\""""\""""\\\""""\""""\\\\\\\\\\\\\\\\\\\\\\\\\\\\\\\\\\\\\\\\\\\\\\\\\\\\\\\\\\\\\\\""""\""""\\\""""\""""\\\\\\\""""\""""\\\""""\""""\\\\\\\\\\\\\\\""""\""""\\\""""\""""\\\\\\\""""\""""\\\""""\""""\\\\\\\\\\\\\\\\\\\\\\\\\\\\\\\\\\\\\\\\\\\\\\\\\\\\\\\\\\\\\\\\\\\\\\\\\\\\\\\\\\\\\\\\\\\\\\\\\\\\\\\\\\\\\\\\\\\\\\\\\\\\\\\""""\""""\\\""""\""""\\\\\\\""""\""""\\\""""\""""\\\\\\\\\\\\\\\""""\""""\\\""""\""""\\\\\\\""""\""""\\\""""\""""\\\\\\\\\\\\\\\\\\\\\\\\\\\\\\\""""\""""\\\""""\""""\\\\\\\""""\""""\\\""""\""""\\\\\\\\\\\\\\\""""\""""\\\""""\""""\\\\\\\""""\""""\\\""""\""""[\\\\\\\\\\\\\\\\\\\\\\\\\\\\\\\\\\\\\\\\\\\\\\\\\\\\\\\\\\\\\\\\\\\\\\\\\\\\\\\\\\\\\\\\\\\\\\\\\\\\\\\\\\\\\\\\\\\\\\\\\\\\\\\\\\\\\\\\\\\\\\\\\\\\\\\\\\\\\\\\\\\\\\\\\\\\\\\\\\\\\\\\\\\\\\\\\\\\\\\\\\\\\\\\\\\\\\\\\\\\\\\\\\\\\\\\\\\\\\\\\\\\\\\\\\\\\\\""""\""""\\\""""\""""\\\\\\\""""\""""\\\""""\""""\\\\\\\\\\\\\\\""""\""""\\\""""\""""\\\\\\\""""\""""\\\""""\""""\\\\\\\\\\\\\\\\\\\\\\\\\\\\\\\""""\""""\\\""""\""""\\\\\\\""""\""""\\\""""\""""\\\\\\\\\\\\\\\""""\""""\\\""""\""""\\\\\\\""""\""""\\\""""\""""\\\\\\\\\\\\\\\\\\\\\\\\\\\\\\\\\\\\\\\\\\\\\\\\\\\\\\\\\\\\\\\""""\""""\\\""""\""""\\\\\\\""""\""""\\\""""\""""\\\\\\\\\\\\\\\""""\""""\\\""""\""""\\\\\\\""""\""""\\\""""\""""\\\\\\\\\\\\\\\\\\\\\\\\\\\\\\\""""\""""\\\""""\""""\\\\\\\""""\""""\\\""""\""""\\\\\\\\\\\\\\\""""\""""\\\""""\""""\\\\\\\""""\""""\\\""""\""""Latin\\\\\\\\\\\\\\\\\\\\\\\\\\\\\\\\\\\\\\\\\\\\\\\\\\\\\\\\\\\\\\\\\\\\\\\\\\\\\\\\\\\\\\\\\\\\\\\\\\\\\\\\\\\\\\\\\\\\\\\\\\\\\\\\\\\\\\\\\\\\\\\\\\\\\\\\\\\\\\\\\\\\\\\\\\\\\\\\\\\\\\\\\\\\\\\\\\\\\\\\\\\\\\\\\\\\\\\\\\\\\\\\\\\\\\\\\\\\\\\\\\\\\\\\\\\\\\\""""\""""\\\""""\""""\\\\\\\""""\""""\\\""""\""""\\\\\\\\\\\\\\\""""\""""\\\""""\""""\\\\\\\""""\""""\\\""""\""""\\\\\\\\\\\\\\\\\\\\\\\\\\\\\\\""""\""""\\\""""\""""\\\\\\\""""\""""\\\""""\""""\\\\\\\\\\\\\\\""""\""""\\\""""\""""\\\\\\\""""\""""\\\""""\""""\\\\\\\\\\\\\\\\\\\\\\\\\\\\\\\\\\\\\\\\\\\\\\\\\\\\\\\\\\\\\\\""""\""""\\\""""\""""\\\\\\\""""\""""\\\""""\""""\\\\\\\\\\\\\\\""""\""""\\\""""\""""\\\\\\\""""\""""\\\""""\""""\\\\\\\\\\\\\\\\\\\\\\\\\\\\\\\""""\""""\\\""""\""""\\\\\\\""""\""""\\\""""\""""\\\\\\\\\\\\\\\""""\""""\\\""""\""""\\\\\\\""""\""""\\\""""\""""\\\\\\\\\\\\\\\\\\\\\\\\\\\\\\\\\\\\\\\\\\\\\\\\\\\\\\\\\\\\\\\\\\\\\\\\\\\\\\\\\\\\\\\\\\\\\\\\\\\\\\\\\\\\\\\\\\\\\\\\\\\\\\\""""\""""\\\""""\""""\\\\\\\""""\""""\\\""""\""""\\\\\\\\\\\\\\\""""\""""\\\""""\""""\\\\\\\""""\""""\\\""""\""""\\\\\\\\\\\\\\\\\\\\\\\\\\\\\\\""""\""""\\\""""\""""\\\\\\\""""\""""\\\""""\""""\\\\\\\\\\\\\\\""""\""""\\\""""\""""\\\\\\\""""\""""\\\""""\""""\\\\\\\\\\\\\\\\\\\\\\\\\\\\\\\\\\\\\\\\\\\\\\\\\\\\\\\\\\\\\\\""""\""""\\\""""\""""\\\\\\\""""\""""\\\""""\""""\\\\\\\\\\\\\\\""""\""""\\\""""\""""\\\\\\\""""\""""\\\""""\""""\\\\\\\\\\\\\\\\\\\\\\\\\\\\\\\""""\""""\\\""""\""""\\\\\\\""""\""""\\\""""\""""\\\\\\\\\\\\\\\""""\""""\\\""""\""""\\\\\\\""""\""""\\\""""\""""]\\\\\\\\\\\\\\\\\\\\\\\\\\\\\\\\\\\\\\\\\\\\\\\\\\\\\\\\\\\\\\\\\\\\\\\\\\\\\\\\\\\\\\\\\\\\\\\\\\\\\\\\\\\\\\\\\\\\\\\\\\\\\\\""""\""""\\\""""\""""\\\\\\\""""\""""\\\""""\""""\\\\\\\\\\\\\\\""""\""""\\\""""\""""\\\\\\\""""\""""\\\""""\""""\\\\\\\\\\\\\\\\\\\\\\\\\\\\\\\""""\""""\\\""""\""""\\\\\\\""""\""""\\\""""\""""\\\\\\\\\\\\\\\""""\""""\\\""""\""""\\\\\\\""""\""""\\\""""\""""\\\\\\\\\\\\\\\\\\\\\\\\\\\\\\\\\\\\\\\\\\\\\\\\\\\\\\\\\\\\\\\""""\""""\\\""""\""""\\\\\\\""""\""""\\\""""\""""\\\\\\\\\\\\\\\""""\""""\\\""""\""""\\\\\\\""""\""""\\\""""\""""\\\\\\\\\\\\\\\\\\\\\\\\\\\\\\\""""\""""\\\""""\""""\\\\\\\""""\""""\\\""""\""""\\\\\\\\\\\\\\\""""\""""\\\""""\""""\\\\\\\""""\""""\\\""""\""""\\\\\\\\\\\\\\\\\\\\\\\\\\\\\\\\\\\\\\\\\\\\\\\\\\\\\\\\\\\\\\\\\\\\\\\\\\\\\\\\\\\\\\\\\\\\\\\\\\\\\\\\\\\\\\\\\\\\\\\\\\\\\\\""""\""""\\\""""\""""\\\\\\\""""\""""\\\""""\""""\\\\\\\\\\\\\\\""""\""""\\\""""\""""\\\\\\\""""\""""\\\""""\""""\\\\\\\\\\\\\\\\\\\\\\\\\\\\\\\""""\""""\\\""""\""""\\\\\\\""""\""""\\\""""\""""\\\\\\\\\\\\\\\""""\""""\\\""""\""""\\\\\\\""""\""""\\\""""\""""\\\\\\\\\\\\\\\\\\\\\\\\\\\\\\\\\\\\\\\\\\\\\\\\\\\\\\\\\\\\\\\""""\""""\\\""""\""""\\\\\\\""""\""""\\\""""\""""\\\\\\\\\\\\\\\""""\""""\\\""""\""""\\\\\\\""""\""""\\\""""\""""\\\\\\\\\\\\\\\\\\\\\\\\\\\\\\\""""\""""\\\""""\""""\\\\\\\""""\""""\\\""""\""""\\\\\\\\\\\\\\\""""\""""\\\""""\""""\\\\\\\""""\""""\\\""""\""""\\\\\\\\\\\\\\\\\\\\\\\\\\\\\\\\\\\\\\\\\\\\\\\\\\\\\\\\\\\\\\\\\\\\\\\\\\\\\\\\\\\\\\\\\\\\\\\\\\\\\\\\\\\\\\\\\\\\\\\\\\\\\\\""""\""""\\\""""\""""\\\\\\\""""\""""\\\""""\""""\\\\\\\\\\\\\\\""""\""""\\\""""\""""\\\\\\\""""\""""\\\""""\""""\\\\\\\\\\\\\\\\\\\\\\\\\\\\\\\""""\""""\\\""""\""""\\\\\\\""""\""""\\\""""\""""\\\\\\\\\\\\\\\""""\""""\\\""""\""""\\\\\\\""""\""""\\\""""\""""\\\\\\\\\\\\\\\\\\\\\\\\\\\\\\\\\\\\\\\\\\\\\\\\\\\\\\\\\\\\\\\""""\""""\\\""""\""""\\\\\\\""""\""""\\\""""\""""\\\\\\\\\\\\\\\""""\""""\\\""""\""""\\\\\\\""""\""""\\\""""\""""\\\\\\\\\\\\\\\\\\\\\\\\\\\\\\\""""\""""\\\""""\""""\\\\\\\""""\""""\\\""""\""""\\\\\\\\\\\\\\\""""\""""\\\""""\""""\\\\\\\""""\""""\\\""""\""""\\\\\\\\\\\\\\\\\\\\\\\\\\\\\\\\\\\\\\\\\\\\\\\\\\\\\\\\\\\\\\\""""\""""\\\""""\""""\\\\\\\""""\""""\\\""""\""""\\\\\\\\\\\\\\\""""\""""\\\""""\""""\\\\\\\""""\""""\\\""""\""""\\\\\\\\\\\\\\\\\\\\\\\\\\\\\\\""""\""""\\\""""\""""\\\\\\\""""\""""\\\""""\""""\\\\\\\\\\\\\\\""""\""""\\\""""\""""\\\\\\\""""\""""\\\""""\""""\\\\\\\\\\\\\\\\\\\\\\\\\\\\\\\\\\\\\\\\\\\\\\\\\\\\\\\\\\\\\\\""""\""""\\\""""\""""\\\\\\\""""\""""\\\""""\""""\\\\\\\\\\\\\\\""""\""""\\\""""\""""\\\\\\\""""\""""\\\""""\""""\\\\\\\\\\\\\\\\\\\\\\\\\\\\\\\""""\""""\\\""""\""""\\\\\\\""""\""""\\\""""\""""\\\\\\\\\\\\\\\""""\""""\\\""""\""""\\\\\\\""""\""""\\\""""\""""\\\\\\\\\\\\\\\\\\\\\\\\\\\\\\\\\\\\\\\\\\\\\\\\\\\\\\\\\\\\\\\""""\""""\\\""""\""""\\\\\\\""""\""""\\\""""\""""\\\\\\\\\\\\\\\""""\""""\\\""""\""""\\\\\\\""""\""""\\\""""\""""\\\\\\\\\\\\\\\\\\\\\\\\\\\\\\\""""\""""\\\""""\""""\\\\\\\""""\""""\\\""""\""""\\\\\\\\\\\\\\\""""\""""\\\""""\""""\\\\\\\""""\""""\\\""""\""""\\\\\\\\\\\\\\\\\\\\\\\\\\\\\\\""""\""""\\\""""\""""\\\\\\\""""\""""\\\""""\""""\\\\\\\\\\\\\\\""""\""""\\\""""\""""\\\\\\\""""\""""\\\""""\""""\\\\\\\\\\\\\\\\\\\\\\\\\\\\\\\""""\""""\\\""""\""""\\\\\\\""""\""""\\\""""\""""\\\\\\\\\\\\\\\""""\""""\\\""""\""""\\\\\\\""""\""""\\\""""\""""\\\\\\\\\\\\\\\\\\\\\\\\\\\\\\\""""\""""\\\""""\""""\\\\\\\""""\""""\\\""""\""""\\\\\\\\\\\\\\\""""\""""\\\""""\""""\\\\\\\""""\""""\\\""""\""""\\\\\\\\\\\\\\\""""\""""\\\""""\""""\\\\\\\""""\""""\\\""""\""""\\\\\\\\\\\\\\\""""\""""\\\""""\""""\\\\\\\""""\""""\\\""""\""""\\\\\\\\\\\\\\\""""\""""\\\""""\""""\\\\\\\""""\""""\\\""""\""""\\\\\\\""""\""""\\\""""\""""\\\\\\\""""\""""\\\""""\""""\\\\\\\""""\""""\\\""""\""""\\\""""\""""\\\""""\""""\\\""""\""""\""""\""""\""""""""""",1,0,0,0,1,0,0,all-saints-academy-wa-98383-fcapi-classicality-abstract.md,all-saints-academy-wa-98383-fcapi-classicality-audit.md,all-saints-academy-wa-98383-v*-fcapi-classicality-audit.pdf,,,0,0,0,0,317,
Acct0060,All Saints Catholic School: Ft. Worth,,,all-saints-catholic-school-ft-worth-tx-76164,,+1 817 624 2670,,https://www.ascsfw.org/,2006 North Houston Street,,Fort Worth,Tarrant County,TX,76164,US,32.78187400,-97.35130880,classical,all-saints-catholic-school-ft-worth-tx-76164-fcapi-classicality-abstract.md,all-saints-catholic-school-ft-worth-tx-76164-fcapi-classicality-audit.md,all-saints-catholic-school-ft-worth-tx-76164-v*-fcapi-classicality-audit.pdf,elementary-intermediate,Private School,Private,0,,,,,,,,,,,,,,,,,,,,,,,,,,,,,,0,,0,0,0,0,0,0,0,all-saints-catholic-school-ft-worth-tx-76164-fcapi-classicality-abstract.md,all-saints-catholic-school-ft-worth-tx-76164-fcapi-classicality-audit.md,all-saints-catholic-school-ft-worth-tx-76164-v*-fcapi-classicality-audit.pdf,,,0,0,0,0,319,1832
Acct0066,Alpha Omega Academy,,,alpha-omega-academy-tx-77340,office@alphaomegaacademy.org,+1 936 438 8833,,https://alphaomegaacademy.org/,3891 State Hwy. 30 West,,Huntsville,Walker County,TX,77340-8419,US,30.70049320,-95.61239730,classical,alpha-omega-academy-tx-77340-fcapi-classicality-abstract.md,alpha-omega-academy-tx-77340-fcapi-classicality-audit.md,alpha-omega-academy-tx-77340-v*-fcapi-classicality-audit.pdf,elementary-intermediate-secondary,Private School,Private,0,1996,,,,,,,,,,,,,,,,,,,,,,,,,,,,,0,,0,0,0,0,0,0,0,alpha-omega-academy-tx-77340-fcapi-classicality-abstract.md,alpha-omega-academy-tx-77340-fcapi-classicality-audit.md,alpha-omega-academy-tx-77340-v*-fcapi-classicality-audit.pdf,,,0,0,0,0,326,2703
Acct0068,Alpine Christian School,,,alpine-christian-school-tx-79830,Admin10@AlpineChristianSchool.com,+1 432 837 5757,,https://alpinechristianschool.com/,402 East Sul Ross Avenue,,Alpine,Brewster County,TX,79830,US,30.36009750,-103.65881090,classical,alpine-christian-school-tx-79830-fcapi-classicality-abstract.md,alpine-christian-school-tx-79830-fcapi-classicality-audit.md,alpine-christian-school-tx-79830-v*-fcapi-classicality-audit.pdf,elementary-intermediate-secondary,Private School,Private,0,,,,,,,,,,,,,,,,,,,,,,,,,,,,,,0,,0,0,0,0,0,0,0,alpine-christian-school-tx-79830-fcapi-classicality-abstract.md,alpine-christian-school-tx-79830-fcapi-classicality-audit.md,alpine-christian-school-tx-79830-v*-fcapi-classicality-audit.pdf,,,0,0,0,0,327,2572
Acct0072,Amazing Grace Academy,,,amazing-grace-academy-id-83301,christianott1977@gmail.com,+1 208 948 3321,,https://amazinggrace.academy/,1061 Eastland Drive North,,Twin Falls,Twin Falls County,ID,83301,US,42.58128380,-114.44142550,classical,amazing-grace-academy-id-83301-fcapi-classicality-abstract.md,amazing-grace-academy-id-83301-fcapi-classicality-audit.md,amazing-grace-academy-id-83301-v*-fcapi-classicality-audit.pdf,elementary-intermediate-secondary,Private School,Private,0,2022,,,,,,,,,,,,,,,,,,,,,,,,,,,,,0,,0,0,0,0,0,0,0,amazing-grace-academy-id-83301-fcapi-classicality-abstract.md,amazing-grace-academy-id-83301-fcapi-classicality-audit.md,amazing-grace-academy-id-83301-v*-fcapi-classicality-audit.pdf,,,0,0,0,0,329,983
Acct0081,Ambrose School: Bridge Campus,,,ambrose-school-bridge-campus-id-83646,office@theambroseschool.org,+1 208 323 3888,,https://theambroseschool.org/,6100 N Locust Grove Rd.,,Meridian,Ada County,ID,83646,US,43.66061480,-116.37389240,classical,ambrose-school-bridge-campus-id-83646-fcapi-classicality-abstract.md,ambrose-school-bridge-campus-id-83646-fcapi-classicality-audit.md,ambrose-school-bridge-campus-id-83646-v*-fcapi-classicality-audit.pdf,elementary-intermediate-secondary,Private School,Private,0,,,,,,,,,,,,,,,,,,,,,,,,,,,,,,0,,0,0,0,0,0,0,0,ambrose-school-bridge-campus-id-83646-fcapi-classicality-abstract.md,ambrose-school-bridge-campus-id-83646-fcapi-classicality-audit.md,ambrose-school-bridge-campus-id-83646-v*-fcapi-classicality-audit.pdf,,,0,0,0,0,338,1911
Acct0084,American Classical Academy Rutherford,,,american-classical-academy-rutherford-tn-37086,,+1 615 675 0498,,https://rutherfordclassical.org/,2 Ingram Blvd.,,Rutherford,Rutherford County,TN,37086,US,35.99969960,-86.58842320,classical,american-classical-academy-rutherford-tn-37086-fcapi-classicality-abstract.md,american-classical-academy-rutherford-tn-37086-fcapi-classicality-audit.md,american-classical-academy-rutherford-tn-37086-v*-fcapi-classicality-audit.pdf,elementary,Charter,Public,0,,,,,,,,,,,,,,,,,,,,,,,,,,,,,,0,,0,0,0,0,0,0,0,american-classical-academy-rutherford-tn-37086-fcapi-classicality-abstract.md,american-classical-academy-rutherford-tn-37086-fcapi-classicality-audit.md,american-classical-academy-rutherford-tn-37086-v*-fcapi-classicality-audit.pdf,,,0,0,0,0,341,867
Acct0086,American Heritage Academy,,,american-heritage-academy-nv-89014,,+1 702 949 5614,,https://ahalv.org/,2100 Olympic Ave.,,Henderson,Clark County,NV,89014,US,36.07387490,-115.07810690,classical,american-heritage-academy-nv-89014-fcapi-classicality-abstract.md,american-heritage-academy-nv-89014-fcapi-classicality-audit.md,american-heritage-academy-nv-89014-v*-fcapi-classicality-audit.pdf,elementary-intermediate-secondary,Private School,Private,0,,,,,,,,,,,,,,,,,,,,,,,,,,,,,,0,,0,0,0,0,0,0,0,american-heritage-academy-nv-89014-fcapi-classicality-abstract.md,american-heritage-academy-nv-89014-fcapi-classicality-audit.md,american-heritage-academy-nv-89014-v*-fcapi-classicality-audit.pdf,,,0,0,0,0,344,2462
Acct0342,American Heritage School,,,american-heritage-school-ut-84003,,+1 801 642 0055,,https://af.americanheritageschool.org/,736 North 1100 East,,American Fork,Utah County,UT,84003,US,40.39301480,-111.76780080,classical,american-heritage-school-ut-84003-fcapi-classicality-abstract.md,american-heritage-school-ut-84003-fcapi-classicality-audit.md,american-heritage-school-ut-84003-v*-fcapi-classicality-audit.pdf,elementary-intermediate-secondary,Private School,Private,0,,,,,,,,,,,,,,,,,,,,,,,,,,,,,,0,,0,0,0,0,0,0,0,american-heritage-school-ut-84003-fcapi-classicality-abstract.md,american-heritage-school-ut-84003-fcapi-classicality-audit.md,american-heritage-school-ut-84003-v*-fcapi-classicality-audit.pdf,,,0,0,0,0,345,934
Acct0093,American Legacy Academy,,,american-legacy-academy-co-80550,,+1 970 460 6057,,https://www.american-legacy.org/,1870 Marina Drive,,Windsor,Weld County,CO,80550,US,40.44884430,-104.90265900,classical,american-legacy-academy-co-80550-fcapi-classicality-abstract.md,american-legacy-academy-co-80550-fcapi-classicality-audit.md,american-legacy-academy-co-80550-v*-fcapi-classicality-audit.pdf,elementary-intermediate,Charter,Public,0,,,,,,,,,,,,,,,,,,,,,,,,,,,,,,0,,0,0,0,0,0,0,0,american-legacy-academy-co-80550-fcapi-classicality-abstract.md,american-legacy-academy-co-80550-fcapi-classicality-audit.md,american-legacy-academy-co-80550-v*-fcapi-classicality-audit.pdf,,,0,0,0,0,348,826
Acct0096,American Preparatory Academy: Draper 2,,,american-preparatory-academy-draper-2-ut-84020,,+1 702 338 7228,,https://draper2.americanprep.org/,11938 S Lone Peak Parkway,,Draper,Salt Lake County,UT,84020,US,40.53414330,-111.90075010,classical,american-preparatory-academy-draper-2-ut-84020-fcapi-classicality-abstract.md,american-preparatory-academy-draper-2-ut-84020-fcapi-classicality-audit.md,american-preparatory-academy-draper-2-ut-84020-v*-fcapi-classicality-audit.pdf,elementary-intermediate-secondary,Charter,Public,0,,,,,,,,,,,,,,,,,,,,,,,,,,,,,,0,,0,0,0,0,0,0,0,american-preparatory-academy-draper-2-ut-84020-fcapi-classicality-abstract.md,american-preparatory-academy-draper-2-ut-84020-fcapi-classicality-audit.md,american-preparatory-academy-draper-2-ut-84020-v*-fcapi-classicality-audit.pdf,,,0,0,0,0,21,1378
Acct0113,Angelus Academy,,,angelus-academy-va-22153,,+1 703 924 3996,,https://angelusacademy.org/,7644 Dynatech Court,,Springfield,Fairfax County,VA,22153,US,38.74132800,-77.20386800,classical,angelus-academy-va-22153-fcapi-classicality-abstract.md,angelus-academy-va-22153-fcapi-classicality-audit.md,angelus-academy-va-22153-v*-fcapi-classicality-audit.pdf,elementary-intermediate,Private School,Private,0,,,,,,,,,,,,,,,,,,,,,,,,,,,,,,0,,0,0,0,0,0,0,0,angelus-academy-va-22153-fcapi-classicality-abstract.md,angelus-academy-va-22153-fcapi-classicality-audit.md,angelus-academy-va-22153-v*-fcapi-classicality-audit.pdf,,,0,0,0,0,358,2031
Acct0114,Ann Arbor Orthodox Classical Academy,,,ann-arbor-orthodox-classical-academy-mi-48130,info@a2oca.org,(734) 475-4590,,https://www.a2oca.org/,9900 Jackson Rd.,,Dexter,,MI,48130,US,42.29505490,-83.92626030,classical,ann-arbor-orthodox-classical-academy-mi-48130-fcapi-classicality-abstract.md,ann-arbor-orthodox-classical-academy-mi-48130-fcapi-classicality-audit.md,ann-arbor-orthodox-classical-academy-mi-48130-v*-fcapi-classicality-audit.pdf,elementary,Private School,Private School,0,2021,4,,,,,,,,,,,,,,,,,,,,,,,,,,,,1,"""\""\\\""""\\\\\\\""""\""""\\\\\\\\\\\\\\\""""\""""\\\""""\""""\\\\\\\\\\\\\\\\\\\\\\\\\\\\\\\""""\""""\\\""""\""""\\\\\\\""""\""""\\\""""\""""\\\\\\\\\\\\\\\\\\\\\\\\\\\\\\\\\\\\\\\\\\\\\\\\\\\\\\\\\\\\\\\""""\""""\\\""""\""""\\\\\\\""""\""""\\\""""\""""\\\\\\\\\\\\\\\""""\""""\\\""""\""""\\\\\\\""""\""""\\\""""\""""\\\\\\\\\\\\\\\\\\\\\\\\\\\\\\\\\\\\\\\\\\\\\\\\\\\\\\\\\\\\\\\\\\\\\\\\\\\\\\\\\\\\\\\\\\\\\\\\\\\\\\\\\\\\\\\\\\\\\\\\\\\\\\\""""\""""\\\""""\""""\\\\\\\""""\""""\\\""""\""""\\\\\\\\\\\\\\\""""\""""\\\""""\""""\\\\\\\""""\""""\\\""""\""""\\\\\\\\\\\\\\\\\\\\\\\\\\\\\\\""""\""""\\\""""\""""\\\\\\\""""\""""\\\""""\""""\\\\\\\\\\\\\\\""""\""""\\\""""\""""\\\\\\\""""\""""\\\""""\""""[\\\\\\\\\\\\\\\\\\\\\\\\\\\\\\\\\\\\\\\\\\\\\\\\\\\\\\\\\\\\\\\\\\\\\\\\\\\\\\\\\\\\\\\\\\\\\\\\\\\\\\\\\\\\\\\\\\\\\\\\\\\\\\\\\\\\\\\\\\\\\\\\\\\\\\\\\\\\\\\\\\\\\\\\\\\\\\\\\\\\\\\\\\\\\\\\\\\\\\\\\\\\\\\\\\\\\\\\\\\\\\\\\\\\\\\\\\\\\\\\\\\\\\\\\\\\\\\""""\""""\\\""""\""""\\\\\\\""""\""""\\\""""\""""\\\\\\\\\\\\\\\""""\""""\\\""""\""""\\\\\\\""""\""""\\\""""\""""\\\\\\\\\\\\\\\\\\\\\\\\\\\\\\\""""\""""\\\""""\""""\\\\\\\""""\""""\\\""""\""""\\\\\\\\\\\\\\\""""\""""\\\""""\""""\\\\\\\""""\""""\\\""""\""""\\\\\\\\\\\\\\\\\\\\\\\\\\\\\\\\\\\\\\\\\\\\\\\\\\\\\\\\\\\\\\\""""\""""\\\""""\""""\\\\\\\""""\""""\\\""""\""""\\\\\\\\\\\\\\\""""\""""\\\""""\""""\\\\\\\""""\""""\\\""""\""""\\\\\\\\\\\\\\\\\\\\\\\\\\\\\\\""""\""""\\\""""\""""\\\\\\\""""\""""\\\""""\""""\\\\\\\\\\\\\\\""""\""""\\\""""\""""\\\\\\\""""\""""\\\""""\""""Latin\\\\\\\\\\\\\\\\\\\\\\\\\\\\\\\\\\\\\\\\\\\\\\\\\\\\\\\\\\\\\\\\\\\\\\\\\\\\\\\\\\\\\\\\\\\\\\\\\\\\\\\\\\\\\\\\\\\\\\\\\\\\\\\\\\\\\\\\\\\\\\\\\\\\\\\\\\\\\\\\\\\\\\\\\\\\\\\\\\\\\\\\\\\\\\\\\\\\\\\\\\\\\\\\\\\\\\\\\\\\\\\\\\\\\\\\\\\\\\\\\\\\\\\\\\\\\\\""""\""""\\\""""\""""\\\\\\\""""\""""\\\""""\""""\\\\\\\\\\\\\\\""""\""""\\\""""\""""\\\\\\\""""\""""\\\""""\""""\\\\\\\\\\\\\\\\\\\\\\\\\\\\\\\""""\""""\\\""""\""""\\\\\\\""""\""""\\\""""\""""\\\\\\\\\\\\\\\""""\""""\\\""""\""""\\\\\\\""""\""""\\\""""\""""\\\\\\\\\\\\\\\\\\\\\\\\\\\\\\\\\\\\\\\\\\\\\\\\\\\\\\\\\\\\\\\""""\""""\\\""""\""""\\\\\\\""""\""""\\\""""\""""\\\\\\\\\\\\\\\""""\""""\\\""""\""""\\\\\\\""""\""""\\\""""\""""\\\\\\\\\\\\\\\\\\\\\\\\\\\\\\\""""\""""\\\""""\""""\\\\\\\""""\""""\\\""""\""""\\\\\\\\\\\\\\\""""\""""\\\""""\""""\\\\\\\""""\""""\\\""""\""""\\\\\\\\\\\\\\\\\\\\\\\\\\\\\\\\\\\\\\\\\\\\\\\\\\\\\\\\\\\\\\\\\\\\\\\\\\\\\\\\\\\\\\\\\\\\\\\\\\\\\\\\\\\\\\\\\\\\\\\\\\\\\\\""""\""""\\\""""\""""\\\\\\\""""\""""\\\""""\""""\\\\\\\\\\\\\\\""""\""""\\\""""\""""\\\\\\\""""\""""\\\""""\""""\\\\\\\\\\\\\\\\\\\\\\\\\\\\\\\""""\""""\\\""""\""""\\\\\\\""""\""""\\\""""\""""\\\\\\\\\\\\\\\""""\""""\\\""""\""""\\\\\\\""""\""""\\\""""\""""\\\\\\\\\\\\\\\\\\\\\\\\\\\\\\\\\\\\\\\\\\\\\\\\\\\\\\\\\\\\\\\""""\""""\\\""""\""""\\\\\\\""""\""""\\\""""\""""\\\\\\\\\\\\\\\""""\""""\\\""""\""""\\\\\\\""""\""""\\\""""\""""\\\\\\\\\\\\\\\\\\\\\\\\\\\\\\\""""\""""\\\""""\""""\\\\\\\""""\""""\\\""""\""""\\\\\\\\\\\\\\\""""\""""\\\""""\""""\\\\\\\""""\""""\\\""""\""""\\\\\\\\\\\\\\\\\\\\\\\\\\\\\\\\\\\\\\\\\\\\\\\\\\\\\\\\\\\\\\\""""\""""\\\""""\""""\\\\\\\""""\""""\\\""""\""""\\\\\\\\\\\\\\\""""\""""\\\""""\""""\\\\\\\""""\""""\\\""""\""""\\\\\\\\\\\\\\\\\\\\\\\\\\\\\\\""""\""""\\\""""\""""\\\\\\\""""\""""\\\""""\""""\\\\\\\\\\\\\\\""""\""""\\\""""\""""\\\\\\\""""\""""\\\""""\""""\\\\\\\\\\\\\\\\\\\\\\\\\\\\\\\\\\\\\\\\\\\\\\\\\\\\\\\\\\\\\\\""""\""""\\\""""\""""\\\\\\\""""\""""\\\""""\""""\\\\\\\\\\\\\\\""""\""""\\\""""\""""\\\\\\\""""\""""\\\""""\""""\\\\\\\\\\\\\\\\\\\\\\\\\\\\\\\""""\""""\\\""""\""""\\\\\\\""""\""""\\\""""\""""\\\\\\\\\\\\\\\""""\""""\\\""""\""""\\\\\\\""""\""""\\\""""\""""\\\\\\\\\\\\\\\\\\\\\\\\\\\\\\\\\\\\\\\\\\\\\\\\\\\\\\\\\\\\\\\""""\""""\\\""""\""""\\\\\\\""""\""""\\\""""\""""\\\\\\\\\\\\\\\""""\""""\\\""""\""""\\\\\\\""""\""""\\\""""\""""\\\\\\\\\\\\\\\\\\\\\\\\\\\\\\\""""\""""\\\""""\""""\\\\\\\""""\""""\\\""""\""""\\\\\\\\\\\\\\\""""\""""\\\""""\""""\\\\\\\""""\""""\\\""""\""""\\\\\\\\\\\\\\\\\\\\\\\\\\\\\\\""""\""""\\\""""\""""\\\\\\\""""\""""\\\""""\""""\\\\\\\\\\\\\\\""""\""""\\\""""\""""\\\\\\\""""\""""\\\""""\""""\\\\\\\\\\\\\\\\\\\\\\\\\\\\\\\""""\""""\\\""""\""""\\\\\\\""""\""""\\\""""\""""\\\\\\\\\\\\\\\""""\""""\\\""""\""""\\\\\\\""""\""""\\\""""\""""\\\\\\\\\\\\\\\\\\\\\\\\\\\\\\\""""\""""\\\""""\""""\\\\\\\""""\""""\\\""""\""""\\\\\\\\\\\\\\\""""\""""\\\""""\""""\\\\\\\""""\""""\\\""""\""""\\\\\\\\\\\\\\\""""\""""\\\""""\""""\\\\\\\""""\""""\\\""""\""""\\\\\\\\\\\\\\\""""\""""\\\""""\""""\\\\\\\""""\""""\\\""""\""""\\\\\\\\\\\\\\\""""\""""\\\""""\""""\\\\\\\""""\""""\\\""""\""""\\\\\\\""""\""""\\\""""\""""\\\\\\\""""\""""\\\""""\""""\\\\\\\""""\""""\\\""""\""""\\\""""\""""\\\""""\""""\\\""""\""""\""""\""""\""""""""""",1,0,0,1,0,0,0,ann-arbor-orthodox-classical-academy-mi-48130-fcapi-classicality-abstract.md,ann-arbor-orthodox-classical-academy-mi-48130-fcapi-classicality-audit.md,ann-arbor-orthodox-classical-academy-mi-48130-v*-fcapi-classicality-audit.pdf,,,0,0,0,0,359,
Acct0116,Annapolis Christian Academy,,,annapolis-christian-academy-tx-78411,academy@aca-cc.org,+1 361 991 6004,,https://aca-cc.org/,3875 South Staples Street,,Corpus Christi,Nueces County,TX,78411,US,27.73588090,-97.38641010,classical,annapolis-christian-academy-tx-78411-fcapi-classicality-abstract.md,annapolis-christian-academy-tx-78411-fcapi-classicality-audit.md,annapolis-christian-academy-tx-78411-v*-fcapi-classicality-audit.pdf,elementary-intermediate-secondary,Private School,Private,0,1994,,,,,,,,,,,,,,,,,,,,,,,,,,,,,0,,0,0,0,0,0,0,0,annapolis-christian-academy-tx-78411-fcapi-classicality-abstract.md,annapolis-christian-academy-tx-78411-fcapi-classicality-audit.md,annapolis-christian-academy-tx-78411-v*-fcapi-classicality-audit.pdf,,,0,0,0,0,361,2509
Acct0121,Anthem Classical Academy,,,anthem-classical-academy-ar-72702,info@anthemclassical.org,+1 508 918 0653,,https://anthemclassical.org/,PO Box 3013,,Fayetteville,Washington County,AR,72702,US,36.06894130,-94.16468560,classical,anthem-classical-academy-ar-72702-fcapi-classicality-abstract.md,anthem-classical-academy-ar-72702-fcapi-classicality-audit.md,anthem-classical-academy-ar-72702-v*-fcapi-classicality-audit.pdf,elementary-intermediate,Private School,Private,0,2020,,,,,,,,,,,,,,,,,,,,,,,,,,,,,0,,0,0,0,0,0,0,0,anthem-classical-academy-ar-72702-fcapi-classicality-abstract.md,anthem-classical-academy-ar-72702-fcapi-classicality-audit.md,anthem-classical-academy-ar-72702-v*-fcapi-classicality-audit.pdf,,,0,0,0,0,366,2167
Acct0129,Appomattox Christian Academy,,,appomattox-christian-academy-va-24522,office.aca@appomattoxchristianacademy.com,+1 434 352 7373,,https://appomattoxchristianacademy.com/,1916 Redfields Rd.,,Appomattox,Appomattox County,VA,24522,US,37.34906380,-78.81678000,classical,appomattox-christian-academy-va-24522-fcapi-classicality-abstract.md,appomattox-christian-academy-va-24522-fcapi-classicality-audit.md,appomattox-christian-academy-va-24522-v*-fcapi-classicality-audit.pdf,elementary-intermediate-secondary,Private School,Private,0,2004,,,,,,,,,,,,,,,,,,,,,,,,,,,,,0,,0,0,0,0,0,0,0,appomattox-christian-academy-va-24522-fcapi-classicality-abstract.md,appomattox-christian-academy-va-24522-fcapi-classicality-audit.md,appomattox-christian-academy-va-24522-v*-fcapi-classicality-audit.pdf,,,0,0,0,0,373,1727
Acct0133,Aquinas Academy,,,aquinas-academy-wi-53051,,+1 262 502 1540,,https://aquinasacademy.com/,N72W15935 Good Hope Road,,Menomonee Falls,Waukesha County,WI,53051,US,43.14787780,-88.10855140,classical,aquinas-academy-wi-53051-fcapi-classicality-abstract.md,aquinas-academy-wi-53051-fcapi-classicality-audit.md,aquinas-academy-wi-53051-v*-fcapi-classicality-audit.pdf,elementary-intermediate,Private School,Private,0,,,,,,,,,,,,,,,,,,,,,,,,,,,,,,0,,0,0,0,0,0,0,0,aquinas-academy-wi-53051-fcapi-classicality-abstract.md,aquinas-academy-wi-53051-fcapi-classicality-audit.md,aquinas-academy-wi-53051-v*-fcapi-classicality-audit.pdf,,,0,0,0,0,377,2529
Acct0132,Aquinas Academy of Pittsburgh,,,aquinas-academy-pittsburgh-pa-15044,,+1 724 444 0722,,https://www.aquinasacademy-pittsburgh.org/index.php/,2308 West Hardies Road,,Gibsonia,Allegheny County,PA,15044,US,40.59779100,-79.96788500,classical,aquinas-academy-pittsburgh-pa-15044-fcapi-classicality-abstract.md,aquinas-academy-pittsburgh-pa-15044-fcapi-classicality-audit.md,aquinas-academy-pittsburgh-pa-15044-v*-fcapi-classicality-audit.pdf,elementary-intermediate-secondary,Private School,Private,0,,,,,,,,,,,,,,,,,,,,,,,,,,,,,,0,,0,0,0,0,0,0,0,aquinas-academy-pittsburgh-pa-15044-fcapi-classicality-abstract.md,aquinas-academy-pittsburgh-pa-15044-fcapi-classicality-audit.md,aquinas-academy-pittsburgh-pa-15044-v*-fcapi-classicality-audit.pdf,,,0,0,0,0,376,1464
Acct0134,Aquinas Classical Academy,,,aquinas-classical-academy-wa-98332,,+1 360 552 0805,,https://www.aquinasclassicalacademy.com/,11010 Harbor Hill Dr. Ste B203,,Gig Harbor,Pierce County,WA,98332,US,47.35895520,-122.60189880,classical,aquinas-classical-academy-wa-98332-fcapi-classicality-abstract.md,aquinas-classical-academy-wa-98332-fcapi-classicality-audit.md,aquinas-classical-academy-wa-98332-v*-fcapi-classicality-audit.pdf,secondary,Private School,Private,0,,,,,,,,,,,,,,,,,,,,,,,,,,,,,,0,,0,0,0,0,0,0,0,aquinas-classical-academy-wa-98332-fcapi-classicality-abstract.md,aquinas-classical-academy-wa-98332-fcapi-classicality-audit.md,aquinas-classical-academy-wa-98332-v*-fcapi-classicality-audit.pdf,,,0,0,0,0,378,1121
Acct0136,Arcadia Christian School,,,arcadia-christian-school-ca-91006,acsoffice@acslions.com,+1 626 574 8229,,https://arcadiachristianschool.org/,1900 S. Santa Anita Ave.,,Arcadia,Los Angeles County,CA,91006,US,34.11731460,-118.03048440,classical,arcadia-christian-school-ca-91006-fcapi-classicality-abstract.md,arcadia-christian-school-ca-91006-fcapi-classicality-audit.md,arcadia-christian-school-ca-91006-v*-fcapi-classicality-audit.pdf,elementary-intermediate-secondary,Private School,Private,0,1945,,,,,,,,,,,,,,,,,,,,,,,,,,,,,0,,0,0,0,0,0,0,0,arcadia-christian-school-ca-91006-fcapi-classicality-abstract.md,arcadia-christian-school-ca-91006-fcapi-classicality-audit.md,arcadia-christian-school-ca-91006-v*-fcapi-classicality-audit.pdf,,,0,0,0,0,380,744
Acct0137,Archangels Academy,,,archangels-academy-il-60180,,+1 513 482 9229,,https://www.thearchangelsacademy.com/,6506 National Street,,Union,McHenry County,IL,60180,US,42.23416560,-88.53743430,classical,archangels-academy-il-60180-fcapi-classicality-abstract.md,archangels-academy-il-60180-fcapi-classicality-audit.md,archangels-academy-il-60180-v*-fcapi-classicality-audit.pdf,elementary-intermediate-secondary,Private School,Private,0,,,,,,,,,,,,,,,,,,,,,,,,,,,,,,0,,0,0,0,0,0,0,0,archangels-academy-il-60180-fcapi-classicality-abstract.md,archangels-academy-il-60180-fcapi-classicality-audit.md,archangels-academy-il-60180-v*-fcapi-classicality-audit.pdf,,,0,0,0,0,381,1213
,Arche Classical Academy,,,arche-classical-academy-pa-17013,office@archeclassicalacademy.com,+1 717 996 4379,,https://archeclassicalacademy.com,705 Glendale St.,,Carlisle,Cumberland County,PA,17013,US,40.18965940,-77.20695970,classical,arche-classical-academy-pa-17013-fcapi-classicality-abstract.md,arche-classical-academy-pa-17013-fcapi-classicality-audit.md,arche-classical-academy-pa-17013-v*-fcapi-classicality-audit.pdf,elementary-intermediate,,,0,2022,,,,,,,,,,,,,,,,,,,,,,,,,,,,,0,,0,0,0,0,0,0,0,arche-classical-academy-pa-17013-fcapi-classicality-abstract.md,arche-classical-academy-pa-17013-fcapi-classicality-audit.md,arche-classical-academy-pa-17013-v*-fcapi-classicality-audit.pdf,,,0,0,0,0,3124,
Acct1170,Archway Classical Academy - Arete,,,archway-classical-academy-arete-az-85234,cmacias@areteprepacademy.org,+1 480 222 4233,,https://archwayarete.greatheartsamerica.org/,4525 East Baseline Rd.,23276 North 83rd Avenue,Gilbert,Maricopa County,AZ,85234,US,33.37870340,-111.73638370,classical,archway-classical-academy-arete-az-85234-fcapi-classicality-abstract.md,archway-classical-academy-arete-az-85234-fcapi-classicality-audit.md,archway-classical-academy-arete-az-85234-v*-fcapi-classicality-audit.pdf,elementary,Charter,Public,0,,,,,,,,,,,,,,,,,,,,,,,,,,,,,,0,,0,0,0,0,0,0,0,archway-classical-academy-arete-az-85234-fcapi-classicality-abstract.md,archway-classical-academy-arete-az-85234-fcapi-classicality-audit.md,archway-classical-academy-arete-az-85234-v*-fcapi-classicality-audit.pdf,,,0,0,0,0,143,2500
Acct1175,Archway Classical Academy - Arlington,,,archway-classical-academy-arlington-tx-76001,,+1 817 260 0890,,https://arlington.greatheartsamerica.org/,6701 S Cooper St,,Arlington,Tarrant County,TX,76001,US,32.63584930,-97.13425510,classical,archway-classical-academy-arlington-tx-76001-fcapi-classicality-abstract.md,archway-classical-academy-arlington-tx-76001-fcapi-classicality-audit.md,archway-classical-academy-arlington-tx-76001-v*-fcapi-classicality-audit.pdf,elementary-intermediate-secondary,Charter,Public,0,,,,,,,,,,,,,,,,,,,,,,,,,,,,,,0,,0,0,0,0,0,0,0,archway-classical-academy-arlington-tx-76001-fcapi-classicality-abstract.md,archway-classical-academy-arlington-tx-76001-fcapi-classicality-audit.md,archway-classical-academy-arlington-tx-76001-v*-fcapi-classicality-audit.pdf,,,0,0,0,0,154,2736
Acct1171,Archway Classical Academy - Chandler,,,archway-classical-academy-chandler-az-85224,enrollment@archwaychandler.org,+1 480 855 6474,,https://archwaychandler.greatheartsamerica.org/,1951 N. Alma School Rd.,,Chandler,Maricopa County,AZ,85224,US,33.33403910,-111.85712840,classical,archway-classical-academy-chandler-az-85224-fcapi-classicality-abstract.md,archway-classical-academy-chandler-az-85224-fcapi-classicality-audit.md,archway-classical-academy-chandler-az-85224-v*-fcapi-classicality-audit.pdf,elementary,Charter,Public,0,,525,,,,,,,,,,,,,,,,,,,,,,,,,,,,0,,0,0,0,0,0,0,0,archway-classical-academy-chandler-az-85224-fcapi-classicality-abstract.md,archway-classical-academy-chandler-az-85224-fcapi-classicality-audit.md,archway-classical-academy-chandler-az-85224-v*-fcapi-classicality-audit.pdf,,,0,0,0,0,144,2590
Acct1181,Archway Classical Academy - Cicero,,,archway-classical-academy-cicero-az-85250,lbuchanan@ciceroprep.org,+1 480 424 1790,,https://archwaycicero.greatheartsamerica.org/,7205 N. Pima Rd.,,Cicero,Cook County,AZ,85250,US,33.54173210,-111.89090690,classical,archway-classical-academy-cicero-az-85250-fcapi-classicality-abstract.md,archway-classical-academy-cicero-az-85250-fcapi-classicality-audit.md,archway-classical-academy-cicero-az-85250-v*-fcapi-classicality-audit.pdf,elementary,Charter,,0,,427,,,,,,,,,,,,,,,,,,,,,,,,,,,,0,"""\""\\\""""\\\\\\\""""\""""\\\\\\\\\\\\\\\""""\""""\\\""""\""""\\\\\\\\\\\\\\\\\\\\\\\\\\\\\\\""""\""""\\\""""\""""\\\\\\\""""\""""\\\""""\""""\\\\\\\\\\\\\\\\\\\\\\\\\\\\\\\\\\\\\\\\\\\\\\\\\\\\\\\\\\\\\\\""""\""""\\\""""\""""\\\\\\\""""\""""\\\""""\""""\\\\\\\\\\\\\\\""""\""""\\\""""\""""\\\\\\\""""\""""\\\""""\""""[\\\\\\\\\\\\\\\\\\\\\\\\\\\\\\\\\\\\\\\\\\\\\\\\\\\\\\\\\\\\\\\\\\\\\\\\\\\\\\\\\\\\\\\\\\\\\\\\\\\\\\\\\\\\\\\\\\\\\\\\\\\\\\\""""\""""\\\""""\""""\\\\\\\""""\""""\\\""""\""""\\\\\\\\\\\\\\\""""\""""\\\""""\""""\\\\\\\""""\""""\\\""""\""""\\\\\\\\\\\\\\\\\\\\\\\\\\\\\\\""""\""""\\\""""\""""\\\\\\\""""\""""\\\""""\""""\\\\\\\\\\\\\\\""""\""""\\\""""\""""\\\\\\\""""\""""\\\""""\""""Latin\\\\\\\\\\\\\\\\\\\\\\\\\\\\\\\\\\\\\\\\\\\\\\\\\\\\\\\\\\\\\\\\\\\\\\\\\\\\\\\\\\\\\\\\\\\\\\\\\\\\\\\\\\\\\\\\\\\\\\\\\\\\\\\""""\""""\\\""""\""""\\\\\\\""""\""""\\\""""\""""\\\\\\\\\\\\\\\""""\""""\\\""""\""""\\\\\\\""""\""""\\\""""\""""\\\\\\\\\\\\\\\\\\\\\\\\\\\\\\\""""\""""\\\""""\""""\\\\\\\""""\""""\\\""""\""""\\\\\\\\\\\\\\\""""\""""\\\""""\""""\\\\\\\""""\""""\\\""""\""""\\\\\\\\\\\\\\\\\\\\\\\\\\\\\\\\\\\\\\\\\\\\\\\\\\\\\\\\\\\\\\\""""\""""\\\""""\""""\\\\\\\""""\""""\\\""""\""""\\\\\\\\\\\\\\\""""\""""\\\""""\""""\\\\\\\""""\""""\\\""""\""""\\\\\\\\\\\\\\\\\\\\\\\\\\\\\\\""""\""""\\\""""\""""\\\\\\\""""\""""\\\""""\""""\\\\\\\\\\\\\\\""""\""""\\\""""\""""\\\\\\\""""\""""\\\""""\""""]\\\\\\\\\\\\\\\\\\\\\\\\\\\\\\\\\\\\\\\\\\\\\\\\\\\\\\\\\\\\\\\""""\""""\\\""""\""""\\\\\\\""""\""""\\\""""\""""\\\\\\\\\\\\\\\""""\""""\\\""""\""""\\\\\\\""""\""""\\\""""\""""\\\\\\\\\\\\\\\\\\\\\\\\\\\\\\\""""\""""\\\""""\""""\\\\\\\""""\""""\\\""""\""""\\\\\\\\\\\\\\\""""\""""\\\""""\""""\\\\\\\""""\""""\\\""""\""""\\\\\\\\\\\\\\\\\\\\\\\\\\\\\\\\\\\\\\\\\\\\\\\\\\\\\\\\\\\\\\\""""\""""\\\""""\""""\\\\\\\""""\""""\\\""""\""""\\\\\\\\\\\\\\\""""\""""\\\""""\""""\\\\\\\""""\""""\\\""""\""""\\\\\\\\\\\\\\\\\\\\\\\\\\\\\\\""""\""""\\\""""\""""\\\\\\\""""\""""\\\""""\""""\\\\\\\\\\\\\\\""""\""""\\\""""\""""\\\\\\\""""\""""\\\""""\""""\\\\\\\\\\\\\\\\\\\\\\\\\\\\\\\\\\\\\\\\\\\\\\\\\\\\\\\\\\\\\\\""""\""""\\\""""\""""\\\\\\\""""\""""\\\""""\""""\\\\\\\\\\\\\\\""""\""""\\\""""\""""\\\\\\\""""\""""\\\""""\""""\\\\\\\\\\\\\\\\\\\\\\\\\\\\\\\""""\""""\\\""""\""""\\\\\\\""""\""""\\\""""\""""\\\\\\\\\\\\\\\""""\""""\\\""""\""""\\\\\\\""""\""""\\\""""\""""\\\\\\\\\\\\\\\\\\\\\\\\\\\\\\\""""\""""\\\""""\""""\\\\\\\""""\""""\\\""""\""""\\\\\\\\\\\\\\\""""\""""\\\""""\""""\\\\\\\""""\""""\\\""""\""""\\\\\\\\\\\\\\\\\\\\\\\\\\\\\\\""""\""""\\\""""\""""\\\\\\\""""\""""\\\""""\""""\\\\\\\\\\\\\\\""""\""""\\\""""\""""\\\\\\\""""\""""\\\""""\""""\\\\\\\\\\\\\\\\\\\\\\\\\\\\\\\""""\""""\\\""""\""""\\\\\\\""""\""""\\\""""\""""\\\\\\\\\\\\\\\""""\""""\\\""""\""""\\\\\\\""""\""""\\\""""\""""\\\\\\\\\\\\\\\""""\""""\\\""""\""""\\\\\\\""""\""""\\\""""\""""\\\\\\\\\\\\\\\""""\""""\\\""""\""""\\\\\\\""""\""""\\\""""\""""\\\\\\\\\\\\\\\""""\""""\\\""""\""""\\\\\\\""""\""""\\\""""\""""\\\\\\\""""\""""\\\""""\""""\\\\\\\""""\""""\\\""""\""""\\\\\\\""""\""""\\\""""\""""\\\""""\""""\\\""""\""""\\\""""\""""\""""\""""\""""""""""",1,0,0,1,0,0,0,archway-classical-academy-cicero-az-85250-fcapi-classicality-abstract.md,archway-classical-academy-cicero-az-85250-fcapi-classicality-audit.md,archway-classical-academy-cicero-az-85250-v*-fcapi-classicality-audit.pdf,,,0,0,0,0,145,2578
Acct1173,Archway Classical Academy - North Phoenix,,,archway-classical-academy-north-phoenix-az-85032,vwilliams@archwaynorthphoenix.org,+1 602 996 4355,+1 480 424 1790,https://archwaynorthphoenix.greatheartsamerica.org/,14100 N 32nd St.,,Phoenix,Maricopa County,AZ,85032,US,33.61634220,-112.01447520,classical,archway-classical-academy-north-phoenix-az-85032-fcapi-classicality-abstract.md,archway-classical-academy-north-phoenix-az-85032-fcapi-classicality-audit.md,archway-classical-academy-north-phoenix-az-85032-v*-fcapi-classicality-audit.pdf,elementary,Charter,Public,0,,712,,,,,,,,,,,,,,,,,,,,,,,,,,,,0,"""\""\\\""""\\\\\\\""""\""""\\\\\\\\\\\\\\\""""\""""\\\""""\""""\\\\\\\\\\\\\\\\\\\\\\\\\\\\\\\""""\""""\\\""""\""""\\\\\\\""""\""""\\\""""\""""\\\\\\\\\\\\\\\\\\\\\\\\\\\\\\\\\\\\\\\\\\\\\\\\\\\\\\\\\\\\\\\""""\""""\\\""""\""""\\\\\\\""""\""""\\\""""\""""\\\\\\\\\\\\\\\""""\""""\\\""""\""""\\\\\\\""""\""""\\\""""\""""[\\\\\\\\\\\\\\\\\\\\\\\\\\\\\\\\\\\\\\\\\\\\\\\\\\\\\\\\\\\\\\\\\\\\\\\\\\\\\\\\\\\\\\\\\\\\\\\\\\\\\\\\\\\\\\\\\\\\\\\\\\\\\\\""""\""""\\\""""\""""\\\\\\\""""\""""\\\""""\""""\\\\\\\\\\\\\\\""""\""""\\\""""\""""\\\\\\\""""\""""\\\""""\""""\\\\\\\\\\\\\\\\\\\\\\\\\\\\\\\""""\""""\\\""""\""""\\\\\\\""""\""""\\\""""\""""\\\\\\\\\\\\\\\""""\""""\\\""""\""""\\\\\\\""""\""""\\\""""\""""Latin\\\\\\\\\\\\\\\\\\\\\\\\\\\\\\\\\\\\\\\\\\\\\\\\\\\\\\\\\\\\\\\\\\\\\\\\\\\\\\\\\\\\\\\\\\\\\\\\\\\\\\\\\\\\\\\\\\\\\\\\\\\\\\\""""\""""\\\""""\""""\\\\\\\""""\""""\\\""""\""""\\\\\\\\\\\\\\\""""\""""\\\""""\""""\\\\\\\""""\""""\\\""""\""""\\\\\\\\\\\\\\\\\\\\\\\\\\\\\\\""""\""""\\\""""\""""\\\\\\\""""\""""\\\""""\""""\\\\\\\\\\\\\\\""""\""""\\\""""\""""\\\\\\\""""\""""\\\""""\""""\\\\\\\\\\\\\\\\\\\\\\\\\\\\\\\\\\\\\\\\\\\\\\\\\\\\\\\\\\\\\\\""""\""""\\\""""\""""\\\\\\\""""\""""\\\""""\""""\\\\\\\\\\\\\\\""""\""""\\\""""\""""\\\\\\\""""\""""\\\""""\""""\\\\\\\\\\\\\\\\\\\\\\\\\\\\\\\""""\""""\\\""""\""""\\\\\\\""""\""""\\\""""\""""\\\\\\\\\\\\\\\""""\""""\\\""""\""""\\\\\\\""""\""""\\\""""\""""]\\\\\\\\\\\\\\\\\\\\\\\\\\\\\\\\\\\\\\\\\\\\\\\\\\\\\\\\\\\\\\\""""\""""\\\""""\""""\\\\\\\""""\""""\\\""""\""""\\\\\\\\\\\\\\\""""\""""\\\""""\""""\\\\\\\""""\""""\\\""""\""""\\\\\\\\\\\\\\\\\\\\\\\\\\\\\\\""""\""""\\\""""\""""\\\\\\\""""\""""\\\""""\""""\\\\\\\\\\\\\\\""""\""""\\\""""\""""\\\\\\\""""\""""\\\""""\""""\\\\\\\\\\\\\\\\\\\\\\\\\\\\\\\\\\\\\\\\\\\\\\\\\\\\\\\\\\\\\\\""""\""""\\\""""\""""\\\\\\\""""\""""\\\""""\""""\\\\\\\\\\\\\\\""""\""""\\\""""\""""\\\\\\\""""\""""\\\""""\""""\\\\\\\\\\\\\\\\\\\\\\\\\\\\\\\""""\""""\\\""""\""""\\\\\\\""""\""""\\\""""\""""\\\\\\\\\\\\\\\""""\""""\\\""""\""""\\\\\\\""""\""""\\\""""\""""\\\\\\\\\\\\\\\\\\\\\\\\\\\\\\\\\\\\\\\\\\\\\\\\\\\\\\\\\\\\\\\""""\""""\\\""""\""""\\\\\\\""""\""""\\\""""\""""\\\\\\\\\\\\\\\""""\""""\\\""""\""""\\\\\\\""""\""""\\\""""\""""\\\\\\\\\\\\\\\\\\\\\\\\\\\\\\\""""\""""\\\""""\""""\\\\\\\""""\""""\\\""""\""""\\\\\\\\\\\\\\\""""\""""\\\""""\""""\\\\\\\""""\""""\\\""""\""""\\\\\\\\\\\\\\\\\\\\\\\\\\\\\\\""""\""""\\\""""\""""\\\\\\\""""\""""\\\""""\""""\\\\\\\\\\\\\\\""""\""""\\\""""\""""\\\\\\\""""\""""\\\""""\""""\\\\\\\\\\\\\\\\\\\\\\\\\\\\\\\""""\""""\\\""""\""""\\\\\\\""""\""""\\\""""\""""\\\\\\\\\\\\\\\""""\""""\\\""""\""""\\\\\\\""""\""""\\\""""\""""\\\\\\\\\\\\\\\\\\\\\\\\\\\\\\\""""\""""\\\""""\""""\\\\\\\""""\""""\\\""""\""""\\\\\\\\\\\\\\\""""\""""\\\""""\""""\\\\\\\""""\""""\\\""""\""""\\\\\\\\\\\\\\\""""\""""\\\""""\""""\\\\\\\""""\""""\\\""""\""""\\\\\\\\\\\\\\\""""\""""\\\""""\""""\\\\\\\""""\""""\\\""""\""""\\\\\\\\\\\\\\\""""\""""\\\""""\""""\\\\\\\""""\""""\\\""""\""""\\\\\\\""""\""""\\\""""\""""\\\\\\\""""\""""\\\""""\""""\\\\\\\""""\""""\\\""""\""""\\\""""\""""\\\""""\""""\\\""""\""""\""""\""""\""""""""""",1,0,0,1,0,0,0,archway-classical-academy-north-phoenix-az-85032-fcapi-classicality-abstract.md,archway-classical-academy-north-phoenix-az-85032-fcapi-classicality-audit.md,archway-classical-academy-north-phoenix-az-85032-v*-fcapi-classicality-audit.pdf,,,0,0,0,0,147,2537
Acct1172,Archway Classical Academy - Trivium West,,,archway-classical-academy-trivium-west-az-85395,karchambault@archwaytrivium.org,+1 623 414 4883,,https://archwaytrivium.greatheartsamerica.org/,2001 N. Bullard Ave.,,Goodyear,Maricopa County,AZ,85395,US,33.46982120,-112.37422020,classical,archway-classical-academy-trivium-west-az-85395-fcapi-classicality-abstract.md,archway-classical-academy-trivium-west-az-85395-fcapi-classicality-audit.md,archway-classical-academy-trivium-west-az-85395-v*-fcapi-classicality-audit.pdf,elementary,Charter,Public,0,,883,,,,,,,,,,,,,,,,,,,,,,,,,,,,0,"""\""\\\""""\\\\\\\""""\""""\\\\\\\\\\\\\\\""""\""""\\\""""\""""\\\\\\\\\\\\\\\\\\\\\\\\\\\\\\\""""\""""\\\""""\""""\\\\\\\""""\""""\\\""""\""""\\\\\\\\\\\\\\\\\\\\\\\\\\\\\\\\\\\\\\\\\\\\\\\\\\\\\\\\\\\\\\\""""\""""\\\""""\""""\\\\\\\""""\""""\\\""""\""""\\\\\\\\\\\\\\\""""\""""\\\""""\""""\\\\\\\""""\""""\\\""""\""""[\\\\\\\\\\\\\\\\\\\\\\\\\\\\\\\\\\\\\\\\\\\\\\\\\\\\\\\\\\\\\\\\\\\\\\\\\\\\\\\\\\\\\\\\\\\\\\\\\\\\\\\\\\\\\\\\\\\\\\\\\\\\\\\""""\""""\\\""""\""""\\\\\\\""""\""""\\\""""\""""\\\\\\\\\\\\\\\""""\""""\\\""""\""""\\\\\\\""""\""""\\\""""\""""\\\\\\\\\\\\\\\\\\\\\\\\\\\\\\\""""\""""\\\""""\""""\\\\\\\""""\""""\\\""""\""""\\\\\\\\\\\\\\\""""\""""\\\""""\""""\\\\\\\""""\""""\\\""""\""""Latin\\\\\\\\\\\\\\\\\\\\\\\\\\\\\\\\\\\\\\\\\\\\\\\\\\\\\\\\\\\\\\\\\\\\\\\\\\\\\\\\\\\\\\\\\\\\\\\\\\\\\\\\\\\\\\\\\\\\\\\\\\\\\\\""""\""""\\\""""\""""\\\\\\\""""\""""\\\""""\""""\\\\\\\\\\\\\\\""""\""""\\\""""\""""\\\\\\\""""\""""\\\""""\""""\\\\\\\\\\\\\\\\\\\\\\\\\\\\\\\""""\""""\\\""""\""""\\\\\\\""""\""""\\\""""\""""\\\\\\\\\\\\\\\""""\""""\\\""""\""""\\\\\\\""""\""""\\\""""\""""\\\\\\\\\\\\\\\\\\\\\\\\\\\\\\\\\\\\\\\\\\\\\\\\\\\\\\\\\\\\\\\""""\""""\\\""""\""""\\\\\\\""""\""""\\\""""\""""\\\\\\\\\\\\\\\""""\""""\\\""""\""""\\\\\\\""""\""""\\\""""\""""\\\\\\\\\\\\\\\\\\\\\\\\\\\\\\\""""\""""\\\""""\""""\\\\\\\""""\""""\\\""""\""""\\\\\\\\\\\\\\\""""\""""\\\""""\""""\\\\\\\""""\""""\\\""""\""""]\\\\\\\\\\\\\\\\\\\\\\\\\\\\\\\\\\\\\\\\\\\\\\\\\\\\\\\\\\\\\\\""""\""""\\\""""\""""\\\\\\\""""\""""\\\""""\""""\\\\\\\\\\\\\\\""""\""""\\\""""\""""\\\\\\\""""\""""\\\""""\""""\\\\\\\\\\\\\\\\\\\\\\\\\\\\\\\""""\""""\\\""""\""""\\\\\\\""""\""""\\\""""\""""\\\\\\\\\\\\\\\""""\""""\\\""""\""""\\\\\\\""""\""""\\\""""\""""\\\\\\\\\\\\\\\\\\\\\\\\\\\\\\\\\\\\\\\\\\\\\\\\\\\\\\\\\\\\\\\""""\""""\\\""""\""""\\\\\\\""""\""""\\\""""\""""\\\\\\\\\\\\\\\""""\""""\\\""""\""""\\\\\\\""""\""""\\\""""\""""\\\\\\\\\\\\\\\\\\\\\\\\\\\\\\\""""\""""\\\""""\""""\\\\\\\""""\""""\\\""""\""""\\\\\\\\\\\\\\\""""\""""\\\""""\""""\\\\\\\""""\""""\\\""""\""""\\\\\\\\\\\\\\\\\\\\\\\\\\\\\\\\\\\\\\\\\\\\\\\\\\\\\\\\\\\\\\\""""\""""\\\""""\""""\\\\\\\""""\""""\\\""""\""""\\\\\\\\\\\\\\\""""\""""\\\""""\""""\\\\\\\""""\""""\\\""""\""""\\\\\\\\\\\\\\\\\\\\\\\\\\\\\\\""""\""""\\\""""\""""\\\\\\\""""\""""\\\""""\""""\\\\\\\\\\\\\\\""""\""""\\\""""\""""\\\\\\\""""\""""\\\""""\""""\\\\\\\\\\\\\\\\\\\\\\\\\\\\\\\""""\""""\\\""""\""""\\\\\\\""""\""""\\\""""\""""\\\\\\\\\\\\\\\""""\""""\\\""""\""""\\\\\\\""""\""""\\\""""\""""\\\\\\\\\\\\\\\\\\\\\\\\\\\\\\\""""\""""\\\""""\""""\\\\\\\""""\""""\\\""""\""""\\\\\\\\\\\\\\\""""\""""\\\""""\""""\\\\\\\""""\""""\\\""""\""""\\\\\\\\\\\\\\\\\\\\\\\\\\\\\\\""""\""""\\\""""\""""\\\\\\\""""\""""\\\""""\""""\\\\\\\\\\\\\\\""""\""""\\\""""\""""\\\\\\\""""\""""\\\""""\""""\\\\\\\\\\\\\\\""""\""""\\\""""\""""\\\\\\\""""\""""\\\""""\""""\\\\\\\\\\\\\\\""""\""""\\\""""\""""\\\\\\\""""\""""\\\""""\""""\\\\\\\\\\\\\\\""""\""""\\\""""\""""\\\\\\\""""\""""\\\""""\""""\\\\\\\""""\""""\\\""""\""""\\\\\\\""""\""""\\\""""\""""\\\\\\\""""\""""\\\""""\""""\\\""""\""""\\\""""\""""\\\""""\""""\""""\""""\""""""""""",1,0,0,1,0,0,0,archway-classical-academy-trivium-west-az-85395-fcapi-classicality-abstract.md,archway-classical-academy-trivium-west-az-85395-fcapi-classicality-audit.md,archway-classical-academy-trivium-west-az-85395-v*-fcapi-classicality-audit.pdf,,,0,0,0,0,148,2694
Acct0168,Archway Classical Academy - Veritas,,,archway-classical-academy-veritas-az-85018,pdelduca@archwayveritas.org,+1 480 381 1030,+1 602 489 7341,https://archwayveritas.greatheartsamerica.org/,3102 North 56th Street,,Phoenix,Maricopa County,AZ,85018,US,33.48422130,-111.96226800,classical,archway-classical-academy-veritas-az-85018-fcapi-classicality-abstract.md,archway-classical-academy-veritas-az-85018-fcapi-classicality-audit.md,archway-classical-academy-veritas-az-85018-v*-fcapi-classicality-audit.pdf,elementary,Charter,Public,0,,715,,,,,,,,,,,,,,,,,,,,,,,,,,,,0,,0,0,0,0,0,0,0,archway-classical-academy-veritas-az-85018-fcapi-classicality-abstract.md,archway-classical-academy-veritas-az-85018-fcapi-classicality-audit.md,archway-classical-academy-veritas-az-85018-v*-fcapi-classicality-audit.pdf,,,0,0,0,0,149,2785
,Aristoi Classical Academy of Cypress,,,aristoi-classical-academy-cypress-tx-77070,,,,https://www.aristoiclassical.org/ac/index,12332 Perry Road,,Houston,Harris County,TX,77070,US,29.95230550,-95.56361540,classical,aristoi-classical-academy-cypress-tx-77070-fcapi-classicality-abstract.md,aristoi-classical-academy-cypress-tx-77070-fcapi-classicality-audit.md,aristoi-classical-academy-cypress-tx-77070-v*-fcapi-classicality-audit.pdf,elementary-intermediate,,,0,,,,,,,,,,,,,,,,,,,,,,,,,,,,,,0,,0,0,0,0,0,0,0,aristoi-classical-academy-cypress-tx-77070-fcapi-classicality-abstract.md,aristoi-classical-academy-cypress-tx-77070-fcapi-classicality-audit.md,aristoi-classical-academy-cypress-tx-77070-v*-fcapi-classicality-audit.pdf,,,0,0,0,0,5119,
Acct0181,Arlington Classics Academy,,,arlington-classics-academy-tx-76016,,+1 817 987 1819,,https://www.acaedu.net/,2800 West Arkansas Lane,,Arlington,Tarrant County,TX,76016,US,32.70654170,-97.15342660,classical,arlington-classics-academy-tx-76016-fcapi-classicality-abstract.md,arlington-classics-academy-tx-76016-fcapi-classicality-audit.md,arlington-classics-academy-tx-76016-v*-fcapi-classicality-audit.pdf,elementary-intermediate,Charter,Public,0,,,,,,,,,,,,,,,,,,,,,,,,,,,,,,0,,0,0,0,0,0,0,0,arlington-classics-academy-tx-76016-fcapi-classicality-abstract.md,arlington-classics-academy-tx-76016-fcapi-classicality-audit.md,arlington-classics-academy-tx-76016-v*-fcapi-classicality-audit.pdf,,,0,0,0,0,398,2524
Acct0182,Arma Dei Academy,,,arma-dei-academy-co-80126,communications@armadeiacademy.com,+1 303 346 4523,,https://armadeiacademy.com/,345 E Wildcat Reserve Pkwy,,Highlands Ranch,Douglas County,CO,80126,US,39.52818960,-104.98582400,classical,arma-dei-academy-co-80126-fcapi-classicality-abstract.md,arma-dei-academy-co-80126-fcapi-classicality-audit.md,arma-dei-academy-co-80126-v*-fcapi-classicality-audit.pdf,elementary-intermediate-secondary,Private School,Private,0,2012,,,,,,,,,,,,,,,,,,,,,,,,,,,,,0,,0,0,0,0,0,0,0,arma-dei-academy-co-80126-fcapi-classicality-abstract.md,arma-dei-academy-co-80126-fcapi-classicality-audit.md,arma-dei-academy-co-80126-v*-fcapi-classicality-audit.pdf,,,0,0,0,0,399,2035
Acct0187,Artesia Classical Academy,,,artesia-classical-academy-nm-88210,info@artesiaclassicalacademy.org,+1 575 988 3240,,https://artesiaclassicalacademy.org/,2512 W Bush Ave,,Artesia,Eddy County,NM,88210,US,32.85051600,-104.42810300,classical,artesia-classical-academy-nm-88210-fcapi-classicality-abstract.md,artesia-classical-academy-nm-88210-fcapi-classicality-audit.md,artesia-classical-academy-nm-88210-v*-fcapi-classicality-audit.pdf,elementary-intermediate-secondary,Private School,Private,0,2022,,,,,,,,,,,,,,,,,,,,,,,,,,,,,0,,0,0,0,0,0,0,0,artesia-classical-academy-nm-88210-fcapi-classicality-abstract.md,artesia-classical-academy-nm-88210-fcapi-classicality-audit.md,artesia-classical-academy-nm-88210-v*-fcapi-classicality-audit.pdf,,,0,0,0,0,404,1155
Acct0189,Ascension Classical School,,,ascension-classical-school-la-71105,dhoward.acsshreveport@gmail.com,+1 318 946 8089,,https://www.ascensionclassicalschool.org/,10540 Norris Ferry Road,,Shreveport,Caddo Parish,LA,71105,US,32.35367860,-93.71453970,classical,ascension-classical-school-la-71105-fcapi-classicality-abstract.md,ascension-classical-school-la-71105-fcapi-classicality-audit.md,ascension-classical-school-la-71105-v*-fcapi-classicality-audit.pdf,elementary-intermediate-secondary,Private School,Private,0,2014,,,,,,,,,,,,,,,,,,,,,,,,,,,,,0,,0,0,0,0,0,0,0,ascension-classical-school-la-71105-fcapi-classicality-abstract.md,ascension-classical-school-la-71105-fcapi-classicality-audit.md,ascension-classical-school-la-71105-v*-fcapi-classicality-audit.pdf,,,0,0,0,0,406,1645
Acct0194,Ascent Classical Academy of Fort Mill,,,ascent-classical-academy-fort-mill-sc-29730,,+1 803 239 2530,,https://fortmill.ascentclassicalsc.org/,505 University Drive,,Rock Hill,York County,SC,29730,US,34.94407990,-81.00407160,classical,ascent-classical-academy-fort-mill-sc-29730-fcapi-classicality-abstract.md,ascent-classical-academy-fort-mill-sc-29730-fcapi-classicality-audit.md,ascent-classical-academy-fort-mill-sc-29730-v*-fcapi-classicality-audit.pdf,elementary-intermediate,Charter,Public,0,,,,,,,,,,,,,,,,,,,,,,,,,,,,,,0,,0,0,0,0,0,0,0,ascent-classical-academy-fort-mill-sc-29730-fcapi-classicality-abstract.md,ascent-classical-academy-fort-mill-sc-29730-fcapi-classicality-audit.md,ascent-classical-academy-fort-mill-sc-29730-v*-fcapi-classicality-audit.pdf,,,0,0,0,0,30,622
Acct0196,Ascent Classical Academy of Greenville,,,ascent-classical-academy-greenville-sc-29607,,+1 864 329 9884,,https://greenville.ascentclassicalsc.org/,400 Brookfield Parkway,,Greenville,Greenville County,SC,29607,US,34.81231970,-82.28344900,classical,ascent-classical-academy-greenville-sc-29607-fcapi-classicality-abstract.md,ascent-classical-academy-greenville-sc-29607-fcapi-classicality-audit.md,ascent-classical-academy-greenville-sc-29607-v*-fcapi-classicality-audit.pdf,elementary-intermediate-secondary,Charter,Public,0,,,,,,,,,,,,,,,,,,,,,,,,,,,,,,0,,0,0,0,0,0,0,0,ascent-classical-academy-greenville-sc-29607-fcapi-classicality-abstract.md,ascent-classical-academy-greenville-sc-29607-fcapi-classicality-audit.md,ascent-classical-academy-greenville-sc-29607-v*-fcapi-classicality-audit.pdf,,,0,0,0,0,31,
Net0045,Ascent Colorado Classical School of Grand Junction,,,ascent-colorado-classical-school-grand-junction-co-81504,,+1 970 812 0202,,https://gj.ascentcolorado.org/,545 31 Road,,Grand Junction,Mesa County,CO,81504,US,39.08319660,-108.47968650,classical,ascent-colorado-classical-school-grand-junction-co-81504-fcapi-classicality-abstract.md,ascent-colorado-classical-school-grand-junction-co-81504-fcapi-classicality-audit.md,ascent-colorado-classical-school-grand-junction-co-81504-v*-fcapi-classicality-audit.pdf,elementary-intermediate-secondary,Charter,Public,0,,,,,,,,,,,,,,,,,,,,,,,,,,,,,,0,,0,0,0,0,0,0,0,ascent-colorado-classical-school-grand-junction-co-81504-fcapi-classicality-abstract.md,ascent-colorado-classical-school-grand-junction-co-81504-fcapi-classicality-audit.md,ascent-colorado-classical-school-grand-junction-co-81504-v*-fcapi-classicality-audit.pdf,,,0,0,0,0,34,623
Net0047,Ascent Colorado Classical School of Northern Denver,,,ascent-colorado-classical-school-northern-denver-co-80602,,+1 720 501 5005,,https://nd.ascentcolorado.org/,5061 East 160th Avenue,,Brighton,Adams County,CO,80602,US,39.98927050,-104.92755630,classical,ascent-colorado-classical-school-northern-denver-co-80602-fcapi-classicality-abstract.md,ascent-colorado-classical-school-northern-denver-co-80602-fcapi-classicality-audit.md,ascent-colorado-classical-school-northern-denver-co-80602-v*-fcapi-classicality-audit.pdf,elementary-intermediate,Charter,Public,0,,,,,,,,,,,,,,,,,,,,,,,,,,,,,,0,,0,0,0,0,0,0,0,ascent-colorado-classical-school-northern-denver-co-80602-fcapi-classicality-abstract.md,ascent-colorado-classical-school-northern-denver-co-80602-fcapi-classicality-audit.md,ascent-colorado-classical-school-northern-denver-co-80602-v*-fcapi-classicality-audit.pdf,,,0,0,0,0,35,624
Net0044,Ascent Colorado Classical Schools of Douglas County,,,ascent-colorado-classical-schools-douglas-county-co-80124,dougco.office@ascentcolorado.org,+1 720 531 8775,,https://dc.ascentcolorado.org/,10004 Park Meadows Dr.,,Lone Tree,Douglas County,CO,80124,US,39.55163760,-104.87341370,classical,ascent-colorado-classical-schools-douglas-county-co-80124-fcapi-classicality-abstract.md,ascent-colorado-classical-schools-douglas-county-co-80124-fcapi-classicality-audit.md,ascent-colorado-classical-schools-douglas-county-co-80124-v*-fcapi-classicality-audit.pdf,elementary-intermediate-secondary,,,0,,,,,,,,,,,,,,,,,,,,,,,,,,,,,,0,,0,0,0,0,0,0,0,ascent-colorado-classical-schools-douglas-county-co-80124-fcapi-classicality-abstract.md,ascent-colorado-classical-schools-douglas-county-co-80124-fcapi-classicality-audit.md,ascent-colorado-classical-schools-douglas-county-co-80124-v*-fcapi-classicality-audit.pdf,,,0,0,0,0,408,1710
Net0046,Ascent Colorado Classical Schools of Northern Colorado,,,ascent-colorado-classical-schools-northern-colorado-co-80525,noco.info@ascentcolorado.org,+1 970 545 6650,,https://nc.ascentcolorado.org/,2700 S Lemay Ave.,,Windsor,Larimer County,CO,80525,US,40.55089490,-105.05501080,classical,ascent-colorado-classical-schools-northern-colorado-co-80525-fcapi-classicality-abstract.md,ascent-colorado-classical-schools-northern-colorado-co-80525-fcapi-classicality-audit.md,ascent-colorado-classical-schools-northern-colorado-co-80525-v*-fcapi-classicality-audit.pdf,elementary-intermediate-secondary,,,0,,,,,,,,,,,,,,,,,,,,,,,,,,,,,,0,,0,0,0,0,0,0,0,ascent-colorado-classical-schools-northern-colorado-co-80525-fcapi-classicality-abstract.md,ascent-colorado-classical-schools-northern-colorado-co-80525-fcapi-classicality-audit.md,ascent-colorado-classical-schools-northern-colorado-co-80525-v*-fcapi-classicality-audit.pdf,,,0,0,0,0,409,1613
Acct0215,Atlanta Classical Academy,,,atlanta-classical-academy-ga-30305,info@atlantaclassical.org,+1 404 369 3500,,https://atlantaclassical.org/,3260 Northside Dr.,,Atlanta,Fulton County,GA,30305,US,33.84356240,-84.40789640,classical,atlanta-classical-academy-ga-30305-fcapi-classicality-abstract.md,atlanta-classical-academy-ga-30305-fcapi-classicality-audit.md,atlanta-classical-academy-ga-30305-v*-fcapi-classicality-audit.pdf,elementary-intermediate-secondary,Charter,Public,0,,,,,,,,,,,,,,,,,,,,,,,,,,,,,,0,,0,0,0,0,0,0,0,atlanta-classical-academy-ga-30305-fcapi-classicality-abstract.md,atlanta-classical-academy-ga-30305-fcapi-classicality-audit.md,atlanta-classical-academy-ga-30305-v*-fcapi-classicality-audit.pdf,,,0,0,0,0,416,1900
Acct0221,Auburn Classical Academy,,,auburn-classical-academy-al-36801,,+1 334 821 7081,,https://www.auburnclassicalacademy.com/,1901 B Waverly Parkway,,Opelika,Lee County,AL,36801,US,32.64722690,-85.40276610,classical,auburn-classical-academy-al-36801-fcapi-classicality-abstract.md,auburn-classical-academy-al-36801-fcapi-classicality-audit.md,auburn-classical-academy-al-36801-v*-fcapi-classicality-audit.pdf,elementary-intermediate,Private School,Private,0,,,,,,,,,,,,,,,,,,,,,,,,,,,,,,0,,0,0,0,0,0,0,0,auburn-classical-academy-al-36801-fcapi-classicality-abstract.md,auburn-classical-academy-al-36801-fcapi-classicality-audit.md,auburn-classical-academy-al-36801-v*-fcapi-classicality-audit.pdf,,,0,0,0,0,422,1160
Acct0224,Augustine Christian Academy,,,augustine-christian-academy-ok-74114,office@acatulsa.org,+1 918 832 4600,,https://acatulsa.org/,6310 E 30th St.,,Tulsa,Tulsa County,OK,74114,US,36.12086230,-95.90550830,classical,augustine-christian-academy-ok-74114-fcapi-classicality-abstract.md,augustine-christian-academy-ok-74114-fcapi-classicality-audit.md,augustine-christian-academy-ok-74114-v*-fcapi-classicality-audit.pdf,elementary-intermediate-secondary,Private School,Private,0,1997,,,,,,,,,,,,,,,,,,,,,,,,,,,,,0,,0,0,0,0,0,0,0,augustine-christian-academy-ok-74114-fcapi-classicality-abstract.md,augustine-christian-academy-ok-74114-fcapi-classicality-audit.md,augustine-christian-academy-ok-74114-v*-fcapi-classicality-audit.pdf,,,0,0,0,0,425,2294
Acct0225,Augustine Classical Academy,,,augustine-classical-academy-ny-12118,admin@augustineca.org,+1 518 687 0468,,https://augustineca.org/,7 North Main St.,,Mechanicville,Saratoga County,NY,12118,US,42.90354150,-73.68684380,classical,augustine-classical-academy-ny-12118-fcapi-classicality-abstract.md,augustine-classical-academy-ny-12118-fcapi-classicality-audit.md,augustine-classical-academy-ny-12118-v*-fcapi-classicality-audit.pdf,elementary-intermediate-secondary,Private School,Private,0,2009,,,,,,,,,,,,,,,,,,,,,,,,,,,,,0,,0,0,0,0,0,0,0,augustine-classical-academy-ny-12118-fcapi-classicality-abstract.md,augustine-classical-academy-ny-12118-fcapi-classicality-audit.md,augustine-classical-academy-ny-12118-v*-fcapi-classicality-audit.pdf,,,0,0,0,0,426,1915
Acct0226,Augustine School,,,augustine-school-tn-38305,dnelson@augustineschool.com,+1 731 414 4401,,https://augustineschool.com/,1171 Old Humboldt Rd.,,Jackson,Madison County,TN,38305,US,35.72007020,-88.86267990,classical,augustine-school-tn-38305-fcapi-classicality-abstract.md,augustine-school-tn-38305-fcapi-classicality-audit.md,augustine-school-tn-38305-v*-fcapi-classicality-audit.pdf,elementary-intermediate-secondary,Private School,Private,0,2001,,,,,,,,,,,,,,,,,,,,,,,,,,,,,0,,0,0,0,0,0,0,0,augustine-school-tn-38305-fcapi-classicality-abstract.md,augustine-school-tn-38305-fcapi-classicality-audit.md,augustine-school-tn-38305-v*-fcapi-classicality-audit.pdf,,,0,0,0,0,427,2444
Acct0228,Austin Classical School,,,austin-classical-school-tx-78720,info@austinclassical.org,+1 830 237 2937,,https://austinclassical.org/,PO Box 200490,,Austin,Travis County,TX,78720,US,30.39924880,-97.75185610,classical,austin-classical-school-tx-78720-fcapi-classicality-abstract.md,austin-classical-school-tx-78720-fcapi-classicality-audit.md,austin-classical-school-tx-78720-v*-fcapi-classicality-audit.pdf,elementary-intermediate-secondary,Private School,Private,0,2013,,,,,,,,,,,,,,,,,,,,,,,,,,,,,0,,0,0,0,0,0,0,0,austin-classical-school-tx-78720-fcapi-classicality-abstract.md,austin-classical-school-tx-78720-fcapi-classicality-audit.md,austin-classical-school-tx-78720-v*-fcapi-classicality-audit.pdf,,,0,0,0,0,429,2486
Acct0235,Axiom Christian Classical School,,,axiom-christian-classical-school-nm-87106,stacy.irvine@axiomclassical.org,+1 505 948 3022,,https://www.axiomclassical.org/,1404 Lead Avenue Southeast,,Albuquerque,Bernalillo County,NM,87106,US,35.07866220,-106.63159920,classical,axiom-christian-classical-school-nm-87106-fcapi-classicality-abstract.md,axiom-christian-classical-school-nm-87106-fcapi-classicality-audit.md,axiom-christian-classical-school-nm-87106-v*-fcapi-classicality-audit.pdf,elementary-intermediate-secondary,Private School,Private,0,2021,,,,,,,,,,,,,,,,,,,,,,,,,,,,,0,,0,0,0,0,0,0,0,axiom-christian-classical-school-nm-87106-fcapi-classicality-abstract.md,axiom-christian-classical-school-nm-87106-fcapi-classicality-audit.md,axiom-christian-classical-school-nm-87106-v*-fcapi-classicality-audit.pdf,,,0,0,0,0,436,2195
Acct0236,Axios Jonesboro Christian Academy,,,axios-jonesboro-christian-academy-ar-72401,,+1 479 769 1001,,https://www.axiosjca.com/,1700 Loberg Lane,,Jonesboro,Craighead County,AR,72401,US,35.82559810,-90.73536720,classical,axios-jonesboro-christian-academy-ar-72401-fcapi-classicality-abstract.md,axios-jonesboro-christian-academy-ar-72401-fcapi-classicality-audit.md,axios-jonesboro-christian-academy-ar-72401-v*-fcapi-classicality-audit.pdf,elementary-intermediate-secondary,Private School,Private,0,,,,,,,,,,,,,,,,,,,,,,,,,,,,,,0,,0,0,0,0,0,0,0,axios-jonesboro-christian-academy-ar-72401-fcapi-classicality-abstract.md,axios-jonesboro-christian-academy-ar-72401-fcapi-classicality-audit.md,axios-jonesboro-christian-academy-ar-72401-v*-fcapi-classicality-audit.pdf,,,0,0,0,0,437,648
Acct0339,BRAVE Academy,,,brave-academy-co-80113,info@braveacademy.org,+1 720 740 2424,,https://braveacademy.online/ba/,3651 S Colorado Blvd.,,Englewood,Arapahoe County,CO,80113,US,39.65000510,-104.94263350,classical,brave-academy-co-80113-fcapi-classicality-abstract.md,brave-academy-co-80113-fcapi-classicality-audit.md,brave-academy-co-80113-v*-fcapi-classicality-audit.pdf,elementary-intermediate-secondary,Private School,Private,0,2023,,,,,,,,,,,,,,,,,,,,,,,,,,,,,0,,0,0,0,0,0,0,0,brave-academy-co-80113-fcapi-classicality-abstract.md,brave-academy-co-80113-fcapi-classicality-audit.md,brave-academy-co-80113-v*-fcapi-classicality-audit.pdf,,,0,0,0,0,530,927
Acct0244,Barry County Christian School Middleville,,,barry-county-christian-school-middleville-mi-49316,office@bccsk12.com,+1 269 948 2151,,https://bccsk12.com,4180 2nd St.,,Caledonia,,MI,49316,US,42.72378810,-85.56656730,classical,barry-county-christian-school-middleville-mi-49316-fcapi-classicality-abstract.md,barry-county-christian-school-middleville-mi-49316-fcapi-classicality-audit.md,barry-county-christian-school-middleville-mi-49316-v*-fcapi-classicality-audit.pdf,elementary,Private School,Private School,0,,55,,,,,,,,,,,,,,,,,,,,,,,,,,,,1,"""\""\\\""""\\\\\\\""""\""""\\\\\\\\\\\\\\\""""\""""\\\""""\""""\\\\\\\\\\\\\\\\\\\\\\\\\\\\\\\""""\""""\\\""""\""""\\\\\\\""""\""""\\\""""\""""\\\\\\\\\\\\\\\\\\\\\\\\\\\\\\\\\\\\\\\\\\\\\\\\\\\\\\\\\\\\\\\""""\""""\\\""""\""""\\\\\\\""""\""""\\\""""\""""\\\\\\\\\\\\\\\""""\""""\\\""""\""""\\\\\\\""""\""""\\\""""\""""[\\\\\\\\\\\\\\\\\\\\\\\\\\\\\\\\\\\\\\\\\\\\\\\\\\\\\\\\\\\\\\\\\\\\\\\\\\\\\\\\\\\\\\\\\\\\\\\\\\\\\\\\\\\\\\\\\\\\\\\\\\\\\\\""""\""""\\\""""\""""\\\\\\\""""\""""\\\""""\""""\\\\\\\\\\\\\\\""""\""""\\\""""\""""\\\\\\\""""\""""\\\""""\""""\\\\\\\\\\\\\\\\\\\\\\\\\\\\\\\""""\""""\\\""""\""""\\\\\\\""""\""""\\\""""\""""\\\\\\\\\\\\\\\""""\""""\\\""""\""""\\\\\\\""""\""""\\\""""\""""Latin\\\\\\\\\\\\\\\\\\\\\\\\\\\\\\\\\\\\\\\\\\\\\\\\\\\\\\\\\\\\\\\\\\\\\\\\\\\\\\\\\\\\\\\\\\\\\\\\\\\\\\\\\\\\\\\\\\\\\\\\\\\\\\\""""\""""\\\""""\""""\\\\\\\""""\""""\\\""""\""""\\\\\\\\\\\\\\\""""\""""\\\""""\""""\\\\\\\""""\""""\\\""""\""""\\\\\\\\\\\\\\\\\\\\\\\\\\\\\\\""""\""""\\\""""\""""\\\\\\\""""\""""\\\""""\""""\\\\\\\\\\\\\\\""""\""""\\\""""\""""\\\\\\\""""\""""\\\""""\""""\\\\\\\\\\\\\\\\\\\\\\\\\\\\\\\\\\\\\\\\\\\\\\\\\\\\\\\\\\\\\\\""""\""""\\\""""\""""\\\\\\\""""\""""\\\""""\""""\\\\\\\\\\\\\\\""""\""""\\\""""\""""\\\\\\\""""\""""\\\""""\""""\\\\\\\\\\\\\\\\\\\\\\\\\\\\\\\""""\""""\\\""""\""""\\\\\\\""""\""""\\\""""\""""\\\\\\\\\\\\\\\""""\""""\\\""""\""""\\\\\\\""""\""""\\\""""\""""]\\\\\\\\\\\\\\\\\\\\\\\\\\\\\\\\\\\\\\\\\\\\\\\\\\\\\\\\\\\\\\\""""\""""\\\""""\""""\\\\\\\""""\""""\\\""""\""""\\\\\\\\\\\\\\\""""\""""\\\""""\""""\\\\\\\""""\""""\\\""""\""""\\\\\\\\\\\\\\\\\\\\\\\\\\\\\\\""""\""""\\\""""\""""\\\\\\\""""\""""\\\""""\""""\\\\\\\\\\\\\\\""""\""""\\\""""\""""\\\\\\\""""\""""\\\""""\""""\\\\\\\\\\\\\\\\\\\\\\\\\\\\\\\\\\\\\\\\\\\\\\\\\\\\\\\\\\\\\\\""""\""""\\\""""\""""\\\\\\\""""\""""\\\""""\""""\\\\\\\\\\\\\\\""""\""""\\\""""\""""\\\\\\\""""\""""\\\""""\""""\\\\\\\\\\\\\\\\\\\\\\\\\\\\\\\""""\""""\\\""""\""""\\\\\\\""""\""""\\\""""\""""\\\\\\\\\\\\\\\""""\""""\\\""""\""""\\\\\\\""""\""""\\\""""\""""\\\\\\\\\\\\\\\\\\\\\\\\\\\\\\\\\\\\\\\\\\\\\\\\\\\\\\\\\\\\\\\""""\""""\\\""""\""""\\\\\\\""""\""""\\\""""\""""\\\\\\\\\\\\\\\""""\""""\\\""""\""""\\\\\\\""""\""""\\\""""\""""\\\\\\\\\\\\\\\\\\\\\\\\\\\\\\\""""\""""\\\""""\""""\\\\\\\""""\""""\\\""""\""""\\\\\\\\\\\\\\\""""\""""\\\""""\""""\\\\\\\""""\""""\\\""""\""""\\\\\\\\\\\\\\\\\\\\\\\\\\\\\\\""""\""""\\\""""\""""\\\\\\\""""\""""\\\""""\""""\\\\\\\\\\\\\\\""""\""""\\\""""\""""\\\\\\\""""\""""\\\""""\""""\\\\\\\\\\\\\\\\\\\\\\\\\\\\\\\""""\""""\\\""""\""""\\\\\\\""""\""""\\\""""\""""\\\\\\\\\\\\\\\""""\""""\\\""""\""""\\\\\\\""""\""""\\\""""\""""\\\\\\\\\\\\\\\\\\\\\\\\\\\\\\\""""\""""\\\""""\""""\\\\\\\""""\""""\\\""""\""""\\\\\\\\\\\\\\\""""\""""\\\""""\""""\\\\\\\""""\""""\\\""""\""""\\\\\\\\\\\\\\\""""\""""\\\""""\""""\\\\\\\""""\""""\\\""""\""""\\\\\\\\\\\\\\\""""\""""\\\""""\""""\\\\\\\""""\""""\\\""""\""""\\\\\\\\\\\\\\\""""\""""\\\""""\""""\\\\\\\""""\""""\\\""""\""""\\\\\\\""""\""""\\\""""\""""\\\\\\\""""\""""\\\""""\""""\\\\\\\""""\""""\\\""""\""""\\\""""\""""\\\""""\""""\\\""""\""""\""""\""""\""""""""""",1,0,0,0,0,0,0,barry-county-christian-school-middleville-mi-49316-fcapi-classicality-abstract.md,barry-county-christian-school-middleville-mi-49316-fcapi-classicality-audit.md,barry-county-christian-school-middleville-mi-49316-v*-fcapi-classicality-audit.pdf,,,0,0,0,0,37,2644
Acct0250,Bayshore Christian School,,,bayshore-christian-school-al-36532,admin@bayshorechristian.org,+1 251 929 0011,,https://bayshorechristian.org/,23050 U.S. Hwy 98,,Fairhope,Baldwin County,AL,36532,US,30.56053680,-87.89275960,classical,bayshore-christian-school-al-36532-fcapi-classicality-abstract.md,bayshore-christian-school-al-36532-fcapi-classicality-audit.md,bayshore-christian-school-al-36532-v*-fcapi-classicality-audit.pdf,elementary-intermediate-secondary,Private School,Private,0,2002,,,,,,,,,,,,,,,,,,,,,,,,,,,,,0,,0,0,0,0,0,0,0,bayshore-christian-school-al-36532-fcapi-classicality-abstract.md,bayshore-christian-school-al-36532-fcapi-classicality-audit.md,bayshore-christian-school-al-36532-v*-fcapi-classicality-audit.pdf,,,0,0,0,0,451,1927
Acct0254,Beacon Hill Classical Academy,,,beacon-hill-classical-academy-ca-93010,heather@beaconhillclassical.org,+1 805 441 4037,,https://beaconhillclassical.org/,2304 Antonio Ave.,,Camarillo,Ventura County,CA,93010,US,34.24248580,-119.01765660,classical,beacon-hill-classical-academy-ca-93010-fcapi-classicality-abstract.md,beacon-hill-classical-academy-ca-93010-fcapi-classicality-audit.md,beacon-hill-classical-academy-ca-93010-v*-fcapi-classicality-audit.pdf,elementary-intermediate-secondary,Private School,Private,0,2009,,,,,,,,,,,,,,,,,,,,,,,,,,,,,0,,0,0,0,0,0,0,0,beacon-hill-classical-academy-ca-93010-fcapi-classicality-abstract.md,beacon-hill-classical-academy-ca-93010-fcapi-classicality-audit.md,beacon-hill-classical-academy-ca-93010-v*-fcapi-classicality-audit.pdf,,,0,0,0,0,453,1824
Acct0256,Bear Creek School,,,bear-creek-school-wa-98053,admissions@tbcs.org,+1 425 898 1720,,https://tbcs.org/,8905 208th Ave. Ne,,Redmond,King County,WA,98053,US,47.68116730,-122.06519550,classical,bear-creek-school-wa-98053-fcapi-classicality-abstract.md,bear-creek-school-wa-98053-fcapi-classicality-audit.md,bear-creek-school-wa-98053-v*-fcapi-classicality-audit.pdf,elementary-intermediate-secondary,Private School,Private,0,,,,,,,,,,,,,,,,,,,,,,,,,,,,,,0,,0,0,0,0,0,0,0,bear-creek-school-wa-98053-fcapi-classicality-abstract.md,bear-creek-school-wa-98053-fcapi-classicality-audit.md,bear-creek-school-wa-98053-v*-fcapi-classicality-audit.pdf,,,0,0,0,0,455,2036
Acct0261,Belmont Classical Academy,,,belmont-classical-academy-ut-84003,webstuff@thecarmans.org,+1 801 252 4160,,https://thecarmans.org/,75 North 100 East,,Highland,Utah County,UT,84003,US,40.37815760,-111.79634230,classical,belmont-classical-academy-ut-84003-fcapi-classicality-abstract.md,belmont-classical-academy-ut-84003-fcapi-classicality-audit.md,belmont-classical-academy-ut-84003-v*-fcapi-classicality-audit.pdf,elementary-intermediate-secondary,Private School,Private,0,,,,,,,,,,,,,,,,,,,,,,,,,,,,,,0,,0,0,0,0,0,0,0,belmont-classical-academy-ut-84003-fcapi-classicality-abstract.md,belmont-classical-academy-ut-84003-fcapi-classicality-audit.md,belmont-classical-academy-ut-84003-v*-fcapi-classicality-audit.pdf,,,0,0,0,0,460,1375
Acct0269,Berean Baptist Academy,,,berean-baptist-academy-ut-84403,pastormallinak@gmail.com,(801) 399-3855,,https://www.berean-baptist-utah.com/academy.html/,3846 Jackson Ave,,Ogden,,UT,84403,US,41.19344390,-111.95397390,classical,berean-baptist-academy-ut-84403-fcapi-classicality-abstract.md,berean-baptist-academy-ut-84403-fcapi-classicality-audit.md,berean-baptist-academy-ut-84403-v*-fcapi-classicality-audit.pdf,elementary-intermediate-secondary,Private School,Private School,0,1979,17,,,,,,,,,,,,,,,,,,,,,,,,,,,,1,"""\""\\\""""\\\\\\\""""\""""\\\\\\\\\\\\\\\""""\""""\\\""""\""""\\\\\\\\\\\\\\\\\\\\\\\\\\\\\\\""""\""""\\\""""\""""\\\\\\\""""\""""\\\""""\""""\\\\\\\\\\\\\\\\\\\\\\\\\\\\\\\\\\\\\\\\\\\\\\\\\\\\\\\\\\\\\\\""""\""""\\\""""\""""\\\\\\\""""\""""\\\""""\""""\\\\\\\\\\\\\\\""""\""""\\\""""\""""\\\\\\\""""\""""\\\""""\""""[\\\\\\\\\\\\\\\\\\\\\\\\\\\\\\\\\\\\\\\\\\\\\\\\\\\\\\\\\\\\\\\\\\\\\\\\\\\\\\\\\\\\\\\\\\\\\\\\\\\\\\\\\\\\\\\\\\\\\\\\\\\\\\\""""\""""\\\""""\""""\\\\\\\""""\""""\\\""""\""""\\\\\\\\\\\\\\\""""\""""\\\""""\""""\\\\\\\""""\""""\\\""""\""""\\\\\\\\\\\\\\\\\\\\\\\\\\\\\\\""""\""""\\\""""\""""\\\\\\\""""\""""\\\""""\""""\\\\\\\\\\\\\\\""""\""""\\\""""\""""\\\\\\\""""\""""\\\""""\""""Latin\\\\\\\\\\\\\\\\\\\\\\\\\\\\\\\\\\\\\\\\\\\\\\\\\\\\\\\\\\\\\\\\\\\\\\\\\\\\\\\\\\\\\\\\\\\\\\\\\\\\\\\\\\\\\\\\\\\\\\\\\\\\\\\""""\""""\\\""""\""""\\\\\\\""""\""""\\\""""\""""\\\\\\\\\\\\\\\""""\""""\\\""""\""""\\\\\\\""""\""""\\\""""\""""\\\\\\\\\\\\\\\\\\\\\\\\\\\\\\\""""\""""\\\""""\""""\\\\\\\""""\""""\\\""""\""""\\\\\\\\\\\\\\\""""\""""\\\""""\""""\\\\\\\""""\""""\\\""""\""""\\\\\\\\\\\\\\\\\\\\\\\\\\\\\\\\\\\\\\\\\\\\\\\\\\\\\\\\\\\\\\\""""\""""\\\""""\""""\\\\\\\""""\""""\\\""""\""""\\\\\\\\\\\\\\\""""\""""\\\""""\""""\\\\\\\""""\""""\\\""""\""""\\\\\\\\\\\\\\\\\\\\\\\\\\\\\\\""""\""""\\\""""\""""\\\\\\\""""\""""\\\""""\""""\\\\\\\\\\\\\\\""""\""""\\\""""\""""\\\\\\\""""\""""\\\""""\""""]\\\\\\\\\\\\\\\\\\\\\\\\\\\\\\\\\\\\\\\\\\\\\\\\\\\\\\\\\\\\\\\""""\""""\\\""""\""""\\\\\\\""""\""""\\\""""\""""\\\\\\\\\\\\\\\""""\""""\\\""""\""""\\\\\\\""""\""""\\\""""\""""\\\\\\\\\\\\\\\\\\\\\\\\\\\\\\\""""\""""\\\""""\""""\\\\\\\""""\""""\\\""""\""""\\\\\\\\\\\\\\\""""\""""\\\""""\""""\\\\\\\""""\""""\\\""""\""""\\\\\\\\\\\\\\\\\\\\\\\\\\\\\\\\\\\\\\\\\\\\\\\\\\\\\\\\\\\\\\\""""\""""\\\""""\""""\\\\\\\""""\""""\\\""""\""""\\\\\\\\\\\\\\\""""\""""\\\""""\""""\\\\\\\""""\""""\\\""""\""""\\\\\\\\\\\\\\\\\\\\\\\\\\\\\\\""""\""""\\\""""\""""\\\\\\\""""\""""\\\""""\""""\\\\\\\\\\\\\\\""""\""""\\\""""\""""\\\\\\\""""\""""\\\""""\""""\\\\\\\\\\\\\\\\\\\\\\\\\\\\\\\\\\\\\\\\\\\\\\\\\\\\\\\\\\\\\\\""""\""""\\\""""\""""\\\\\\\""""\""""\\\""""\""""\\\\\\\\\\\\\\\""""\""""\\\""""\""""\\\\\\\""""\""""\\\""""\""""\\\\\\\\\\\\\\\\\\\\\\\\\\\\\\\""""\""""\\\""""\""""\\\\\\\""""\""""\\\""""\""""\\\\\\\\\\\\\\\""""\""""\\\""""\""""\\\\\\\""""\""""\\\""""\""""\\\\\\\\\\\\\\\\\\\\\\\\\\\\\\\""""\""""\\\""""\""""\\\\\\\""""\""""\\\""""\""""\\\\\\\\\\\\\\\""""\""""\\\""""\""""\\\\\\\""""\""""\\\""""\""""\\\\\\\\\\\\\\\\\\\\\\\\\\\\\\\""""\""""\\\""""\""""\\\\\\\""""\""""\\\""""\""""\\\\\\\\\\\\\\\""""\""""\\\""""\""""\\\\\\\""""\""""\\\""""\""""\\\\\\\\\\\\\\\\\\\\\\\\\\\\\\\""""\""""\\\""""\""""\\\\\\\""""\""""\\\""""\""""\\\\\\\\\\\\\\\""""\""""\\\""""\""""\\\\\\\""""\""""\\\""""\""""\\\\\\\\\\\\\\\""""\""""\\\""""\""""\\\\\\\""""\""""\\\""""\""""\\\\\\\\\\\\\\\""""\""""\\\""""\""""\\\\\\\""""\""""\\\""""\""""\\\\\\\\\\\\\\\""""\""""\\\""""\""""\\\\\\\""""\""""\\\""""\""""\\\\\\\""""\""""\\\""""\""""\\\\\\\""""\""""\\\""""\""""\\\\\\\""""\""""\\\""""\""""\\\""""\""""\\\""""\""""\\\""""\""""\""""\""""\""""""""""",0,0,1,0,0,0,0,berean-baptist-academy-ut-84403-fcapi-classicality-abstract.md,berean-baptist-academy-ut-84403-fcapi-classicality-audit.md,berean-baptist-academy-ut-84403-v*-fcapi-classicality-audit.pdf,,,0,0,0,0,467,
Acct0270,Berean Christian Academy,,,berean-christian-academy-tx-77494,abishop@bereanchristianacademy.org,+1 346 307 7491,,https://bereanchristianacademy.org/,1407 W Grand Pkwy S,,Katy,Fort Bend County,TX,77494,US,29.75922570,-95.77436850,classical,berean-christian-academy-tx-77494-fcapi-classicality-abstract.md,berean-christian-academy-tx-77494-fcapi-classicality-audit.md,berean-christian-academy-tx-77494-v*-fcapi-classicality-audit.pdf,elementary-intermediate-secondary,Private School,Private,0,2016,,,,,,,,,,,,,,,,,,,,,,,,,,,,,0,,0,0,0,0,0,0,0,berean-christian-academy-tx-77494-fcapi-classicality-abstract.md,berean-christian-academy-tx-77494-fcapi-classicality-audit.md,berean-christian-academy-tx-77494-v*-fcapi-classicality-audit.pdf,,,0,0,0,0,468,2608
Acct0271,Berean Christian Academy,,,berean-christian-academy-ut-84403,pmallinak@berean-baptist-utah.com,+1 801 399 3855,,https://berean-baptist-utah.com/,3846 Jackson Ave.,,Ogden,Weber County,UT,84403,US,41.19344390,-111.95397390,classical,berean-christian-academy-ut-84403-fcapi-classicality-abstract.md,berean-christian-academy-ut-84403-fcapi-classicality-audit.md,berean-christian-academy-ut-84403-v*-fcapi-classicality-audit.pdf,elementary-intermediate-secondary,,,0,,,,,,,,,,,,,,,,,,,,,,,,,,,,,,0,,0,0,0,0,0,0,0,berean-christian-academy-ut-84403-fcapi-classicality-abstract.md,berean-christian-academy-ut-84403-fcapi-classicality-audit.md,berean-christian-academy-ut-84403-v*-fcapi-classicality-audit.pdf,,,0,0,0,0,469,
Acct0280,Bethel Classical Academy,,,bethel-classical-academy-ca-92656,sallylee109@hotmail.com,+1 417 209 2250,,https://bethelclassical.org/,23 Evening Light Ln,,Irvine,Orange County,CA,92656,US,33.57104720,-117.73747660,classical,bethel-classical-academy-ca-92656-fcapi-classicality-abstract.md,bethel-classical-academy-ca-92656-fcapi-classicality-audit.md,bethel-classical-academy-ca-92656-v*-fcapi-classicality-audit.pdf,elementary-intermediate,Private School,Private,0,2021,,,,,,,,,,,,,,,,,,,,,,,,,,,,,0,,0,0,0,0,0,0,0,bethel-classical-academy-ca-92656-fcapi-classicality-abstract.md,bethel-classical-academy-ca-92656-fcapi-classicality-audit.md,bethel-classical-academy-ca-92656-v*-fcapi-classicality-audit.pdf,,,0,0,0,0,477,2635
,Bethlehem Christian Academy,,,bethlehem-christian-academy-mo-65775,,+1 314 947 0758,+1 417 274 8997,http://bcaministries.com,PO Box 483,,West Plains,,MO,65775,US,36.74113480,-91.88230100,classical,bethlehem-christian-academy-mo-65775-fcapi-classicality-abstract.md,bethlehem-christian-academy-mo-65775-fcapi-classicality-audit.md,bethlehem-christian-academy-mo-65775-v*-fcapi-classicality-audit.pdf,elementary-intermediate-secondary,,,0,,,,,,,,,,,,,,,,,,,,,,,,,,,,,,0,,0,0,0,0,0,0,0,bethlehem-christian-academy-mo-65775-fcapi-classicality-abstract.md,bethlehem-christian-academy-mo-65775-fcapi-classicality-audit.md,bethlehem-christian-academy-mo-65775-v*-fcapi-classicality-audit.pdf,,,0,0,0,0,5313,
Acct0296,Bishop Machebeuf High School,,,bishop-machebeuf-high-school-co-80230,,+1 303 344 0082,,https://machebeuf.org/,458 Uinta Way,,Denver,Denver County,CO,80230,US,39.72416460,-104.89076160,classical,bishop-machebeuf-high-school-co-80230-fcapi-classicality-abstract.md,bishop-machebeuf-high-school-co-80230-fcapi-classicality-audit.md,bishop-machebeuf-high-school-co-80230-v*-fcapi-classicality-audit.pdf,secondary,Private School,Private,0,,,,,,,,,,,,,,,,,,,,,,,,,,,,,,0,,0,0,0,0,0,0,0,bishop-machebeuf-high-school-co-80230-fcapi-classicality-abstract.md,bishop-machebeuf-high-school-co-80230-fcapi-classicality-audit.md,bishop-machebeuf-high-school-co-80230-v*-fcapi-classicality-audit.pdf,,,0,0,0,0,492,2611
Acct0301,Bishop Ryan Catholic School,,,bishop-ryan-catholic-school-nd-58703,,+1 701 852 4004,,https://bishopryan.com/,316 11th Avenue Northwest,,Minot,Ward County,ND,58703,US,48.24793620,-101.29817190,classical,bishop-ryan-catholic-school-nd-58703-fcapi-classicality-abstract.md,bishop-ryan-catholic-school-nd-58703-fcapi-classicality-audit.md,bishop-ryan-catholic-school-nd-58703-v*-fcapi-classicality-audit.pdf,elementary-intermediate-secondary,Private School,Private,0,,,,,,,,,,,,,,,,,,,,,,,,,,,,,,0,,0,0,0,0,0,0,0,bishop-ryan-catholic-school-nd-58703-fcapi-classicality-abstract.md,bishop-ryan-catholic-school-nd-58703-fcapi-classicality-audit.md,bishop-ryan-catholic-school-nd-58703-v*-fcapi-classicality-audit.pdf,,,0,0,0,0,497,2197
Acct0310,Bloom Academy,,,bloom-academy-mo-65616,,+1 417 331 3775,,https://www.bloomcollege.org/,1460 Bee Creek Rd.,,Branson,Taney County,MO,65616,US,36.68458170,-93.21395150,classical,bloom-academy-mo-65616-fcapi-classicality-abstract.md,bloom-academy-mo-65616-fcapi-classicality-audit.md,bloom-academy-mo-65616-v*-fcapi-classicality-audit.pdf,elementary-intermediate-secondary,Private School,Private,0,,,,,,,,,,,,,,,,,,,,,,,,,,,,,,0,,0,0,0,0,0,0,0,bloom-academy-mo-65616-fcapi-classicality-abstract.md,bloom-academy-mo-65616-fcapi-classicality-audit.md,bloom-academy-mo-65616-v*-fcapi-classicality-audit.pdf,,,0,0,0,0,505,163
Acct0311,Bloomfield Christian School,,,bloomfield-christian-school-mi-48302,info@bloomfieldchristian.com,+1 248 499 7800,,https://bloomfieldchristian.com/,3570 Telegraph Rd.,,Bloomfield Hills,Oakland County,MI,48302,US,42.58655160,-83.28275290,classical,bloomfield-christian-school-mi-48302-fcapi-classicality-abstract.md,bloomfield-christian-school-mi-48302-fcapi-classicality-audit.md,bloomfield-christian-school-mi-48302-v*-fcapi-classicality-audit.pdf,elementary-intermediate-secondary,Private School,Private,0,1994,,,,,,,,,,,,,,,,,,,,,,,,,,,,,0,,0,0,0,0,0,0,0,bloomfield-christian-school-mi-48302-fcapi-classicality-abstract.md,bloomfield-christian-school-mi-48302-fcapi-classicality-audit.md,bloomfield-christian-school-mi-48302-v*-fcapi-classicality-audit.pdf,,,0,0,0,0,506,2562
Acct0315,Blue Ridge School,,,blue-ridge-school-va-22935,,+1 434 985 2811,,https://www.blueridgeschool.com/,273 Mayo Drive,,St George,Greene County,VA,22935,US,38.26527470,-78.55552430,classical,blue-ridge-school-va-22935-fcapi-classicality-abstract.md,blue-ridge-school-va-22935-fcapi-classicality-audit.md,blue-ridge-school-va-22935-v*-fcapi-classicality-audit.pdf,elementary-intermediate-secondary,Private School,Private,0,,,,,,,,,,,,,,,,,,,,,,,,,,,,,,0,,0,0,0,0,0,0,0,blue-ridge-school-va-22935-fcapi-classicality-abstract.md,blue-ridge-school-va-22935-fcapi-classicality-audit.md,blue-ridge-school-va-22935-v*-fcapi-classicality-audit.pdf,,,0,0,0,0,509,188
Acct0317,Bluegrass Christian Academy,,,bluegrass-christian-academy-ky-40004,bca@bluegrasschristianacademy.org,+1 270 991 4865,,https://bluegrasschristianacademy.org/,2580 Springfield Rd.,,Bardstown,Nelson County,KY,40004,US,37.79729700,-85.42573900,classical,bluegrass-christian-academy-ky-40004-fcapi-classicality-abstract.md,bluegrass-christian-academy-ky-40004-fcapi-classicality-audit.md,bluegrass-christian-academy-ky-40004-v*-fcapi-classicality-audit.pdf,elementary-intermediate-secondary,Private School,Private,0,2004,,,,,,,,,,,,,,,,,,,,,,,,,,,,,0,,0,0,0,0,0,0,0,bluegrass-christian-academy-ky-40004-fcapi-classicality-abstract.md,bluegrass-christian-academy-ky-40004-fcapi-classicality-audit.md,bluegrass-christian-academy-ky-40004-v*-fcapi-classicality-audit.pdf,,,0,0,0,0,511,2293
Acct0327,Boone Prairie School,,,boone-prairie-school-in-46077,,+1 317 769 1037,,https://www.adventlutheran.org/school/,1910 Mulsanne Dr.,,Zionville,Boone County,IN,46077,US,39.94603340,-86.28919620,classical,boone-prairie-school-in-46077-fcapi-classicality-abstract.md,boone-prairie-school-in-46077-fcapi-classicality-audit.md,boone-prairie-school-in-46077-v*-fcapi-classicality-audit.pdf,elementary-intermediate-secondary,Private School,Private,0,,,,,,,,,,,,,,,,,,,,,,,,,,,,,,0,,0,0,0,0,0,0,0,boone-prairie-school-in-46077-fcapi-classicality-abstract.md,boone-prairie-school-in-46077-fcapi-classicality-audit.md,boone-prairie-school-in-46077-v*-fcapi-classicality-audit.pdf,,,0,0,0,0,520,1835
Acct0336,Bradford Academy,,,bradford-academy-nc-27302,office@bradfordacademy.org,+1 919 563 9001,,https://bradfordacademy.org/,939 S Third St.,,Mebane,Alamance County,NC,27302,US,36.08384120,-79.27751910,classical,bradford-academy-nc-27302-fcapi-classicality-abstract.md,bradford-academy-nc-27302-fcapi-classicality-audit.md,bradford-academy-nc-27302-v*-fcapi-classicality-audit.pdf,elementary-intermediate-secondary,Private School,Private,0,2008,,,,,,,,,,,,,,,,,,,,,,,,,,,,,0,,0,0,0,0,0,0,0,bradford-academy-nc-27302-fcapi-classicality-abstract.md,bradford-academy-nc-27302-fcapi-classicality-audit.md,bradford-academy-nc-27302-v*-fcapi-classicality-audit.pdf,,,0,0,0,0,527,2745
Acct0340,Brazos Christian School,,,brazos-christian-school-tx-77807,,+1 979 823 1000,,https://www.bcseagles.org/,3000 West Villa Maria Rd.,,Bryan,Brazos County,TX,77807,US,30.61541460,-96.40141370,classical,brazos-christian-school-tx-77807-fcapi-classicality-abstract.md,brazos-christian-school-tx-77807-fcapi-classicality-audit.md,brazos-christian-school-tx-77807-v*-fcapi-classicality-audit.pdf,elementary-intermediate-secondary,Private School,Private,0,,,,,,,,,,,,,,,,,,,,,,,,,,,,,,0,,0,0,0,0,0,0,0,brazos-christian-school-tx-77807-fcapi-classicality-abstract.md,brazos-christian-school-tx-77807-fcapi-classicality-audit.md,brazos-christian-school-tx-77807-v*-fcapi-classicality-audit.pdf,,,0,0,0,0,531,2555
,Brilla Caritas Elementary,,,brilla-caritas-elementary-ny-10468,,,,https://brillaschools.org/our-schools/brilla-caritas/,2336 Andrews Avenue North,,Bronx,Bronx County,NY,10468,US,40.86191580,-73.90654240,classical,brilla-caritas-elementary-ny-10468-fcapi-classicality-abstract.md,brilla-caritas-elementary-ny-10468-fcapi-classicality-audit.md,brilla-caritas-elementary-ny-10468-v*-fcapi-classicality-audit.pdf,elementary,,,0,,,,,,,,,,,,,,,,,,,,,,,,,,,,,,0,,0,0,0,0,0,0,0,brilla-caritas-elementary-ny-10468-fcapi-classicality-abstract.md,brilla-caritas-elementary-ny-10468-fcapi-classicality-audit.md,brilla-caritas-elementary-ny-10468-v*-fcapi-classicality-audit.pdf,,,0,0,0,0,5127,
Acct0347,Brilla Pax Elementary,,,brilla-pax-elementary-ny-10452,info@brillapax.org,+1 347 523 5823,,https://brillapax.org/,95 West 168th Street,,Bronx,Bronx County,NY,10452,US,40.83848320,-73.92439790,classical,brilla-pax-elementary-ny-10452-fcapi-classicality-abstract.md,brilla-pax-elementary-ny-10452-fcapi-classicality-audit.md,brilla-pax-elementary-ny-10452-v*-fcapi-classicality-audit.pdf,elementary,Private School,Private,0,,,,,,,,,,,,,,,,,,,,,,,,,,,,,,0,,0,0,0,0,0,0,0,brilla-pax-elementary-ny-10452-fcapi-classicality-abstract.md,brilla-pax-elementary-ny-10452-fcapi-classicality-audit.md,brilla-pax-elementary-ny-10452-v*-fcapi-classicality-audit.pdf,,,0,0,0,0,39,153
Acct0350,Brilla Veritas Elementary,,,brilla-veritas-elementary-ny-10455,,+1 917 525 2162,,https://brillaschools.org/our-schools/brilla-veritas-elementary,600 East 156th St.,,Bronx,Bronx County,NY,10455,US,40.81872220,-73.90948200,classical,brilla-veritas-elementary-ny-10455-fcapi-classicality-abstract.md,brilla-veritas-elementary-ny-10455-fcapi-classicality-audit.md,brilla-veritas-elementary-ny-10455-v*-fcapi-classicality-audit.pdf,elementary,,,0,,,,,,,,,,,,,,,,,,,,,,,,,,,,,,0,,0,0,0,0,0,0,0,brilla-veritas-elementary-ny-10455-fcapi-classicality-abstract.md,brilla-veritas-elementary-ny-10455-fcapi-classicality-audit.md,brilla-veritas-elementary-ny-10455-v*-fcapi-classicality-audit.pdf,,,0,0,0,0,40,1167
Acct0351,Brilla Veritas Middle School,,,brilla-veritas-middle-school-ny-10454,,+1 917 525 2162,,https://brillaschools.org/our-schools/brilla-veritas-middle-school/,420 East 145th St.,,Bronx,Bronx County,NY,10454,US,40.81761860,-73.91782590,classical,brilla-veritas-middle-school-ny-10454-fcapi-classicality-abstract.md,brilla-veritas-middle-school-ny-10454-fcapi-classicality-audit.md,brilla-veritas-middle-school-ny-10454-v*-fcapi-classicality-audit.pdf,intermediate,Charter,Public,0,,,,,,,,,,,,,,,,,,,,,,,,,,,,,,0,,0,0,0,0,0,0,0,brilla-veritas-middle-school-ny-10454-fcapi-classicality-abstract.md,brilla-veritas-middle-school-ny-10454-fcapi-classicality-audit.md,brilla-veritas-middle-school-ny-10454-v*-fcapi-classicality-audit.pdf,,,0,0,0,0,41,155
Acct0355,Brookfield Academy,,,brookfield-academy-wi-53045,linda.pryor@brookfieldacademy.org,+1 414 248 3241,,https://brookfieldacademy.org/,3462 N Rd.,,Brookfield,Waukesha County,WI,53045,US,43.08239980,-88.14589340,classical,brookfield-academy-wi-53045-fcapi-classicality-abstract.md,brookfield-academy-wi-53045-fcapi-classicality-audit.md,brookfield-academy-wi-53045-v*-fcapi-classicality-audit.pdf,elementary-intermediate-secondary,Private School,Private,0,,,,,,,,,,,,,,,,,,,,,,,,,,,,,,0,,0,0,0,0,0,0,0,brookfield-academy-wi-53045-fcapi-classicality-abstract.md,brookfield-academy-wi-53045-fcapi-classicality-audit.md,brookfield-academy-wi-53045-v*-fcapi-classicality-audit.pdf,,,0,0,0,0,536,1903
,Brookside Christian Academy,,,brookside-christian-academy-ca-93422,,,,http://brooksidechristianacademy.com,6225 Atascadero Mall,,Atascadero,,CA,93422,US,35.48556930,-120.66941890,classical,brookside-christian-academy-ca-93422-fcapi-classicality-abstract.md,brookside-christian-academy-ca-93422-fcapi-classicality-audit.md,brookside-christian-academy-ca-93422-v*-fcapi-classicality-audit.pdf,elementary-intermediate-secondary,,,0,,,,,,,,,,,,,,,,,,,,,,,,,,,,,,0,,0,0,0,0,0,0,0,brookside-christian-academy-ca-93422-fcapi-classicality-abstract.md,brookside-christian-academy-ca-93422-fcapi-classicality-audit.md,brookside-christian-academy-ca-93422-v*-fcapi-classicality-audit.pdf,,,0,0,0,0,5303,
Net0667,Brookstone Schools,,,brookstone-schools-nc-28230,getintouch@brookstoneschools.org,+1 704 392 6330,,https://brookstoneschools.org/,PO Box 30696,,Charlotte,Mecklenburg County,NC,28230,US,35.22155480,-80.84011600,classical,brookstone-schools-nc-28230-fcapi-classicality-abstract.md,brookstone-schools-nc-28230-fcapi-classicality-audit.md,brookstone-schools-nc-28230-v*-fcapi-classicality-audit.pdf,elementary-intermediate-secondary,Private School,Private,0,,,,,,,,,,,,,,,,,,,,,,,,,,,,,,0,,0,0,0,0,0,0,0,brookstone-schools-nc-28230-fcapi-classicality-abstract.md,brookstone-schools-nc-28230-fcapi-classicality-audit.md,brookstone-schools-nc-28230-v*-fcapi-classicality-audit.pdf,,,0,0,0,0,542,2691
Acct0366,Buffalo Academy,,,buffalo-academy-nc-27405,,+1 336 278 1756,,https://buffaloacademy.net/,803 Sixteenth St,,Greensboro,Guilford County,NC,27405,US,36.10902200,-79.77978890,classical,buffalo-academy-nc-27405-fcapi-classicality-abstract.md,buffalo-academy-nc-27405-fcapi-classicality-audit.md,buffalo-academy-nc-27405-v*-fcapi-classicality-audit.pdf,elementary,Private School,Private,0,,,,,,,,,,,,,,,,,,,,,,,,,,,,,,0,,0,0,0,0,0,0,0,buffalo-academy-nc-27405-fcapi-classicality-abstract.md,buffalo-academy-nc-27405-fcapi-classicality-audit.md,buffalo-academy-nc-27405-v*-fcapi-classicality-audit.pdf,,,0,0,0,0,547,753
Acct0369,Byne Christian School,,,byne-christian-school-ga-31707,bcsschooloffice@bcssaints.org,+1 229 395 2632,,https://www.byneschool.org/,2832 Ledo Rd.,,Albany,Dougherty County,GA,31707,US,31.62182160,-84.21465970,classical,byne-christian-school-ga-31707-fcapi-classicality-abstract.md,byne-christian-school-ga-31707-fcapi-classicality-audit.md,byne-christian-school-ga-31707-v*-fcapi-classicality-audit.pdf,elementary-intermediate-secondary,Private School,Private School,0,1983,168,,,,,,,,,,,,,,,,,,,,,,,,,,,,0,,0,0,0,0,0,0,0,byne-christian-school-ga-31707-fcapi-classicality-abstract.md,byne-christian-school-ga-31707-fcapi-classicality-audit.md,byne-christian-school-ga-31707-v*-fcapi-classicality-audit.pdf,,,0,0,0,0,550,2682
,C5 Urban School Initiative,,,c5-urban-school-initiative-ks-67208,,,,http://www.c5usi.com,5221 East Elm,,Wichita,,KS,67208,US,37.69443690,-97.27516650,classical,c5-urban-school-initiative-ks-67208-fcapi-classicality-abstract.md,c5-urban-school-initiative-ks-67208-fcapi-classicality-audit.md,c5-urban-school-initiative-ks-67208-v*-fcapi-classicality-audit.pdf,elementary-intermediate-secondary,,,0,,,,,,,,,,,,,,,,,,,,,,,,,,,,,,0,,0,0,0,0,0,0,0,c5-urban-school-initiative-ks-67208-fcapi-classicality-abstract.md,c5-urban-school-initiative-ks-67208-fcapi-classicality-audit.md,c5-urban-school-initiative-ks-67208-v*-fcapi-classicality-audit.pdf,,,0,0,0,0,5251,
Acct0471,CH Friend School,,,ch-friend-school-va-24592,,+1 434 471 5269,,https://www.chfriendschool.com/,601 Marshall Ave.,,South Boston,Halifax County,VA,24592,US,36.69864910,-78.89230970,classical,ch-friend-school-va-24592-fcapi-classicality-abstract.md,ch-friend-school-va-24592-fcapi-classicality-audit.md,ch-friend-school-va-24592-v*-fcapi-classicality-audit.pdf,elementary-intermediate-secondary,Private School,Private,0,,,,,,,,,,,,,,,,,,,,,,,,,,,,,,0,,0,0,0,0,0,0,0,ch-friend-school-va-24592-fcapi-classicality-abstract.md,ch-friend-school-va-24592-fcapi-classicality-audit.md,ch-friend-school-va-24592-v*-fcapi-classicality-audit.pdf,,,0,0,0,0,644,187
Acct0375,Cair Paravel Latin School,,,cair-paravel-latin-school-ks-66606,office@cpls.org,+1 785 232 3878,,https://cpls.org/,635 SW Clay St.,,Topeka,Shawnee County,KS,66606-1431,US,39.05467140,-95.68844910,classical,cair-paravel-latin-school-ks-66606-fcapi-classicality-abstract.md,cair-paravel-latin-school-ks-66606-fcapi-classicality-audit.md,cair-paravel-latin-school-ks-66606-v*-fcapi-classicality-audit.pdf,elementary-intermediate-secondary,Private School,Private,0,1980,,,,,,,,,,,,,,,,,,,,,,,,,,,,,0,,0,0,0,0,0,0,0,cair-paravel-latin-school-ks-66606-fcapi-classicality-abstract.md,cair-paravel-latin-school-ks-66606-fcapi-classicality-audit.md,cair-paravel-latin-school-ks-66606-v*-fcapi-classicality-audit.pdf,,,0,0,0,0,555,1921
Acct0377,Caldwell Academy,,,caldwell-academy-nc-27410,renate.tate@caldwellacademy.org,+1 336 665 1161,,https://caldwellacademy.org/,2900 Horse Pen Creek Rd.,,Greensboro,Guilford County,NC,27410,US,36.13653840,-79.88759930,classical,caldwell-academy-nc-27410-fcapi-classicality-abstract.md,caldwell-academy-nc-27410-fcapi-classicality-audit.md,caldwell-academy-nc-27410-v*-fcapi-classicality-audit.pdf,elementary-intermediate-secondary,Private School,Private,0,,,,,,,,,,,,,,,,,,,,,,,,,,,,,,0,,0,0,0,0,0,0,0,caldwell-academy-nc-27410-fcapi-classicality-abstract.md,caldwell-academy-nc-27410-fcapi-classicality-audit.md,caldwell-academy-nc-27410-v*-fcapi-classicality-audit.pdf,,,0,0,0,0,556,2194
Acct0381,California Republic Leadership Academy,,,california-republic-leadership-academy-ca-95757,,+1 949 298 6040,,https://crlacapo.org/,31711 San Juan Creek Rd.,,San Juan Capistrano,Orange County,CA,95757,US,33.50275340,-117.64583240,classical,california-republic-leadership-academy-ca-95757-fcapi-classicality-abstract.md,california-republic-leadership-academy-ca-95757-fcapi-classicality-audit.md,california-republic-leadership-academy-ca-95757-v*-fcapi-classicality-audit.pdf,elementary-intermediate,Charter,Public,0,,,,,,,,,,,,,,,,,,,,,,,,,,,,,,0,,0,0,0,0,0,0,0,california-republic-leadership-academy-ca-95757-fcapi-classicality-abstract.md,california-republic-leadership-academy-ca-95757-fcapi-classicality-audit.md,california-republic-leadership-academy-ca-95757-v*-fcapi-classicality-audit.pdf,,,0,0,0,0,559,807
Acct0385,Calvary Christian Academy,,,calvary-christian-academy-ca-95118,info@calvaryca.org,+1 408 269 2222,,https://calvaryca.org/,1175 Hillsdale Ave.,,San Jose,Santa Clara County,CA,95118,US,37.27609930,-121.88017300,classical,calvary-christian-academy-ca-95118-fcapi-classicality-abstract.md,calvary-christian-academy-ca-95118-fcapi-classicality-audit.md,calvary-christian-academy-ca-95118-v*-fcapi-classicality-audit.pdf,elementary-intermediate-secondary,Private School,Private,0,2011,,,,,,,,,,,,,,,,,,,,,,,,,,,,,0,,0,0,0,0,0,0,0,calvary-christian-academy-ca-95118-fcapi-classicality-abstract.md,calvary-christian-academy-ca-95118-fcapi-classicality-audit.md,calvary-christian-academy-ca-95118-v*-fcapi-classicality-audit.pdf,,,0,0,0,0,563,2726
Acct0389,Calvary Christian Academy,,,calvary-christian-academy-nm-88062,info@ccareno.org,(252) 752-4785,,https://www.silvercca.org/,3001 New Mexico 90,,Silver City,,NM,88062,US,32.74265030,-108.29375600,classical,calvary-christian-academy-nm-88062-fcapi-classicality-abstract.md,calvary-christian-academy-nm-88062-fcapi-classicality-audit.md,calvary-christian-academy-nm-88062-v*-fcapi-classicality-audit.pdf,elementary-intermediate-secondary,Private School,Private School,0,2025,76,,,,,,,,,,,,,,,,,,,,,,,,,,,,1,"""\""\\\""""\\\\\\\""""\""""\\\\\\\\\\\\\\\""""\""""\\\""""\""""\\\\\\\\\\\\\\\\\\\\\\\\\\\\\\\""""\""""\\\""""\""""\\\\\\\""""\""""\\\""""\""""\\\\\\\\\\\\\\\\\\\\\\\\\\\\\\\\\\\\\\\\\\\\\\\\\\\\\\\\\\\\\\\""""\""""\\\""""\""""\\\\\\\""""\""""\\\""""\""""\\\\\\\\\\\\\\\""""\""""\\\""""\""""\\\\\\\""""\""""\\\""""\""""[\\\\\\\\\\\\\\\\\\\\\\\\\\\\\\\\\\\\\\\\\\\\\\\\\\\\\\\\\\\\\\\\\\\\\\\\\\\\\\\\\\\\\\\\\\\\\\\\\\\\\\\\\\\\\\\\\\\\\\\\\\\\\\\""""\""""\\\""""\""""\\\\\\\""""\""""\\\""""\""""\\\\\\\\\\\\\\\""""\""""\\\""""\""""\\\\\\\""""\""""\\\""""\""""\\\\\\\\\\\\\\\\\\\\\\\\\\\\\\\""""\""""\\\""""\""""\\\\\\\""""\""""\\\""""\""""\\\\\\\\\\\\\\\""""\""""\\\""""\""""\\\\\\\""""\""""\\\""""\""""Latin\\\\\\\\\\\\\\\\\\\\\\\\\\\\\\\\\\\\\\\\\\\\\\\\\\\\\\\\\\\\\\\\\\\\\\\\\\\\\\\\\\\\\\\\\\\\\\\\\\\\\\\\\\\\\\\\\\\\\\\\\\\\\\\""""\""""\\\""""\""""\\\\\\\""""\""""\\\""""\""""\\\\\\\\\\\\\\\""""\""""\\\""""\""""\\\\\\\""""\""""\\\""""\""""\\\\\\\\\\\\\\\\\\\\\\\\\\\\\\\""""\""""\\\""""\""""\\\\\\\""""\""""\\\""""\""""\\\\\\\\\\\\\\\""""\""""\\\""""\""""\\\\\\\""""\""""\\\""""\""""\\\\\\\\\\\\\\\\\\\\\\\\\\\\\\\\\\\\\\\\\\\\\\\\\\\\\\\\\\\\\\\""""\""""\\\""""\""""\\\\\\\""""\""""\\\""""\""""\\\\\\\\\\\\\\\""""\""""\\\""""\""""\\\\\\\""""\""""\\\""""\""""\\\\\\\\\\\\\\\\\\\\\\\\\\\\\\\""""\""""\\\""""\""""\\\\\\\""""\""""\\\""""\""""\\\\\\\\\\\\\\\""""\""""\\\""""\""""\\\\\\\""""\""""\\\""""\""""]\\\\\\\\\\\\\\\\\\\\\\\\\\\\\\\\\\\\\\\\\\\\\\\\\\\\\\\\\\\\\\\""""\""""\\\""""\""""\\\\\\\""""\""""\\\""""\""""\\\\\\\\\\\\\\\""""\""""\\\""""\""""\\\\\\\""""\""""\\\""""\""""\\\\\\\\\\\\\\\\\\\\\\\\\\\\\\\""""\""""\\\""""\""""\\\\\\\""""\""""\\\""""\""""\\\\\\\\\\\\\\\""""\""""\\\""""\""""\\\\\\\""""\""""\\\""""\""""\\\\\\\\\\\\\\\\\\\\\\\\\\\\\\\\\\\\\\\\\\\\\\\\\\\\\\\\\\\\\\\""""\""""\\\""""\""""\\\\\\\""""\""""\\\""""\""""\\\\\\\\\\\\\\\""""\""""\\\""""\""""\\\\\\\""""\""""\\\""""\""""\\\\\\\\\\\\\\\\\\\\\\\\\\\\\\\""""\""""\\\""""\""""\\\\\\\""""\""""\\\""""\""""\\\\\\\\\\\\\\\""""\""""\\\""""\""""\\\\\\\""""\""""\\\""""\""""\\\\\\\\\\\\\\\\\\\\\\\\\\\\\\\\\\\\\\\\\\\\\\\\\\\\\\\\\\\\\\\""""\""""\\\""""\""""\\\\\\\""""\""""\\\""""\""""\\\\\\\\\\\\\\\""""\""""\\\""""\""""\\\\\\\""""\""""\\\""""\""""\\\\\\\\\\\\\\\\\\\\\\\\\\\\\\\""""\""""\\\""""\""""\\\\\\\""""\""""\\\""""\""""\\\\\\\\\\\\\\\""""\""""\\\""""\""""\\\\\\\""""\""""\\\""""\""""\\\\\\\\\\\\\\\\\\\\\\\\\\\\\\\""""\""""\\\""""\""""\\\\\\\""""\""""\\\""""\""""\\\\\\\\\\\\\\\""""\""""\\\""""\""""\\\\\\\""""\""""\\\""""\""""\\\\\\\\\\\\\\\\\\\\\\\\\\\\\\\""""\""""\\\""""\""""\\\\\\\""""\""""\\\""""\""""\\\\\\\\\\\\\\\""""\""""\\\""""\""""\\\\\\\""""\""""\\\""""\""""\\\\\\\\\\\\\\\\\\\\\\\\\\\\\\\""""\""""\\\""""\""""\\\\\\\""""\""""\\\""""\""""\\\\\\\\\\\\\\\""""\""""\\\""""\""""\\\\\\\""""\""""\\\""""\""""\\\\\\\\\\\\\\\""""\""""\\\""""\""""\\\\\\\""""\""""\\\""""\""""\\\\\\\\\\\\\\\""""\""""\\\""""\""""\\\\\\\""""\""""\\\""""\""""\\\\\\\\\\\\\\\""""\""""\\\""""\""""\\\\\\\""""\""""\\\""""\""""\\\\\\\""""\""""\\\""""\""""\\\\\\\""""\""""\\\""""\""""\\\\\\\""""\""""\\\""""\""""\\\""""\""""\\\""""\""""\\\""""\""""\""""\""""\""""""""""",1,0,1,1,0,0,0,calvary-christian-academy-nm-88062-fcapi-classicality-abstract.md,calvary-christian-academy-nm-88062-fcapi-classicality-audit.md,calvary-christian-academy-nm-88062-v*-fcapi-classicality-audit.pdf,,,0,0,0,0,566,
Acct0392,Calvary Classical Academy,,,calvary-classical-academy-mn-56301,classical@calvarystcloud.org,+1 320 828 3995,,https://calvarystcloud.org/,1200 Roosevelt Rd.,,St Cloud,Stearns County,MN,56301,US,45.54630150,-94.17566170,classical,calvary-classical-academy-mn-56301-fcapi-classicality-abstract.md,calvary-classical-academy-mn-56301-fcapi-classicality-audit.md,calvary-classical-academy-mn-56301-v*-fcapi-classicality-audit.pdf,elementary-intermediate-secondary,Private School,Private,0,2015,,,,,,,,,,,,,,,,,,,,,,,,,,,,,0,,0,0,0,0,0,0,0,calvary-classical-academy-mn-56301-fcapi-classicality-abstract.md,calvary-classical-academy-mn-56301-fcapi-classicality-audit.md,calvary-classical-academy-mn-56301-v*-fcapi-classicality-audit.pdf,,,0,0,0,0,569,2503
Acct0400,Cambridge Classical Academy,,,cambridge-classical-academy-il-60609,,+1 773 891 5130,,https://www.cambridgeclassicalacademy.com/,4650 South Dearborn St.,,Chicago,Cook County,IL,60609,US,41.80985220,-87.62749010,classical,cambridge-classical-academy-il-60609-fcapi-classicality-abstract.md,cambridge-classical-academy-il-60609-fcapi-classicality-audit.md,cambridge-classical-academy-il-60609-v*-fcapi-classicality-audit.pdf,elementary-intermediate-secondary,Private School,Private,0,,,,,,,,,,,,,,,,,,,,,,,,,,,,,,0,,0,0,0,0,0,0,0,cambridge-classical-academy-il-60609-fcapi-classicality-abstract.md,cambridge-classical-academy-il-60609-fcapi-classicality-audit.md,cambridge-classical-academy-il-60609-v*-fcapi-classicality-audit.pdf,,,0,0,0,0,578,190
Acct0401,Cambridge School,,,cambridge-school-ca-92129,info@cambridgeclassical.org,+1 858 484 3488,,https://cambridgeclassical.org/,12855 Black Mountain Rd.,,San Diego,San Diego County,CA,92129,US,39.37887600,-76.62788490,classical,cambridge-school-ca-92129-fcapi-classicality-abstract.md,cambridge-school-ca-92129-fcapi-classicality-audit.md,cambridge-school-ca-92129-v*-fcapi-classicality-audit.pdf,elementary-intermediate-secondary,Private School,Private,0,,,,,,,,,,,,,,,,,,,,,,,,,,,,,,0,,0,0,0,0,0,0,0,cambridge-school-ca-92129-fcapi-classicality-abstract.md,cambridge-school-ca-92129-fcapi-classicality-audit.md,cambridge-school-ca-92129-v*-fcapi-classicality-audit.pdf,,,0,0,0,0,579,2658
Acct0407,Candeo North Scottsdale,,,candeo-north-scottsdale-az-85266,,+1 623 979 6500,,https://candeoschools.com/locations/candeo-north-scottsdale/,7191 Ashler Hills Drive,,Scottsdale,Maricopa County,AZ,85266,US,33.77741960,-111.92619350,classical,candeo-north-scottsdale-az-85266-fcapi-classicality-abstract.md,candeo-north-scottsdale-az-85266-fcapi-classicality-audit.md,candeo-north-scottsdale-az-85266-v*-fcapi-classicality-audit.pdf,elementary-intermediate,Charter,Public,0,,,,,,,,,,,,,,,,,,,,,,,,,,,,,,0,,0,0,0,0,0,0,0,candeo-north-scottsdale-az-85266-fcapi-classicality-abstract.md,candeo-north-scottsdale-az-85266-fcapi-classicality-audit.md,candeo-north-scottsdale-az-85266-v*-fcapi-classicality-audit.pdf,,,0,0,0,0,585,502
Net0711,Candeo Schools,,,candeo-schools-az-85383,jshoop@candeoschools.com,+1 623 979 6500,,https://candeoschools.com/,9965 W Calle Lejos,,Peoria,Maricopa County,AZ,85383,US,33.70299450,-112.27349450,classical,candeo-schools-az-85383-fcapi-classicality-abstract.md,candeo-schools-az-85383-fcapi-classicality-audit.md,candeo-schools-az-85383-v*-fcapi-classicality-audit.pdf,elementary-intermediate,Charter,Public,0,,,,,,,,,,,,,,,,,,,,,,,,,,,,,,0,,0,0,0,0,0,0,0,candeo-schools-az-85383-fcapi-classicality-abstract.md,candeo-schools-az-85383-fcapi-classicality-audit.md,candeo-schools-az-85383-v*-fcapi-classicality-audit.pdf,,,0,0,0,0,586,2755
Acct0409,Candies Creek Academy,,,candies-creek-academy-tn-37310,info@candiescreekacademy.com,+1 423 790 5660,,https://candiescreekacademy.com/,294 Old Eureka Rd.,,Charleston,Bradley County,TN,37310,US,35.27271810,-84.85789260,classical,candies-creek-academy-tn-37310-fcapi-classicality-abstract.md,candies-creek-academy-tn-37310-fcapi-classicality-audit.md,candies-creek-academy-tn-37310-v*-fcapi-classicality-audit.pdf,elementary-intermediate-secondary,Private School,Private,0,2014,,,,,,,,,,,,,,,,,,,,,,,,,,,,,0,,0,0,0,0,0,0,0,candies-creek-academy-tn-37310-fcapi-classicality-abstract.md,candies-creek-academy-tn-37310-fcapi-classicality-audit.md,candies-creek-academy-tn-37310-v*-fcapi-classicality-audit.pdf,,,0,0,0,0,587,1877
Acct0411,Canongate Catholic High School,,,canongate-catholic-high-school-nc-28704,,+1 828 712 8924,,https://canongatecatholic.org/,109 Crescent Hill Road,,Arden,Buncombe County,NC,28704,US,35.45148530,-82.51228380,classical,canongate-catholic-high-school-nc-28704-fcapi-classicality-abstract.md,canongate-catholic-high-school-nc-28704-fcapi-classicality-audit.md,canongate-catholic-high-school-nc-28704-v*-fcapi-classicality-audit.pdf,secondary,Private School,Private,0,,,,,,,,,,,,,,,,,,,,,,,,,,,,,,0,,0,0,0,0,0,0,0,canongate-catholic-high-school-nc-28704-fcapi-classicality-abstract.md,canongate-catholic-high-school-nc-28704-fcapi-classicality-audit.md,canongate-catholic-high-school-nc-28704-v*-fcapi-classicality-audit.pdf,,,0,0,0,0,589,1683
Acct0412,Canterbury Classical School,,,canterbury-classical-school-nc-28806,,+1 828 515 4015,,https://www.canterburyclassicalschool.com/,718 Haywood Rd.,,Asheville,Buncombe County,NC,28806,US,35.57688410,-82.59238010,classical,canterbury-classical-school-nc-28806-fcapi-classicality-abstract.md,canterbury-classical-school-nc-28806-fcapi-classicality-audit.md,canterbury-classical-school-nc-28806-v*-fcapi-classicality-audit.pdf,elementary-intermediate-secondary,Private School,Private,0,,,,,,,,,,,,,,,,,,,,,,,,,,,,,,0,,0,0,0,0,0,0,0,canterbury-classical-school-nc-28806-fcapi-classicality-abstract.md,canterbury-classical-school-nc-28806-fcapi-classicality-audit.md,canterbury-classical-school-nc-28806-v*-fcapi-classicality-audit.pdf,,,0,0,0,0,590,1519
Acct0416,Capital City Classical School,,,capital-city-classical-school-oh-43229,,,,https://capitalcityclassical.org/,5750 Karl Road,,Columbus,Franklin County,OH,43229,US,40.08419930,-82.97442970,classical,capital-city-classical-school-oh-43229-fcapi-classicality-abstract.md,capital-city-classical-school-oh-43229-fcapi-classicality-audit.md,capital-city-classical-school-oh-43229-v*-fcapi-classicality-audit.pdf,elementary,Charter,Public,0,,,,,,,,,,,,,,,,,,,,,,,,,,,,,,0,,0,0,0,0,0,0,0,capital-city-classical-school-oh-43229-fcapi-classicality-abstract.md,capital-city-classical-school-oh-43229-fcapi-classicality-audit.md,capital-city-classical-school-oh-43229-v*-fcapi-classicality-audit.pdf,,,0,0,0,0,594,156
Acct0420,Capstone Classical Academy,,,capstone-classical-academy-nd-58104,info@capstoneclassical.com,(701) 205-6381,,https://capstoneclassical.com/,3535 25th Street South,,Fargo,,ND,58104,US,46.82616750,-96.82093420,classical,capstone-classical-academy-nd-58104-fcapi-classicality-abstract.md,capstone-classical-academy-nd-58104-fcapi-classicality-audit.md,capstone-classical-academy-nd-58104-v*-fcapi-classicality-audit.pdf,elementary-intermediate,Private School,Private School,0,2022,171,,,,,,,,,,,,,,,,,,,,,,,,,,,,1,"""\""\\\""""\\\\\\\""""\""""\\\\\\\\\\\\\\\""""\""""\\\""""\""""\\\\\\\\\\\\\\\\\\\\\\\\\\\\\\\""""\""""\\\""""\""""\\\\\\\""""\""""\\\""""\""""\\\\\\\\\\\\\\\\\\\\\\\\\\\\\\\\\\\\\\\\\\\\\\\\\\\\\\\\\\\\\\\""""\""""\\\""""\""""\\\\\\\""""\""""\\\""""\""""\\\\\\\\\\\\\\\""""\""""\\\""""\""""\\\\\\\""""\""""\\\""""\""""[\\\\\\\\\\\\\\\\\\\\\\\\\\\\\\\\\\\\\\\\\\\\\\\\\\\\\\\\\\\\\\\\\\\\\\\\\\\\\\\\\\\\\\\\\\\\\\\\\\\\\\\\\\\\\\\\\\\\\\\\\\\\\\\""""\""""\\\""""\""""\\\\\\\""""\""""\\\""""\""""\\\\\\\\\\\\\\\""""\""""\\\""""\""""\\\\\\\""""\""""\\\""""\""""\\\\\\\\\\\\\\\\\\\\\\\\\\\\\\\""""\""""\\\""""\""""\\\\\\\""""\""""\\\""""\""""\\\\\\\\\\\\\\\""""\""""\\\""""\""""\\\\\\\""""\""""\\\""""\""""Latin\\\\\\\\\\\\\\\\\\\\\\\\\\\\\\\\\\\\\\\\\\\\\\\\\\\\\\\\\\\\\\\\\\\\\\\\\\\\\\\\\\\\\\\\\\\\\\\\\\\\\\\\\\\\\\\\\\\\\\\\\\\\\\\""""\""""\\\""""\""""\\\\\\\""""\""""\\\""""\""""\\\\\\\\\\\\\\\""""\""""\\\""""\""""\\\\\\\""""\""""\\\""""\""""\\\\\\\\\\\\\\\\\\\\\\\\\\\\\\\""""\""""\\\""""\""""\\\\\\\""""\""""\\\""""\""""\\\\\\\\\\\\\\\""""\""""\\\""""\""""\\\\\\\""""\""""\\\""""\""""\\\\\\\\\\\\\\\\\\\\\\\\\\\\\\\\\\\\\\\\\\\\\\\\\\\\\\\\\\\\\\\""""\""""\\\""""\""""\\\\\\\""""\""""\\\""""\""""\\\\\\\\\\\\\\\""""\""""\\\""""\""""\\\\\\\""""\""""\\\""""\""""\\\\\\\\\\\\\\\\\\\\\\\\\\\\\\\""""\""""\\\""""\""""\\\\\\\""""\""""\\\""""\""""\\\\\\\\\\\\\\\""""\""""\\\""""\""""\\\\\\\""""\""""\\\""""\""""]\\\\\\\\\\\\\\\\\\\\\\\\\\\\\\\\\\\\\\\\\\\\\\\\\\\\\\\\\\\\\\\""""\""""\\\""""\""""\\\\\\\""""\""""\\\""""\""""\\\\\\\\\\\\\\\""""\""""\\\""""\""""\\\\\\\""""\""""\\\""""\""""\\\\\\\\\\\\\\\\\\\\\\\\\\\\\\\""""\""""\\\""""\""""\\\\\\\""""\""""\\\""""\""""\\\\\\\\\\\\\\\""""\""""\\\""""\""""\\\\\\\""""\""""\\\""""\""""\\\\\\\\\\\\\\\\\\\\\\\\\\\\\\\\\\\\\\\\\\\\\\\\\\\\\\\\\\\\\\\""""\""""\\\""""\""""\\\\\\\""""\""""\\\""""\""""\\\\\\\\\\\\\\\""""\""""\\\""""\""""\\\\\\\""""\""""\\\""""\""""\\\\\\\\\\\\\\\\\\\\\\\\\\\\\\\""""\""""\\\""""\""""\\\\\\\""""\""""\\\""""\""""\\\\\\\\\\\\\\\""""\""""\\\""""\""""\\\\\\\""""\""""\\\""""\""""\\\\\\\\\\\\\\\\\\\\\\\\\\\\\\\\\\\\\\\\\\\\\\\\\\\\\\\\\\\\\\\""""\""""\\\""""\""""\\\\\\\""""\""""\\\""""\""""\\\\\\\\\\\\\\\""""\""""\\\""""\""""\\\\\\\""""\""""\\\""""\""""\\\\\\\\\\\\\\\\\\\\\\\\\\\\\\\""""\""""\\\""""\""""\\\\\\\""""\""""\\\""""\""""\\\\\\\\\\\\\\\""""\""""\\\""""\""""\\\\\\\""""\""""\\\""""\""""\\\\\\\\\\\\\\\\\\\\\\\\\\\\\\\""""\""""\\\""""\""""\\\\\\\""""\""""\\\""""\""""\\\\\\\\\\\\\\\""""\""""\\\""""\""""\\\\\\\""""\""""\\\""""\""""\\\\\\\\\\\\\\\\\\\\\\\\\\\\\\\""""\""""\\\""""\""""\\\\\\\""""\""""\\\""""\""""\\\\\\\\\\\\\\\""""\""""\\\""""\""""\\\\\\\""""\""""\\\""""\""""\\\\\\\\\\\\\\\\\\\\\\\\\\\\\\\""""\""""\\\""""\""""\\\\\\\""""\""""\\\""""\""""\\\\\\\\\\\\\\\""""\""""\\\""""\""""\\\\\\\""""\""""\\\""""\""""\\\\\\\\\\\\\\\""""\""""\\\""""\""""\\\\\\\""""\""""\\\""""\""""\\\\\\\\\\\\\\\""""\""""\\\""""\""""\\\\\\\""""\""""\\\""""\""""\\\\\\\\\\\\\\\""""\""""\\\""""\""""\\\\\\\""""\""""\\\""""\""""\\\\\\\""""\""""\\\""""\""""\\\\\\\""""\""""\\\""""\""""\\\\\\\""""\""""\\\""""\""""\\\""""\""""\\\""""\""""\\\""""\""""\""""\""""\""""""""""",1,0,1,1,0,1,0,capstone-classical-academy-nd-58104-fcapi-classicality-abstract.md,capstone-classical-academy-nd-58104-fcapi-classicality-audit.md,capstone-classical-academy-nd-58104-v*-fcapi-classicality-audit.pdf,,,0,0,0,0,598,
Acct0421,Capstone Classical Academy,,,capstone-classical-academy-ut-84414,info@capstoneclassical.org,+1 801 896 4562,,https://capstoneclassical.org/,3885 U.S. 89,,Pleasantville,Weber County,UT,84414,US,41.32981120,-112.02373040,classical,capstone-classical-academy-ut-84414-fcapi-classicality-abstract.md,capstone-classical-academy-ut-84414-fcapi-classicality-audit.md,capstone-classical-academy-ut-84414-v*-fcapi-classicality-audit.pdf,elementary-intermediate-secondary,Charter,Public,0,,,,,,,,,,,,,,,,,,,,,,,,,,,,,,0,,0,0,0,0,0,0,0,capstone-classical-academy-ut-84414-fcapi-classicality-abstract.md,capstone-classical-academy-ut-84414-fcapi-classicality-audit.md,capstone-classical-academy-ut-84414-v*-fcapi-classicality-audit.pdf,,,0,0,0,0,599,1641
Acct0424,Carden Memorial School,,,carden-memorial-school-ut-84106,info@cardenmemorial.com,+1 801 486 4895,,https://cardenmemorial.com/,1452 East 2700 South,,Salt Lake City,Salt Lake County,UT,84106,US,40.71240250,-111.84835350,classical,carden-memorial-school-ut-84106-fcapi-classicality-abstract.md,carden-memorial-school-ut-84106-fcapi-classicality-audit.md,carden-memorial-school-ut-84106-v*-fcapi-classicality-audit.pdf,elementary-intermediate,Private School,Private,0,,,,,,,,,,,,,,,,,,,,,,,,,,,,,,0,,0,0,0,0,0,0,0,carden-memorial-school-ut-84106-fcapi-classicality-abstract.md,carden-memorial-school-ut-84106-fcapi-classicality-audit.md,carden-memorial-school-ut-84106-v*-fcapi-classicality-audit.pdf,,,0,0,0,0,602,1233
Acct0431,Caritas Christian Academy,,,caritas-christian-academy-az-85244,,+1 480 528 6646,,https://www.caritasacademyaz.org/,PO Box 1317,,Chandler,Maricopa County,AZ,85244,US,33.30854860,-111.84937550,classical,caritas-christian-academy-az-85244-fcapi-classicality-abstract.md,caritas-christian-academy-az-85244-fcapi-classicality-audit.md,caritas-christian-academy-az-85244-v*-fcapi-classicality-audit.pdf,elementary-intermediate-secondary,Private School,Private,0,,,,,,,,,,,,,,,,,,,,,,,,,,,,,,0,,0,0,0,0,0,0,0,caritas-christian-academy-az-85244-fcapi-classicality-abstract.md,caritas-christian-academy-az-85244-fcapi-classicality-audit.md,caritas-christian-academy-az-85244-v*-fcapi-classicality-audit.pdf,,,0,0,0,0,608,1071
Acct0432,Carmel Latin School,,,carmel-latin-school-in-46033,,+1 317 504 5204,,https://www.ccs.k12.in.us/chs/,1010 126th Street,,Carmel,Hamilton County,IN,46033,US,39.97198080,-86.11152810,classical,carmel-latin-school-in-46033-fcapi-classicality-abstract.md,carmel-latin-school-in-46033-fcapi-classicality-audit.md,carmel-latin-school-in-46033-v*-fcapi-classicality-audit.pdf,elementary-intermediate-secondary,Private School,Private,0,,,,,,,,,,,,,,,,,,,,,,,,,,,,,,0,,0,0,0,0,0,0,0,carmel-latin-school-in-46033-fcapi-classicality-abstract.md,carmel-latin-school-in-46033-fcapi-classicality-audit.md,carmel-latin-school-in-46033-v*-fcapi-classicality-audit.pdf,,,0,0,0,0,609,2541
Acct0434,Cary Christian School,,,cary-christian-school-nc-27513,ahhall@carychristianschool.org,+1 919 367 7557,,https://carychristianschool.org/,1330 Old Apex Rd.,,Cary,Wake County,NC,27513,US,35.77596600,-78.80895200,classical,cary-christian-school-nc-27513-fcapi-classicality-abstract.md,cary-christian-school-nc-27513-fcapi-classicality-audit.md,cary-christian-school-nc-27513-v*-fcapi-classicality-audit.pdf,elementary-intermediate-secondary,Private School,Private,0,1994,,,,,,,,,,,,,,,,,,,,,,,,,,,,,0,,0,0,0,0,0,0,0,cary-christian-school-nc-27513-fcapi-classicality-abstract.md,cary-christian-school-nc-27513-fcapi-classicality-audit.md,cary-christian-school-nc-27513-v*-fcapi-classicality-audit.pdf,,,0,0,0,0,611,2151
Acct0447,Cathedral Oak Academy,,,cathedral-oak-academy-nc-27012,office@cathedraloakacademy.com,(336) 705-4046,,https://www.cathedraloakacademy.com/,1840 Lewisville-Clemmons Road,,Clemmons,,NC,27012,US,36.05951770,-80.39144910,classical,cathedral-oak-academy-nc-27012-fcapi-classicality-abstract.md,cathedral-oak-academy-nc-27012-fcapi-classicality-audit.md,cathedral-oak-academy-nc-27012-v*-fcapi-classicality-audit.pdf,elementary-intermediate-secondary,Private School,Private School,0,2021,143,,,,,,,,,,,,,,,,,,,,,,,,,,,,1,"""\""\\\""""\\\\\\\""""\""""\\\\\\\\\\\\\\\""""\""""\\\""""\""""\\\\\\\\\\\\\\\\\\\\\\\\\\\\\\\""""\""""\\\""""\""""\\\\\\\""""\""""\\\""""\""""\\\\\\\\\\\\\\\\\\\\\\\\\\\\\\\\\\\\\\\\\\\\\\\\\\\\\\\\\\\\\\\""""\""""\\\""""\""""\\\\\\\""""\""""\\\""""\""""\\\\\\\\\\\\\\\""""\""""\\\""""\""""\\\\\\\""""\""""\\\""""\""""\\\\\\\\\\\\\\\\\\\\\\\\\\\\\\\\\\\\\\\\\\\\\\\\\\\\\\\\\\\\\\\\\\\\\\\\\\\\\\\\\\\\\\\\\\\\\\\\\\\\\\\\\\\\\\\\\\\\\\\\\\\\\\\""""\""""\\\""""\""""\\\\\\\""""\""""\\\""""\""""\\\\\\\\\\\\\\\""""\""""\\\""""\""""\\\\\\\""""\""""\\\""""\""""\\\\\\\\\\\\\\\\\\\\\\\\\\\\\\\""""\""""\\\""""\""""\\\\\\\""""\""""\\\""""\""""\\\\\\\\\\\\\\\""""\""""\\\""""\""""\\\\\\\""""\""""\\\""""\""""[\\\\\\\\\\\\\\\\\\\\\\\\\\\\\\\\\\\\\\\\\\\\\\\\\\\\\\\\\\\\\\\\\\\\\\\\\\\\\\\\\\\\\\\\\\\\\\\\\\\\\\\\\\\\\\\\\\\\\\\\\\\\\\\\\\\\\\\\\\\\\\\\\\\\\\\\\\\\\\\\\\\\\\\\\\\\\\\\\\\\\\\\\\\\\\\\\\\\\\\\\\\\\\\\\\\\\\\\\\\\\\\\\\\\\\\\\\\\\\\\\\\\\\\\\\\\\\\""""\""""\\\""""\""""\\\\\\\""""\""""\\\""""\""""\\\\\\\\\\\\\\\""""\""""\\\""""\""""\\\\\\\""""\""""\\\""""\""""\\\\\\\\\\\\\\\\\\\\\\\\\\\\\\\""""\""""\\\""""\""""\\\\\\\""""\""""\\\""""\""""\\\\\\\\\\\\\\\""""\""""\\\""""\""""\\\\\\\""""\""""\\\""""\""""\\\\\\\\\\\\\\\\\\\\\\\\\\\\\\\\\\\\\\\\\\\\\\\\\\\\\\\\\\\\\\\""""\""""\\\""""\""""\\\\\\\""""\""""\\\""""\""""\\\\\\\\\\\\\\\""""\""""\\\""""\""""\\\\\\\""""\""""\\\""""\""""\\\\\\\\\\\\\\\\\\\\\\\\\\\\\\\""""\""""\\\""""\""""\\\\\\\""""\""""\\\""""\""""\\\\\\\\\\\\\\\""""\""""\\\""""\""""\\\\\\\""""\""""\\\""""\""""Latin\\\\\\\\\\\\\\\\\\\\\\\\\\\\\\\\\\\\\\\\\\\\\\\\\\\\\\\\\\\\\\\\\\\\\\\\\\\\\\\\\\\\\\\\\\\\\\\\\\\\\\\\\\\\\\\\\\\\\\\\\\\\\\\\\\\\\\\\\\\\\\\\\\\\\\\\\\\\\\\\\\\\\\\\\\\\\\\\\\\\\\\\\\\\\\\\\\\\\\\\\\\\\\\\\\\\\\\\\\\\\\\\\\\\\\\\\\\\\\\\\\\\\\\\\\\\\\\""""\""""\\\""""\""""\\\\\\\""""\""""\\\""""\""""\\\\\\\\\\\\\\\""""\""""\\\""""\""""\\\\\\\""""\""""\\\""""\""""\\\\\\\\\\\\\\\\\\\\\\\\\\\\\\\""""\""""\\\""""\""""\\\\\\\""""\""""\\\""""\""""\\\\\\\\\\\\\\\""""\""""\\\""""\""""\\\\\\\""""\""""\\\""""\""""\\\\\\\\\\\\\\\\\\\\\\\\\\\\\\\\\\\\\\\\\\\\\\\\\\\\\\\\\\\\\\\""""\""""\\\""""\""""\\\\\\\""""\""""\\\""""\""""\\\\\\\\\\\\\\\""""\""""\\\""""\""""\\\\\\\""""\""""\\\""""\""""\\\\\\\\\\\\\\\\\\\\\\\\\\\\\\\""""\""""\\\""""\""""\\\\\\\""""\""""\\\""""\""""\\\\\\\\\\\\\\\""""\""""\\\""""\""""\\\\\\\""""\""""\\\""""\""""\\\\\\\\\\\\\\\\\\\\\\\\\\\\\\\\\\\\\\\\\\\\\\\\\\\\\\\\\\\\\\\\\\\\\\\\\\\\\\\\\\\\\\\\\\\\\\\\\\\\\\\\\\\\\\\\\\\\\\\\\\\\\\\""""\""""\\\""""\""""\\\\\\\""""\""""\\\""""\""""\\\\\\\\\\\\\\\""""\""""\\\""""\""""\\\\\\\""""\""""\\\""""\""""\\\\\\\\\\\\\\\\\\\\\\\\\\\\\\\""""\""""\\\""""\""""\\\\\\\""""\""""\\\""""\""""\\\\\\\\\\\\\\\""""\""""\\\""""\""""\\\\\\\""""\""""\\\""""\""""\\\\\\\\\\\\\\\\\\\\\\\\\\\\\\\\\\\\\\\\\\\\\\\\\\\\\\\\\\\\\\\""""\""""\\\""""\""""\\\\\\\""""\""""\\\""""\""""\\\\\\\\\\\\\\\""""\""""\\\""""\""""\\\\\\\""""\""""\\\""""\""""\\\\\\\\\\\\\\\\\\\\\\\\\\\\\\\""""\""""\\\""""\""""\\\\\\\""""\""""\\\""""\""""\\\\\\\\\\\\\\\""""\""""\\\""""\""""\\\\\\\""""\""""\\\""""\""""]\\\\\\\\\\\\\\\\\\\\\\\\\\\\\\\\\\\\\\\\\\\\\\\\\\\\\\\\\\\\\\\\\\\\\\\\\\\\\\\\\\\\\\\\\\\\\\\\\\\\\\\\\\\\\\\\\\\\\\\\\\\\\\\""""\""""\\\""""\""""\\\\\\\""""\""""\\\""""\""""\\\\\\\\\\\\\\\""""\""""\\\""""\""""\\\\\\\""""\""""\\\""""\""""\\\\\\\\\\\\\\\\\\\\\\\\\\\\\\\""""\""""\\\""""\""""\\\\\\\""""\""""\\\""""\""""\\\\\\\\\\\\\\\""""\""""\\\""""\""""\\\\\\\""""\""""\\\""""\""""\\\\\\\\\\\\\\\\\\\\\\\\\\\\\\\\\\\\\\\\\\\\\\\\\\\\\\\\\\\\\\\""""\""""\\\""""\""""\\\\\\\""""\""""\\\""""\""""\\\\\\\\\\\\\\\""""\""""\\\""""\""""\\\\\\\""""\""""\\\""""\""""\\\\\\\\\\\\\\\\\\\\\\\\\\\\\\\""""\""""\\\""""\""""\\\\\\\""""\""""\\\""""\""""\\\\\\\\\\\\\\\""""\""""\\\""""\""""\\\\\\\""""\""""\\\""""\""""\\\\\\\\\\\\\\\\\\\\\\\\\\\\\\\\\\\\\\\\\\\\\\\\\\\\\\\\\\\\\\\\\\\\\\\\\\\\\\\\\\\\\\\\\\\\\\\\\\\\\\\\\\\\\\\\\\\\\\\\\\\\\\\""""\""""\\\""""\""""\\\\\\\""""\""""\\\""""\""""\\\\\\\\\\\\\\\""""\""""\\\""""\""""\\\\\\\""""\""""\\\""""\""""\\\\\\\\\\\\\\\\\\\\\\\\\\\\\\\""""\""""\\\""""\""""\\\\\\\""""\""""\\\""""\""""\\\\\\\\\\\\\\\""""\""""\\\""""\""""\\\\\\\""""\""""\\\""""\""""\\\\\\\\\\\\\\\\\\\\\\\\\\\\\\\\\\\\\\\\\\\\\\\\\\\\\\\\\\\\\\\""""\""""\\\""""\""""\\\\\\\""""\""""\\\""""\""""\\\\\\\\\\\\\\\""""\""""\\\""""\""""\\\\\\\""""\""""\\\""""\""""\\\\\\\\\\\\\\\\\\\\\\\\\\\\\\\""""\""""\\\""""\""""\\\\\\\""""\""""\\\""""\""""\\\\\\\\\\\\\\\""""\""""\\\""""\""""\\\\\\\""""\""""\\\""""\""""\\\\\\\\\\\\\\\\\\\\\\\\\\\\\\\\\\\\\\\\\\\\\\\\\\\\\\\\\\\\\\\\\\\\\\\\\\\\\\\\\\\\\\\\\\\\\\\\\\\\\\\\\\\\\\\\\\\\\\\\\\\\\\\""""\""""\\\""""\""""\\\\\\\""""\""""\\\""""\""""\\\\\\\\\\\\\\\""""\""""\\\""""\""""\\\\\\\""""\""""\\\""""\""""\\\\\\\\\\\\\\\\\\\\\\\\\\\\\\\""""\""""\\\""""\""""\\\\\\\""""\""""\\\""""\""""\\\\\\\\\\\\\\\""""\""""\\\""""\""""\\\\\\\""""\""""\\\""""\""""\\\\\\\\\\\\\\\\\\\\\\\\\\\\\\\\\\\\\\\\\\\\\\\\\\\\\\\\\\\\\\\""""\""""\\\""""\""""\\\\\\\""""\""""\\\""""\""""\\\\\\\\\\\\\\\""""\""""\\\""""\""""\\\\\\\""""\""""\\\""""\""""\\\\\\\\\\\\\\\\\\\\\\\\\\\\\\\""""\""""\\\""""\""""\\\\\\\""""\""""\\\""""\""""\\\\\\\\\\\\\\\""""\""""\\\""""\""""\\\\\\\""""\""""\\\""""\""""\\\\\\\\\\\\\\\\\\\\\\\\\\\\\\\\\\\\\\\\\\\\\\\\\\\\\\\\\\\\\\\""""\""""\\\""""\""""\\\\\\\""""\""""\\\""""\""""\\\\\\\\\\\\\\\""""\""""\\\""""\""""\\\\\\\""""\""""\\\""""\""""\\\\\\\\\\\\\\\\\\\\\\\\\\\\\\\""""\""""\\\""""\""""\\\\\\\""""\""""\\\""""\""""\\\\\\\\\\\\\\\""""\""""\\\""""\""""\\\\\\\""""\""""\\\""""\""""\\\\\\\\\\\\\\\\\\\\\\\\\\\\\\\\\\\\\\\\\\\\\\\\\\\\\\\\\\\\\\\""""\""""\\\""""\""""\\\\\\\""""\""""\\\""""\""""\\\\\\\\\\\\\\\""""\""""\\\""""\""""\\\\\\\""""\""""\\\""""\""""\\\\\\\\\\\\\\\\\\\\\\\\\\\\\\\""""\""""\\\""""\""""\\\\\\\""""\""""\\\""""\""""\\\\\\\\\\\\\\\""""\""""\\\""""\""""\\\\\\\""""\""""\\\""""\""""\\\\\\\\\\\\\\\\\\\\\\\\\\\\\\\\\\\\\\\\\\\\\\\\\\\\\\\\\\\\\\\""""\""""\\\""""\""""\\\\\\\""""\""""\\\""""\""""\\\\\\\\\\\\\\\""""\""""\\\""""\""""\\\\\\\""""\""""\\\""""\""""\\\\\\\\\\\\\\\\\\\\\\\\\\\\\\\""""\""""\\\""""\""""\\\\\\\""""\""""\\\""""\""""\\\\\\\\\\\\\\\""""\""""\\\""""\""""\\\\\\\""""\""""\\\""""\""""\\\\\\\\\\\\\\\\\\\\\\\\\\\\\\\""""\""""\\\""""\""""\\\\\\\""""\""""\\\""""\""""\\\\\\\\\\\\\\\""""\""""\\\""""\""""\\\\\\\""""\""""\\\""""\""""\\\\\\\\\\\\\\\\\\\\\\\\\\\\\\\""""\""""\\\""""\""""\\\\\\\""""\""""\\\""""\""""\\\\\\\\\\\\\\\""""\""""\\\""""\""""\\\\\\\""""\""""\\\""""\""""\\\\\\\\\\\\\\\\\\\\\\\\\\\\\\\""""\""""\\\""""\""""\\\\\\\""""\""""\\\""""\""""\\\\\\\\\\\\\\\""""\""""\\\""""\""""\\\\\\\""""\""""\\\""""\""""\\\\\\\\\\\\\\\""""\""""\\\""""\""""\\\\\\\""""\""""\\\""""\""""\\\\\\\\\\\\\\\""""\""""\\\""""\""""\\\\\\\""""\""""\\\""""\""""\\\\\\\\\\\\\\\""""\""""\\\""""\""""\\\\\\\""""\""""\\\""""\""""\\\\\\\""""\""""\\\""""\""""\\\\\\\""""\""""\\\""""\""""\\\\\\\""""\""""\\\""""\""""\\\""""\""""\\\""""\""""\\\""""\""""\""""\""""\""""""""""",1,1,1,0,0,0,0,cathedral-oak-academy-nc-27012-fcapi-classicality-abstract.md,cathedral-oak-academy-nc-27012-fcapi-classicality-audit.md,cathedral-oak-academy-nc-27012-v*-fcapi-classicality-audit.pdf,,,0,0,0,0,622,
Acct0449,Catholic Central High School,,,catholic-central-high-school-oh-43952,,+1 740 264 5538,,https://steubenvillecatholicschools.org/cchs/chesterton-academy/,320 Westview,,Steubenville,Jefferson County,OH,43952,US,40.37203720,-80.66121060,classical,catholic-central-high-school-oh-43952-fcapi-classicality-abstract.md,catholic-central-high-school-oh-43952-fcapi-classicality-audit.md,catholic-central-high-school-oh-43952-v*-fcapi-classicality-audit.pdf,secondary,Private School,Private,0,,,,,,,,,,,,,,,,,,,,,,,,,,,,,,0,,0,0,0,0,0,0,0,catholic-central-high-school-oh-43952-fcapi-classicality-abstract.md,catholic-central-high-school-oh-43952-fcapi-classicality-audit.md,catholic-central-high-school-oh-43952-v*-fcapi-classicality-audit.pdf,,,0,0,0,0,624,684
Acct0462,Cedar Classical Academy,,,cedar-classical-academy-mi-48917,admin@cedarclassicalacademy.org,+1 815 847 8853,,https://cedarclassicalacademy.org/,7520 Westshire Drive,,Lansing,Eaton County,MI,48917,US,42.73851510,-84.66136740,classical,cedar-classical-academy-mi-48917-fcapi-classicality-abstract.md,cedar-classical-academy-mi-48917-fcapi-classicality-audit.md,cedar-classical-academy-mi-48917-v*-fcapi-classicality-audit.pdf,elementary-intermediate-secondary,Private School,Private,0,2019,,,,,,,,,,,,,,,,,,,,,,,,,,,,,0,,0,0,0,0,0,0,0,cedar-classical-academy-mi-48917-fcapi-classicality-abstract.md,cedar-classical-academy-mi-48917-fcapi-classicality-audit.md,cedar-classical-academy-mi-48917-v*-fcapi-classicality-audit.pdf,,,0,0,0,0,635,2552
Acct0464,Cedar Hall Classical Academy,,,cedar-hall-classical-academy-tx-76021,,+1 214 232 3799,,https://www.cedarhallclassical.com/,3420 Brown Trail,,Bedford,Tarrant County,TX,76021,US,32.85981120,-97.15904180,classical,cedar-hall-classical-academy-tx-76021-fcapi-classicality-abstract.md,cedar-hall-classical-academy-tx-76021-fcapi-classicality-audit.md,cedar-hall-classical-academy-tx-76021-v*-fcapi-classicality-audit.pdf,elementary-intermediate,Private School,Private,0,,,,,,,,,,,,,,,,,,,,,,,,,,,,,,0,,0,0,0,0,0,0,0,cedar-hall-classical-academy-tx-76021-fcapi-classicality-abstract.md,cedar-hall-classical-academy-tx-76021-fcapi-classicality-audit.md,cedar-hall-classical-academy-tx-76021-v*-fcapi-classicality-audit.pdf,,,0,0,0,0,637,603
Acct0465,Cedar Tree Classical Christian School,,,cedar-tree-classical-christian-school-wa-98642,office@cedartreeschool.org,+1 503 621 7490,,https://cedartreeschool.org/,20601 NE 29th Ave.,,Ridgefield,Clark County,WA,98642,US,45.77021400,-122.64010620,classical,cedar-tree-classical-christian-school-wa-98642-fcapi-classicality-abstract.md,cedar-tree-classical-christian-school-wa-98642-fcapi-classicality-audit.md,cedar-tree-classical-christian-school-wa-98642-v*-fcapi-classicality-audit.pdf,elementary-intermediate-secondary,Private School,Private,0,1999,,,,,,,,,,,,,,,,,,,,,,,,,,,,,0,,0,0,0,0,0,0,0,cedar-tree-classical-christian-school-wa-98642-fcapi-classicality-abstract.md,cedar-tree-classical-christian-school-wa-98642-fcapi-classicality-audit.md,cedar-tree-classical-christian-school-wa-98642-v*-fcapi-classicality-audit.pdf,,,0,0,0,0,638,1937
Acct0470,Centurion Christian Classical School,,,centurion-christian-classical-school-ca-94533,info@centurionschool.com,+1 707 240 5750,,https://centurionschool.com/,2641 North Texas Street,,Fairfield,Solano County,CA,94533,US,38.27707990,-122.03595020,classical,centurion-christian-classical-school-ca-94533-fcapi-classicality-abstract.md,centurion-christian-classical-school-ca-94533-fcapi-classicality-audit.md,centurion-christian-classical-school-ca-94533-v*-fcapi-classicality-audit.pdf,elementary,Private School,Private,0,2021,,,,,,,,,,,,,,,,,,,,,,,,,,,,,0,,0,0,0,0,0,0,0,centurion-christian-classical-school-ca-94533-fcapi-classicality-abstract.md,centurion-christian-classical-school-ca-94533-fcapi-classicality-audit.md,centurion-christian-classical-school-ca-94533-v*-fcapi-classicality-audit.pdf,,,0,0,0,0,643,164
Acct0475,Chandler Preparatory Academy,,,chandler-preparatory-academy-az-85224,jpoppleton@chandlerprep.org,+1 480 855 5410,,https://chandlerprep.greatheartsamerica.org/,1951 N Alma School Rd.,,Chandler,Maricopa County,AZ,85224,US,33.33372180,-111.85705940,classical,chandler-preparatory-academy-az-85224-fcapi-classicality-abstract.md,chandler-preparatory-academy-az-85224-fcapi-classicality-audit.md,chandler-preparatory-academy-az-85224-v*-fcapi-classicality-audit.pdf,intermediate-secondary,Charter,Public,0,,700,,,,,,,,,,,,,,,,,,,,,,,,,,,,0,,0,0,0,0,0,0,0,chandler-preparatory-academy-az-85224-fcapi-classicality-abstract.md,chandler-preparatory-academy-az-85224-fcapi-classicality-audit.md,chandler-preparatory-academy-az-85224-v*-fcapi-classicality-audit.pdf,,,0,0,0,0,150,1596
Acct0477,Chapel Field Christian School,,,chapel-field-christian-school-ny-12566,,+1 845 778 1881,,https://www.chapelfield.org/,211 Fleury Rd.,,Pine Bush,Orange County,NY,12566,US,41.60233820,-74.24561750,classical,chapel-field-christian-school-ny-12566-fcapi-classicality-abstract.md,chapel-field-christian-school-ny-12566-fcapi-classicality-audit.md,chapel-field-christian-school-ny-12566-v*-fcapi-classicality-audit.pdf,elementary-intermediate-secondary,Private School,Private,0,,,,,,,,,,,,,,,,,,,,,,,,,,,,,,0,,0,0,0,0,0,0,0,chapel-field-christian-school-ny-12566-fcapi-classicality-abstract.md,chapel-field-christian-school-ny-12566-fcapi-classicality-audit.md,chapel-field-christian-school-ny-12566-v*-fcapi-classicality-audit.pdf,,,0,0,0,0,647,1893
Acct0490,Chelsea Academy,,,chelsea-academy-va-22630,,+1 540 635 0622,,https://www.chelseaacademy.org/,1190 Progress Drive,,Front Royal,Warren County,VA,22630,US,38.93935030,-78.15760110,classical,chelsea-academy-va-22630-fcapi-classicality-abstract.md,chelsea-academy-va-22630-fcapi-classicality-audit.md,chelsea-academy-va-22630-v*-fcapi-classicality-audit.pdf,elementary-intermediate-secondary,Private School,Private,0,,,,,,,,,,,,,,,,,,,,,,,,,,,,,,0,,0,0,0,0,0,0,0,chelsea-academy-va-22630-fcapi-classicality-abstract.md,chelsea-academy-va-22630-fcapi-classicality-audit.md,chelsea-academy-va-22630-v*-fcapi-classicality-audit.pdf,,,0,0,0,0,661,1834
Acct0492,Cherokee Classical Christian School,,,cherokee-classical-christian-school-ga-30114,,+1 605 592 4116,,https://cherokeeclassicalchristianschool.org/,2126 Sixes Road,,Canton,Cherokee County,GA,30114,US,34.16212740,-84.53492250,classical,cherokee-classical-christian-school-ga-30114-fcapi-classicality-abstract.md,cherokee-classical-christian-school-ga-30114-fcapi-classicality-audit.md,cherokee-classical-christian-school-ga-30114-v*-fcapi-classicality-audit.pdf,elementary,Charter,Public,0,,,,,,,,,,,,,,,,,,,,,,,,,,,,,,0,,0,0,0,0,0,0,0,cherokee-classical-christian-school-ga-30114-fcapi-classicality-abstract.md,cherokee-classical-christian-school-ga-30114-fcapi-classicality-audit.md,cherokee-classical-christian-school-ga-30114-v*-fcapi-classicality-audit.pdf,,,0,0,0,0,663,136
Acct0495,Chesterton Academy of Akron,,,chesterton-academy-akron-oh-44301,,+1 330 299 5117,,https://akronchestertonacademy.org/,433 Mission Dr.,,Akron,Summit County,OH,44301,US,41.03837520,-81.51070760,classical,chesterton-academy-akron-oh-44301-fcapi-classicality-abstract.md,chesterton-academy-akron-oh-44301-fcapi-classicality-audit.md,chesterton-academy-akron-oh-44301-v*-fcapi-classicality-audit.pdf,secondary,Private School,Private,0,,,,,,,,,,,,,,,,,,,,,,,,,,,,,,0,,0,0,0,0,0,0,0,chesterton-academy-akron-oh-44301-fcapi-classicality-abstract.md,chesterton-academy-akron-oh-44301-fcapi-classicality-audit.md,chesterton-academy-akron-oh-44301-v*-fcapi-classicality-audit.pdf,,,0,0,0,0,43,2426
Acct0498,Chesterton Academy of Annapolis,,,chesterton-academy-annapolis-md-21037,,+1 410 855 3216,,https://www.chestertonacademyofannapolis.org/,3506 Marthas Vineyard Way,,Annapolis,Anne Arundel County,MD,21037,US,38.98852510,-76.50641020,classical,chesterton-academy-annapolis-md-21037-fcapi-classicality-abstract.md,chesterton-academy-annapolis-md-21037-fcapi-classicality-audit.md,chesterton-academy-annapolis-md-21037-v*-fcapi-classicality-audit.pdf,secondary,Private School,Private,0,,,,,,,,,,,,,,,,,,,,,,,,,,,,,,0,,0,0,0,0,0,0,0,chesterton-academy-annapolis-md-21037-fcapi-classicality-abstract.md,chesterton-academy-annapolis-md-21037-fcapi-classicality-audit.md,chesterton-academy-annapolis-md-21037-v*-fcapi-classicality-audit.pdf,,,0,0,0,0,45,1288
Acct0499,Chesterton Academy of Atlanta,,,chesterton-academy-atlanta-ga-30144,,+1 770 635 0856,,https://chestertonatl.org/,1618 Ben King Rd.,,Atlanta,Cobb County,GA,30144,US,34.02826720,-84.59991030,classical,chesterton-academy-atlanta-ga-30144-fcapi-classicality-abstract.md,chesterton-academy-atlanta-ga-30144-fcapi-classicality-audit.md,chesterton-academy-atlanta-ga-30144-v*-fcapi-classicality-audit.pdf,secondary,Private School,Private,0,,,,,,,,,,,,,,,,,,,,,,,,,,,,,,0,,0,0,0,0,0,0,0,chesterton-academy-atlanta-ga-30144-fcapi-classicality-abstract.md,chesterton-academy-atlanta-ga-30144-fcapi-classicality-audit.md,chesterton-academy-atlanta-ga-30144-v*-fcapi-classicality-audit.pdf,,,0,0,0,0,46,733
Acct0501,Chesterton Academy of Blessed Pier Giorgio Frassati,,,chesterton-academy-blessed-pier-giorgio-frassati-or-98685,,+1 360 355 3362,,https://chestertonfrassati.org/,10013 NE Hazel Dell Ave. #156,,Portland,Clark County,OR,98685,US,45.69428870,-122.66753790,classical,chesterton-academy-blessed-pier-giorgio-frassati-or-98685-fcapi-classicality-abstract.md,chesterton-academy-blessed-pier-giorgio-frassati-or-98685-fcapi-classicality-audit.md,chesterton-academy-blessed-pier-giorgio-frassati-or-98685-v*-fcapi-classicality-audit.pdf,secondary,Private School,Private,0,,,,,,,,,,,,,,,,,,,,,,,,,,,,,,0,,0,0,0,0,0,0,0,chesterton-academy-blessed-pier-giorgio-frassati-or-98685-fcapi-classicality-abstract.md,chesterton-academy-blessed-pier-giorgio-frassati-or-98685-fcapi-classicality-audit.md,chesterton-academy-blessed-pier-giorgio-frassati-or-98685-v*-fcapi-classicality-audit.pdf,,,0,0,0,0,98,681
Acct0502,Chesterton Academy of Buffalo,,,chesterton-academy-buffalo-ny-14026,,+1 716 674 8101,,https://buffalochestertonacademy.org/,5331 Genesee St.,,Bowmansville,Erie County,NY,14026,US,42.94237210,-78.68215900,classical,chesterton-academy-buffalo-ny-14026-fcapi-classicality-abstract.md,chesterton-academy-buffalo-ny-14026-fcapi-classicality-audit.md,chesterton-academy-buffalo-ny-14026-v*-fcapi-classicality-audit.pdf,secondary,Private School,Private,0,,,,,,,,,,,,,,,,,,,,,,,,,,,,,,0,,0,0,0,0,0,0,0,chesterton-academy-buffalo-ny-14026-fcapi-classicality-abstract.md,chesterton-academy-buffalo-ny-14026-fcapi-classicality-audit.md,chesterton-academy-buffalo-ny-14026-v*-fcapi-classicality-audit.pdf,,,0,0,0,0,48,680
Acct0505,Chesterton Academy of Fort Worth,,,chesterton-academy-fort-worth-tx-76107,,+1 682 888 4855,,https://chestertonacademyfw.org/,4128 Donnelly Ave.,,Fort Worth,Tarrant County,TX,76107,US,32.75417400,-97.36357380,classical,chesterton-academy-fort-worth-tx-76107-fcapi-classicality-abstract.md,chesterton-academy-fort-worth-tx-76107-fcapi-classicality-audit.md,chesterton-academy-fort-worth-tx-76107-v*-fcapi-classicality-audit.pdf,secondary,Private School,Private,0,,,,,,,,,,,,,,,,,,,,,,,,,,,,,,0,,0,0,0,0,0,0,0,chesterton-academy-fort-worth-tx-76107-fcapi-classicality-abstract.md,chesterton-academy-fort-worth-tx-76107-fcapi-classicality-audit.md,chesterton-academy-fort-worth-tx-76107-v*-fcapi-classicality-audit.pdf,,,0,0,0,0,49,805
Acct0506,Chesterton Academy of Holy Trinity,,,chesterton-academy-holy-trinity-la-70360,holytrinityacad@gmail.com,+1 985 859 0030,,https://www.holytrinityacademy.org/,478 North Main Project Rd.,,Schriever,Terrebonne Parish,LA,70360,US,29.75128120,-90.82470560,classical,chesterton-academy-holy-trinity-la-70360-fcapi-classicality-abstract.md,chesterton-academy-holy-trinity-la-70360-fcapi-classicality-audit.md,chesterton-academy-holy-trinity-la-70360-v*-fcapi-classicality-audit.pdf,elementary-intermediate-secondary,Private School,Private,0,,,,,,,,,,,,,,,,,,,,,,,,,,,,,,0,,0,0,0,0,0,0,0,chesterton-academy-holy-trinity-la-70360-fcapi-classicality-abstract.md,chesterton-academy-holy-trinity-la-70360-fcapi-classicality-audit.md,chesterton-academy-holy-trinity-la-70360-v*-fcapi-classicality-audit.pdf,,,0,0,0,0,50,1278
Acct0508,Chesterton Academy of Milwaukee,,,chesterton-academy-milwaukee-wi-53051,office@chestertonmke.org,+1 262 788 8400,,https://chestertonmke.org/,N74W13646 Appleton Ave.,,Menomonee Falls,Waukesha County,WI,53051,US,43.15298110,-88.07971330,classical,chesterton-academy-milwaukee-wi-53051-fcapi-classicality-abstract.md,chesterton-academy-milwaukee-wi-53051-fcapi-classicality-audit.md,chesterton-academy-milwaukee-wi-53051-v*-fcapi-classicality-audit.pdf,secondary,Private School,Private,0,,,,,,,,,,,,,,,,,,,,,,,,,,,,,,0,,0,0,0,0,0,0,0,chesterton-academy-milwaukee-wi-53051-fcapi-classicality-abstract.md,chesterton-academy-milwaukee-wi-53051-fcapi-classicality-audit.md,chesterton-academy-milwaukee-wi-53051-v*-fcapi-classicality-audit.pdf,,,0,0,0,0,52,1227
Acct0509,Chesterton Academy of Northern Utah,,,chesterton-academy-northern-utah-ut-84310,,+1 206 965 0511,,https://www.chestertonutah.com/,4812 Creekview Dr.,,Bountiful,Davis County,UT,84310,US,40.86898580,-111.87688620,classical,chesterton-academy-northern-utah-ut-84310-fcapi-classicality-abstract.md,chesterton-academy-northern-utah-ut-84310-fcapi-classicality-audit.md,chesterton-academy-northern-utah-ut-84310-v*-fcapi-classicality-audit.pdf,secondary,Private School,Private,0,,,,,,,,,,,,,,,,,,,,,,,,,,,,,,0,,0,0,0,0,0,0,0,chesterton-academy-northern-utah-ut-84310-fcapi-classicality-abstract.md,chesterton-academy-northern-utah-ut-84310-fcapi-classicality-audit.md,chesterton-academy-northern-utah-ut-84310-v*-fcapi-classicality-audit.pdf,,,0,0,0,0,53,677
Acct0510,Chesterton Academy of Notre Dame,,,chesterton-academy-notre-dame-wa-99217,,+1 509 242 3750,,https://chestertonacademyofnotredame.org/,2706 East Queen Ave.,,Spokane,Spokane County,WA,99217,US,47.68086190,-117.30433570,classical,chesterton-academy-notre-dame-wa-99217-fcapi-classicality-abstract.md,chesterton-academy-notre-dame-wa-99217-fcapi-classicality-audit.md,chesterton-academy-notre-dame-wa-99217-v*-fcapi-classicality-audit.pdf,secondary,Private School,Private,0,,,,,,,,,,,,,,,,,,,,,,,,,,,,,,0,,0,0,0,0,0,0,0,chesterton-academy-notre-dame-wa-99217-fcapi-classicality-abstract.md,chesterton-academy-notre-dame-wa-99217-fcapi-classicality-audit.md,chesterton-academy-notre-dame-wa-99217-v*-fcapi-classicality-audit.pdf,,,0,0,0,0,54,728
Acct0511,Chesterton Academy of Omaha,,,chesterton-academy-omaha-ne-68107,,+1 402 205 5341,,https://chestertonomaha.org/,5301 S. 36th St.,,Omaha NE,Douglas County,NE,68107,US,41.20436490,-95.96681850,classical,chesterton-academy-omaha-ne-68107-fcapi-classicality-abstract.md,chesterton-academy-omaha-ne-68107-fcapi-classicality-audit.md,chesterton-academy-omaha-ne-68107-v*-fcapi-classicality-audit.pdf,secondary,Private School,Private,0,,,,,,,,,,,,,,,,,,,,,,,,,,,,,,0,,0,0,0,0,0,0,0,chesterton-academy-omaha-ne-68107-fcapi-classicality-abstract.md,chesterton-academy-omaha-ne-68107-fcapi-classicality-audit.md,chesterton-academy-omaha-ne-68107-v*-fcapi-classicality-audit.pdf,,,0,0,0,0,55,676
Acct0512,Chesterton Academy of Orlando,,,chesterton-academy-orlando-fl-32792,,+1 407 627 1250,,https://chestertonorlando.com/,2025 State Rd. 436,,Winter Park,Seminole County,FL,32792,US,28.61233560,-81.31080060,classical,chesterton-academy-orlando-fl-32792-fcapi-classicality-abstract.md,chesterton-academy-orlando-fl-32792-fcapi-classicality-audit.md,chesterton-academy-orlando-fl-32792-v*-fcapi-classicality-audit.pdf,secondary,Private School,Private,0,,,,,,,,,,,,,,,,,,,,,,,,,,,,,,0,,0,0,0,0,0,0,0,chesterton-academy-orlando-fl-32792-fcapi-classicality-abstract.md,chesterton-academy-orlando-fl-32792-fcapi-classicality-audit.md,chesterton-academy-orlando-fl-32792-v*-fcapi-classicality-audit.pdf,,,0,0,0,0,56,725
Acct0514,Chesterton Academy of Our Lady of Guadalupe,,,chesterton-academy-our-lady-guadalupe-mi-48035,,+1 586 741 6041,,https://chestertonguadalupe.org/,21400 S. Nunneley Rd. Clinton Twp,,Detroit,Macomb County,MI,48035,US,42.56807210,-82.90321070,classical,chesterton-academy-our-lady-guadalupe-mi-48035-fcapi-classicality-abstract.md,chesterton-academy-our-lady-guadalupe-mi-48035-fcapi-classicality-audit.md,chesterton-academy-our-lady-guadalupe-mi-48035-v*-fcapi-classicality-audit.pdf,secondary,Private School,Private,0,,,,,,,,,,,,,,,,,,,,,,,,,,,,,,0,,0,0,0,0,0,0,0,chesterton-academy-our-lady-guadalupe-mi-48035-fcapi-classicality-abstract.md,chesterton-academy-our-lady-guadalupe-mi-48035-fcapi-classicality-audit.md,chesterton-academy-our-lady-guadalupe-mi-48035-v*-fcapi-classicality-audit.pdf,,,0,0,0,0,58,2434
Acct0515,Chesterton Academy of Our Lady of Hope,,,chesterton-academy-our-lady-hope-ri-02886,,+1 401 287 2280,,https://www.chestertonri.org/,610 Jefferson Boulevard,,Warwick,Kent County,RI,2886,US,41.73122350,-71.44178290,classical,chesterton-academy-our-lady-hope-ri-02886-fcapi-classicality-abstract.md,chesterton-academy-our-lady-hope-ri-02886-fcapi-classicality-audit.md,chesterton-academy-our-lady-hope-ri-02886-v*-fcapi-classicality-audit.pdf,secondary,Private School,Private,0,,,,,,,,,,,,,,,,,,,,,,,,,,,,,,0,,0,0,0,0,0,0,0,chesterton-academy-our-lady-hope-ri-02886-fcapi-classicality-abstract.md,chesterton-academy-our-lady-hope-ri-02886-fcapi-classicality-audit.md,chesterton-academy-our-lady-hope-ri-02886-v*-fcapi-classicality-audit.pdf,,,0,0,0,0,59,730
Acct0517,Chesterton Academy of Our Lady of Victory,,,chesterton-academy-our-lady-victory-co-80121,,+1 303 717 7695,,https://www.ourladyofvictorydenver.com/,6495 S. Colorado Blvd. Centennial,,Denver,Arapahoe County,CO,80121,US,39.59891160,-104.94219680,classical,chesterton-academy-our-lady-victory-co-80121-fcapi-classicality-abstract.md,chesterton-academy-our-lady-victory-co-80121-fcapi-classicality-audit.md,chesterton-academy-our-lady-victory-co-80121-v*-fcapi-classicality-audit.pdf,secondary,Private School,Private,0,,,,,,,,,,,,,,,,,,,,,,,,,,,,,,0,,0,0,0,0,0,0,0,chesterton-academy-our-lady-victory-co-80121-fcapi-classicality-abstract.md,chesterton-academy-our-lady-victory-co-80121-fcapi-classicality-audit.md,chesterton-academy-our-lady-victory-co-80121-v*-fcapi-classicality-audit.pdf,,,0,0,0,0,60,2454
Acct0519,Chesterton Academy of Rochester,,,chesterton-academy-rochester-ny-14617,,+1 585 471 1533,,https://www.chestertonacademyofrochester.org/,125 Kings Highway South,,Rochester,Monroe County,NY,14617,US,43.20776380,-77.58070310,classical,chesterton-academy-rochester-ny-14617-fcapi-classicality-abstract.md,chesterton-academy-rochester-ny-14617-fcapi-classicality-audit.md,chesterton-academy-rochester-ny-14617-v*-fcapi-classicality-audit.pdf,secondary,Private School,Private,0,,,,,,,,,,,,,,,,,,,,,,,,,,,,,,0,,0,0,0,0,0,0,0,chesterton-academy-rochester-ny-14617-fcapi-classicality-abstract.md,chesterton-academy-rochester-ny-14617-fcapi-classicality-audit.md,chesterton-academy-rochester-ny-14617-v*-fcapi-classicality-audit.pdf,,,0,0,0,0,61,674
Acct0520,Chesterton Academy of Sacramento,,,chesterton-academy-sacramento-ca-95660,,+1 916 514 9192,,https://www.sacramentochesterton.org/,4325 Don Julio Blvd.,,North Highlands,Sacramento County,CA,95660,US,38.68959340,-121.36214410,classical,chesterton-academy-sacramento-ca-95660-fcapi-classicality-abstract.md,chesterton-academy-sacramento-ca-95660-fcapi-classicality-audit.md,chesterton-academy-sacramento-ca-95660-v*-fcapi-classicality-audit.pdf,secondary,Private School,Private,0,,,,,,,,,,,,,,,,,,,,,,,,,,,,,,0,,0,0,0,0,0,0,0,chesterton-academy-sacramento-ca-95660-fcapi-classicality-abstract.md,chesterton-academy-sacramento-ca-95660-fcapi-classicality-audit.md,chesterton-academy-sacramento-ca-95660-v*-fcapi-classicality-audit.pdf,,,0,0,0,0,62,732
Acct0522,Chesterton Academy of St. Benedict,,,chesterton-academy-st-benedict-oh-43017,,+1 330 328 7057,,https://www.chestertonacademystbenedict.org/,6724 Perimeter Loop Rd. #342,,Dublin,Franklin County,OH,43017,US,40.10341920,-83.15616880,classical,chesterton-academy-st-benedict-oh-43017-fcapi-classicality-abstract.md,chesterton-academy-st-benedict-oh-43017-fcapi-classicality-audit.md,chesterton-academy-st-benedict-oh-43017-v*-fcapi-classicality-audit.pdf,secondary,Private School,Private,0,,,,,,,,,,,,,,,,,,,,,,,,,,,,,,0,,0,0,0,0,0,0,0,chesterton-academy-st-benedict-oh-43017-fcapi-classicality-abstract.md,chesterton-academy-st-benedict-oh-43017-fcapi-classicality-audit.md,chesterton-academy-st-benedict-oh-43017-v*-fcapi-classicality-audit.pdf,,,0,0,0,0,63,672
Acct0525,Chesterton Academy of St. George,,,chesterton-academy-st-george-mi-49201,,+1 517 295 3735,,https://www.castgeorge.com/,4818 East Michigan Ave.,,Jackson,Jackson County,MI,49201,US,42.26890180,-84.39136860,classical,chesterton-academy-st-george-mi-49201-fcapi-classicality-abstract.md,chesterton-academy-st-george-mi-49201-fcapi-classicality-audit.md,chesterton-academy-st-george-mi-49201-v*-fcapi-classicality-audit.pdf,secondary,Private School,Private,0,,,,,,,,,,,,,,,,,,,,,,,,,,,,,,0,,0,0,0,0,0,0,0,chesterton-academy-st-george-mi-49201-fcapi-classicality-abstract.md,chesterton-academy-st-george-mi-49201-fcapi-classicality-audit.md,chesterton-academy-st-george-mi-49201-v*-fcapi-classicality-audit.pdf,,,0,0,0,0,66,727
Acct0526,Chesterton Academy of St. Ignatius of Loyola Catholic School,,,chesterton-academy-st-ignatius-loyola-catholic-school-wi-54130,,+1 920 766 0186,,https://stignatiuskaukauna.org/,220 Doty St.,,Kaukauna,Outagamie County,WI,54130,US,44.28408770,-88.27001640,classical,chesterton-academy-st-ignatius-loyola-catholic-school-wi-54130-fcapi-classicality-abstract.md,chesterton-academy-st-ignatius-loyola-catholic-school-wi-54130-fcapi-classicality-audit.md,chesterton-academy-st-ignatius-loyola-catholic-school-wi-54130-v*-fcapi-classicality-audit.pdf,elementary-intermediate-secondary,Private School,Private,0,,,,,,,,,,,,,,,,,,,,,,,,,,,,,,0,,0,0,0,0,0,0,0,chesterton-academy-st-ignatius-loyola-catholic-school-wi-54130-fcapi-classicality-abstract.md,chesterton-academy-st-ignatius-loyola-catholic-school-wi-54130-fcapi-classicality-audit.md,chesterton-academy-st-ignatius-loyola-catholic-school-wi-54130-v*-fcapi-classicality-audit.pdf,,,0,0,0,0,101,2161
Acct0528,Chesterton Academy of St. James,,,chesterton-academy-st-james-ca-54025,,+1 650 703 9295,,https://www.chestertonstjames.org/,320 Middlefield Rd. 9,,Menlo Park,San Mateo County,CA,54025,US,37.45919670,-122.16807160,classical,chesterton-academy-st-james-ca-54025-fcapi-classicality-abstract.md,chesterton-academy-st-james-ca-54025-fcapi-classicality-audit.md,chesterton-academy-st-james-ca-54025-v*-fcapi-classicality-audit.pdf,secondary,Private School,Private,0,,,,,,,,,,,,,,,,,,,,,,,,,,,,,,0,,0,0,0,0,0,0,0,chesterton-academy-st-james-ca-54025-fcapi-classicality-abstract.md,chesterton-academy-st-james-ca-54025-fcapi-classicality-audit.md,chesterton-academy-st-james-ca-54025-v*-fcapi-classicality-audit.pdf,,,0,0,0,0,67,671
Acct0521,Chesterton Academy of St. John the Evangelist,,,chesterton-academy-st-john-evangelist-va-22902,,+1 434 987 6691,,https://www.chestertonsje.org/,256 East High St.,,Charlottesville,,VA,22902,US,38.03250680,-78.47929590,classical,chesterton-academy-st-john-evangelist-va-22902-fcapi-classicality-abstract.md,chesterton-academy-st-john-evangelist-va-22902-fcapi-classicality-audit.md,chesterton-academy-st-john-evangelist-va-22902-v*-fcapi-classicality-audit.pdf,secondary,Private School,Private,0,,,,,,,,,,,,,,,,,,,,,,,,,,,,,,0,,0,0,0,0,0,0,0,chesterton-academy-st-john-evangelist-va-22902-fcapi-classicality-abstract.md,chesterton-academy-st-john-evangelist-va-22902-fcapi-classicality-audit.md,chesterton-academy-st-john-evangelist-va-22902-v*-fcapi-classicality-audit.pdf,,,0,0,0,0,70,669
Acct0535,Chesterton Academy of St. Louis,,,chesterton-academy-st-louis-mo-63146,,+1 314 220 1129,,https://chestertonacademystl.org/,12934 Marine Ave.,,St. Louis,St. Louis County,MO,63146,US,38.70682040,-90.47381500,classical,chesterton-academy-st-louis-mo-63146-fcapi-classicality-abstract.md,chesterton-academy-st-louis-mo-63146-fcapi-classicality-audit.md,chesterton-academy-st-louis-mo-63146-v*-fcapi-classicality-audit.pdf,secondary,Private School,Private,0,,,,,,,,,,,,,,,,,,,,,,,,,,,,,,0,,0,0,0,0,0,0,0,chesterton-academy-st-louis-mo-63146-fcapi-classicality-abstract.md,chesterton-academy-st-louis-mo-63146-fcapi-classicality-audit.md,chesterton-academy-st-louis-mo-63146-v*-fcapi-classicality-audit.pdf,,,0,0,0,0,72,734
Acct0536,Chesterton Academy of St. Margaret Clitherow,,,chesterton-academy-st-margaret-clitherow-tn-37924,,+1 865 247 6838,,https://knoxchesterton.com/,5919 Rutledge Pike,,Knoxville,Knox County,TN,37924,US,35.89812220,-84.11512110,classical,chesterton-academy-st-margaret-clitherow-tn-37924-fcapi-classicality-abstract.md,chesterton-academy-st-margaret-clitherow-tn-37924-fcapi-classicality-audit.md,chesterton-academy-st-margaret-clitherow-tn-37924-v*-fcapi-classicality-audit.pdf,secondary,Private School,Private,0,,,,,,,,,,,,,,,,,,,,,,,,,,,,,,0,,0,0,0,0,0,0,0,chesterton-academy-st-margaret-clitherow-tn-37924-fcapi-classicality-abstract.md,chesterton-academy-st-margaret-clitherow-tn-37924-fcapi-classicality-audit.md,chesterton-academy-st-margaret-clitherow-tn-37924-v*-fcapi-classicality-audit.pdf,,,0,0,0,0,73,668
Acct0538,Chesterton Academy of St. Mary's,,,chesterton-academy-st-marys-md-20636,,,,https://www.chestertonstmarys.org/,24588 Bateman Court,,Hollywood,St. Mary's County,MD,20636,US,38.34360850,-76.54439010,classical,chesterton-academy-st-marys-md-20636-fcapi-classicality-abstract.md,chesterton-academy-st-marys-md-20636-fcapi-classicality-audit.md,chesterton-academy-st-marys-md-20636-v*-fcapi-classicality-audit.pdf,secondary,Private School,Private,0,,,,,,,,,,,,,,,,,,,,,,,,,,,,,,0,,0,0,0,0,0,0,0,chesterton-academy-st-marys-md-20636-fcapi-classicality-abstract.md,chesterton-academy-st-marys-md-20636-fcapi-classicality-audit.md,chesterton-academy-st-marys-md-20636-v*-fcapi-classicality-audit.pdf,,,0,0,0,0,74,1453
Acct0540,Chesterton Academy of St. Michael,,,chesterton-academy-st-michael-wa-98034,,+1 425 791 2718,,https://www.chestertonstmichael.org/,12034 115th Ave. NE,,Sammamish,King County,WA,98034,US,47.70826380,-122.18671120,classical,chesterton-academy-st-michael-wa-98034-fcapi-classicality-abstract.md,chesterton-academy-st-michael-wa-98034-fcapi-classicality-audit.md,chesterton-academy-st-michael-wa-98034-v*-fcapi-classicality-audit.pdf,secondary,Private School,Private,0,,,,,,,,,,,,,,,,,,,,,,,,,,,,,,0,,0,0,0,0,0,0,0,chesterton-academy-st-michael-wa-98034-fcapi-classicality-abstract.md,chesterton-academy-st-michael-wa-98034-fcapi-classicality-audit.md,chesterton-academy-st-michael-wa-98034-v*-fcapi-classicality-audit.pdf,,,0,0,0,0,75,667
Acct0541,Chesterton Academy of St. Padre Pio,,,chesterton-academy-st-padre-pio-fl-34276,,+1 941 346 6757,,https://www.chestertonsarasota.org/,PO Box 17683,,Sarasota,Sarasota County,FL,34276,US,27.33688240,-82.42961220,classical,chesterton-academy-st-padre-pio-fl-34276-fcapi-classicality-abstract.md,chesterton-academy-st-padre-pio-fl-34276-fcapi-classicality-audit.md,chesterton-academy-st-padre-pio-fl-34276-v*-fcapi-classicality-audit.pdf,secondary,Private School,Private,0,,,,,,,,,,,,,,,,,,,,,,,,,,,,,,0,,0,0,0,0,0,0,0,chesterton-academy-st-padre-pio-fl-34276-fcapi-classicality-abstract.md,chesterton-academy-st-padre-pio-fl-34276-fcapi-classicality-audit.md,chesterton-academy-st-padre-pio-fl-34276-v*-fcapi-classicality-audit.pdf,,,0,0,0,0,76,666
Acct0542,Chesterton Academy of St. Philip Neri,,,chesterton-academy-st-philip-neri-mo-64111,,+1 816 370 6783,,https://chestertonacademykc.org/,500 W 40th St,,Kansas City,Jackson County,MO,64111,US,39.05518530,-94.59195480,classical,chesterton-academy-st-philip-neri-mo-64111-fcapi-classicality-abstract.md,chesterton-academy-st-philip-neri-mo-64111-fcapi-classicality-audit.md,chesterton-academy-st-philip-neri-mo-64111-v*-fcapi-classicality-audit.pdf,secondary,Private School,Private,0,,,,,,,,,,,,,,,,,,,,,,,,,,,,,,0,,0,0,0,0,0,0,0,chesterton-academy-st-philip-neri-mo-64111-fcapi-classicality-abstract.md,chesterton-academy-st-philip-neri-mo-64111-fcapi-classicality-audit.md,chesterton-academy-st-philip-neri-mo-64111-v*-fcapi-classicality-audit.pdf,,,0,0,0,0,77,1781
Acct0543,Chesterton Academy of St. Scholastica,,,chesterton-academy-st-scholastica-in-46825,,+1 317 490 6575,,https://www.chestertonfw.org/,921 Valdosta Dr.,,Fort Wayne,Allen County,IN,46825,US,41.14095250,-85.14650000,classical,chesterton-academy-st-scholastica-in-46825-fcapi-classicality-abstract.md,chesterton-academy-st-scholastica-in-46825-fcapi-classicality-audit.md,chesterton-academy-st-scholastica-in-46825-v*-fcapi-classicality-audit.pdf,secondary,Private School,Private,0,,,,,,,,,,,,,,,,,,,,,,,,,,,,,,0,,0,0,0,0,0,0,0,chesterton-academy-st-scholastica-in-46825-fcapi-classicality-abstract.md,chesterton-academy-st-scholastica-in-46825-fcapi-classicality-audit.md,chesterton-academy-st-scholastica-in-46825-v*-fcapi-classicality-audit.pdf,,,0,0,0,0,78,665
Acct0544,Chesterton Academy of St. Therese,,,chesterton-academy-st-therese-ny-10916,,+1 845 610 5288,,https://www.chestertonacademytherese.com/,3348 Route 208,,Campbell Hall,Orange County,NY,10916,US,41.43662480,-74.20357910,classical,chesterton-academy-st-therese-ny-10916-fcapi-classicality-abstract.md,chesterton-academy-st-therese-ny-10916-fcapi-classicality-audit.md,chesterton-academy-st-therese-ny-10916-v*-fcapi-classicality-audit.pdf,secondary,Private School,Private,0,,,,,,,,,,,,,,,,,,,,,,,,,,,,,,0,,0,0,0,0,0,0,0,chesterton-academy-st-therese-ny-10916-fcapi-classicality-abstract.md,chesterton-academy-st-therese-ny-10916-fcapi-classicality-audit.md,chesterton-academy-st-therese-ny-10916-v*-fcapi-classicality-audit.pdf,,,0,0,0,0,79,664
Acct0549,Chesterton Academy of The Florida Martyrs,,,chesterton-academy-florida-martyrs-fl-32507,,+1 850 378 1303,,https://chestertonpensacola.org/,3295 Barrancas Ave.,,Pensacola,Escambia County,FL,32507,US,30.39465970,-87.25100650,classical,chesterton-academy-florida-martyrs-fl-32507-fcapi-classicality-abstract.md,chesterton-academy-florida-martyrs-fl-32507-fcapi-classicality-audit.md,chesterton-academy-florida-martyrs-fl-32507-v*-fcapi-classicality-audit.pdf,secondary,Private School,Private,0,,,,,,,,,,,,,,,,,,,,,,,,,,,,,,0,,0,0,0,0,0,0,0,chesterton-academy-florida-martyrs-fl-32507-fcapi-classicality-abstract.md,chesterton-academy-florida-martyrs-fl-32507-fcapi-classicality-audit.md,chesterton-academy-florida-martyrs-fl-32507-v*-fcapi-classicality-audit.pdf,,,0,0,0,0,82,726
Acct0556,Chesterton Academy of The Rogue Valley,,,chesterton-academy-rogue-valley-or-97504,,+1 541 423 2979,,https://www.chestertonroguevalley.org/,2456 Argonne Ave.,,Medford,Jackson County,OR,97504,US,42.31088720,-122.83545890,classical,chesterton-academy-rogue-valley-or-97504-fcapi-classicality-abstract.md,chesterton-academy-rogue-valley-or-97504-fcapi-classicality-audit.md,chesterton-academy-rogue-valley-or-97504-v*-fcapi-classicality-audit.pdf,secondary,Private School,Private,0,,,,,,,,,,,,,,,,,,,,,,,,,,,,,,0,,0,0,0,0,0,0,0,chesterton-academy-rogue-valley-or-97504-fcapi-classicality-abstract.md,chesterton-academy-rogue-valley-or-97504-fcapi-classicality-audit.md,chesterton-academy-rogue-valley-or-97504-v*-fcapi-classicality-audit.pdf,,,0,0,0,0,89,729
Acct0523,Chesterton Academy of The St. Croix Valley,,,chesterton-academy-st-croix-valley-mn-55082,,+1 651 504 2638,,https://chestertonscv.org/,1835 Northwestern Ave.,,Stillwater,Washington County,MN,55082,US,45.03951940,-92.82737990,classical,chesterton-academy-st-croix-valley-mn-55082-fcapi-classicality-abstract.md,chesterton-academy-st-croix-valley-mn-55082-fcapi-classicality-audit.md,chesterton-academy-st-croix-valley-mn-55082-v*-fcapi-classicality-audit.pdf,secondary,Private School,Private,0,,,,,,,,,,,,,,,,,,,,,,,,,,,,,,0,,0,0,0,0,0,0,0,chesterton-academy-st-croix-valley-mn-55082-fcapi-classicality-abstract.md,chesterton-academy-st-croix-valley-mn-55082-fcapi-classicality-audit.md,chesterton-academy-st-croix-valley-mn-55082-v*-fcapi-classicality-audit.pdf,,,0,0,0,0,64,1179
Acct0563,Chesterton Academy of Wichita Falls,,,chesterton-academy-wichita-falls-tx-76301,,+1 940 247 0338,,https://www.chestertonacademywf.org/,1411 9th St.,,Wichita Falls,Wichita County,TX,76301,US,33.90605470,-98.49938780,classical,chesterton-academy-wichita-falls-tx-76301-fcapi-classicality-abstract.md,chesterton-academy-wichita-falls-tx-76301-fcapi-classicality-audit.md,chesterton-academy-wichita-falls-tx-76301-v*-fcapi-classicality-audit.pdf,secondary,Private School,Private,0,,,,,,,,,,,,,,,,,,,,,,,,,,,,,,0,,0,0,0,0,0,0,0,chesterton-academy-wichita-falls-tx-76301-fcapi-classicality-abstract.md,chesterton-academy-wichita-falls-tx-76301-fcapi-classicality-audit.md,chesterton-academy-wichita-falls-tx-76301-v*-fcapi-classicality-audit.pdf,,,0,0,0,0,93,837
Acct0547,Chesterton Academy of the Annunciation,,,chesterton-academy-annunciation-md-21788,,+1 301 660 5313,,https://www.chestertonannunciation.org/,PO Box 325,,Thurmont,Frederick County,MD,21788,US,39.62370940,-77.41082010,classical,chesterton-academy-annunciation-md-21788-fcapi-classicality-abstract.md,chesterton-academy-annunciation-md-21788-fcapi-classicality-audit.md,chesterton-academy-annunciation-md-21788-v*-fcapi-classicality-audit.pdf,secondary,Private School,Private,0,,,,,,,,,,,,,,,,,,,,,,,,,,,,,,0,,0,0,0,0,0,0,0,chesterton-academy-annunciation-md-21788-fcapi-classicality-abstract.md,chesterton-academy-annunciation-md-21788-fcapi-classicality-audit.md,chesterton-academy-annunciation-md-21788-v*-fcapi-classicality-audit.pdf,,,0,0,0,0,105,663
Acct0550,Chesterton Academy of the Holy Family,,,chesterton-academy-holy-family-il-60532,,+1 630 442 1424,,https://www.chestertonacademyoftheholyfamily.com/,5205 Kingston Ave.,,Lisle,DuPage County,IL,60532,US,41.79102020,-88.06614140,classical,chesterton-academy-holy-family-il-60532-fcapi-classicality-abstract.md,chesterton-academy-holy-family-il-60532-fcapi-classicality-audit.md,chesterton-academy-holy-family-il-60532-v*-fcapi-classicality-audit.pdf,secondary,Private School,Private,0,,,,,,,,,,,,,,,,,,,,,,,,,,,,,,0,,0,0,0,0,0,0,0,chesterton-academy-holy-family-il-60532-fcapi-classicality-abstract.md,chesterton-academy-holy-family-il-60532-fcapi-classicality-audit.md,chesterton-academy-holy-family-il-60532-v*-fcapi-classicality-audit.pdf,,,0,0,0,0,83,1830
Acct0553,Chesterton Academy of the Immaculate Heart,,,chesterton-academy-immaculate-heart-il-60012,administrator@chestertoniheart.org,+1 815 331 8047,,https://chestertoniheart.org/,27551 Village Rd.,,Volo,Lake County,IL,60012,US,42.36883250,-88.11309920,classical,chesterton-academy-immaculate-heart-il-60012-fcapi-classicality-abstract.md,chesterton-academy-immaculate-heart-il-60012-fcapi-classicality-audit.md,chesterton-academy-immaculate-heart-il-60012-v*-fcapi-classicality-audit.pdf,secondary,Private School,Private,0,,,,,,,,,,,,,,,,,,,,,,,,,,,,,,0,,0,0,0,0,0,0,0,chesterton-academy-immaculate-heart-il-60012-fcapi-classicality-abstract.md,chesterton-academy-immaculate-heart-il-60012-fcapi-classicality-audit.md,chesterton-academy-immaculate-heart-il-60012-v*-fcapi-classicality-audit.pdf,,,0,0,0,0,86,1374
Acct0554,Chesterton Academy of the Incarnation,,,chesterton-academy-incarnation-tn-37068,,+1 629 264 5601,,https://chestertontn.com/,PO Box 680992,,Franklin,Williamson County,TN,37068,US,35.93000000,-86.87000000,classical,chesterton-academy-incarnation-tn-37068-fcapi-classicality-abstract.md,chesterton-academy-incarnation-tn-37068-fcapi-classicality-audit.md,chesterton-academy-incarnation-tn-37068-v*-fcapi-classicality-audit.pdf,secondary,Private School,Private,0,,,,,,,,,,,,,,,,,,,,,,,,,,,,,,0,,0,0,0,0,0,0,0,chesterton-academy-incarnation-tn-37068-fcapi-classicality-abstract.md,chesterton-academy-incarnation-tn-37068-fcapi-classicality-audit.md,chesterton-academy-incarnation-tn-37068-v*-fcapi-classicality-audit.pdf,,,0,0,0,0,87,724
Acct0555,Chesterton Academy of the Most Holy Eucharist,,,chesterton-academy-most-holy-eucharist-ca-95991,,+1 530 789 0425,,https://www.camhe.org/,200 Clark Ave.,,Yuba City,Sutter County,CA,95991,US,39.12353720,-121.62652710,classical,chesterton-academy-most-holy-eucharist-ca-95991-fcapi-classicality-abstract.md,chesterton-academy-most-holy-eucharist-ca-95991-fcapi-classicality-audit.md,chesterton-academy-most-holy-eucharist-ca-95991-v*-fcapi-classicality-audit.pdf,secondary,Private School,Private,0,,,,,,,,,,,,,,,,,,,,,,,,,,,,,,0,,0,0,0,0,0,0,0,chesterton-academy-most-holy-eucharist-ca-95991-fcapi-classicality-abstract.md,chesterton-academy-most-holy-eucharist-ca-95991-fcapi-classicality-audit.md,chesterton-academy-most-holy-eucharist-ca-95991-v*-fcapi-classicality-audit.pdf,,,0,0,0,0,88,662
Acct0560,Chesterton Academy of the Twin Cities,,,chesterton-academy-twin-cities-mn-55343,,+1 952 831 3096,,https://chestertonacademy.org/,1320 Mainstreet Hopkins,,Saint Paul,Hennepin County,MN,55343,US,44.92386000,-93.41737910,classical,chesterton-academy-twin-cities-mn-55343-fcapi-classicality-abstract.md,chesterton-academy-twin-cities-mn-55343-fcapi-classicality-audit.md,chesterton-academy-twin-cities-mn-55343-v*-fcapi-classicality-audit.pdf,secondary,Private School,Private,0,,,,,,,,,,,,,,,,,,,,,,,,,,,,,,0,,0,0,0,0,0,0,0,chesterton-academy-twin-cities-mn-55343-fcapi-classicality-abstract.md,chesterton-academy-twin-cities-mn-55343-fcapi-classicality-audit.md,chesterton-academy-twin-cities-mn-55343-v*-fcapi-classicality-audit.pdf,,,0,0,0,0,91,2558
Acct0561,Chesterton Academy of the Willamette Valley,,,chesterton-academy-willamette-valley-or-97362,,+1 503 845 2727,,https://chestertonwv.com/,980 S Main St,,Mt Angel,Marion County,OR,97362,US,45.06074720,-122.80319390,classical,chesterton-academy-willamette-valley-or-97362-fcapi-classicality-abstract.md,chesterton-academy-willamette-valley-or-97362-fcapi-classicality-audit.md,chesterton-academy-willamette-valley-or-97362-v*-fcapi-classicality-audit.pdf,secondary,Private School,Private,0,,,,,,,,,,,,,,,,,,,,,,,,,,,,,,0,,0,0,0,0,0,0,0,chesterton-academy-willamette-valley-or-97362-fcapi-classicality-abstract.md,chesterton-academy-willamette-valley-or-97362-fcapi-classicality-audit.md,chesterton-academy-willamette-valley-or-97362-v*-fcapi-classicality-audit.pdf,,,0,0,0,0,92,1180
Acct0572,Chi Rho Classical Academy,,,chi-rho-classical-academy-ky-40422,chirhoclassical@gmail.com,+1 859 583 8955,+1 678 478 9471,https://chirhoclassical.wordpress.com/,1125 Danville,,Harrodsburg,Boyle County,KY,40422,US,37.64585510,-84.77251540,classical,chi-rho-classical-academy-ky-40422-fcapi-classicality-abstract.md,chi-rho-classical-academy-ky-40422-fcapi-classicality-audit.md,chi-rho-classical-academy-ky-40422-v*-fcapi-classicality-audit.pdf,elementary-intermediate,Private School,Private,0,,,,,,,,,,,,,,,,,,,,,,,,,,,,,,0,,0,0,0,0,0,0,0,chi-rho-classical-academy-ky-40422-fcapi-classicality-abstract.md,chi-rho-classical-academy-ky-40422-fcapi-classicality-audit.md,chi-rho-classical-academy-ky-40422-v*-fcapi-classicality-audit.pdf,,,0,0,0,0,670,1264
Acct0578,Christ Academy,,,christ-academy-pa-19023,info@christacademysalem.com,971.443.9503,,http://www.christacademysalem.com,523 Clifton Ave.,,Collingdale,Delaware County,PA,19023,US,39.91498720,-75.28019110,classical,christ-academy-pa-19023-fcapi-classicality-abstract.md,christ-academy-pa-19023-fcapi-classicality-audit.md,christ-academy-pa-19023-v*-fcapi-classicality-audit.pdf,elementary-intermediate-secondary,Private School,Private,0,2023,,,,,,,,,,,,,,,,,,,,,,,,,,,,,0,,0,0,0,0,0,0,0,christ-academy-pa-19023-fcapi-classicality-abstract.md,christ-academy-pa-19023-fcapi-classicality-audit.md,christ-academy-pa-19023-v*-fcapi-classicality-audit.pdf,,,0,0,0,0,675,1789
Acct0579,Christ Church Academy,,,christ-church-academy-la-70501,joe@wearechristchurch.com,+1 337 366 1619,,https://wearechristchurch.com/,1700 E Willow St,,Lafayette,Lafayette Parish,LA,70501,US,30.24340590,-91.98797250,classical,christ-church-academy-la-70501-fcapi-classicality-abstract.md,christ-church-academy-la-70501-fcapi-classicality-audit.md,christ-church-academy-la-70501-v*-fcapi-classicality-audit.pdf,elementary-intermediate-secondary,Private School,Private,0,2012,,,,,,,,,,,,,,,,,,,,,,,,,,,,,0,,0,0,0,0,0,0,0,christ-church-academy-la-70501-fcapi-classicality-abstract.md,christ-church-academy-la-70501-fcapi-classicality-audit.md,christ-church-academy-la-70501-v*-fcapi-classicality-audit.pdf,,,0,0,0,0,676,1643
Acct0584,Christ Classical Academy,,,christ-classical-academy-tn-38024,office@christclassicalacademy.com,(731) 285-3727,,https://christclassicalacademy.com/,1005 US Highway 51 Bypass West,,Dyersburg,,TN,38024,US,36.05634030,-89.39954440,classical,christ-classical-academy-tn-38024-fcapi-classicality-abstract.md,christ-classical-academy-tn-38024-fcapi-classicality-audit.md,christ-classical-academy-tn-38024-v*-fcapi-classicality-audit.pdf,elementary-intermediate-secondary,Private School,Private School,0,1995,173,,,,,,,,,,,,,,,,,,,,,,,,,,,,1,"""\""\\\""""\\\\\\\""""\""""\\\\\\\\\\\\\\\""""\""""\\\""""\""""\\\\\\\\\\\\\\\\\\\\\\\\\\\\\\\""""\""""\\\""""\""""\\\\\\\""""\""""\\\""""\""""\\\\\\\\\\\\\\\\\\\\\\\\\\\\\\\\\\\\\\\\\\\\\\\\\\\\\\\\\\\\\\\""""\""""\\\""""\""""\\\\\\\""""\""""\\\""""\""""\\\\\\\\\\\\\\\""""\""""\\\""""\""""\\\\\\\""""\""""\\\""""\""""\\\\\\\\\\\\\\\\\\\\\\\\\\\\\\\\\\\\\\\\\\\\\\\\\\\\\\\\\\\\\\\\\\\\\\\\\\\\\\\\\\\\\\\\\\\\\\\\\\\\\\\\\\\\\\\\\\\\\\\\\\\\\\\""""\""""\\\""""\""""\\\\\\\""""\""""\\\""""\""""\\\\\\\\\\\\\\\""""\""""\\\""""\""""\\\\\\\""""\""""\\\""""\""""\\\\\\\\\\\\\\\\\\\\\\\\\\\\\\\""""\""""\\\""""\""""\\\\\\\""""\""""\\\""""\""""\\\\\\\\\\\\\\\""""\""""\\\""""\""""\\\\\\\""""\""""\\\""""\""""[\\\\\\\\\\\\\\\\\\\\\\\\\\\\\\\\\\\\\\\\\\\\\\\\\\\\\\\\\\\\\\\\\\\\\\\\\\\\\\\\\\\\\\\\\\\\\\\\\\\\\\\\\\\\\\\\\\\\\\\\\\\\\\\\\\\\\\\\\\\\\\\\\\\\\\\\\\\\\\\\\\\\\\\\\\\\\\\\\\\\\\\\\\\\\\\\\\\\\\\\\\\\\\\\\\\\\\\\\\\\\\\\\\\\\\\\\\\\\\\\\\\\\\\\\\\\\\\""""\""""\\\""""\""""\\\\\\\""""\""""\\\""""\""""\\\\\\\\\\\\\\\""""\""""\\\""""\""""\\\\\\\""""\""""\\\""""\""""\\\\\\\\\\\\\\\\\\\\\\\\\\\\\\\""""\""""\\\""""\""""\\\\\\\""""\""""\\\""""\""""\\\\\\\\\\\\\\\""""\""""\\\""""\""""\\\\\\\""""\""""\\\""""\""""\\\\\\\\\\\\\\\\\\\\\\\\\\\\\\\\\\\\\\\\\\\\\\\\\\\\\\\\\\\\\\\""""\""""\\\""""\""""\\\\\\\""""\""""\\\""""\""""\\\\\\\\\\\\\\\""""\""""\\\""""\""""\\\\\\\""""\""""\\\""""\""""\\\\\\\\\\\\\\\\\\\\\\\\\\\\\\\""""\""""\\\""""\""""\\\\\\\""""\""""\\\""""\""""\\\\\\\\\\\\\\\""""\""""\\\""""\""""\\\\\\\""""\""""\\\""""\""""Latin\\\\\\\\\\\\\\\\\\\\\\\\\\\\\\\\\\\\\\\\\\\\\\\\\\\\\\\\\\\\\\\\\\\\\\\\\\\\\\\\\\\\\\\\\\\\\\\\\\\\\\\\\\\\\\\\\\\\\\\\\\\\\\\\\\\\\\\\\\\\\\\\\\\\\\\\\\\\\\\\\\\\\\\\\\\\\\\\\\\\\\\\\\\\\\\\\\\\\\\\\\\\\\\\\\\\\\\\\\\\\\\\\\\\\\\\\\\\\\\\\\\\\\\\\\\\\\\""""\""""\\\""""\""""\\\\\\\""""\""""\\\""""\""""\\\\\\\\\\\\\\\""""\""""\\\""""\""""\\\\\\\""""\""""\\\""""\""""\\\\\\\\\\\\\\\\\\\\\\\\\\\\\\\""""\""""\\\""""\""""\\\\\\\""""\""""\\\""""\""""\\\\\\\\\\\\\\\""""\""""\\\""""\""""\\\\\\\""""\""""\\\""""\""""\\\\\\\\\\\\\\\\\\\\\\\\\\\\\\\\\\\\\\\\\\\\\\\\\\\\\\\\\\\\\\\""""\""""\\\""""\""""\\\\\\\""""\""""\\\""""\""""\\\\\\\\\\\\\\\""""\""""\\\""""\""""\\\\\\\""""\""""\\\""""\""""\\\\\\\\\\\\\\\\\\\\\\\\\\\\\\\""""\""""\\\""""\""""\\\\\\\""""\""""\\\""""\""""\\\\\\\\\\\\\\\""""\""""\\\""""\""""\\\\\\\""""\""""\\\""""\""""\\\\\\\\\\\\\\\\\\\\\\\\\\\\\\\\\\\\\\\\\\\\\\\\\\\\\\\\\\\\\\\\\\\\\\\\\\\\\\\\\\\\\\\\\\\\\\\\\\\\\\\\\\\\\\\\\\\\\\\\\\\\\\\""""\""""\\\""""\""""\\\\\\\""""\""""\\\""""\""""\\\\\\\\\\\\\\\""""\""""\\\""""\""""\\\\\\\""""\""""\\\""""\""""\\\\\\\\\\\\\\\\\\\\\\\\\\\\\\\""""\""""\\\""""\""""\\\\\\\""""\""""\\\""""\""""\\\\\\\\\\\\\\\""""\""""\\\""""\""""\\\\\\\""""\""""\\\""""\""""\\\\\\\\\\\\\\\\\\\\\\\\\\\\\\\\\\\\\\\\\\\\\\\\\\\\\\\\\\\\\\\""""\""""\\\""""\""""\\\\\\\""""\""""\\\""""\""""\\\\\\\\\\\\\\\""""\""""\\\""""\""""\\\\\\\""""\""""\\\""""\""""\\\\\\\\\\\\\\\\\\\\\\\\\\\\\\\""""\""""\\\""""\""""\\\\\\\""""\""""\\\""""\""""\\\\\\\\\\\\\\\""""\""""\\\""""\""""\\\\\\\""""\""""\\\""""\""""]\\\\\\\\\\\\\\\\\\\\\\\\\\\\\\\\\\\\\\\\\\\\\\\\\\\\\\\\\\\\\\\\\\\\\\\\\\\\\\\\\\\\\\\\\\\\\\\\\\\\\\\\\\\\\\\\\\\\\\\\\\\\\\\""""\""""\\\""""\""""\\\\\\\""""\""""\\\""""\""""\\\\\\\\\\\\\\\""""\""""\\\""""\""""\\\\\\\""""\""""\\\""""\""""\\\\\\\\\\\\\\\\\\\\\\\\\\\\\\\""""\""""\\\""""\""""\\\\\\\""""\""""\\\""""\""""\\\\\\\\\\\\\\\""""\""""\\\""""\""""\\\\\\\""""\""""\\\""""\""""\\\\\\\\\\\\\\\\\\\\\\\\\\\\\\\\\\\\\\\\\\\\\\\\\\\\\\\\\\\\\\\""""\""""\\\""""\""""\\\\\\\""""\""""\\\""""\""""\\\\\\\\\\\\\\\""""\""""\\\""""\""""\\\\\\\""""\""""\\\""""\""""\\\\\\\\\\\\\\\\\\\\\\\\\\\\\\\""""\""""\\\""""\""""\\\\\\\""""\""""\\\""""\""""\\\\\\\\\\\\\\\""""\""""\\\""""\""""\\\\\\\""""\""""\\\""""\""""\\\\\\\\\\\\\\\\\\\\\\\\\\\\\\\\\\\\\\\\\\\\\\\\\\\\\\\\\\\\\\\\\\\\\\\\\\\\\\\\\\\\\\\\\\\\\\\\\\\\\\\\\\\\\\\\\\\\\\\\\\\\\\\""""\""""\\\""""\""""\\\\\\\""""\""""\\\""""\""""\\\\\\\\\\\\\\\""""\""""\\\""""\""""\\\\\\\""""\""""\\\""""\""""\\\\\\\\\\\\\\\\\\\\\\\\\\\\\\\""""\""""\\\""""\""""\\\\\\\""""\""""\\\""""\""""\\\\\\\\\\\\\\\""""\""""\\\""""\""""\\\\\\\""""\""""\\\""""\""""\\\\\\\\\\\\\\\\\\\\\\\\\\\\\\\\\\\\\\\\\\\\\\\\\\\\\\\\\\\\\\\""""\""""\\\""""\""""\\\\\\\""""\""""\\\""""\""""\\\\\\\\\\\\\\\""""\""""\\\""""\""""\\\\\\\""""\""""\\\""""\""""\\\\\\\\\\\\\\\\\\\\\\\\\\\\\\\""""\""""\\\""""\""""\\\\\\\""""\""""\\\""""\""""\\\\\\\\\\\\\\\""""\""""\\\""""\""""\\\\\\\""""\""""\\\""""\""""\\\\\\\\\\\\\\\\\\\\\\\\\\\\\\\\\\\\\\\\\\\\\\\\\\\\\\\\\\\\\\\\\\\\\\\\\\\\\\\\\\\\\\\\\\\\\\\\\\\\\\\\\\\\\\\\\\\\\\\\\\\\\\\""""\""""\\\""""\""""\\\\\\\""""\""""\\\""""\""""\\\\\\\\\\\\\\\""""\""""\\\""""\""""\\\\\\\""""\""""\\\""""\""""\\\\\\\\\\\\\\\\\\\\\\\\\\\\\\\""""\""""\\\""""\""""\\\\\\\""""\""""\\\""""\""""\\\\\\\\\\\\\\\""""\""""\\\""""\""""\\\\\\\""""\""""\\\""""\""""\\\\\\\\\\\\\\\\\\\\\\\\\\\\\\\\\\\\\\\\\\\\\\\\\\\\\\\\\\\\\\\""""\""""\\\""""\""""\\\\\\\""""\""""\\\""""\""""\\\\\\\\\\\\\\\""""\""""\\\""""\""""\\\\\\\""""\""""\\\""""\""""\\\\\\\\\\\\\\\\\\\\\\\\\\\\\\\""""\""""\\\""""\""""\\\\\\\""""\""""\\\""""\""""\\\\\\\\\\\\\\\""""\""""\\\""""\""""\\\\\\\""""\""""\\\""""\""""\\\\\\\\\\\\\\\\\\\\\\\\\\\\\\\\\\\\\\\\\\\\\\\\\\\\\\\\\\\\\\\""""\""""\\\""""\""""\\\\\\\""""\""""\\\""""\""""\\\\\\\\\\\\\\\""""\""""\\\""""\""""\\\\\\\""""\""""\\\""""\""""\\\\\\\\\\\\\\\\\\\\\\\\\\\\\\\""""\""""\\\""""\""""\\\\\\\""""\""""\\\""""\""""\\\\\\\\\\\\\\\""""\""""\\\""""\""""\\\\\\\""""\""""\\\""""\""""\\\\\\\\\\\\\\\\\\\\\\\\\\\\\\\\\\\\\\\\\\\\\\\\\\\\\\\\\\\\\\\""""\""""\\\""""\""""\\\\\\\""""\""""\\\""""\""""\\\\\\\\\\\\\\\""""\""""\\\""""\""""\\\\\\\""""\""""\\\""""\""""\\\\\\\\\\\\\\\\\\\\\\\\\\\\\\\""""\""""\\\""""\""""\\\\\\\""""\""""\\\""""\""""\\\\\\\\\\\\\\\""""\""""\\\""""\""""\\\\\\\""""\""""\\\""""\""""\\\\\\\\\\\\\\\\\\\\\\\\\\\\\\\\\\\\\\\\\\\\\\\\\\\\\\\\\\\\\\\""""\""""\\\""""\""""\\\\\\\""""\""""\\\""""\""""\\\\\\\\\\\\\\\""""\""""\\\""""\""""\\\\\\\""""\""""\\\""""\""""\\\\\\\\\\\\\\\\\\\\\\\\\\\\\\\""""\""""\\\""""\""""\\\\\\\""""\""""\\\""""\""""\\\\\\\\\\\\\\\""""\""""\\\""""\""""\\\\\\\""""\""""\\\""""\""""\\\\\\\\\\\\\\\\\\\\\\\\\\\\\\\""""\""""\\\""""\""""\\\\\\\""""\""""\\\""""\""""\\\\\\\\\\\\\\\""""\""""\\\""""\""""\\\\\\\""""\""""\\\""""\""""\\\\\\\\\\\\\\\\\\\\\\\\\\\\\\\""""\""""\\\""""\""""\\\\\\\""""\""""\\\""""\""""\\\\\\\\\\\\\\\""""\""""\\\""""\""""\\\\\\\""""\""""\\\""""\""""\\\\\\\\\\\\\\\\\\\\\\\\\\\\\\\""""\""""\\\""""\""""\\\\\\\""""\""""\\\""""\""""\\\\\\\\\\\\\\\""""\""""\\\""""\""""\\\\\\\""""\""""\\\""""\""""\\\\\\\\\\\\\\\""""\""""\\\""""\""""\\\\\\\""""\""""\\\""""\""""\\\\\\\\\\\\\\\""""\""""\\\""""\""""\\\\\\\""""\""""\\\""""\""""\\\\\\\\\\\\\\\""""\""""\\\""""\""""\\\\\\\""""\""""\\\""""\""""\\\\\\\""""\""""\\\""""\""""\\\\\\\""""\""""\\\""""\""""\\\\\\\""""\""""\\\""""\""""\\\""""\""""\\\""""\""""\\\""""\""""\""""\""""\""""""""""",1,0,1,1,0,0,0,christ-classical-academy-tn-38024-fcapi-classicality-abstract.md,christ-classical-academy-tn-38024-fcapi-classicality-audit.md,christ-classical-academy-tn-38024-v*-fcapi-classicality-audit.pdf,,,0,0,0,0,680,
Acct0583,Christ Classical Academy of Charlotte,,,christ-classical-academy-charlotte-nc-28215,,+1 704 549 4101,,https://www.christclassicalclt.com/,10132-A Harrisburg Rd.,,Charlotte,Mecklenburg County,NC,28215,US,35.24451120,-80.65994170,classical,christ-classical-academy-charlotte-nc-28215-fcapi-classicality-abstract.md,christ-classical-academy-charlotte-nc-28215-fcapi-classicality-audit.md,christ-classical-academy-charlotte-nc-28215-v*-fcapi-classicality-audit.pdf,elementary-intermediate-secondary,Private School,Private,0,,,,,,,,,,,,,,,,,,,,,,,,,,,,,,0,,0,0,0,0,0,0,0,christ-classical-academy-charlotte-nc-28215-fcapi-classicality-abstract.md,christ-classical-academy-charlotte-nc-28215-fcapi-classicality-audit.md,christ-classical-academy-charlotte-nc-28215-v*-fcapi-classicality-audit.pdf,,,0,0,0,0,679,765
Acct0585,Christ Classical School,,,christ-classical-school-ca-93422,christclassical.slo@gmail.com,+1 805 453 6161,,https://christclassicalslo.org/,10580 Colorado Rd.,,San Luis Obispo,San Luis Obispo County,CA,93422,US,35.28637760,-120.70763250,classical,christ-classical-school-ca-93422-fcapi-classicality-abstract.md,christ-classical-school-ca-93422-fcapi-classicality-audit.md,christ-classical-school-ca-93422-v*-fcapi-classicality-audit.pdf,elementary-intermediate-secondary,Private School,Private,0,2016,,,,,,,,,,,,,,,,,,,,,,,,,,,,,0,,0,0,0,0,0,0,0,christ-classical-school-ca-93422-fcapi-classicality-abstract.md,christ-classical-school-ca-93422-fcapi-classicality-audit.md,christ-classical-school-ca-93422-v*-fcapi-classicality-audit.pdf,,,0,0,0,0,681,2122
Acct0586,Christ Covenant School,,,christ-covenant-school-la-70808,,+1 225 763 1453,,https://www.christcovenantschoolbr.com/,1700 Lee Drive,,Baton Rouge,East Baton Rouge Parish,LA,70808,US,30.41068790,-91.14535660,classical,christ-covenant-school-la-70808-fcapi-classicality-abstract.md,christ-covenant-school-la-70808-fcapi-classicality-audit.md,christ-covenant-school-la-70808-v*-fcapi-classicality-audit.pdf,elementary-intermediate-secondary,Private School,Private,0,,,,,,,,,,,,,,,,,,,,,,,,,,,,,,0,,0,0,0,0,0,0,0,christ-covenant-school-la-70808-fcapi-classicality-abstract.md,christ-covenant-school-la-70808-fcapi-classicality-audit.md,christ-covenant-school-la-70808-v*-fcapi-classicality-audit.pdf,,,0,0,0,0,682,617
Acct0591,Christ the Divine Teacher School,,,christ-divine-teacher-school-pa-15650,,+1 724 539 1561,,https://www.cdtschool.org/,323 Chestnut St.,,Latrobe,Westmoreland County,PA,15650,US,40.31508140,-79.38138220,classical,christ-divine-teacher-school-pa-15650-fcapi-classicality-abstract.md,christ-divine-teacher-school-pa-15650-fcapi-classicality-audit.md,christ-divine-teacher-school-pa-15650-v*-fcapi-classicality-audit.pdf,elementary-intermediate,Private School,Private,0,,,,,,,,,,,,,,,,,,,,,,,,,,,,,,0,,0,0,0,0,0,0,0,christ-divine-teacher-school-pa-15650-fcapi-classicality-abstract.md,christ-divine-teacher-school-pa-15650-fcapi-classicality-audit.md,christ-divine-teacher-school-pa-15650-v*-fcapi-classicality-audit.pdf,,,0,0,0,0,687,1624
Acct0592,Christ the King Academy,,,christ-king-academy-wa-98531,admissions@christthekingacademy.org,+1 360 951 3105,,https://christthekingacademy.org/,2502 Seward Ave.,,Centralia,Lewis County,WA,98531,US,46.74905680,-122.95113750,classical,christ-king-academy-wa-98531-fcapi-classicality-abstract.md,christ-king-academy-wa-98531-fcapi-classicality-audit.md,christ-king-academy-wa-98531-v*-fcapi-classicality-audit.pdf,elementary-intermediate-secondary,Private School,Private,0,2022,,,,,,,,,,,,,,,,,,,,,,,,,,,,,0,,0,0,0,0,0,0,0,christ-king-academy-wa-98531-fcapi-classicality-abstract.md,christ-king-academy-wa-98531-fcapi-classicality-audit.md,christ-king-academy-wa-98531-v*-fcapi-classicality-audit.pdf,,,0,0,0,0,688,1165
Acct0599,Christ the Savior Academy,,,christ-savior-academy-ks-67206,,+1 316 201 4810,,https://csawichita.org/,7515 East 13th Street North,,Wichita,Sedgwick County,KS,67206,US,37.70767040,-97.24999920,classical,christ-savior-academy-ks-67206-fcapi-classicality-abstract.md,christ-savior-academy-ks-67206-fcapi-classicality-audit.md,christ-savior-academy-ks-67206-v*-fcapi-classicality-audit.pdf,elementary-intermediate,Private School,Private,0,,,,,,,,,,,,,,,,,,,,,,,,,,,,,,0,,0,0,0,0,0,0,0,christ-savior-academy-ks-67206-fcapi-classicality-abstract.md,christ-savior-academy-ks-67206-fcapi-classicality-audit.md,christ-savior-academy-ks-67206-v*-fcapi-classicality-audit.pdf,,,0,0,0,0,694,1252
Acct0607,Christian Core Academy,,,christian-core-academy-co-80525,,+1 507 696 1168,,https://www.thelatinschoolco.org/,608 East Drake Road,,Fort Collins,Larimer County,CO,80525,US,40.55350730,-105.06831640,classical,christian-core-academy-co-80525-fcapi-classicality-abstract.md,christian-core-academy-co-80525-fcapi-classicality-audit.md,christian-core-academy-co-80525-v*-fcapi-classicality-audit.pdf,elementary-intermediate-secondary,Private School,Private,0,,,,,,,,,,,,,,,,,,,,,,,,,,,,,,0,,0,0,0,0,0,0,0,christian-core-academy-co-80525-fcapi-classicality-abstract.md,christian-core-academy-co-80525-fcapi-classicality-audit.md,christian-core-academy-co-80525-v*-fcapi-classicality-audit.pdf,,,0,0,0,0,701,62
Acct0608,Christian Heritage Academy,,,christian-heritage-academy-il-60093,,+1 847 446 5252,,https://www.christianheritage.org/,315 Waukegan Rd.,,Northfield,Cook County,IL,60093,US,42.09996500,-87.79700220,classical,christian-heritage-academy-il-60093-fcapi-classicality-abstract.md,christian-heritage-academy-il-60093-fcapi-classicality-audit.md,christian-heritage-academy-il-60093-v*-fcapi-classicality-audit.pdf,elementary-intermediate-secondary,Private School,Private,0,,,,,,,,,,,,,,,,,,,,,,,,,,,,,,0,,0,0,0,0,0,0,0,christian-heritage-academy-il-60093-fcapi-classicality-abstract.md,christian-heritage-academy-il-60093-fcapi-classicality-audit.md,christian-heritage-academy-il-60093-v*-fcapi-classicality-audit.pdf,,,0,0,0,0,702,2004
Acct0613,Christian Life Preparatory School,,,christian-life-preparatory-school-tx-76123,info@clps.info,+1 469 418 6826,,https://www.clpsfamily.com/,5253 Altamesa Boulevard,,Fort Worth,Tarrant County,TX,76123,US,32.64207620,-97.40406630,classical,christian-life-preparatory-school-tx-76123-fcapi-classicality-abstract.md,christian-life-preparatory-school-tx-76123-fcapi-classicality-audit.md,christian-life-preparatory-school-tx-76123-v*-fcapi-classicality-audit.pdf,elementary-intermediate-secondary,Private School,Private,0,2002,,,,,,,,,,,,,,,,,,,,,,,,,,,,,0,,0,0,0,0,0,0,0,christian-life-preparatory-school-tx-76123-fcapi-classicality-abstract.md,christian-life-preparatory-school-tx-76123-fcapi-classicality-audit.md,christian-life-preparatory-school-tx-76123-v*-fcapi-classicality-audit.pdf,,,0,0,0,0,707,2481
Acct0619,Christus Classical School,,,christus-classical-school-mo-64836,,+1 937 409 8687,,https://www.christusclassicalschool.com/,TBD,,Carthage,Jasper County,MO,64836,US,37.17862590,-94.31396130,classical,christus-classical-school-mo-64836-fcapi-classicality-abstract.md,christus-classical-school-mo-64836-fcapi-classicality-audit.md,christus-classical-school-mo-64836-v*-fcapi-classicality-audit.pdf,elementary-intermediate-secondary,Private School,Private,0,,,,,,,,,,,,,,,,,,,,,,,,,,,,,,0,,0,0,0,0,0,0,0,christus-classical-school-mo-64836-fcapi-classicality-abstract.md,christus-classical-school-mo-64836-fcapi-classicality-audit.md,christus-classical-school-mo-64836-v*-fcapi-classicality-audit.pdf,,,0,0,0,0,713,505
Acct0618,Christ’s Legacy Academy,,,christs-legacy-academy-tn-37303,info@clak12.org,+1 423 649 0040,,https://www.christslegacyacademy.org/,625 S Matlock Ave.,,Athens,McMinn County,TN,37303,US,35.43042500,-84.61104880,classical,christs-legacy-academy-tn-37303-fcapi-classicality-abstract.md,christs-legacy-academy-tn-37303-fcapi-classicality-audit.md,christs-legacy-academy-tn-37303-v*-fcapi-classicality-audit.pdf,elementary-intermediate-secondary,Private School,Private,0,,,,,,,,,,,,,,,,,,,,,,,,,,,,,,0,,0,0,0,0,0,0,0,christs-legacy-academy-tn-37303-fcapi-classicality-abstract.md,christs-legacy-academy-tn-37303-fcapi-classicality-audit.md,christs-legacy-academy-tn-37303-v*-fcapi-classicality-audit.pdf,,,0,0,0,0,712,2348
Acct0622,Cicero Preparatory Academy,,,cicero-preparatory-academy-az-85250,smaster@ciceroprep.org,+1 480 424 1790,,https://ciceroprep.greatheartsamerica.org/,7205 North Pima Rd.,,Scottsdale,Maricopa County,AZ,85250,US,33.54173210,-111.89090690,classical,cicero-preparatory-academy-az-85250-fcapi-classicality-abstract.md,cicero-preparatory-academy-az-85250-fcapi-classicality-audit.md,cicero-preparatory-academy-az-85250-v*-fcapi-classicality-audit.pdf,intermediate-secondary,Charter,,0,,518,,,,,,,,,,,,,,,,,,,,,,,,,,,,0,,0,0,0,0,0,0,0,cicero-preparatory-academy-az-85250-fcapi-classicality-abstract.md,cicero-preparatory-academy-az-85250-fcapi-classicality-audit.md,cicero-preparatory-academy-az-85250-v*-fcapi-classicality-audit.pdf,,,0,0,0,0,151,1593
Acct0627,Citadel Christian School,,,citadel-christian-school-tx-77833,shsuders@citadelchristian.org,+1 979 830 0991,,https://citadelchristian.org/,2111 South Blue Bell Road,,Brenham,Washington County,TX,77833,US,30.15536400,-96.36660550,classical,citadel-christian-school-tx-77833-fcapi-classicality-abstract.md,citadel-christian-school-tx-77833-fcapi-classicality-audit.md,citadel-christian-school-tx-77833-v*-fcapi-classicality-audit.pdf,elementary-intermediate-secondary,Private School,Private,0,1993,,,,,,,,,,,,,,,,,,,,,,,,,,,,,0,,0,0,0,0,0,0,0,citadel-christian-school-tx-77833-fcapi-classicality-abstract.md,citadel-christian-school-tx-77833-fcapi-classicality-audit.md,citadel-christian-school-tx-77833-v*-fcapi-classicality-audit.pdf,,,0,0,0,0,720,2341
Acct0632,Clapham School,,,clapham-school-il-60187,kbailey@claphamschool.org,+1 630 547 5125,,https://claphamschool.org/,PO Box 209,,Wheaton,DuPage County,IL,60187,US,41.86557090,-88.10330540,classical,clapham-school-il-60187-fcapi-classicality-abstract.md,clapham-school-il-60187-fcapi-classicality-audit.md,clapham-school-il-60187-v*-fcapi-classicality-audit.pdf,elementary-intermediate-secondary,Private School,Private,0,2005,,,,,,,,,,,,,,,,,,,,,,,,,,,,,0,,0,0,0,0,0,0,0,clapham-school-il-60187-fcapi-classicality-abstract.md,clapham-school-il-60187-fcapi-classicality-audit.md,clapham-school-il-60187-v*-fcapi-classicality-audit.pdf,,,0,0,0,0,724,2156
Acct0642,Classical Academy de Lafayette,,,classical-academy-de-lafayette-mo-63368,,+1 636 329 9366,,https://lafayetteacademy.org/,1 Academy Place,,Wentzville,St. Charles County,MO,63368,US,38.77521530,-90.80254890,classical,classical-academy-de-lafayette-mo-63368-fcapi-classicality-abstract.md,classical-academy-de-lafayette-mo-63368-fcapi-classicality-audit.md,classical-academy-de-lafayette-mo-63368-v*-fcapi-classicality-audit.pdf,elementary-intermediate-secondary,Charter,Public,0,,,,,,,,,,,,,,,,,,,,,,,,,,,,,,0,,0,0,0,0,0,0,0,classical-academy-de-lafayette-mo-63368-fcapi-classicality-abstract.md,classical-academy-de-lafayette-mo-63368-fcapi-classicality-audit.md,classical-academy-de-lafayette-mo-63368-v*-fcapi-classicality-audit.pdf,,,0,0,0,0,730,2702
Net0144,Classical Charter School of Southport,,,classical-charter-school-southport-nc-28422,,+1 910 338 4178,,https://ccssouthport.net/,2260 Achievement Ave. Se,,Bolivia,Brunswick County,NC,28422,US,33.97235920,-78.19898960,classical,classical-charter-school-southport-nc-28422-fcapi-classicality-abstract.md,classical-charter-school-southport-nc-28422-fcapi-classicality-audit.md,classical-charter-school-southport-nc-28422-v*-fcapi-classicality-audit.pdf,elementary-intermediate,Charter,Public,0,,,,,,,,,,,,,,,,,,,,,,,,,,,,,,0,,0,0,0,0,0,0,0,classical-charter-school-southport-nc-28422-fcapi-classicality-abstract.md,classical-charter-school-southport-nc-28422-fcapi-classicality-audit.md,classical-charter-school-southport-nc-28422-v*-fcapi-classicality-audit.pdf,,,0,0,0,0,117,697
Net0145,Classical Charter School of Whiteville,,,classical-charter-school-whiteville-nc-28472,,+1 910 641 4042,,https://ccswhiteville.net/,35 Bacons Way,,Whiteville,Columbus County,NC,28472,US,34.40403280,-78.77164270,classical,classical-charter-school-whiteville-nc-28472-fcapi-classicality-abstract.md,classical-charter-school-whiteville-nc-28472-fcapi-classicality-audit.md,classical-charter-school-whiteville-nc-28472-v*-fcapi-classicality-audit.pdf,elementary-intermediate,Charter,Public,0,,,,,,,,,,,,,,,,,,,,,,,,,,,,,,0,,0,0,0,0,0,0,0,classical-charter-school-whiteville-nc-28472-fcapi-classicality-abstract.md,classical-charter-school-whiteville-nc-28472-fcapi-classicality-audit.md,classical-charter-school-whiteville-nc-28472-v*-fcapi-classicality-audit.pdf,,,0,0,0,0,118,698
Net0142,Classical Charter School of Wilmington,,,classical-charter-school-wilmington-nc-28401,,+1 910 763 1976,,https://ccswilmington.net/,507 N 6th St,,Wilmington,New Hanover County,NC,28401,US,34.24217980,-77.94309050,classical,classical-charter-school-wilmington-nc-28401-fcapi-classicality-abstract.md,classical-charter-school-wilmington-nc-28401-fcapi-classicality-audit.md,classical-charter-school-wilmington-nc-28401-v*-fcapi-classicality-audit.pdf,elementary,Charter,Public,0,,,,,,,,,,,,,,,,,,,,,,,,,,,,,,0,,0,0,0,0,0,0,0,classical-charter-school-wilmington-nc-28401-fcapi-classicality-abstract.md,classical-charter-school-wilmington-nc-28401-fcapi-classicality-audit.md,classical-charter-school-wilmington-nc-28401-v*-fcapi-classicality-audit.pdf,,,0,0,0,0,115,699
Acct0662,Classical Christian Academy,,,classical-christian-academy-fl-33917,,+1 239 543 1532,,https://www.discovercca.org/,7101 Bayshore Road,,North Fort Myers,Lee County,FL,33917,US,26.70987030,-81.84035220,classical,classical-christian-academy-fl-33917-fcapi-classicality-abstract.md,classical-christian-academy-fl-33917-fcapi-classicality-audit.md,classical-christian-academy-fl-33917-v*-fcapi-classicality-audit.pdf,elementary-intermediate-secondary,Private School,Private,0,,,,,,,,,,,,,,,,,,,,,,,,,,,,,,0,,0,0,0,0,0,0,0,classical-christian-academy-fl-33917-fcapi-classicality-abstract.md,classical-christian-academy-fl-33917-fcapi-classicality-audit.md,classical-christian-academy-fl-33917-v*-fcapi-classicality-audit.pdf,,,0,0,0,0,737,1851
Acct0666,Classical Consortium Academy,,,classical-consortium-academy-il-60010,classicalconsortiumacademy@gmail.com,+1 847 477 7208,,https://www.classicalconsortiumacademy.org/,1600 E Main St,,Barrington,Lake County,IL,60010,US,42.15486280,-88.10743980,classical,classical-consortium-academy-il-60010-fcapi-classicality-abstract.md,classical-consortium-academy-il-60010-fcapi-classicality-audit.md,classical-consortium-academy-il-60010-v*-fcapi-classicality-audit.pdf,elementary-intermediate-secondary,Private School,Private,0,2006,,,,,,,,,,,,,,,,,,,,,,,,,,,,,0,,0,0,0,0,0,0,0,classical-consortium-academy-il-60010-fcapi-classicality-abstract.md,classical-consortium-academy-il-60010-fcapi-classicality-audit.md,classical-consortium-academy-il-60010-v*-fcapi-classicality-audit.pdf,,,0,0,0,0,741,2187
Acct0675,Classical School of Wichita,,,classical-school-wichita-ks-67218,office@cswsaints.com,+1 316 773 9279,,https://cswsaints.com/,6355 Willowbrook St.,,Wichita,Sedgwick County,KS,67218,US,37.68059400,-97.26341910,classical,classical-school-wichita-ks-67218-fcapi-classicality-abstract.md,classical-school-wichita-ks-67218-fcapi-classicality-audit.md,classical-school-wichita-ks-67218-v*-fcapi-classicality-audit.pdf,elementary-intermediate-secondary,Private School,Private,0,2006,,,,,,,,,,,,,,,,,,,,,,,,,,,,,0,,0,0,0,0,0,0,0,classical-school-wichita-ks-67218-fcapi-classicality-abstract.md,classical-school-wichita-ks-67218-fcapi-classicality-audit.md,classical-school-wichita-ks-67218-v*-fcapi-classicality-audit.pdf,,,0,0,0,0,751,2543
Acct0679,Clear Lake Classical,,,clear-lake-classical-ia-50428,info@clearlakeclassical.org,+1 651 206 2800,,https://clearlakeclassical.org/,1310 Hwy 18 W And 408 Mars Hill Dr.ive In,,Clear Lake,Cerro Gordo County,IA,50428,US,43.14355300,-93.40435290,classical,clear-lake-classical-ia-50428-fcapi-classicality-abstract.md,clear-lake-classical-ia-50428-fcapi-classicality-audit.md,clear-lake-classical-ia-50428-v*-fcapi-classicality-audit.pdf,elementary-intermediate-secondary,Private School,Private,0,2014,,,,,,,,,,,,,,,,,,,,,,,,,,,,,0,,0,0,0,0,0,0,0,clear-lake-classical-ia-50428-fcapi-classicality-abstract.md,clear-lake-classical-ia-50428-fcapi-classicality-audit.md,clear-lake-classical-ia-50428-v*-fcapi-classicality-audit.pdf,,,0,0,0,0,754,2076
Acct0683,Clermont Christian School,,,clermont-christian-school-oh-45102,info@clermontchristian.org,+1 937 620 1425,,https://www.westcler.k12.oh.us/WCMS/home/,3742 White Chapel Ct,,Amelia,Clermont County,OH,45102,US,39.04515770,-84.25140550,classical,clermont-christian-school-oh-45102-fcapi-classicality-abstract.md,clermont-christian-school-oh-45102-fcapi-classicality-audit.md,clermont-christian-school-oh-45102-v*-fcapi-classicality-audit.pdf,elementary-intermediate-secondary,Private School,Private,0,2023,,,,,,,,,,,,,,,,,,,,,,,,,,,,,0,,0,0,0,0,0,0,0,clermont-christian-school-oh-45102-fcapi-classicality-abstract.md,clermont-christian-school-oh-45102-fcapi-classicality-audit.md,clermont-christian-school-oh-45102-v*-fcapi-classicality-audit.pdf,,,0,0,0,0,758,339
Acct2407,College of the Ozarks,,,college-ozarks-mo-65726,lwilks@cofo.edu,+1 417 690 2380,,https://cofo.edu/,PO Box 17,,Point Lookout,Taney County,MO,65726,US,36.61666950,-93.23671210,classical,college-ozarks-mo-65726-fcapi-classicality-abstract.md,college-ozarks-mo-65726-fcapi-classicality-audit.md,college-ozarks-mo-65726-v*-fcapi-classicality-audit.pdf,elementary-intermediate-secondary,Private School,Private,0,2012,,,,,,,,,,,,,,,,,,,,,,,,,,,,,0,,0,0,0,0,0,0,0,college-ozarks-mo-65726-fcapi-classicality-abstract.md,college-ozarks-mo-65726-fcapi-classicality-audit.md,college-ozarks-mo-65726-v*-fcapi-classicality-audit.pdf,,,0,0,0,0,2172,2579
Acct0699,Colorado Classical School,,,colorado-classical-school-co-80122,info@coloradoclassicalschool.org,+1 303 747 6448,,https://colorado-ccs.org/,7691 South University Blvd.,,Centennial,Arapahoe County,CO,80122,US,39.57764630,-104.96170210,classical,colorado-classical-school-co-80122-fcapi-classicality-abstract.md,colorado-classical-school-co-80122-fcapi-classicality-audit.md,colorado-classical-school-co-80122-v*-fcapi-classicality-audit.pdf,elementary-intermediate,Private School,Private,0,2024,,,,,,,,,,,,,,,,,,,,,,,,,,,,,0,,0,0,0,0,0,0,0,colorado-classical-school-co-80122-fcapi-classicality-abstract.md,colorado-classical-school-co-80122-fcapi-classicality-audit.md,colorado-classical-school-co-80122-v*-fcapi-classicality-audit.pdf,,,0,0,0,0,771,316
Acct0701,Colquitt Christian Academy,,,colquitt-christian-academy-ga-31768,kcoyle@colquittchristian.org,+1 318 688 5081,,https://colquittchristian.org/,830 26th Ave. Se,,Moultrie,Colquitt County,GA,31768,US,31.13646680,-83.77081090,classical,colquitt-christian-academy-ga-31768-fcapi-classicality-abstract.md,colquitt-christian-academy-ga-31768-fcapi-classicality-audit.md,colquitt-christian-academy-ga-31768-v*-fcapi-classicality-audit.pdf,elementary-intermediate-secondary,Private School,Private,0,2015,,,,,,,,,,,,,,,,,,,,,,,,,,,,,0,,0,0,0,0,0,0,0,colquitt-christian-academy-ga-31768-fcapi-classicality-abstract.md,colquitt-christian-academy-ga-31768-fcapi-classicality-audit.md,colquitt-christian-academy-ga-31768-v*-fcapi-classicality-audit.pdf,,,0,0,0,0,773,2458
Acct0702,Columbus Classical Academy,,,columbus-classical-academy-oh-43240,,+1 614 245 5547,,https://columbusclassical.org/,2000 Polaris Parkway,,Columbus,Delaware County,OH,43240,US,40.14430810,-82.96555250,classical,columbus-classical-academy-oh-43240-fcapi-classicality-abstract.md,columbus-classical-academy-oh-43240-fcapi-classicality-audit.md,columbus-classical-academy-oh-43240-v*-fcapi-classicality-audit.pdf,elementary-intermediate-secondary,Charter,Public,0,,,,,,,,,,,,,,,,,,,,,,,,,,,,,,0,,0,0,0,0,0,0,0,columbus-classical-academy-oh-43240-fcapi-classicality-abstract.md,columbus-classical-academy-oh-43240-fcapi-classicality-audit.md,columbus-classical-academy-oh-43240-v*-fcapi-classicality-audit.pdf,,,0,0,0,0,774,1091
Acct0704,Community Christian Academy,,,community-christian-academy-fl-34997,,,,https://www.ccacougars.net,777 SE Salerno Rd.,,Stuart,,FL,34997,US,27.12835570,-80.24432940,classical,community-christian-academy-fl-34997-fcapi-classicality-abstract.md,community-christian-academy-fl-34997-fcapi-classicality-audit.md,community-christian-academy-fl-34997-v*-fcapi-classicality-audit.pdf,elementary-intermediate,Private School,Private School,0,,71,,,,,,,,,,,,,,,,,,,,,,,,,,,,1,"""\""\\\""""\\\\\\\""""\""""\\\\\\\\\\\\\\\""""\""""\\\""""\""""\\\\\\\\\\\\\\\\\\\\\\\\\\\\\\\""""\""""\\\""""\""""\\\\\\\""""\""""\\\""""\""""\\\\\\\\\\\\\\\\\\\\\\\\\\\\\\\\\\\\\\\\\\\\\\\\\\\\\\\\\\\\\\\""""\""""\\\""""\""""\\\\\\\""""\""""\\\""""\""""\\\\\\\\\\\\\\\""""\""""\\\""""\""""\\\\\\\""""\""""\\\""""\""""[\\\\\\\\\\\\\\\\\\\\\\\\\\\\\\\\\\\\\\\\\\\\\\\\\\\\\\\\\\\\\\\\\\\\\\\\\\\\\\\\\\\\\\\\\\\\\\\\\\\\\\\\\\\\\\\\\\\\\\\\\\\\\\\""""\""""\\\""""\""""\\\\\\\""""\""""\\\""""\""""\\\\\\\\\\\\\\\""""\""""\\\""""\""""\\\\\\\""""\""""\\\""""\""""\\\\\\\\\\\\\\\\\\\\\\\\\\\\\\\""""\""""\\\""""\""""\\\\\\\""""\""""\\\""""\""""\\\\\\\\\\\\\\\""""\""""\\\""""\""""\\\\\\\""""\""""\\\""""\""""Latin\\\\\\\\\\\\\\\\\\\\\\\\\\\\\\\\\\\\\\\\\\\\\\\\\\\\\\\\\\\\\\\\\\\\\\\\\\\\\\\\\\\\\\\\\\\\\\\\\\\\\\\\\\\\\\\\\\\\\\\\\\\\\\\""""\""""\\\""""\""""\\\\\\\""""\""""\\\""""\""""\\\\\\\\\\\\\\\""""\""""\\\""""\""""\\\\\\\""""\""""\\\""""\""""\\\\\\\\\\\\\\\\\\\\\\\\\\\\\\\""""\""""\\\""""\""""\\\\\\\""""\""""\\\""""\""""\\\\\\\\\\\\\\\""""\""""\\\""""\""""\\\\\\\""""\""""\\\""""\""""\\\\\\\\\\\\\\\\\\\\\\\\\\\\\\\\\\\\\\\\\\\\\\\\\\\\\\\\\\\\\\\""""\""""\\\""""\""""\\\\\\\""""\""""\\\""""\""""\\\\\\\\\\\\\\\""""\""""\\\""""\""""\\\\\\\""""\""""\\\""""\""""\\\\\\\\\\\\\\\\\\\\\\\\\\\\\\\""""\""""\\\""""\""""\\\\\\\""""\""""\\\""""\""""\\\\\\\\\\\\\\\""""\""""\\\""""\""""\\\\\\\""""\""""\\\""""\""""]\\\\\\\\\\\\\\\\\\\\\\\\\\\\\\\\\\\\\\\\\\\\\\\\\\\\\\\\\\\\\\\""""\""""\\\""""\""""\\\\\\\""""\""""\\\""""\""""\\\\\\\\\\\\\\\""""\""""\\\""""\""""\\\\\\\""""\""""\\\""""\""""\\\\\\\\\\\\\\\\\\\\\\\\\\\\\\\""""\""""\\\""""\""""\\\\\\\""""\""""\\\""""\""""\\\\\\\\\\\\\\\""""\""""\\\""""\""""\\\\\\\""""\""""\\\""""\""""\\\\\\\\\\\\\\\\\\\\\\\\\\\\\\\\\\\\\\\\\\\\\\\\\\\\\\\\\\\\\\\""""\""""\\\""""\""""\\\\\\\""""\""""\\\""""\""""\\\\\\\\\\\\\\\""""\""""\\\""""\""""\\\\\\\""""\""""\\\""""\""""\\\\\\\\\\\\\\\\\\\\\\\\\\\\\\\""""\""""\\\""""\""""\\\\\\\""""\""""\\\""""\""""\\\\\\\\\\\\\\\""""\""""\\\""""\""""\\\\\\\""""\""""\\\""""\""""\\\\\\\\\\\\\\\\\\\\\\\\\\\\\\\\\\\\\\\\\\\\\\\\\\\\\\\\\\\\\\\""""\""""\\\""""\""""\\\\\\\""""\""""\\\""""\""""\\\\\\\\\\\\\\\""""\""""\\\""""\""""\\\\\\\""""\""""\\\""""\""""\\\\\\\\\\\\\\\\\\\\\\\\\\\\\\\""""\""""\\\""""\""""\\\\\\\""""\""""\\\""""\""""\\\\\\\\\\\\\\\""""\""""\\\""""\""""\\\\\\\""""\""""\\\""""\""""\\\\\\\\\\\\\\\\\\\\\\\\\\\\\\\""""\""""\\\""""\""""\\\\\\\""""\""""\\\""""\""""\\\\\\\\\\\\\\\""""\""""\\\""""\""""\\\\\\\""""\""""\\\""""\""""\\\\\\\\\\\\\\\\\\\\\\\\\\\\\\\""""\""""\\\""""\""""\\\\\\\""""\""""\\\""""\""""\\\\\\\\\\\\\\\""""\""""\\\""""\""""\\\\\\\""""\""""\\\""""\""""\\\\\\\\\\\\\\\\\\\\\\\\\\\\\\\""""\""""\\\""""\""""\\\\\\\""""\""""\\\""""\""""\\\\\\\\\\\\\\\""""\""""\\\""""\""""\\\\\\\""""\""""\\\""""\""""\\\\\\\\\\\\\\\""""\""""\\\""""\""""\\\\\\\""""\""""\\\""""\""""\\\\\\\\\\\\\\\""""\""""\\\""""\""""\\\\\\\""""\""""\\\""""\""""\\\\\\\\\\\\\\\""""\""""\\\""""\""""\\\\\\\""""\""""\\\""""\""""\\\\\\\""""\""""\\\""""\""""\\\\\\\""""\""""\\\""""\""""\\\\\\\""""\""""\\\""""\""""\\\""""\""""\\\""""\""""\\\""""\""""\""""\""""\""""""""""",0,0,1,0,0,0,0,community-christian-academy-fl-34997-fcapi-classicality-abstract.md,community-christian-academy-fl-34997-fcapi-classicality-audit.md,community-christian-academy-fl-34997-v*-fcapi-classicality-audit.pdf,,,0,0,0,0,776,
Acct0705,Community Christian Academy,,,community-christian-academy-wi-53010,office@ccawisconsin.org,+1 262 338 0725,,https://westbendchurch.org/locations/community-christian-academy/,777 Southeast Salerno Road,,Campbellsport,Fond du Lac County,WI,53010,US,27.12875550,-80.24385070,classical,community-christian-academy-wi-53010-fcapi-classicality-abstract.md,community-christian-academy-wi-53010-fcapi-classicality-audit.md,community-christian-academy-wi-53010-v*-fcapi-classicality-audit.pdf,elementary-intermediate-secondary,Private School,Private,0,2025,,,,,,,,,,,,,,,,,,,,,,,,,,,,,0,,0,0,0,0,0,0,0,community-christian-academy-wi-53010-fcapi-classicality-abstract.md,community-christian-academy-wi-53010-fcapi-classicality-audit.md,community-christian-academy-wi-53010-v*-fcapi-classicality-audit.pdf,,,0,0,0,0,777,128
Acct0714,Concordia Academy,,,concordia-academy-ks-67211,info@concordiaacademywichita.org,+1 316 650 1583,,https://cawichita.org/,909 S. Market St.,,Wichita,Sedgwick County,KS,67211,US,37.67557440,-97.33723210,classical,concordia-academy-ks-67211-fcapi-classicality-abstract.md,concordia-academy-ks-67211-fcapi-classicality-audit.md,concordia-academy-ks-67211-v*-fcapi-classicality-audit.pdf,secondary,Private School,Private,0,2022,,,,,,,,,,,,,,,,,,,,,,,,,,,,,0,,0,0,0,0,0,0,0,concordia-academy-ks-67211-fcapi-classicality-abstract.md,concordia-academy-ks-67211-fcapi-classicality-audit.md,concordia-academy-ks-67211-v*-fcapi-classicality-audit.pdf,,,0,0,0,0,786,1679
Acct0722,Connection School,,,connection-school-tx-77433,info@tcsoh.org,+1 832 544 6031,,https://tcsoh.org/,15815 House Hahl Road,,Cypress,Harris County,TX,77433,US,29.97199890,-95.70366790,classical,connection-school-tx-77433-fcapi-classicality-abstract.md,connection-school-tx-77433-fcapi-classicality-audit.md,connection-school-tx-77433-v*-fcapi-classicality-audit.pdf,elementary-intermediate-secondary,Private School,Private,0,,,,,,,,,,,,,,,,,,,,,,,,,,,,,,0,,0,0,0,0,0,0,0,connection-school-tx-77433-fcapi-classicality-abstract.md,connection-school-tx-77433-fcapi-classicality-audit.md,connection-school-tx-77433-v*-fcapi-classicality-audit.pdf,,,0,0,0,0,794,2433
Acct0726,Coppell Classical Academy,,,coppell-classical-academy-tx-75019,,+1 972 393 3077,,https://www.coppellclassical.com/,140 S. Heartz Rd.,,Coppell,Dallas County,TX,75019,US,32.96751270,-96.98849520,classical,coppell-classical-academy-tx-75019-fcapi-classicality-abstract.md,coppell-classical-academy-tx-75019-fcapi-classicality-audit.md,coppell-classical-academy-tx-75019-v*-fcapi-classicality-audit.pdf,elementary,Charter,Public,0,,,,,,,,,,,,,,,,,,,,,,,,,,,,,,0,,0,0,0,0,0,0,0,coppell-classical-academy-tx-75019-fcapi-classicality-abstract.md,coppell-classical-academy-tx-75019-fcapi-classicality-audit.md,coppell-classical-academy-tx-75019-v*-fcapi-classicality-audit.pdf,,,0,0,0,0,798,1701
Acct0727,Cor Deo School,,,cor-deo-school-wa-98373,info@thecordeoschool.org,+1 253 240 0287,,https://thecordeoschool.org/,20 Ave. S,,Tacoma,Pierce County,WA,98373,US,47.26314300,-122.44728880,classical,cor-deo-school-wa-98373-fcapi-classicality-abstract.md,cor-deo-school-wa-98373-fcapi-classicality-audit.md,cor-deo-school-wa-98373-v*-fcapi-classicality-audit.pdf,elementary-intermediate,Private School,Private,0,,,,,,,,,,,,,,,,,,,,,,,,,,,,,,0,,0,0,0,0,0,0,0,cor-deo-school-wa-98373-fcapi-classicality-abstract.md,cor-deo-school-wa-98373-fcapi-classicality-audit.md,cor-deo-school-wa-98373-v*-fcapi-classicality-audit.pdf,,,0,0,0,0,799,1842
Acct0729,Coram Deo Academy,,,coram-deo-academy-in-46032,info@coramdeo-in.com,+1 650 703 0948,,https://coramdeo-in.com/,651 Main St.,,Carmel,Hamilton County,IN,46032,US,39.95951270,-86.14760590,classical,coram-deo-academy-in-46032-fcapi-classicality-abstract.md,coram-deo-academy-in-46032-fcapi-classicality-audit.md,coram-deo-academy-in-46032-v*-fcapi-classicality-audit.pdf,elementary-intermediate-secondary,Private School,Private,0,2008,,,,,,,,,,,,,,,,,,,,,,,,,,,,,0,,0,0,0,0,0,0,0,coram-deo-academy-in-46032-fcapi-classicality-abstract.md,coram-deo-academy-in-46032-fcapi-classicality-audit.md,coram-deo-academy-in-46032-v*-fcapi-classicality-audit.pdf,,,0,0,0,0,801,1872
Acct0731,Coram Deo Academy,,,coram-deo-academy-or-97305,info@coramdeoacademy.net,+1 503 991 6676,+1 503 877 3259,https://coramdeoacademy.net/,8512 Sunnyview Rd NE,C/O Emmanuel Bible Church,Salem,,OR,97305,US,44.95794200,-122.88657500,classical,coram-deo-academy-or-97305-fcapi-classicality-abstract.md,coram-deo-academy-or-97305-fcapi-classicality-audit.md,coram-deo-academy-or-97305-v*-fcapi-classicality-audit.pdf,elementary,Private School,Private School,0,2022,22,,,,,,,,,,,,,,,,,,,,,,,,,,,,0,"""\""\\\""""\\\\\\\""""\""""\\\\\\\\\\\\\\\""""\""""\\\""""\""""\\\\\\\\\\\\\\\\\\\\\\\\\\\\\\\""""\""""\\\""""\""""\\\\\\\""""\""""\\\""""\""""\\\\\\\\\\\\\\\\\\\\\\\\\\\\\\\\\\\\\\\\\\\\\\\\\\\\\\\\\\\\\\\""""\""""\\\""""\""""\\\\\\\""""\""""\\\""""\""""\\\\\\\\\\\\\\\""""\""""\\\""""\""""\\\\\\\""""\""""\\\""""\""""[\\\\\\\\\\\\\\\\\\\\\\\\\\\\\\\\\\\\\\\\\\\\\\\\\\\\\\\\\\\\\\\\\\\\\\\\\\\\\\\\\\\\\\\\\\\\\\\\\\\\\\\\\\\\\\\\\\\\\\\\\\\\\\\""""\""""\\\""""\""""\\\\\\\""""\""""\\\""""\""""\\\\\\\\\\\\\\\""""\""""\\\""""\""""\\\\\\\""""\""""\\\""""\""""\\\\\\\\\\\\\\\\\\\\\\\\\\\\\\\""""\""""\\\""""\""""\\\\\\\""""\""""\\\""""\""""\\\\\\\\\\\\\\\""""\""""\\\""""\""""\\\\\\\""""\""""\\\""""\""""Latin\\\\\\\\\\\\\\\\\\\\\\\\\\\\\\\\\\\\\\\\\\\\\\\\\\\\\\\\\\\\\\\\\\\\\\\\\\\\\\\\\\\\\\\\\\\\\\\\\\\\\\\\\\\\\\\\\\\\\\\\\\\\\\\""""\""""\\\""""\""""\\\\\\\""""\""""\\\""""\""""\\\\\\\\\\\\\\\""""\""""\\\""""\""""\\\\\\\""""\""""\\\""""\""""\\\\\\\\\\\\\\\\\\\\\\\\\\\\\\\""""\""""\\\""""\""""\\\\\\\""""\""""\\\""""\""""\\\\\\\\\\\\\\\""""\""""\\\""""\""""\\\\\\\""""\""""\\\""""\""""\\\\\\\\\\\\\\\\\\\\\\\\\\\\\\\\\\\\\\\\\\\\\\\\\\\\\\\\\\\\\\\""""\""""\\\""""\""""\\\\\\\""""\""""\\\""""\""""\\\\\\\\\\\\\\\""""\""""\\\""""\""""\\\\\\\""""\""""\\\""""\""""\\\\\\\\\\\\\\\\\\\\\\\\\\\\\\\""""\""""\\\""""\""""\\\\\\\""""\""""\\\""""\""""\\\\\\\\\\\\\\\""""\""""\\\""""\""""\\\\\\\""""\""""\\\""""\""""]\\\\\\\\\\\\\\\\\\\\\\\\\\\\\\\\\\\\\\\\\\\\\\\\\\\\\\\\\\\\\\\""""\""""\\\""""\""""\\\\\\\""""\""""\\\""""\""""\\\\\\\\\\\\\\\""""\""""\\\""""\""""\\\\\\\""""\""""\\\""""\""""\\\\\\\\\\\\\\\\\\\\\\\\\\\\\\\""""\""""\\\""""\""""\\\\\\\""""\""""\\\""""\""""\\\\\\\\\\\\\\\""""\""""\\\""""\""""\\\\\\\""""\""""\\\""""\""""\\\\\\\\\\\\\\\\\\\\\\\\\\\\\\\\\\\\\\\\\\\\\\\\\\\\\\\\\\\\\\\""""\""""\\\""""\""""\\\\\\\""""\""""\\\""""\""""\\\\\\\\\\\\\\\""""\""""\\\""""\""""\\\\\\\""""\""""\\\""""\""""\\\\\\\\\\\\\\\\\\\\\\\\\\\\\\\""""\""""\\\""""\""""\\\\\\\""""\""""\\\""""\""""\\\\\\\\\\\\\\\""""\""""\\\""""\""""\\\\\\\""""\""""\\\""""\""""\\\\\\\\\\\\\\\\\\\\\\\\\\\\\\\\\\\\\\\\\\\\\\\\\\\\\\\\\\\\\\\""""\""""\\\""""\""""\\\\\\\""""\""""\\\""""\""""\\\\\\\\\\\\\\\""""\""""\\\""""\""""\\\\\\\""""\""""\\\""""\""""\\\\\\\\\\\\\\\\\\\\\\\\\\\\\\\""""\""""\\\""""\""""\\\\\\\""""\""""\\\""""\""""\\\\\\\\\\\\\\\""""\""""\\\""""\""""\\\\\\\""""\""""\\\""""\""""\\\\\\\\\\\\\\\\\\\\\\\\\\\\\\\""""\""""\\\""""\""""\\\\\\\""""\""""\\\""""\""""\\\\\\\\\\\\\\\""""\""""\\\""""\""""\\\\\\\""""\""""\\\""""\""""\\\\\\\\\\\\\\\\\\\\\\\\\\\\\\\""""\""""\\\""""\""""\\\\\\\""""\""""\\\""""\""""\\\\\\\\\\\\\\\""""\""""\\\""""\""""\\\\\\\""""\""""\\\""""\""""\\\\\\\\\\\\\\\\\\\\\\\\\\\\\\\""""\""""\\\""""\""""\\\\\\\""""\""""\\\""""\""""\\\\\\\\\\\\\\\""""\""""\\\""""\""""\\\\\\\""""\""""\\\""""\""""\\\\\\\\\\\\\\\""""\""""\\\""""\""""\\\\\\\""""\""""\\\""""\""""\\\\\\\\\\\\\\\""""\""""\\\""""\""""\\\\\\\""""\""""\\\""""\""""\\\\\\\\\\\\\\\""""\""""\\\""""\""""\\\\\\\""""\""""\\\""""\""""\\\\\\\""""\""""\\\""""\""""\\\\\\\""""\""""\\\""""\""""\\\\\\\""""\""""\\\""""\""""\\\""""\""""\\\""""\""""\\\""""\""""\""""\""""\""""""""""",0,0,1,0,0,0,0,coram-deo-academy-or-97305-fcapi-classicality-abstract.md,coram-deo-academy-or-97305-fcapi-classicality-audit.md,coram-deo-academy-or-97305-v*-fcapi-classicality-audit.pdf,,,0,0,0,0,802,882
Acct0735,Coram Deo Classical Academy,,,coram-deo-classical-academy-tx-78520,info@coramdeobrownsville.org,+1 956 459 7162,,https://coramdeobrownsville.org/,1175 W. Price Rd. Ste 3,,Brownsville,Cameron County,TX,78520,US,25.93743700,-97.50553510,classical,coram-deo-classical-academy-tx-78520-fcapi-classicality-abstract.md,coram-deo-classical-academy-tx-78520-fcapi-classicality-audit.md,coram-deo-classical-academy-tx-78520-v*-fcapi-classicality-audit.pdf,elementary-intermediate-secondary,Private School,Private,0,2006,,,,,,,,,,,,,,,,,,,,,,,,,,,,,0,,0,0,0,0,0,0,0,coram-deo-classical-academy-tx-78520-fcapi-classicality-abstract.md,coram-deo-classical-academy-tx-78520-fcapi-classicality-audit.md,coram-deo-classical-academy-tx-78520-v*-fcapi-classicality-audit.pdf,,,0,0,0,0,806,1932
Acct0739,Coram Deo Classical School,,,coram-deo-classical-school-il-62864,coramdeoclassicalschool@gmail.com,+1 618 244 9338,,https://www.coramdeoschool.org/,1600 Salem Rd.,,Mount Vernon,Jefferson County,IL,62864,US,38.33671530,-88.91255220,classical,coram-deo-classical-school-il-62864-fcapi-classicality-abstract.md,coram-deo-classical-school-il-62864-fcapi-classicality-audit.md,coram-deo-classical-school-il-62864-v*-fcapi-classicality-audit.pdf,elementary-intermediate-secondary,Private School,Private,0,2016,,,,,,,,,,,,,,,,,,,,,,,,,,,,,0,,0,0,0,0,0,0,0,coram-deo-classical-school-il-62864-fcapi-classicality-abstract.md,coram-deo-classical-school-il-62864-fcapi-classicality-audit.md,coram-deo-classical-school-il-62864-v*-fcapi-classicality-audit.pdf,,,0,0,0,0,809,1505
Acct0741,Cornerstone Academy,,,cornerstone-academy-fl-32605,office@ca.school,+1 352 378 9337,,https://cornerstoneacademy.school/,1520 NW 34th St,,Gainesville,Alachua County,FL,32605,US,29.66582090,-82.37302060,classical,cornerstone-academy-fl-32605-fcapi-classicality-abstract.md,cornerstone-academy-fl-32605-fcapi-classicality-audit.md,cornerstone-academy-fl-32605-v*-fcapi-classicality-audit.pdf,elementary-intermediate-secondary,Private School,Private School,0,2000,,,,,,,,,,,,,,,,,,,,,,,,,,,,,1,,0,0,0,0,0,0,0,cornerstone-academy-fl-32605-fcapi-classicality-abstract.md,cornerstone-academy-fl-32605-fcapi-classicality-audit.md,cornerstone-academy-fl-32605-v*-fcapi-classicality-audit.pdf,,,0,0,0,0,811,
Acct0745,Cornerstone Christian Academy,,,cornerstone-christian-academy-al-35986,info@cornerstoneca.ca,+1 256 638 9311,,https://www.cca-eagles.com/,1600 Mccurdey Ave. North,,Rainsville,DeKalb County,AL,35986,US,34.51335120,-85.83272860,classical,cornerstone-christian-academy-al-35986-fcapi-classicality-abstract.md,cornerstone-christian-academy-al-35986-fcapi-classicality-audit.md,cornerstone-christian-academy-al-35986-v*-fcapi-classicality-audit.pdf,elementary-intermediate-secondary,Private School,Private,0,2024,,,,,,,,,,,,,,,,,,,,,,,,,,,,,0,,0,0,0,0,0,0,0,cornerstone-christian-academy-al-35986-fcapi-classicality-abstract.md,cornerstone-christian-academy-al-35986-fcapi-classicality-audit.md,cornerstone-christian-academy-al-35986-v*-fcapi-classicality-audit.pdf,,,0,0,0,0,814,2166
Acct0747,Cornerstone Christian Academy,,,cornerstone-christian-academy-nm-87120,rlcaac67@gmail.com,+1 505 410 6237,,https://ccanm.org/,7408 Willow Wood Dr. Nw,,Albuquerque,Bernalillo County,NM,87120,US,35.10792800,-106.72032830,classical,cornerstone-christian-academy-nm-87120-fcapi-classicality-abstract.md,cornerstone-christian-academy-nm-87120-fcapi-classicality-audit.md,cornerstone-christian-academy-nm-87120-v*-fcapi-classicality-audit.pdf,elementary-intermediate-secondary,Private School,Private,0,,,,,,,,,,,,,,,,,,,,,,,,,,,,,,0,,0,0,0,0,0,0,0,cornerstone-christian-academy-nm-87120-fcapi-classicality-abstract.md,cornerstone-christian-academy-nm-87120-fcapi-classicality-audit.md,cornerstone-christian-academy-nm-87120-v*-fcapi-classicality-audit.pdf,,,0,0,0,0,816,1454
Acct0754,Cornerstone Christian Academy,,,cornerstone-christian-academy-va-20117,school@cornerstonechapel.net,+1 484 888 4571,,https://cornerstonechapel.net/,35321 Notre Dame Ln.,,Middleburg,Loudoun County,VA,20117,US,37.36127000,-78.87179900,classical,cornerstone-christian-academy-va-20117-fcapi-classicality-abstract.md,cornerstone-christian-academy-va-20117-fcapi-classicality-audit.md,cornerstone-christian-academy-va-20117-v*-fcapi-classicality-audit.pdf,elementary-intermediate-secondary,,,0,2010,,,,,,,,,,,,,,,,,,,,,,,,,,,,,0,,0,0,0,0,0,0,0,cornerstone-christian-academy-va-20117-fcapi-classicality-abstract.md,cornerstone-christian-academy-va-20117-fcapi-classicality-audit.md,cornerstone-christian-academy-va-20117-v*-fcapi-classicality-audit.pdf,,,0,0,0,0,821,640
Acct0758,Cornerstone Classical Academy,,,cornerstone-classical-academy-fl-32246,,+1 904 885 8820,,https://www.cornerstoneclassical.org/,2360 St. Johns Bluff Rd. S.,,Jacksonville,Duval County,FL,32246,US,30.30716470,-81.52783620,classical,cornerstone-classical-academy-fl-32246-fcapi-classicality-abstract.md,cornerstone-classical-academy-fl-32246-fcapi-classicality-audit.md,cornerstone-classical-academy-fl-32246-v*-fcapi-classicality-audit.pdf,elementary-intermediate-secondary,Charter,Public,0,,,,,,,,,,,,,,,,,,,,,,,,,,,,,,0,,0,0,0,0,0,0,0,cornerstone-classical-academy-fl-32246-fcapi-classicality-abstract.md,cornerstone-classical-academy-fl-32246-fcapi-classicality-audit.md,cornerstone-classical-academy-fl-32246-v*-fcapi-classicality-audit.pdf,,,0,0,0,0,825,2713
Acct0762,Cornerstone Classical Christian Academy,,,cornerstone-classical-christian-academy-ky-41022,info@cornerstoneclassical.org,+1 859 640 5147,,https://cornerstoneclassical.org/,PO Box 542,,Florence,Boone County,KY,41022,US,39.00000000,-84.63000000,classical,cornerstone-classical-christian-academy-ky-41022-fcapi-classicality-abstract.md,cornerstone-classical-christian-academy-ky-41022-fcapi-classicality-audit.md,cornerstone-classical-christian-academy-ky-41022-v*-fcapi-classicality-audit.pdf,elementary-intermediate-secondary,,,0,,,,,,,,,,,,,,,,,,,,,,,,,,,,,,0,,0,0,0,0,0,0,0,cornerstone-classical-christian-academy-ky-41022-fcapi-classicality-abstract.md,cornerstone-classical-christian-academy-ky-41022-fcapi-classicality-audit.md,cornerstone-classical-christian-academy-ky-41022-v*-fcapi-classicality-audit.pdf,,,0,0,0,0,827,1677
Acct0763,Cornerstone Classical Christian School,,,cornerstone-classical-christian-school-wa-98390,,,,https://www.cornerstoneccs.org/,14024 Steward Road Southeast,,Bonney Lake,Pierce County,WA,98390,US,47.24974740,-122.24219170,classical,cornerstone-classical-christian-school-wa-98390-fcapi-classicality-abstract.md,cornerstone-classical-christian-school-wa-98390-fcapi-classicality-audit.md,cornerstone-classical-christian-school-wa-98390-v*-fcapi-classicality-audit.pdf,elementary-intermediate-secondary,Private School,Private,0,,,,,,,,,,,,,,,,,,,,,,,,,,,,,,0,,0,0,0,0,0,0,0,cornerstone-classical-christian-school-wa-98390-fcapi-classicality-abstract.md,cornerstone-classical-christian-school-wa-98390-fcapi-classicality-audit.md,cornerstone-classical-christian-school-wa-98390-v*-fcapi-classicality-audit.pdf,,,0,0,0,0,828,423
Acct0765,Cornerstone Classical School,,,cornerstone-classical-school-co-81621,office@cornerstonebasalt.net,+1 970 927 9106,,https://cornerstonebasalt.net/,302 Serenada Dr.,,Basalt,Pitkin County,CO,81621,US,39.36489910,-107.02927250,classical,cornerstone-classical-school-co-81621-fcapi-classicality-abstract.md,cornerstone-classical-school-co-81621-fcapi-classicality-audit.md,cornerstone-classical-school-co-81621-v*-fcapi-classicality-audit.pdf,elementary-intermediate-secondary,,,0,,,,,,,,,,,,,,,,,,,,,,,,,,,,,,0,,0,0,0,0,0,0,0,cornerstone-classical-school-co-81621-fcapi-classicality-abstract.md,cornerstone-classical-school-co-81621-fcapi-classicality-audit.md,cornerstone-classical-school-co-81621-v*-fcapi-classicality-audit.pdf,,,0,0,0,0,830,
Acct0766,Cornerstone Classical School,,,cornerstone-classical-school-ks-67401,cstevens@cornerstonesalina.com,+1 785 643 4460,,https://cornerstonesalina.com/,830 S 9th St,,Salina,Saline County,KS,67401,US,38.82406110,-97.61309590,classical,cornerstone-classical-school-ks-67401-fcapi-classicality-abstract.md,cornerstone-classical-school-ks-67401-fcapi-classicality-audit.md,cornerstone-classical-school-ks-67401-v*-fcapi-classicality-audit.pdf,elementary-intermediate-secondary,Private School,Private,0,2015,,,,,,,,,,,,,,,,,,,,,,,,,,,,,0,,0,0,0,0,0,0,0,cornerstone-classical-school-ks-67401-fcapi-classicality-abstract.md,cornerstone-classical-school-ks-67401-fcapi-classicality-audit.md,cornerstone-classical-school-ks-67401-v*-fcapi-classicality-audit.pdf,,,0,0,0,0,831,2332
,Cornerstone Classical School – Round Rock,,,cornerstone-classical-school-round-rock-tx-77429,,,,https://www.cscstx.com/,1600 E Old Settlers Blvd.,,Georgetown,,TX,77429,US,30.54032400,-97.66635840,classical,cornerstone-classical-school-round-rock-tx-77429-fcapi-classicality-abstract.md,cornerstone-classical-school-round-rock-tx-77429-fcapi-classicality-audit.md,cornerstone-classical-school-round-rock-tx-77429-v*-fcapi-classicality-audit.pdf,elementary-intermediate-secondary,,,0,,,,,,,,,,,,,,,,,,,,,,,,,,,,,,0,,0,0,0,0,0,0,0,cornerstone-classical-school-round-rock-tx-77429-fcapi-classicality-abstract.md,cornerstone-classical-school-round-rock-tx-77429-fcapi-classicality-audit.md,cornerstone-classical-school-round-rock-tx-77429-v*-fcapi-classicality-audit.pdf,,,0,0,0,0,5275,
Acct0775,Corpus Christi Classical Academy,,,corpus-christi-classical-academy-ky-40065,,+1 502 722 8090,,https://corpuschristiclassical.org/,105 Main Street,,Shelbyville,Shelby County,KY,40065,US,38.21104150,-85.21039470,classical,corpus-christi-classical-academy-ky-40065-fcapi-classicality-abstract.md,corpus-christi-classical-academy-ky-40065-fcapi-classicality-audit.md,corpus-christi-classical-academy-ky-40065-v*-fcapi-classicality-audit.pdf,elementary-intermediate-secondary,Private School,Private,0,,,,,,,,,,,,,,,,,,,,,,,,,,,,,,0,,0,0,0,0,0,0,0,corpus-christi-classical-academy-ky-40065-fcapi-classicality-abstract.md,corpus-christi-classical-academy-ky-40065-fcapi-classicality-audit.md,corpus-christi-classical-academy-ky-40065-v*-fcapi-classicality-audit.pdf,,,0,0,0,0,838,1793
Acct0785,Covenant Academy,,,covenant-academy-ga-31210,ca@covenantacademy.net,(281) 373-2233,,https://www.covenantacademy.net/,11711 Telge Rd,,Macon,,GA,31210,US,32.89998580,-83.74116310,classical,covenant-academy-ga-31210-fcapi-classicality-abstract.md,covenant-academy-ga-31210-fcapi-classicality-audit.md,covenant-academy-ga-31210-v*-fcapi-classicality-audit.pdf,elementary-intermediate-secondary,Private School,Private School,0,1987,311,,,,,,,,,,,,,,,,,,,,,,,,,,,,1,"""\""\\\""""\\\\\\\""""\""""\\\\\\\\\\\\\\\""""\""""\\\""""\""""\\\\\\\\\\\\\\\\\\\\\\\\\\\\\\\""""\""""\\\""""\""""\\\\\\\""""\""""\\\""""\""""\\\\\\\\\\\\\\\\\\\\\\\\\\\\\\\\\\\\\\\\\\\\\\\\\\\\\\\\\\\\\\\""""\""""\\\""""\""""\\\\\\\""""\""""\\\""""\""""\\\\\\\\\\\\\\\""""\""""\\\""""\""""\\\\\\\""""\""""\\\""""\""""[\\\\\\\\\\\\\\\\\\\\\\\\\\\\\\\\\\\\\\\\\\\\\\\\\\\\\\\\\\\\\\\\\\\\\\\\\\\\\\\\\\\\\\\\\\\\\\\\\\\\\\\\\\\\\\\\\\\\\\\\\\\\\\\""""\""""\\\""""\""""\\\\\\\""""\""""\\\""""\""""\\\\\\\\\\\\\\\""""\""""\\\""""\""""\\\\\\\""""\""""\\\""""\""""\\\\\\\\\\\\\\\\\\\\\\\\\\\\\\\""""\""""\\\""""\""""\\\\\\\""""\""""\\\""""\""""\\\\\\\\\\\\\\\""""\""""\\\""""\""""\\\\\\\""""\""""\\\""""\""""Latin\\\\\\\\\\\\\\\\\\\\\\\\\\\\\\\\\\\\\\\\\\\\\\\\\\\\\\\\\\\\\\\\\\\\\\\\\\\\\\\\\\\\\\\\\\\\\\\\\\\\\\\\\\\\\\\\\\\\\\\\\\\\\\\""""\""""\\\""""\""""\\\\\\\""""\""""\\\""""\""""\\\\\\\\\\\\\\\""""\""""\\\""""\""""\\\\\\\""""\""""\\\""""\""""\\\\\\\\\\\\\\\\\\\\\\\\\\\\\\\""""\""""\\\""""\""""\\\\\\\""""\""""\\\""""\""""\\\\\\\\\\\\\\\""""\""""\\\""""\""""\\\\\\\""""\""""\\\""""\""""\\\\\\\\\\\\\\\\\\\\\\\\\\\\\\\\\\\\\\\\\\\\\\\\\\\\\\\\\\\\\\\""""\""""\\\""""\""""\\\\\\\""""\""""\\\""""\""""\\\\\\\\\\\\\\\""""\""""\\\""""\""""\\\\\\\""""\""""\\\""""\""""\\\\\\\\\\\\\\\\\\\\\\\\\\\\\\\""""\""""\\\""""\""""\\\\\\\""""\""""\\\""""\""""\\\\\\\\\\\\\\\""""\""""\\\""""\""""\\\\\\\""""\""""\\\""""\""""]\\\\\\\\\\\\\\\\\\\\\\\\\\\\\\\\\\\\\\\\\\\\\\\\\\\\\\\\\\\\\\\""""\""""\\\""""\""""\\\\\\\""""\""""\\\""""\""""\\\\\\\\\\\\\\\""""\""""\\\""""\""""\\\\\\\""""\""""\\\""""\""""\\\\\\\\\\\\\\\\\\\\\\\\\\\\\\\""""\""""\\\""""\""""\\\\\\\""""\""""\\\""""\""""\\\\\\\\\\\\\\\""""\""""\\\""""\""""\\\\\\\""""\""""\\\""""\""""\\\\\\\\\\\\\\\\\\\\\\\\\\\\\\\\\\\\\\\\\\\\\\\\\\\\\\\\\\\\\\\""""\""""\\\""""\""""\\\\\\\""""\""""\\\""""\""""\\\\\\\\\\\\\\\""""\""""\\\""""\""""\\\\\\\""""\""""\\\""""\""""\\\\\\\\\\\\\\\\\\\\\\\\\\\\\\\""""\""""\\\""""\""""\\\\\\\""""\""""\\\""""\""""\\\\\\\\\\\\\\\""""\""""\\\""""\""""\\\\\\\""""\""""\\\""""\""""\\\\\\\\\\\\\\\\\\\\\\\\\\\\\\\\\\\\\\\\\\\\\\\\\\\\\\\\\\\\\\\""""\""""\\\""""\""""\\\\\\\""""\""""\\\""""\""""\\\\\\\\\\\\\\\""""\""""\\\""""\""""\\\\\\\""""\""""\\\""""\""""\\\\\\\\\\\\\\\\\\\\\\\\\\\\\\\""""\""""\\\""""\""""\\\\\\\""""\""""\\\""""\""""\\\\\\\\\\\\\\\""""\""""\\\""""\""""\\\\\\\""""\""""\\\""""\""""\\\\\\\\\\\\\\\\\\\\\\\\\\\\\\\""""\""""\\\""""\""""\\\\\\\""""\""""\\\""""\""""\\\\\\\\\\\\\\\""""\""""\\\""""\""""\\\\\\\""""\""""\\\""""\""""\\\\\\\\\\\\\\\\\\\\\\\\\\\\\\\""""\""""\\\""""\""""\\\\\\\""""\""""\\\""""\""""\\\\\\\\\\\\\\\""""\""""\\\""""\""""\\\\\\\""""\""""\\\""""\""""\\\\\\\\\\\\\\\\\\\\\\\\\\\\\\\""""\""""\\\""""\""""\\\\\\\""""\""""\\\""""\""""\\\\\\\\\\\\\\\""""\""""\\\""""\""""\\\\\\\""""\""""\\\""""\""""\\\\\\\\\\\\\\\""""\""""\\\""""\""""\\\\\\\""""\""""\\\""""\""""\\\\\\\\\\\\\\\""""\""""\\\""""\""""\\\\\\\""""\""""\\\""""\""""\\\\\\\\\\\\\\\""""\""""\\\""""\""""\\\\\\\""""\""""\\\""""\""""\\\\\\\""""\""""\\\""""\""""\\\\\\\""""\""""\\\""""\""""\\\\\\\""""\""""\\\""""\""""\\\""""\""""\\\""""\""""\\\""""\""""\""""\""""\""""""""""",1,0,1,0,0,1,0,covenant-academy-ga-31210-fcapi-classicality-abstract.md,covenant-academy-ga-31210-fcapi-classicality-audit.md,covenant-academy-ga-31210-v*-fcapi-classicality-audit.pdf,,,0,0,0,0,846,
Acct0787,Covenant Academy,,,covenant-academy-tx-77429,info@covenantcypress.org,+1 281 955 5527,,https://covenantcypress.org/,11711 Telge Rd.,,Cypress,Harris County,TX,77429,US,29.94785900,-95.64950450,classical,covenant-academy-tx-77429-fcapi-classicality-abstract.md,covenant-academy-tx-77429-fcapi-classicality-audit.md,covenant-academy-tx-77429-v*-fcapi-classicality-audit.pdf,elementary-intermediate-secondary,Private School,Private,0,2003,,,,,,,,,,,,,,,,,,,,,,,,,,,,,0,,0,0,0,0,0,0,0,covenant-academy-tx-77429-fcapi-classicality-abstract.md,covenant-academy-tx-77429-fcapi-classicality-audit.md,covenant-academy-tx-77429-v*-fcapi-classicality-audit.pdf,,,0,0,0,0,848,2402
Acct0791,Covenant Christian Academy,,,covenant-christian-academy-pa-17109,office@discovercovenant.com,+1 717 319 0222,,https://discovercovenant.com/,1982 Locust Lane,,Harrisburg,Dauphin County,PA,17109,US,40.28938630,-76.85969470,classical,covenant-christian-academy-pa-17109-fcapi-classicality-abstract.md,covenant-christian-academy-pa-17109-fcapi-classicality-audit.md,covenant-christian-academy-pa-17109-v*-fcapi-classicality-audit.pdf,elementary-intermediate-secondary,Private School,Private,0,2025,,,,,,,,,,,,,,,,,,,,,,,,,,,,,0,,0,0,0,0,0,0,0,covenant-christian-academy-pa-17109-fcapi-classicality-abstract.md,covenant-christian-academy-pa-17109-fcapi-classicality-audit.md,covenant-christian-academy-pa-17109-v*-fcapi-classicality-audit.pdf,,,0,0,0,0,852,2587
Acct0792,Covenant Christian Academy,,,covenant-christian-academy-tx-76034,john.rutherford@covenantchristian.net,+1 817 281 4333,,https://covenantchristian.net/,901 Cheek Sparger Rd. Bldg A,,Colleyville,Tarrant County,TX,76034,US,32.86824170,-97.15532160,classical,covenant-christian-academy-tx-76034-fcapi-classicality-abstract.md,covenant-christian-academy-tx-76034-fcapi-classicality-audit.md,covenant-christian-academy-tx-76034-v*-fcapi-classicality-audit.pdf,elementary-intermediate-secondary,Private School,Private,0,1979,,,,,,,,,,,,,,,,,,,,,,,,,,,,,0,,0,0,0,0,0,0,0,covenant-christian-academy-tx-76034-fcapi-classicality-abstract.md,covenant-christian-academy-tx-76034-fcapi-classicality-audit.md,covenant-christian-academy-tx-76034-v*-fcapi-classicality-audit.pdf,,,0,0,0,0,853,2479
Acct0795,Covenant Christian School,,,covenant-christian-school-al-35674,dshirley@ccseagles.com,+1 256 324 1212,,https://www.ccseagles.com/,1900 Covenant Drive,,Tuscumbia,Colbert County,AL,35674,US,34.72133650,-87.67671410,classical,covenant-christian-school-al-35674-fcapi-classicality-abstract.md,covenant-christian-school-al-35674-fcapi-classicality-audit.md,covenant-christian-school-al-35674-v*-fcapi-classicality-audit.pdf,elementary-intermediate-secondary,Private School,Private,0,1985,,,,,,,,,,,,,,,,,,,,,,,,,,,,,0,,0,0,0,0,0,0,0,covenant-christian-school-al-35674-fcapi-classicality-abstract.md,covenant-christian-school-al-35674-fcapi-classicality-audit.md,covenant-christian-school-al-35674-v*-fcapi-classicality-audit.pdf,,,0,0,0,0,856,564
Acct0798,Covenant Christian School,,,covenant-christian-school-tx-77304,jennifer.miller@ccsconroe.org,+1 936 890 8080,,https://ccsconroe.org/,4503 Ih-45 North,,Conroe,Montgomery County,TX,77304,US,30.37517230,-95.48783250,classical,covenant-christian-school-tx-77304-fcapi-classicality-abstract.md,covenant-christian-school-tx-77304-fcapi-classicality-audit.md,covenant-christian-school-tx-77304-v*-fcapi-classicality-audit.pdf,elementary-intermediate-secondary,Private School,Private,0,,,,,,,,,,,,,,,,,,,,,,,,,,,,,,0,,0,0,0,0,0,0,0,covenant-christian-school-tx-77304-fcapi-classicality-abstract.md,covenant-christian-school-tx-77304-fcapi-classicality-audit.md,covenant-christian-school-tx-77304-v*-fcapi-classicality-audit.pdf,,,0,0,0,0,859,2419
Net0984,Covenant Christian Schools,,,covenant-christian-schools-wa-98027,,+1 310 798 5181,,https://ccschools.org/,1040 12th Avenue Northwest,,Issaquah,King County,WA,98027,US,47.54200160,-122.05674540,classical,covenant-christian-schools-wa-98027-fcapi-classicality-abstract.md,covenant-christian-schools-wa-98027-fcapi-classicality-audit.md,covenant-christian-schools-wa-98027-v*-fcapi-classicality-audit.pdf,elementary-intermediate-secondary,Private School,Private,0,,,,,,,,,,,,,,,,,,,,,,,,,,,,,,0,,0,0,0,0,0,0,0,covenant-christian-schools-wa-98027-fcapi-classicality-abstract.md,covenant-christian-schools-wa-98027-fcapi-classicality-audit.md,covenant-christian-schools-wa-98027-v*-fcapi-classicality-audit.pdf,,,0,0,0,0,860,557
Acct0800,Covenant Classical Academy,,,covenant-classical-academy-nc-27909,info@covenantclassical.academy,+1 276 525 0724,,https://www.covenantclassicalacademy.com/,801 Riverside Avenue,,Elizabeth City,Pasquotank County,NC,27909,US,36.29552170,-76.21335520,classical,covenant-classical-academy-nc-27909-fcapi-classicality-abstract.md,covenant-classical-academy-nc-27909-fcapi-classicality-audit.md,covenant-classical-academy-nc-27909-v*-fcapi-classicality-audit.pdf,elementary-intermediate-secondary,Private School,Private,0,2026,,,,,,,,,,,,,,,,,,,,,,,,,,,,,0,,0,0,0,0,0,0,0,covenant-classical-academy-nc-27909-fcapi-classicality-abstract.md,covenant-classical-academy-nc-27909-fcapi-classicality-audit.md,covenant-classical-academy-nc-27909-v*-fcapi-classicality-audit.pdf,,,0,0,0,0,861,1255
Acct0801,Covenant Classical Christian School,,,covenant-classical-christian-school-sc-29204,cccs@covenantcs.org,+1 803 210 6460,,https://covenantcs.org/,6515 North Trenholm Rd.,,Columbia,Richland County,SC,29204,US,34.04723470,-80.96242920,classical,covenant-classical-christian-school-sc-29204-fcapi-classicality-abstract.md,covenant-classical-christian-school-sc-29204-fcapi-classicality-audit.md,covenant-classical-christian-school-sc-29204-v*-fcapi-classicality-audit.pdf,elementary-intermediate-secondary,Private School,Private,0,1983,,,,,,,,,,,,,,,,,,,,,,,,,,,,,0,,0,0,0,0,0,0,0,covenant-classical-christian-school-sc-29204-fcapi-classicality-abstract.md,covenant-classical-christian-school-sc-29204-fcapi-classicality-audit.md,covenant-classical-christian-school-sc-29204-v*-fcapi-classicality-audit.pdf,,,0,0,0,0,862,2788
Acct0802,Covenant Classical Community Hybrid School,,,covenant-classical-community-hybrid-school-va-23606,,+1 757 405 7004,,https://www.covenantclassical.net/,11 Cameron Dr. Newport News,,Hampton,,VA,23606,US,37.07424880,-76.50602290,classical,covenant-classical-community-hybrid-school-va-23606-fcapi-classicality-abstract.md,covenant-classical-community-hybrid-school-va-23606-fcapi-classicality-audit.md,covenant-classical-community-hybrid-school-va-23606-v*-fcapi-classicality-audit.pdf,elementary-intermediate-secondary,Private School,Private,0,,,,,,,,,,,,,,,,,,,,,,,,,,,,,,0,,0,0,0,0,0,0,0,covenant-classical-community-hybrid-school-va-23606-fcapi-classicality-abstract.md,covenant-classical-community-hybrid-school-va-23606-fcapi-classicality-audit.md,covenant-classical-community-hybrid-school-va-23606-v*-fcapi-classicality-audit.pdf,,,0,0,0,0,863,2716
Acct0804,Covenant Classical School,,,covenant-classical-school-il-60540,office@covenantclassicalschool.org,+1 630 983 7500,,https://covenantclassicalschool.org/,1852 95th St.,,Naperville,Will County,IL,60540,US,41.70936610,-88.18380940,classical,covenant-classical-school-il-60540-fcapi-classicality-abstract.md,covenant-classical-school-il-60540-fcapi-classicality-audit.md,covenant-classical-school-il-60540-v*-fcapi-classicality-audit.pdf,elementary-intermediate,Private School,Private School,0,,103,,,,,,,,,,,,,,,,,,,,,,,,,,,,0,"""\""\\\""""\\\\\\\""""\""""\\\\\\\\\\\\\\\""""\""""\\\""""\""""\\\\\\\\\\\\\\\\\\\\\\\\\\\\\\\""""\""""\\\""""\""""\\\\\\\""""\""""\\\""""\""""\\\\\\\\\\\\\\\\\\\\\\\\\\\\\\\\\\\\\\\\\\\\\\\\\\\\\\\\\\\\\\\""""\""""\\\""""\""""\\\\\\\""""\""""\\\""""\""""\\\\\\\\\\\\\\\""""\""""\\\""""\""""\\\\\\\""""\""""\\\""""\""""[\\\\\\\\\\\\\\\\\\\\\\\\\\\\\\\\\\\\\\\\\\\\\\\\\\\\\\\\\\\\\\\\\\\\\\\\\\\\\\\\\\\\\\\\\\\\\\\\\\\\\\\\\\\\\\\\\\\\\\\\\\\\\\\""""\""""\\\""""\""""\\\\\\\""""\""""\\\""""\""""\\\\\\\\\\\\\\\""""\""""\\\""""\""""\\\\\\\""""\""""\\\""""\""""\\\\\\\\\\\\\\\\\\\\\\\\\\\\\\\""""\""""\\\""""\""""\\\\\\\""""\""""\\\""""\""""\\\\\\\\\\\\\\\""""\""""\\\""""\""""\\\\\\\""""\""""\\\""""\""""Latin\\\\\\\\\\\\\\\\\\\\\\\\\\\\\\\\\\\\\\\\\\\\\\\\\\\\\\\\\\\\\\\\\\\\\\\\\\\\\\\\\\\\\\\\\\\\\\\\\\\\\\\\\\\\\\\\\\\\\\\\\\\\\\\""""\""""\\\""""\""""\\\\\\\""""\""""\\\""""\""""\\\\\\\\\\\\\\\""""\""""\\\""""\""""\\\\\\\""""\""""\\\""""\""""\\\\\\\\\\\\\\\\\\\\\\\\\\\\\\\""""\""""\\\""""\""""\\\\\\\""""\""""\\\""""\""""\\\\\\\\\\\\\\\""""\""""\\\""""\""""\\\\\\\""""\""""\\\""""\""""\\\\\\\\\\\\\\\\\\\\\\\\\\\\\\\\\\\\\\\\\\\\\\\\\\\\\\\\\\\\\\\""""\""""\\\""""\""""\\\\\\\""""\""""\\\""""\""""\\\\\\\\\\\\\\\""""\""""\\\""""\""""\\\\\\\""""\""""\\\""""\""""\\\\\\\\\\\\\\\\\\\\\\\\\\\\\\\""""\""""\\\""""\""""\\\\\\\""""\""""\\\""""\""""\\\\\\\\\\\\\\\""""\""""\\\""""\""""\\\\\\\""""\""""\\\""""\""""]\\\\\\\\\\\\\\\\\\\\\\\\\\\\\\\\\\\\\\\\\\\\\\\\\\\\\\\\\\\\\\\""""\""""\\\""""\""""\\\\\\\""""\""""\\\""""\""""\\\\\\\\\\\\\\\""""\""""\\\""""\""""\\\\\\\""""\""""\\\""""\""""\\\\\\\\\\\\\\\\\\\\\\\\\\\\\\\""""\""""\\\""""\""""\\\\\\\""""\""""\\\""""\""""\\\\\\\\\\\\\\\""""\""""\\\""""\""""\\\\\\\""""\""""\\\""""\""""\\\\\\\\\\\\\\\\\\\\\\\\\\\\\\\\\\\\\\\\\\\\\\\\\\\\\\\\\\\\\\\""""\""""\\\""""\""""\\\\\\\""""\""""\\\""""\""""\\\\\\\\\\\\\\\""""\""""\\\""""\""""\\\\\\\""""\""""\\\""""\""""\\\\\\\\\\\\\\\\\\\\\\\\\\\\\\\""""\""""\\\""""\""""\\\\\\\""""\""""\\\""""\""""\\\\\\\\\\\\\\\""""\""""\\\""""\""""\\\\\\\""""\""""\\\""""\""""\\\\\\\\\\\\\\\\\\\\\\\\\\\\\\\\\\\\\\\\\\\\\\\\\\\\\\\\\\\\\\\""""\""""\\\""""\""""\\\\\\\""""\""""\\\""""\""""\\\\\\\\\\\\\\\""""\""""\\\""""\""""\\\\\\\""""\""""\\\""""\""""\\\\\\\\\\\\\\\\\\\\\\\\\\\\\\\""""\""""\\\""""\""""\\\\\\\""""\""""\\\""""\""""\\\\\\\\\\\\\\\""""\""""\\\""""\""""\\\\\\\""""\""""\\\""""\""""\\\\\\\\\\\\\\\\\\\\\\\\\\\\\\\""""\""""\\\""""\""""\\\\\\\""""\""""\\\""""\""""\\\\\\\\\\\\\\\""""\""""\\\""""\""""\\\\\\\""""\""""\\\""""\""""\\\\\\\\\\\\\\\\\\\\\\\\\\\\\\\""""\""""\\\""""\""""\\\\\\\""""\""""\\\""""\""""\\\\\\\\\\\\\\\""""\""""\\\""""\""""\\\\\\\""""\""""\\\""""\""""\\\\\\\\\\\\\\\\\\\\\\\\\\\\\\\""""\""""\\\""""\""""\\\\\\\""""\""""\\\""""\""""\\\\\\\\\\\\\\\""""\""""\\\""""\""""\\\\\\\""""\""""\\\""""\""""\\\\\\\\\\\\\\\""""\""""\\\""""\""""\\\\\\\""""\""""\\\""""\""""\\\\\\\\\\\\\\\""""\""""\\\""""\""""\\\\\\\""""\""""\\\""""\""""\\\\\\\\\\\\\\\""""\""""\\\""""\""""\\\\\\\""""\""""\\\""""\""""\\\\\\\""""\""""\\\""""\""""\\\\\\\""""\""""\\\""""\""""\\\\\\\""""\""""\\\""""\""""\\\""""\""""\\\""""\""""\\\""""\""""\""""\""""\""""""""""",1,0,0,1,0,1,1,covenant-classical-school-il-60540-fcapi-classicality-abstract.md,covenant-classical-school-il-60540-fcapi-classicality-audit.md,covenant-classical-school-il-60540-v*-fcapi-classicality-audit.pdf,,,0,0,0,0,864,553
Acct0806,Covenant Classical School,,,covenant-classical-school-sd-57108,logan@covenantclassicalsf.com,(605) 261-3070,,https://www.covenantclassicalsf.com/,5000 S Western Ave,,Sioux Falls,,SD,57108,US,43.57395490,-96.72799180,classical,covenant-classical-school-sd-57108-fcapi-classicality-abstract.md,covenant-classical-school-sd-57108-fcapi-classicality-audit.md,covenant-classical-school-sd-57108-v*-fcapi-classicality-audit.pdf,elementary,Private School,Private School,0,2021,29,,,,,,,,,,,,,,,,,,,,,,,,,,,,1,"""\""\\\""""\\\\\\\""""\""""\\\\\\\\\\\\\\\""""\""""\\\""""\""""\\\\\\\\\\\\\\\\\\\\\\\\\\\\\\\""""\""""\\\""""\""""\\\\\\\""""\""""\\\""""\""""\\\\\\\\\\\\\\\\\\\\\\\\\\\\\\\\\\\\\\\\\\\\\\\\\\\\\\\\\\\\\\\""""\""""\\\""""\""""\\\\\\\""""\""""\\\""""\""""\\\\\\\\\\\\\\\""""\""""\\\""""\""""\\\\\\\""""\""""\\\""""\""""\\\\\\\\\\\\\\\\\\\\\\\\\\\\\\\\\\\\\\\\\\\\\\\\\\\\\\\\\\\\\\\\\\\\\\\\\\\\\\\\\\\\\\\\\\\\\\\\\\\\\\\\\\\\\\\\\\\\\\\\\\\\\\\""""\""""\\\""""\""""\\\\\\\""""\""""\\\""""\""""\\\\\\\\\\\\\\\""""\""""\\\""""\""""\\\\\\\""""\""""\\\""""\""""\\\\\\\\\\\\\\\\\\\\\\\\\\\\\\\""""\""""\\\""""\""""\\\\\\\""""\""""\\\""""\""""\\\\\\\\\\\\\\\""""\""""\\\""""\""""\\\\\\\""""\""""\\\""""\""""[\\\\\\\\\\\\\\\\\\\\\\\\\\\\\\\\\\\\\\\\\\\\\\\\\\\\\\\\\\\\\\\\\\\\\\\\\\\\\\\\\\\\\\\\\\\\\\\\\\\\\\\\\\\\\\\\\\\\\\\\\\\\\\\\\\\\\\\\\\\\\\\\\\\\\\\\\\\\\\\\\\\\\\\\\\\\\\\\\\\\\\\\\\\\\\\\\\\\\\\\\\\\\\\\\\\\\\\\\\\\\\\\\\\\\\\\\\\\\\\\\\\\\\\\\\\\\\\""""\""""\\\""""\""""\\\\\\\""""\""""\\\""""\""""\\\\\\\\\\\\\\\""""\""""\\\""""\""""\\\\\\\""""\""""\\\""""\""""\\\\\\\\\\\\\\\\\\\\\\\\\\\\\\\""""\""""\\\""""\""""\\\\\\\""""\""""\\\""""\""""\\\\\\\\\\\\\\\""""\""""\\\""""\""""\\\\\\\""""\""""\\\""""\""""\\\\\\\\\\\\\\\\\\\\\\\\\\\\\\\\\\\\\\\\\\\\\\\\\\\\\\\\\\\\\\\""""\""""\\\""""\""""\\\\\\\""""\""""\\\""""\""""\\\\\\\\\\\\\\\""""\""""\\\""""\""""\\\\\\\""""\""""\\\""""\""""\\\\\\\\\\\\\\\\\\\\\\\\\\\\\\\""""\""""\\\""""\""""\\\\\\\""""\""""\\\""""\""""\\\\\\\\\\\\\\\""""\""""\\\""""\""""\\\\\\\""""\""""\\\""""\""""Latin\\\\\\\\\\\\\\\\\\\\\\\\\\\\\\\\\\\\\\\\\\\\\\\\\\\\\\\\\\\\\\\\\\\\\\\\\\\\\\\\\\\\\\\\\\\\\\\\\\\\\\\\\\\\\\\\\\\\\\\\\\\\\\\\\\\\\\\\\\\\\\\\\\\\\\\\\\\\\\\\\\\\\\\\\\\\\\\\\\\\\\\\\\\\\\\\\\\\\\\\\\\\\\\\\\\\\\\\\\\\\\\\\\\\\\\\\\\\\\\\\\\\\\\\\\\\\\\""""\""""\\\""""\""""\\\\\\\""""\""""\\\""""\""""\\\\\\\\\\\\\\\""""\""""\\\""""\""""\\\\\\\""""\""""\\\""""\""""\\\\\\\\\\\\\\\\\\\\\\\\\\\\\\\""""\""""\\\""""\""""\\\\\\\""""\""""\\\""""\""""\\\\\\\\\\\\\\\""""\""""\\\""""\""""\\\\\\\""""\""""\\\""""\""""\\\\\\\\\\\\\\\\\\\\\\\\\\\\\\\\\\\\\\\\\\\\\\\\\\\\\\\\\\\\\\\""""\""""\\\""""\""""\\\\\\\""""\""""\\\""""\""""\\\\\\\\\\\\\\\""""\""""\\\""""\""""\\\\\\\""""\""""\\\""""\""""\\\\\\\\\\\\\\\\\\\\\\\\\\\\\\\""""\""""\\\""""\""""\\\\\\\""""\""""\\\""""\""""\\\\\\\\\\\\\\\""""\""""\\\""""\""""\\\\\\\""""\""""\\\""""\""""\\\\\\\\\\\\\\\\\\\\\\\\\\\\\\\\\\\\\\\\\\\\\\\\\\\\\\\\\\\\\\\\\\\\\\\\\\\\\\\\\\\\\\\\\\\\\\\\\\\\\\\\\\\\\\\\\\\\\\\\\\\\\\\""""\""""\\\""""\""""\\\\\\\""""\""""\\\""""\""""\\\\\\\\\\\\\\\""""\""""\\\""""\""""\\\\\\\""""\""""\\\""""\""""\\\\\\\\\\\\\\\\\\\\\\\\\\\\\\\""""\""""\\\""""\""""\\\\\\\""""\""""\\\""""\""""\\\\\\\\\\\\\\\""""\""""\\\""""\""""\\\\\\\""""\""""\\\""""\""""\\\\\\\\\\\\\\\\\\\\\\\\\\\\\\\\\\\\\\\\\\\\\\\\\\\\\\\\\\\\\\\""""\""""\\\""""\""""\\\\\\\""""\""""\\\""""\""""\\\\\\\\\\\\\\\""""\""""\\\""""\""""\\\\\\\""""\""""\\\""""\""""\\\\\\\\\\\\\\\\\\\\\\\\\\\\\\\""""\""""\\\""""\""""\\\\\\\""""\""""\\\""""\""""\\\\\\\\\\\\\\\""""\""""\\\""""\""""\\\\\\\""""\""""\\\""""\""""]\\\\\\\\\\\\\\\\\\\\\\\\\\\\\\\\\\\\\\\\\\\\\\\\\\\\\\\\\\\\\\\\\\\\\\\\\\\\\\\\\\\\\\\\\\\\\\\\\\\\\\\\\\\\\\\\\\\\\\\\\\\\\\\""""\""""\\\""""\""""\\\\\\\""""\""""\\\""""\""""\\\\\\\\\\\\\\\""""\""""\\\""""\""""\\\\\\\""""\""""\\\""""\""""\\\\\\\\\\\\\\\\\\\\\\\\\\\\\\\""""\""""\\\""""\""""\\\\\\\""""\""""\\\""""\""""\\\\\\\\\\\\\\\""""\""""\\\""""\""""\\\\\\\""""\""""\\\""""\""""\\\\\\\\\\\\\\\\\\\\\\\\\\\\\\\\\\\\\\\\\\\\\\\\\\\\\\\\\\\\\\\""""\""""\\\""""\""""\\\\\\\""""\""""\\\""""\""""\\\\\\\\\\\\\\\""""\""""\\\""""\""""\\\\\\\""""\""""\\\""""\""""\\\\\\\\\\\\\\\\\\\\\\\\\\\\\\\""""\""""\\\""""\""""\\\\\\\""""\""""\\\""""\""""\\\\\\\\\\\\\\\""""\""""\\\""""\""""\\\\\\\""""\""""\\\""""\""""\\\\\\\\\\\\\\\\\\\\\\\\\\\\\\\\\\\\\\\\\\\\\\\\\\\\\\\\\\\\\\\\\\\\\\\\\\\\\\\\\\\\\\\\\\\\\\\\\\\\\\\\\\\\\\\\\\\\\\\\\\\\\\\""""\""""\\\""""\""""\\\\\\\""""\""""\\\""""\""""\\\\\\\\\\\\\\\""""\""""\\\""""\""""\\\\\\\""""\""""\\\""""\""""\\\\\\\\\\\\\\\\\\\\\\\\\\\\\\\""""\""""\\\""""\""""\\\\\\\""""\""""\\\""""\""""\\\\\\\\\\\\\\\""""\""""\\\""""\""""\\\\\\\""""\""""\\\""""\""""\\\\\\\\\\\\\\\\\\\\\\\\\\\\\\\\\\\\\\\\\\\\\\\\\\\\\\\\\\\\\\\""""\""""\\\""""\""""\\\\\\\""""\""""\\\""""\""""\\\\\\\\\\\\\\\""""\""""\\\""""\""""\\\\\\\""""\""""\\\""""\""""\\\\\\\\\\\\\\\\\\\\\\\\\\\\\\\""""\""""\\\""""\""""\\\\\\\""""\""""\\\""""\""""\\\\\\\\\\\\\\\""""\""""\\\""""\""""\\\\\\\""""\""""\\\""""\""""\\\\\\\\\\\\\\\\\\\\\\\\\\\\\\\\\\\\\\\\\\\\\\\\\\\\\\\\\\\\\\\\\\\\\\\\\\\\\\\\\\\\\\\\\\\\\\\\\\\\\\\\\\\\\\\\\\\\\\\\\\\\\\\""""\""""\\\""""\""""\\\\\\\""""\""""\\\""""\""""\\\\\\\\\\\\\\\""""\""""\\\""""\""""\\\\\\\""""\""""\\\""""\""""\\\\\\\\\\\\\\\\\\\\\\\\\\\\\\\""""\""""\\\""""\""""\\\\\\\""""\""""\\\""""\""""\\\\\\\\\\\\\\\""""\""""\\\""""\""""\\\\\\\""""\""""\\\""""\""""\\\\\\\\\\\\\\\\\\\\\\\\\\\\\\\\\\\\\\\\\\\\\\\\\\\\\\\\\\\\\\\""""\""""\\\""""\""""\\\\\\\""""\""""\\\""""\""""\\\\\\\\\\\\\\\""""\""""\\\""""\""""\\\\\\\""""\""""\\\""""\""""\\\\\\\\\\\\\\\\\\\\\\\\\\\\\\\""""\""""\\\""""\""""\\\\\\\""""\""""\\\""""\""""\\\\\\\\\\\\\\\""""\""""\\\""""\""""\\\\\\\""""\""""\\\""""\""""\\\\\\\\\\\\\\\\\\\\\\\\\\\\\\\\\\\\\\\\\\\\\\\\\\\\\\\\\\\\\\\""""\""""\\\""""\""""\\\\\\\""""\""""\\\""""\""""\\\\\\\\\\\\\\\""""\""""\\\""""\""""\\\\\\\""""\""""\\\""""\""""\\\\\\\\\\\\\\\\\\\\\\\\\\\\\\\""""\""""\\\""""\""""\\\\\\\""""\""""\\\""""\""""\\\\\\\\\\\\\\\""""\""""\\\""""\""""\\\\\\\""""\""""\\\""""\""""\\\\\\\\\\\\\\\\\\\\\\\\\\\\\\\\\\\\\\\\\\\\\\\\\\\\\\\\\\\\\\\""""\""""\\\""""\""""\\\\\\\""""\""""\\\""""\""""\\\\\\\\\\\\\\\""""\""""\\\""""\""""\\\\\\\""""\""""\\\""""\""""\\\\\\\\\\\\\\\\\\\\\\\\\\\\\\\""""\""""\\\""""\""""\\\\\\\""""\""""\\\""""\""""\\\\\\\\\\\\\\\""""\""""\\\""""\""""\\\\\\\""""\""""\\\""""\""""\\\\\\\\\\\\\\\\\\\\\\\\\\\\\\\\\\\\\\\\\\\\\\\\\\\\\\\\\\\\\\\""""\""""\\\""""\""""\\\\\\\""""\""""\\\""""\""""\\\\\\\\\\\\\\\""""\""""\\\""""\""""\\\\\\\""""\""""\\\""""\""""\\\\\\\\\\\\\\\\\\\\\\\\\\\\\\\""""\""""\\\""""\""""\\\\\\\""""\""""\\\""""\""""\\\\\\\\\\\\\\\""""\""""\\\""""\""""\\\\\\\""""\""""\\\""""\""""\\\\\\\\\\\\\\\\\\\\\\\\\\\\\\\""""\""""\\\""""\""""\\\\\\\""""\""""\\\""""\""""\\\\\\\\\\\\\\\""""\""""\\\""""\""""\\\\\\\""""\""""\\\""""\""""\\\\\\\\\\\\\\\\\\\\\\\\\\\\\\\""""\""""\\\""""\""""\\\\\\\""""\""""\\\""""\""""\\\\\\\\\\\\\\\""""\""""\\\""""\""""\\\\\\\""""\""""\\\""""\""""\\\\\\\\\\\\\\\\\\\\\\\\\\\\\\\""""\""""\\\""""\""""\\\\\\\""""\""""\\\""""\""""\\\\\\\\\\\\\\\""""\""""\\\""""\""""\\\\\\\""""\""""\\\""""\""""\\\\\\\\\\\\\\\""""\""""\\\""""\""""\\\\\\\""""\""""\\\""""\""""\\\\\\\\\\\\\\\""""\""""\\\""""\""""\\\\\\\""""\""""\\\""""\""""\\\\\\\\\\\\\\\""""\""""\\\""""\""""\\\\\\\""""\""""\\\""""\""""\\\\\\\""""\""""\\\""""\""""\\\\\\\""""\""""\\\""""\""""\\\\\\\""""\""""\\\""""\""""\\\""""\""""\\\""""\""""\\\""""\""""\""""\""""\""""""""""",1,0,1,0,0,0,0,covenant-classical-school-sd-57108-fcapi-classicality-abstract.md,covenant-classical-school-sd-57108-fcapi-classicality-audit.md,covenant-classical-school-sd-57108-v*-fcapi-classicality-audit.pdf,,,0,0,0,0,866,
Acct0807,Covenant Classical School,,,covenant-classical-school-tx-76108,info@covenantfw.org,+1 817 820 0884,,https://covenantfw.org/,1701 Wind Star Way,,Fort Worth,Tarrant County,TX,76108,US,32.74375070,-97.49787780,classical,covenant-classical-school-tx-76108-fcapi-classicality-abstract.md,covenant-classical-school-tx-76108-fcapi-classicality-audit.md,covenant-classical-school-tx-76108-v*-fcapi-classicality-audit.pdf,elementary-intermediate-secondary,Private School,Private,0,,,,,,,,,,,,,,,,,,,,,,,,,,,,,,0,,0,0,0,0,0,0,0,covenant-classical-school-tx-76108-fcapi-classicality-abstract.md,covenant-classical-school-tx-76108-fcapi-classicality-audit.md,covenant-classical-school-tx-76108-v*-fcapi-classicality-audit.pdf,,,0,0,0,0,867,2175
Acct0810,Covenant High School,,,covenant-high-school-wa-98465,,+1 253 759 9570,,https://chstacoma.org/,620 S. Shirley St.,,Tacoma,Pierce County,WA,98465,US,47.25454330,-122.51074210,classical,covenant-high-school-wa-98465-fcapi-classicality-abstract.md,covenant-high-school-wa-98465-fcapi-classicality-audit.md,covenant-high-school-wa-98465-v*-fcapi-classicality-audit.pdf,secondary,Private School,Private,0,,,,,,,,,,,,,,,,,,,,,,,,,,,,,,0,,0,0,0,0,0,0,0,covenant-high-school-wa-98465-fcapi-classicality-abstract.md,covenant-high-school-wa-98465-fcapi-classicality-audit.md,covenant-high-school-wa-98465-v*-fcapi-classicality-audit.pdf,,,0,0,0,0,870,850
Acct0815,Covenant School of Dallas,,,covenant-school-dallas-tx-75240,headofschool@covenantdallas.com,+1 214 358 5818,,https://covenantdallas.com/,7300 Valley View Lane,,Dallas,Dallas County,TX,75240,US,32.92598730,-96.77989630,classical,covenant-school-dallas-tx-75240-fcapi-classicality-abstract.md,covenant-school-dallas-tx-75240-fcapi-classicality-audit.md,covenant-school-dallas-tx-75240-v*-fcapi-classicality-audit.pdf,elementary-intermediate-secondary,Private School,Private,0,,,,,,,,,,,,,,,,,,,,,,,,,,,,,,0,,0,0,0,0,0,0,0,covenant-school-dallas-tx-75240-fcapi-classicality-abstract.md,covenant-school-dallas-tx-75240-fcapi-classicality-audit.md,covenant-school-dallas-tx-75240-v*-fcapi-classicality-audit.pdf,,,0,0,0,0,875,2154
Acct0816,Covenant School of Jacksonville,,,covenant-school-jacksonville-fl-32207,,+1 904 265 7474,,https://wearecovenant.org/,2300 Bartram Rd.,,Jacksonville,Duval County,FL,32207,US,30.30171880,-81.60363460,classical,covenant-school-jacksonville-fl-32207-fcapi-classicality-abstract.md,covenant-school-jacksonville-fl-32207-fcapi-classicality-audit.md,covenant-school-jacksonville-fl-32207-v*-fcapi-classicality-audit.pdf,elementary-intermediate-secondary,Private School,Private,0,,,,,,,,,,,,,,,,,,,,,,,,,,,,,,0,,0,0,0,0,0,0,0,covenant-school-jacksonville-fl-32207-fcapi-classicality-abstract.md,covenant-school-jacksonville-fl-32207-fcapi-classicality-audit.md,covenant-school-jacksonville-fl-32207-v*-fcapi-classicality-audit.pdf,,,0,0,0,0,876,1181
Acct0819,Coventry Christian School,,,coventry-christian-school-pa-19464,johnniehls@educatingforlife.com,+1 814 386 7959,,https://educatingforlife.com/,699 N Pleasantview Rd.,,Pottstown,Montgomery County,PA,19464,US,40.25047300,-75.59295900,classical,coventry-christian-school-pa-19464-fcapi-classicality-abstract.md,coventry-christian-school-pa-19464-fcapi-classicality-audit.md,coventry-christian-school-pa-19464-v*-fcapi-classicality-audit.pdf,elementary-intermediate-secondary,Private School,Private,0,1984,,,,,,,,,,,,,,,,,,,,,,,,,,,,,0,,0,0,0,0,0,0,0,coventry-christian-school-pa-19464-fcapi-classicality-abstract.md,coventry-christian-school-pa-19464-fcapi-classicality-audit.md,coventry-christian-school-pa-19464-v*-fcapi-classicality-audit.pdf,,,0,0,0,0,879,2772
Acct0820,Covington Latin School,,,covington-latin-school-ky-41011,,+1 859 291 7044,,https://covingtonlatin.org/,21 East 11th Street,,Covington,Kenton County,KY,41011,US,39.07875080,-84.50763520,classical,covington-latin-school-ky-41011-fcapi-classicality-abstract.md,covington-latin-school-ky-41011-fcapi-classicality-audit.md,covington-latin-school-ky-41011-v*-fcapi-classicality-audit.pdf,elementary-intermediate-secondary,Private School,Private,0,,,,,,,,,,,,,,,,,,,,,,,,,,,,,,0,,0,0,0,0,0,0,0,covington-latin-school-ky-41011-fcapi-classicality-abstract.md,covington-latin-school-ky-41011-fcapi-classicality-audit.md,covington-latin-school-ky-41011-v*-fcapi-classicality-audit.pdf,,,0,0,0,0,880,1863
Acct0834,Cross Classical Academy,,,cross-classical-academy-tx-76801,,3256423995,,https://www.crossclassical.org/,PO BOX 1422,,Brownwood,,TX,76801,US,31.72129710,-98.98009650,classical,cross-classical-academy-tx-76801-fcapi-classicality-abstract.md,cross-classical-academy-tx-76801-fcapi-classicality-audit.md,cross-classical-academy-tx-76801-v*-fcapi-classicality-audit.pdf,elementary-intermediate,Private School,Private School,0,,,,,,,,,,,,,,,,,,,,,,,,,,,,,,1,"""\""\\\""""\\\\\\\""""\""""\\\\\\\\\\\\\\\""""\""""\\\""""\""""\\\\\\\\\\\\\\\\\\\\\\\\\\\\\\\""""\""""\\\""""\""""\\\\\\\""""\""""\\\""""\""""\\\\\\\\\\\\\\\\\\\\\\\\\\\\\\\\\\\\\\\\\\\\\\\\\\\\\\\\\\\\\\\""""\""""\\\""""\""""\\\\\\\""""\""""\\\""""\""""\\\\\\\\\\\\\\\""""\""""\\\""""\""""\\\\\\\""""\""""\\\""""\""""\\\\\\\\\\\\\\\\\\\\\\\\\\\\\\\\\\\\\\\\\\\\\\\\\\\\\\\\\\\\\\\\\\\\\\\\\\\\\\\\\\\\\\\\\\\\\\\\\\\\\\\\\\\\\\\\\\\\\\\\\\\\\\\""""\""""\\\""""\""""\\\\\\\""""\""""\\\""""\""""\\\\\\\\\\\\\\\""""\""""\\\""""\""""\\\\\\\""""\""""\\\""""\""""\\\\\\\\\\\\\\\\\\\\\\\\\\\\\\\""""\""""\\\""""\""""\\\\\\\""""\""""\\\""""\""""\\\\\\\\\\\\\\\""""\""""\\\""""\""""\\\\\\\""""\""""\\\""""\""""[\\\\\\\\\\\\\\\\\\\\\\\\\\\\\\\\\\\\\\\\\\\\\\\\\\\\\\\\\\\\\\\\\\\\\\\\\\\\\\\\\\\\\\\\\\\\\\\\\\\\\\\\\\\\\\\\\\\\\\\\\\\\\\\\\\\\\\\\\\\\\\\\\\\\\\\\\\\\\\\\\\\\\\\\\\\\\\\\\\\\\\\\\\\\\\\\\\\\\\\\\\\\\\\\\\\\\\\\\\\\\\\\\\\\\\\\\\\\\\\\\\\\\\\\\\\\\\\""""\""""\\\""""\""""\\\\\\\""""\""""\\\""""\""""\\\\\\\\\\\\\\\""""\""""\\\""""\""""\\\\\\\""""\""""\\\""""\""""\\\\\\\\\\\\\\\\\\\\\\\\\\\\\\\""""\""""\\\""""\""""\\\\\\\""""\""""\\\""""\""""\\\\\\\\\\\\\\\""""\""""\\\""""\""""\\\\\\\""""\""""\\\""""\""""\\\\\\\\\\\\\\\\\\\\\\\\\\\\\\\\\\\\\\\\\\\\\\\\\\\\\\\\\\\\\\\""""\""""\\\""""\""""\\\\\\\""""\""""\\\""""\""""\\\\\\\\\\\\\\\""""\""""\\\""""\""""\\\\\\\""""\""""\\\""""\""""\\\\\\\\\\\\\\\\\\\\\\\\\\\\\\\""""\""""\\\""""\""""\\\\\\\""""\""""\\\""""\""""\\\\\\\\\\\\\\\""""\""""\\\""""\""""\\\\\\\""""\""""\\\""""\""""Latin\\\\\\\\\\\\\\\\\\\\\\\\\\\\\\\\\\\\\\\\\\\\\\\\\\\\\\\\\\\\\\\\\\\\\\\\\\\\\\\\\\\\\\\\\\\\\\\\\\\\\\\\\\\\\\\\\\\\\\\\\\\\\\\\\\\\\\\\\\\\\\\\\\\\\\\\\\\\\\\\\\\\\\\\\\\\\\\\\\\\\\\\\\\\\\\\\\\\\\\\\\\\\\\\\\\\\\\\\\\\\\\\\\\\\\\\\\\\\\\\\\\\\\\\\\\\\\\""""\""""\\\""""\""""\\\\\\\""""\""""\\\""""\""""\\\\\\\\\\\\\\\""""\""""\\\""""\""""\\\\\\\""""\""""\\\""""\""""\\\\\\\\\\\\\\\\\\\\\\\\\\\\\\\""""\""""\\\""""\""""\\\\\\\""""\""""\\\""""\""""\\\\\\\\\\\\\\\""""\""""\\\""""\""""\\\\\\\""""\""""\\\""""\""""\\\\\\\\\\\\\\\\\\\\\\\\\\\\\\\\\\\\\\\\\\\\\\\\\\\\\\\\\\\\\\\""""\""""\\\""""\""""\\\\\\\""""\""""\\\""""\""""\\\\\\\\\\\\\\\""""\""""\\\""""\""""\\\\\\\""""\""""\\\""""\""""\\\\\\\\\\\\\\\\\\\\\\\\\\\\\\\""""\""""\\\""""\""""\\\\\\\""""\""""\\\""""\""""\\\\\\\\\\\\\\\""""\""""\\\""""\""""\\\\\\\""""\""""\\\""""\""""\\\\\\\\\\\\\\\\\\\\\\\\\\\\\\\\\\\\\\\\\\\\\\\\\\\\\\\\\\\\\\\\\\\\\\\\\\\\\\\\\\\\\\\\\\\\\\\\\\\\\\\\\\\\\\\\\\\\\\\\\\\\\\\""""\""""\\\""""\""""\\\\\\\""""\""""\\\""""\""""\\\\\\\\\\\\\\\""""\""""\\\""""\""""\\\\\\\""""\""""\\\""""\""""\\\\\\\\\\\\\\\\\\\\\\\\\\\\\\\""""\""""\\\""""\""""\\\\\\\""""\""""\\\""""\""""\\\\\\\\\\\\\\\""""\""""\\\""""\""""\\\\\\\""""\""""\\\""""\""""\\\\\\\\\\\\\\\\\\\\\\\\\\\\\\\\\\\\\\\\\\\\\\\\\\\\\\\\\\\\\\\""""\""""\\\""""\""""\\\\\\\""""\""""\\\""""\""""\\\\\\\\\\\\\\\""""\""""\\\""""\""""\\\\\\\""""\""""\\\""""\""""\\\\\\\\\\\\\\\\\\\\\\\\\\\\\\\""""\""""\\\""""\""""\\\\\\\""""\""""\\\""""\""""\\\\\\\\\\\\\\\""""\""""\\\""""\""""\\\\\\\""""\""""\\\""""\""""]\\\\\\\\\\\\\\\\\\\\\\\\\\\\\\\\\\\\\\\\\\\\\\\\\\\\\\\\\\\\\\\\\\\\\\\\\\\\\\\\\\\\\\\\\\\\\\\\\\\\\\\\\\\\\\\\\\\\\\\\\\\\\\\""""\""""\\\""""\""""\\\\\\\""""\""""\\\""""\""""\\\\\\\\\\\\\\\""""\""""\\\""""\""""\\\\\\\""""\""""\\\""""\""""\\\\\\\\\\\\\\\\\\\\\\\\\\\\\\\""""\""""\\\""""\""""\\\\\\\""""\""""\\\""""\""""\\\\\\\\\\\\\\\""""\""""\\\""""\""""\\\\\\\""""\""""\\\""""\""""\\\\\\\\\\\\\\\\\\\\\\\\\\\\\\\\\\\\\\\\\\\\\\\\\\\\\\\\\\\\\\\""""\""""\\\""""\""""\\\\\\\""""\""""\\\""""\""""\\\\\\\\\\\\\\\""""\""""\\\""""\""""\\\\\\\""""\""""\\\""""\""""\\\\\\\\\\\\\\\\\\\\\\\\\\\\\\\""""\""""\\\""""\""""\\\\\\\""""\""""\\\""""\""""\\\\\\\\\\\\\\\""""\""""\\\""""\""""\\\\\\\""""\""""\\\""""\""""\\\\\\\\\\\\\\\\\\\\\\\\\\\\\\\\\\\\\\\\\\\\\\\\\\\\\\\\\\\\\\\\\\\\\\\\\\\\\\\\\\\\\\\\\\\\\\\\\\\\\\\\\\\\\\\\\\\\\\\\\\\\\\\""""\""""\\\""""\""""\\\\\\\""""\""""\\\""""\""""\\\\\\\\\\\\\\\""""\""""\\\""""\""""\\\\\\\""""\""""\\\""""\""""\\\\\\\\\\\\\\\\\\\\\\\\\\\\\\\""""\""""\\\""""\""""\\\\\\\""""\""""\\\""""\""""\\\\\\\\\\\\\\\""""\""""\\\""""\""""\\\\\\\""""\""""\\\""""\""""\\\\\\\\\\\\\\\\\\\\\\\\\\\\\\\\\\\\\\\\\\\\\\\\\\\\\\\\\\\\\\\""""\""""\\\""""\""""\\\\\\\""""\""""\\\""""\""""\\\\\\\\\\\\\\\""""\""""\\\""""\""""\\\\\\\""""\""""\\\""""\""""\\\\\\\\\\\\\\\\\\\\\\\\\\\\\\\""""\""""\\\""""\""""\\\\\\\""""\""""\\\""""\""""\\\\\\\\\\\\\\\""""\""""\\\""""\""""\\\\\\\""""\""""\\\""""\""""\\\\\\\\\\\\\\\\\\\\\\\\\\\\\\\\\\\\\\\\\\\\\\\\\\\\\\\\\\\\\\\\\\\\\\\\\\\\\\\\\\\\\\\\\\\\\\\\\\\\\\\\\\\\\\\\\\\\\\\\\\\\\\\""""\""""\\\""""\""""\\\\\\\""""\""""\\\""""\""""\\\\\\\\\\\\\\\""""\""""\\\""""\""""\\\\\\\""""\""""\\\""""\""""\\\\\\\\\\\\\\\\\\\\\\\\\\\\\\\""""\""""\\\""""\""""\\\\\\\""""\""""\\\""""\""""\\\\\\\\\\\\\\\""""\""""\\\""""\""""\\\\\\\""""\""""\\\""""\""""\\\\\\\\\\\\\\\\\\\\\\\\\\\\\\\\\\\\\\\\\\\\\\\\\\\\\\\\\\\\\\\""""\""""\\\""""\""""\\\\\\\""""\""""\\\""""\""""\\\\\\\\\\\\\\\""""\""""\\\""""\""""\\\\\\\""""\""""\\\""""\""""\\\\\\\\\\\\\\\\\\\\\\\\\\\\\\\""""\""""\\\""""\""""\\\\\\\""""\""""\\\""""\""""\\\\\\\\\\\\\\\""""\""""\\\""""\""""\\\\\\\""""\""""\\\""""\""""\\\\\\\\\\\\\\\\\\\\\\\\\\\\\\\\\\\\\\\\\\\\\\\\\\\\\\\\\\\\\\\""""\""""\\\""""\""""\\\\\\\""""\""""\\\""""\""""\\\\\\\\\\\\\\\""""\""""\\\""""\""""\\\\\\\""""\""""\\\""""\""""\\\\\\\\\\\\\\\\\\\\\\\\\\\\\\\""""\""""\\\""""\""""\\\\\\\""""\""""\\\""""\""""\\\\\\\\\\\\\\\""""\""""\\\""""\""""\\\\\\\""""\""""\\\""""\""""\\\\\\\\\\\\\\\\\\\\\\\\\\\\\\\\\\\\\\\\\\\\\\\\\\\\\\\\\\\\\\\""""\""""\\\""""\""""\\\\\\\""""\""""\\\""""\""""\\\\\\\\\\\\\\\""""\""""\\\""""\""""\\\\\\\""""\""""\\\""""\""""\\\\\\\\\\\\\\\\\\\\\\\\\\\\\\\""""\""""\\\""""\""""\\\\\\\""""\""""\\\""""\""""\\\\\\\\\\\\\\\""""\""""\\\""""\""""\\\\\\\""""\""""\\\""""\""""\\\\\\\\\\\\\\\\\\\\\\\\\\\\\\\\\\\\\\\\\\\\\\\\\\\\\\\\\\\\\\\""""\""""\\\""""\""""\\\\\\\""""\""""\\\""""\""""\\\\\\\\\\\\\\\""""\""""\\\""""\""""\\\\\\\""""\""""\\\""""\""""\\\\\\\\\\\\\\\\\\\\\\\\\\\\\\\""""\""""\\\""""\""""\\\\\\\""""\""""\\\""""\""""\\\\\\\\\\\\\\\""""\""""\\\""""\""""\\\\\\\""""\""""\\\""""\""""\\\\\\\\\\\\\\\\\\\\\\\\\\\\\\\""""\""""\\\""""\""""\\\\\\\""""\""""\\\""""\""""\\\\\\\\\\\\\\\""""\""""\\\""""\""""\\\\\\\""""\""""\\\""""\""""\\\\\\\\\\\\\\\\\\\\\\\\\\\\\\\""""\""""\\\""""\""""\\\\\\\""""\""""\\\""""\""""\\\\\\\\\\\\\\\""""\""""\\\""""\""""\\\\\\\""""\""""\\\""""\""""\\\\\\\\\\\\\\\\\\\\\\\\\\\\\\\""""\""""\\\""""\""""\\\\\\\""""\""""\\\""""\""""\\\\\\\\\\\\\\\""""\""""\\\""""\""""\\\\\\\""""\""""\\\""""\""""\\\\\\\\\\\\\\\""""\""""\\\""""\""""\\\\\\\""""\""""\\\""""\""""\\\\\\\\\\\\\\\""""\""""\\\""""\""""\\\\\\\""""\""""\\\""""\""""\\\\\\\\\\\\\\\""""\""""\\\""""\""""\\\\\\\""""\""""\\\""""\""""\\\\\\\""""\""""\\\""""\""""\\\\\\\""""\""""\\\""""\""""\\\\\\\""""\""""\\\""""\""""\\\""""\""""\\\""""\""""\\\""""\""""\""""\""""\""""""""""",1,0,1,0,0,0,0,cross-classical-academy-tx-76801-fcapi-classicality-abstract.md,cross-classical-academy-tx-76801-fcapi-classicality-audit.md,cross-classical-academy-tx-76801-v*-fcapi-classicality-audit.pdf,,,0,0,0,0,894,
Acct0839,Crosspoint Academy,,,crosspoint-academy-ca-94545,,+1 510 995 5333,,https://crosspointacademy.org/,25500 Industrial Boulevard,,Hayward,Alameda County,CA,94545,US,37.63684520,-122.11441850,classical,crosspoint-academy-ca-94545-fcapi-classicality-abstract.md,crosspoint-academy-ca-94545-fcapi-classicality-audit.md,crosspoint-academy-ca-94545-v*-fcapi-classicality-audit.pdf,elementary-intermediate-secondary,Private School,Private,0,,,,,,,,,,,,,,,,,,,,,,,,,,,,,,0,,0,0,0,0,0,0,0,crosspoint-academy-ca-94545-fcapi-classicality-abstract.md,crosspoint-academy-ca-94545-fcapi-classicality-audit.md,crosspoint-academy-ca-94545-v*-fcapi-classicality-audit.pdf,,,0,0,0,0,899,1030
Acct0842,Crossroads Christian Academy,,,crossroads-christian-academy-az-85637,administration@crossroadschristianacademyaz.org,(520) 419-4909,,https://crossroadschristianacademyaz.org/,60 Palomino Trl,,Sonoita,,AZ,85637,US,31.67004690,-110.62605780,classical,crossroads-christian-academy-az-85637-fcapi-classicality-abstract.md,crossroads-christian-academy-az-85637-fcapi-classicality-audit.md,crossroads-christian-academy-az-85637-v*-fcapi-classicality-audit.pdf,elementary-intermediate-secondary,Private School,Private School,0,2023,,,,,,,,,,,,,,,,,,,,,,,,,,,,,1,,1,0,0,0,0,0,0,crossroads-christian-academy-az-85637-fcapi-classicality-abstract.md,crossroads-christian-academy-az-85637-fcapi-classicality-audit.md,crossroads-christian-academy-az-85637-v*-fcapi-classicality-audit.pdf,,,0,0,0,0,902,
Acct0843,Crossroads Christian Academy,,,crossroads-christian-academy-ga-31516,info@ccawaycross.com,+1 912 490 2224,,https://ccawaycross.com/,2193 Golf Course Rd.,,Blackshear,Pierce County,GA,31516,US,31.24843000,-82.32019270,classical,crossroads-christian-academy-ga-31516-fcapi-classicality-abstract.md,crossroads-christian-academy-ga-31516-fcapi-classicality-audit.md,crossroads-christian-academy-ga-31516-v*-fcapi-classicality-audit.pdf,elementary-intermediate,Private School,Private,0,,,,,,,,,,,,,,,,,,,,,,,,,,,,,,0,,0,0,0,0,0,0,0,crossroads-christian-academy-ga-31516-fcapi-classicality-abstract.md,crossroads-christian-academy-ga-31516-fcapi-classicality-audit.md,crossroads-christian-academy-ga-31516-v*-fcapi-classicality-audit.pdf,,,0,0,0,0,903,2487
Acct0845,Crossville Christian School,,,crossville-christian-school-tn-38555,,+1 931 484 0026,,https://www.cacknights.com/,28 Rock Quarry Rd.,,Crossville,Cumberland County,TN,38555,US,35.95584260,-84.99215350,classical,crossville-christian-school-tn-38555-fcapi-classicality-abstract.md,crossville-christian-school-tn-38555-fcapi-classicality-audit.md,crossville-christian-school-tn-38555-v*-fcapi-classicality-audit.pdf,elementary-intermediate-secondary,Private School,Private,0,,,,,,,,,,,,,,,,,,,,,,,,,,,,,,0,,0,0,0,0,0,0,0,crossville-christian-school-tn-38555-fcapi-classicality-abstract.md,crossville-christian-school-tn-38555-fcapi-classicality-audit.md,crossville-christian-school-tn-38555-v*-fcapi-classicality-audit.pdf,,,0,0,0,0,905,2410
Acct0852,Cypress Grove Academy,,,cypress-grove-academy-al-36607,cypressgroveacademyed@gmail.com,+1 251 391 6967,,https://cypressgroveacademy.org/,2651 Springhill Ave.,,Mobile,Mobile County,AL,36607,US,30.69560670,-88.10297730,classical,cypress-grove-academy-al-36607-fcapi-classicality-abstract.md,cypress-grove-academy-al-36607-fcapi-classicality-audit.md,cypress-grove-academy-al-36607-v*-fcapi-classicality-audit.pdf,elementary-intermediate-secondary,Private School,Private,0,2020,,,,,,,,,,,,,,,,,,,,,,,,,,,,,0,,0,0,0,0,0,0,0,cypress-grove-academy-al-36607-fcapi-classicality-abstract.md,cypress-grove-academy-al-36607-fcapi-classicality-audit.md,cypress-grove-academy-al-36607-v*-fcapi-classicality-audit.pdf,,,0,0,0,0,912,1702
Acct0867,Dayspring Christian Academy,,,dayspring-christian-academy-pa-17554,dave-martin@juno.com,+1 717 285 2000,,https://www.dayspringchristian.com/,120 College Ave.,,Mountville,Lancaster County,PA,17554,US,40.04254070,-76.42657510,classical,dayspring-christian-academy-pa-17554-fcapi-classicality-abstract.md,dayspring-christian-academy-pa-17554-fcapi-classicality-audit.md,dayspring-christian-academy-pa-17554-v*-fcapi-classicality-audit.pdf,elementary-intermediate-secondary,Private School,Private,0,2024,,,,,,,,,,,,,,,,,,,,,,,,,,,,,0,,0,0,0,0,0,0,0,dayspring-christian-academy-pa-17554-fcapi-classicality-abstract.md,dayspring-christian-academy-pa-17554-fcapi-classicality-audit.md,dayspring-christian-academy-pa-17554-v*-fcapi-classicality-audit.pdf,,,0,0,0,0,924,1010
Acct0868,Decatur Heritage Christian Academy,,,decatur-heritage-christian-academy-al-35601,,+1 256 351 4275,,https://www.dhca.org/,3802 Spring Ave. Swp. O. Box 5659,,Decatur,Morgan County,AL,35601,US,34.53677180,-86.99817000,classical,decatur-heritage-christian-academy-al-35601-fcapi-classicality-abstract.md,decatur-heritage-christian-academy-al-35601-fcapi-classicality-audit.md,decatur-heritage-christian-academy-al-35601-v*-fcapi-classicality-audit.pdf,elementary-intermediate-secondary,Private School,Private,0,,,,,,,,,,,,,,,,,,,,,,,,,,,,,,0,,0,0,0,0,0,0,0,decatur-heritage-christian-academy-al-35601-fcapi-classicality-abstract.md,decatur-heritage-christian-academy-al-35601-fcapi-classicality-audit.md,decatur-heritage-christian-academy-al-35601-v*-fcapi-classicality-audit.pdf,,,0,0,0,0,925,1955
Acct0873,Delaware Valley Classical School,,,delaware-valley-classical-school-de-19720,info@dvclassical.org,+1 302 455 8740,,https://www.delawarevalleyclassicalschool.org/,903 East Basin Road,,New Castle,New Castle County,DE,19720,US,39.66496430,-75.58063450,classical,delaware-valley-classical-school-de-19720-fcapi-classicality-abstract.md,delaware-valley-classical-school-de-19720-fcapi-classicality-audit.md,delaware-valley-classical-school-de-19720-v*-fcapi-classicality-audit.pdf,elementary-intermediate-secondary,Private School,Private,0,1994,,,,,,,,,,,,,,,,,,,,,,,,,,,,,0,,0,0,0,0,0,0,0,delaware-valley-classical-school-de-19720-fcapi-classicality-abstract.md,delaware-valley-classical-school-de-19720-fcapi-classicality-audit.md,delaware-valley-classical-school-de-19720-v*-fcapi-classicality-audit.pdf,,,0,0,0,0,930,2085
Acct0879,Denton Classical Academy,,,denton-classical-academy-tx-76210,,+1 940 565 8333,,https://www.dentonclassical.com/,4420 Country Club Rd.,,Denton,Denton County,TX,76210,US,33.15843850,-97.14258750,classical,denton-classical-academy-tx-76210-fcapi-classicality-abstract.md,denton-classical-academy-tx-76210-fcapi-classicality-audit.md,denton-classical-academy-tx-76210-v*-fcapi-classicality-audit.pdf,elementary,Charter,Public,0,,,,,,,,,,,,,,,,,,,,,,,,,,,,,,0,,0,0,0,0,0,0,0,denton-classical-academy-tx-76210-fcapi-classicality-abstract.md,denton-classical-academy-tx-76210-fcapi-classicality-audit.md,denton-classical-academy-tx-76210-v*-fcapi-classicality-audit.pdf,,,0,0,0,0,936,1708
,Destiny Christian School & Preschool,,,destiny-christian-school-preschool-ny-14620,,+1 585 473 1680,,http://destinyschool.com,1876 Elmwood Avenue,,Rochester,,NY,14620,US,43.12641450,-77.58665730,classical,destiny-christian-school-preschool-ny-14620-fcapi-classicality-abstract.md,destiny-christian-school-preschool-ny-14620-fcapi-classicality-audit.md,destiny-christian-school-preschool-ny-14620-v*-fcapi-classicality-audit.pdf,elementary-intermediate-secondary,,,0,,,,,,,,,,,,,,,,,,,,,,,,,,,,,,0,,0,0,0,0,0,0,0,destiny-christian-school-preschool-ny-14620-fcapi-classicality-abstract.md,destiny-christian-school-preschool-ny-14620-fcapi-classicality-audit.md,destiny-christian-school-preschool-ny-14620-v*-fcapi-classicality-audit.pdf,,,0,0,0,0,5196,
Acct0886,Detroit Christian School,,,detroit-christian-school-mi-48208,,+1 313 843 2747,,https://www.thedetroitchristianschool.com/,4800 Grand River Avenue,,Detroit,Wayne County,MI,48208,US,42.34822740,-83.08719920,classical,detroit-christian-school-mi-48208-fcapi-classicality-abstract.md,detroit-christian-school-mi-48208-fcapi-classicality-audit.md,detroit-christian-school-mi-48208-v*-fcapi-classicality-audit.pdf,elementary,Private School,Private,0,,,,,,,,,,,,,,,,,,,,,,,,,,,,,,0,,0,0,0,0,0,0,0,detroit-christian-school-mi-48208-fcapi-classicality-abstract.md,detroit-christian-school-mi-48208-fcapi-classicality-audit.md,detroit-christian-school-mi-48208-v*-fcapi-classicality-audit.pdf,,,0,0,0,0,942,349
Acct0896,Divine Mercy Academy,,,divine-mercy-academy-md-21122,,+1 202 602 7154,,https://divinemercy.md/,8513 Saint Jane Drive,,Pasadena,Anne Arundel County,MD,21122,US,39.16153170,-76.51209170,classical,divine-mercy-academy-md-21122-fcapi-classicality-abstract.md,divine-mercy-academy-md-21122-fcapi-classicality-audit.md,divine-mercy-academy-md-21122-v*-fcapi-classicality-audit.pdf,elementary-intermediate,Private School,Private,0,,,,,,,,,,,,,,,,,,,,,,,,,,,,,,0,,0,0,0,0,0,0,0,divine-mercy-academy-md-21122-fcapi-classicality-abstract.md,divine-mercy-academy-md-21122-fcapi-classicality-audit.md,divine-mercy-academy-md-21122-v*-fcapi-classicality-audit.pdf,,,0,0,0,0,947,1875
Acct0899,Dogwood Classical Academy,,,dogwood-classical-academy-nc-28115,,+1 704 576 4268,,https://www.dogwoodacademy.org/,4855 Milestone Avenue,,Mooresville,Iredell County,NC,28115,US,35.58341680,-80.79875400,classical,dogwood-classical-academy-nc-28115-fcapi-classicality-abstract.md,dogwood-classical-academy-nc-28115-fcapi-classicality-audit.md,dogwood-classical-academy-nc-28115-v*-fcapi-classicality-audit.pdf,elementary-intermediate-secondary,Charter,Public,0,,,,,,,,,,,,,,,,,,,,,,,,,,,,,,0,,0,0,0,0,0,0,0,dogwood-classical-academy-nc-28115-fcapi-classicality-abstract.md,dogwood-classical-academy-nc-28115-fcapi-classicality-audit.md,dogwood-classical-academy-nc-28115-v*-fcapi-classicality-audit.pdf,,,0,0,0,0,950,217
Acct0903,Donahue Academy,,,donahue-academy-fl-34142,donahue.academy@donahueacademy.org,+1 239 842 3241,,https://donahueacademy.org/,4955 Seton Way Fl.,,Ave Maria,Collier County,FL,34142,US,26.34078470,-81.43510140,classical,donahue-academy-fl-34142-fcapi-classicality-abstract.md,donahue-academy-fl-34142-fcapi-classicality-audit.md,donahue-academy-fl-34142-v*-fcapi-classicality-audit.pdf,elementary-intermediate-secondary,Private School,Private,0,,,,,,,,,,,,,,,,,,,,,,,,,,,,,,0,,0,0,0,0,0,0,0,donahue-academy-fl-34142-fcapi-classicality-abstract.md,donahue-academy-fl-34142-fcapi-classicality-audit.md,donahue-academy-fl-34142-v*-fcapi-classicality-audit.pdf,,,0,0,0,0,954,2476
Acct0905,Donum Dei Classical Academy,,,donum-dei-classical-academy-ca-94110,,+1 949 439 1089,,https://www.donumdei.org/,1560 Treat Avenue,,San Francisco,San Francisco County,CA,94110,US,37.74566500,-122.41256400,classical,donum-dei-classical-academy-ca-94110-fcapi-classicality-abstract.md,donum-dei-classical-academy-ca-94110-fcapi-classicality-audit.md,donum-dei-classical-academy-ca-94110-v*-fcapi-classicality-audit.pdf,elementary-intermediate,Private School,Private,0,,,,,,,,,,,,,,,,,,,,,,,,,,,,,,0,,0,0,0,0,0,0,0,donum-dei-classical-academy-ca-94110-fcapi-classicality-abstract.md,donum-dei-classical-academy-ca-94110-fcapi-classicality-audit.md,donum-dei-classical-academy-ca-94110-v*-fcapi-classicality-audit.pdf,,,0,0,0,0,956,2795
Acct0910,Doxa Christian Academy,,,doxa-christian-academy-wi-53151,office@doxachristianacademy.com,+1 262 352 7599,,https://doxachristianacademy.com/,13800 West Howard Avenue,,New Berlin,Waukesha County,WI,53151,US,42.97432110,-88.08679390,classical,doxa-christian-academy-wi-53151-fcapi-classicality-abstract.md,doxa-christian-academy-wi-53151-fcapi-classicality-audit.md,doxa-christian-academy-wi-53151-v*-fcapi-classicality-audit.pdf,elementary-intermediate-secondary,Private School,Private,0,2022,,,,,,,,,,,,,,,,,,,,,,,,,,,,,0,,0,0,0,0,0,0,0,doxa-christian-academy-wi-53151-fcapi-classicality-abstract.md,doxa-christian-academy-wi-53151-fcapi-classicality-audit.md,doxa-christian-academy-wi-53151-v*-fcapi-classicality-audit.pdf,,,0,0,0,0,961,1099
Acct0915,Eagle Ridge Academy,,,eagle-ridge-academy-mn-55343,info@eagleridgeacademy.org,+1 952 746 7760,,https://eagleridgeacademy.org/,11111 Bren Rd. W,,Minnetonka,Hennepin County,MN,55343,US,44.90053170,-93.41844170,classical,eagle-ridge-academy-mn-55343-fcapi-classicality-abstract.md,eagle-ridge-academy-mn-55343-fcapi-classicality-audit.md,eagle-ridge-academy-mn-55343-v*-fcapi-classicality-audit.pdf,elementary-intermediate-secondary,Charter,Public,0,,,,,,,,,,,,,,,,,,,,,,,,,,,,,,0,,0,0,0,0,0,0,0,eagle-ridge-academy-mn-55343-fcapi-classicality-abstract.md,eagle-ridge-academy-mn-55343-fcapi-classicality-audit.md,eagle-ridge-academy-mn-55343-v*-fcapi-classicality-audit.pdf,,,0,0,0,0,966,1896
Acct0917,Eagles On The Rock Academy,,,eagles-on-rock-academy-tx-77094,info@academyontherock.org,+1 281 945 4540,,https://www.academyontherock.org/,433 Barker Cypress Rd.,,Houston,Harris County,TX,77094,US,29.77707110,-95.68698100,classical,eagles-on-rock-academy-tx-77094-fcapi-classicality-abstract.md,eagles-on-rock-academy-tx-77094-fcapi-classicality-audit.md,eagles-on-rock-academy-tx-77094-v*-fcapi-classicality-audit.pdf,elementary-intermediate-secondary,Private School,Private,0,2025,,,,,,,,,,,,,,,,,,,,,,,,,,,,,0,,0,0,0,0,0,0,0,eagles-on-rock-academy-tx-77094-fcapi-classicality-abstract.md,eagles-on-rock-academy-tx-77094-fcapi-classicality-audit.md,eagles-on-rock-academy-tx-77094-v*-fcapi-classicality-audit.pdf,,,0,0,0,0,968,39
Acct0920,East Palmyra Christian School,,,east-palmyra-christian-school-ny-14522,office@eastpal.org,+1 315 576 6418,,https://www.eastpal.org/,2023 E Port Gibson Rd.,,Palmyra,Wayne County,NY,14522,US,43.08120340,-77.15756980,classical,east-palmyra-christian-school-ny-14522-fcapi-classicality-abstract.md,east-palmyra-christian-school-ny-14522-fcapi-classicality-audit.md,east-palmyra-christian-school-ny-14522-v*-fcapi-classicality-audit.pdf,elementary-intermediate-secondary,Private School,Private,0,1947,,,,,,,,,,,,,,,,,,,,,,,,,,,,,0,,0,0,0,0,0,0,0,east-palmyra-christian-school-ny-14522-fcapi-classicality-abstract.md,east-palmyra-christian-school-ny-14522-fcapi-classicality-audit.md,east-palmyra-christian-school-ny-14522-v*-fcapi-classicality-audit.pdf,,,0,0,0,0,971,1672
Acct0923,Eastwood Christian School,,,eastwood-christian-school-al-36106,admin@eastwoodschool.org,+1 334 272 8195,,https://eastwoodschool.org/,1701 E. Trinity Blvd.,,Montgomery,Montgomery County,AL,36106,US,32.35384300,-86.23220530,classical,eastwood-christian-school-al-36106-fcapi-classicality-abstract.md,eastwood-christian-school-al-36106-fcapi-classicality-audit.md,eastwood-christian-school-al-36106-v*-fcapi-classicality-audit.pdf,elementary-intermediate-secondary,Private School,Private,0,1996,,,,,,,,,,,,,,,,,,,,,,,,,,,,,0,,0,0,0,0,0,0,0,eastwood-christian-school-al-36106-fcapi-classicality-abstract.md,eastwood-christian-school-al-36106-fcapi-classicality-audit.md,eastwood-christian-school-al-36106-v*-fcapi-classicality-audit.pdf,,,0,0,0,0,974,1926
Net1098,Ecclesial Schools Initiative,,,ecclesial-schools-initiative-fl-32765,contact@esischools.org,+1 321 274 6540,,https://esischools.org/,3348 W State Rd. 426,,Oviedo,Seminole County,FL,32765,US,28.61924810,-81.25526070,classical,ecclesial-schools-initiative-fl-32765-fcapi-classicality-abstract.md,ecclesial-schools-initiative-fl-32765-fcapi-classicality-audit.md,ecclesial-schools-initiative-fl-32765-v*-fcapi-classicality-audit.pdf,elementary-intermediate-secondary,Private School,Private,0,,,,,,,,,,,,,,,,,,,,,,,,,,,,,,0,,0,0,0,0,0,0,0,ecclesial-schools-initiative-fl-32765-fcapi-classicality-abstract.md,ecclesial-schools-initiative-fl-32765-fcapi-classicality-audit.md,ecclesial-schools-initiative-fl-32765-v*-fcapi-classicality-audit.pdf,,,0,0,0,0,975,2292
Acct0939,Emet Classical Academy,,,emet-classical-academy-ny-10022,,+1 214 497 3441,,https://emetclassicalacademy.org/,165 E 56th St 4th Floor New York,,Manhattan,New York County,NY,10022,US,40.75985650,-73.96837910,classical,emet-classical-academy-ny-10022-fcapi-classicality-abstract.md,emet-classical-academy-ny-10022-fcapi-classicality-audit.md,emet-classical-academy-ny-10022-v*-fcapi-classicality-audit.pdf,intermediate-secondary,Private School,Private,0,,,,,,,,,,,,,,,,,,,,,,,,,,,,,,0,,0,0,0,0,0,0,0,emet-classical-academy-ny-10022-fcapi-classicality-abstract.md,emet-classical-academy-ny-10022-fcapi-classicality-audit.md,emet-classical-academy-ny-10022-v*-fcapi-classicality-audit.pdf,,,0,0,0,0,989,593
Acct0944,Emmanuel Christian School,,,emmanuel-christian-school-wv-26301,jwatkins@emmanuelealges.com,+1 304 624 6125,,https://www.emmanueleagles.com/,1318 North 16th Street,,Clarksburg,Harrison County,WV,26301,US,39.29281480,-80.34615600,classical,emmanuel-christian-school-wv-26301-fcapi-classicality-abstract.md,emmanuel-christian-school-wv-26301-fcapi-classicality-audit.md,emmanuel-christian-school-wv-26301-v*-fcapi-classicality-audit.pdf,elementary-intermediate-secondary,Private School,Private,0,1971,,,,,,,,,,,,,,,,,,,,,,,,,,,,,0,,0,0,0,0,0,0,0,emmanuel-christian-school-wv-26301-fcapi-classicality-abstract.md,emmanuel-christian-school-wv-26301-fcapi-classicality-audit.md,emmanuel-christian-school-wv-26301-v*-fcapi-classicality-audit.pdf,,,0,0,0,0,993,2198
Acct0945,Emmaus Academy,,,emmaus-academy-il-61101,,+1 779 348 6361,,https://emmausacademy.com/,7007 Flora Road,,Rockford,Winnebago County,IL,61101,US,42.28458380,-89.17466620,classical,emmaus-academy-il-61101-fcapi-classicality-abstract.md,emmaus-academy-il-61101-fcapi-classicality-audit.md,emmaus-academy-il-61101-v*-fcapi-classicality-audit.pdf,elementary-intermediate-secondary,Private School,Private,0,,,,,,,,,,,,,,,,,,,,,,,,,,,,,,0,,0,0,0,0,0,0,0,emmaus-academy-il-61101-fcapi-classicality-abstract.md,emmaus-academy-il-61101-fcapi-classicality-audit.md,emmaus-academy-il-61101-v*-fcapi-classicality-audit.pdf,,,0,0,0,0,994,1443
Acct0953,Epiphany Catholic School,,,epiphany-catholic-school-mn-55433,,+1 614 800 4979,,https://epiphanyschoolmn.org/,11001 Hanson Boulevard Northwest,,Coon Rapids,Anoka County,MN,55433,US,45.17016520,-93.31575460,classical,epiphany-catholic-school-mn-55433-fcapi-classicality-abstract.md,epiphany-catholic-school-mn-55433-fcapi-classicality-audit.md,epiphany-catholic-school-mn-55433-v*-fcapi-classicality-audit.pdf,elementary-intermediate,Private School,Private,0,,,,,,,,,,,,,,,,,,,,,,,,,,,,,,0,,0,0,0,0,0,0,0,epiphany-catholic-school-mn-55433-fcapi-classicality-abstract.md,epiphany-catholic-school-mn-55433-fcapi-classicality-audit.md,epiphany-catholic-school-mn-55433-v*-fcapi-classicality-audit.pdf,,,0,0,0,0,1001,2610
Acct0958,Estancia Valley Classical Academy,,,estancia-valley-classical-academy-nm-87015,office@theevca.com,+1 505 431 3822,,https://theevca.com/,PO Box 1780,,Edgewood,Santa Fe County,NM,87015,US,35.07763670,-106.18992610,classical,estancia-valley-classical-academy-nm-87015-fcapi-classicality-abstract.md,estancia-valley-classical-academy-nm-87015-fcapi-classicality-audit.md,estancia-valley-classical-academy-nm-87015-v*-fcapi-classicality-audit.pdf,elementary-intermediate-secondary,Charter,Public,0,,,,,,,,,,,,,,,,,,,,,,,,,,,,,,0,,0,0,0,0,0,0,0,estancia-valley-classical-academy-nm-87015-fcapi-classicality-abstract.md,estancia-valley-classical-academy-nm-87015-fcapi-classicality-audit.md,estancia-valley-classical-academy-nm-87015-v*-fcapi-classicality-audit.pdf,,,0,0,0,0,1006,2724
Acct0961,Evangel Christian Academy,,,evangel-christian-academy-co-80917,admissions@ecaeagles.org,+1 719 651 2792,,https://ecaeagles.org/,4052 Nonchalant Cir S,,Colorado Springs,El Paso County,CO,80917,US,38.88034420,-104.75129820,classical,evangel-christian-academy-co-80917-fcapi-classicality-abstract.md,evangel-christian-academy-co-80917-fcapi-classicality-audit.md,evangel-christian-academy-co-80917-v*-fcapi-classicality-audit.pdf,elementary-intermediate-secondary,Private School,Private,0,1971,,,,,,,,,,,,,,,,,,,,,,,,,,,,,0,,0,0,0,0,0,0,0,evangel-christian-academy-co-80917-fcapi-classicality-abstract.md,evangel-christian-academy-co-80917-fcapi-classicality-audit.md,evangel-christian-academy-co-80917-v*-fcapi-classicality-audit.pdf,,,0,0,0,0,1009,1941
Acct0964,Evangel Classical School,,,evangel-classical-school-wa-98270,evangelcs@gmail.com,+1 360 502 6950,,https://evangelcs.org/,9015 44th Dr. Ne,,Marysville,Snohomish County,WA,98270,US,48.07791950,-122.17098790,classical,evangel-classical-school-wa-98270-fcapi-classicality-abstract.md,evangel-classical-school-wa-98270-fcapi-classicality-audit.md,evangel-classical-school-wa-98270-v*-fcapi-classicality-audit.pdf,elementary-intermediate-secondary,Private School,Private,0,2012,,,,,,,,,,,,,,,,,,,,,,,,,,,,,0,,0,0,0,0,0,0,0,evangel-classical-school-wa-98270-fcapi-classicality-abstract.md,evangel-classical-school-wa-98270-fcapi-classicality-audit.md,evangel-classical-school-wa-98270-v*-fcapi-classicality-audit.pdf,,,0,0,0,0,1012,1636
Acct0970,Evergreen Classical School,,,evergreen-classical-school-tx-77380,info@evergreenclassicalschool.com,+1 936 337 4427,,https://evergreenclassicalschool.com/,602 Pruitt Road,,The Woodlands,Montgomery County,TX,77380,US,30.20342680,-95.48714230,classical,evergreen-classical-school-tx-77380-fcapi-classicality-abstract.md,evergreen-classical-school-tx-77380-fcapi-classicality-audit.md,evergreen-classical-school-tx-77380-v*-fcapi-classicality-audit.pdf,elementary-intermediate-secondary,Private School,Private,0,2020,,,,,,,,,,,,,,,,,,,,,,,,,,,,,0,,0,0,0,0,0,0,0,evergreen-classical-school-tx-77380-fcapi-classicality-abstract.md,evergreen-classical-school-tx-77380-fcapi-classicality-audit.md,evergreen-classical-school-tx-77380-v*-fcapi-classicality-audit.pdf,,,0,0,0,0,1018,2746
Acct0976,Faith Academy of Wichita,,,faith-academy-wichita-ks-67205,faithacademyofwichita@gmail.com,+1 316 239 1449,,https://www.faithacademywichita.com/,8340 W 21st St. N,,Wichita,Sedgwick County,KS,67205,US,37.72307700,-97.43867310,classical,faith-academy-wichita-ks-67205-fcapi-classicality-abstract.md,faith-academy-wichita-ks-67205-fcapi-classicality-audit.md,faith-academy-wichita-ks-67205-v*-fcapi-classicality-audit.pdf,elementary-intermediate-secondary,Private School,Private,0,2015,,,,,,,,,,,,,,,,,,,,,,,,,,,,,0,,0,0,0,0,0,0,0,faith-academy-wichita-ks-67205-fcapi-classicality-abstract.md,faith-academy-wichita-ks-67205-fcapi-classicality-audit.md,faith-academy-wichita-ks-67205-v*-fcapi-classicality-audit.pdf,,,0,0,0,0,1024,1542
Acct0979,Faith Christian Academy,,,faith-christian-academy-mo-64164,office@fcaclassical.com,+1 816 455 3513,,https://fcaclassical.com/,4330 NW Cookingham Dr.,,Kansas City,Platte County,MO,64164,US,39.31307670,-94.63098410,classical,faith-christian-academy-mo-64164-fcapi-classicality-abstract.md,faith-christian-academy-mo-64164-fcapi-classicality-audit.md,faith-christian-academy-mo-64164-v*-fcapi-classicality-audit.pdf,elementary-intermediate-secondary,Private School,Private,0,2002,,,,,,,,,,,,,,,,,,,,,,,,,,,,,0,,0,0,0,0,0,0,0,faith-christian-academy-mo-64164-fcapi-classicality-abstract.md,faith-christian-academy-mo-64164-fcapi-classicality-audit.md,faith-christian-academy-mo-64164-v*-fcapi-classicality-audit.pdf,,,0,0,0,0,1026,2169
Acct0985,Faith Christian School,,,faith-christian-school-fl-32456,faithchristianpsj@yahoo.com,+1 850 229 6707,,https://faithchristianpsj.net/,801 Twentieth Street,,Port St Joe,Gulf County,FL,32456,US,29.79992930,-85.28973620,classical,faith-christian-school-fl-32456-fcapi-classicality-abstract.md,faith-christian-school-fl-32456-fcapi-classicality-audit.md,faith-christian-school-fl-32456-v*-fcapi-classicality-audit.pdf,elementary-intermediate-secondary,Private School,Private,0,1974,,,,,,,,,,,,,,,,,,,,,,,,,,,,,0,,0,0,0,0,0,0,0,faith-christian-school-fl-32456-fcapi-classicality-abstract.md,faith-christian-school-fl-32456-fcapi-classicality-audit.md,faith-christian-school-fl-32456-v*-fcapi-classicality-audit.pdf,,,0,0,0,0,1032,1634
Acct0988,Faith Christian School,,,faith-christian-school-va-24018,shopkins@fcsva.com,+1 540 769 4200,,https://fcsva.com/,3585 Buck Mountain Rd.,,Roanoke,Roanoke County,VA,24018-8909,US,37.20620670,-79.96101660,classical,faith-christian-school-va-24018-fcapi-classicality-abstract.md,faith-christian-school-va-24018-fcapi-classicality-audit.md,faith-christian-school-va-24018-v*-fcapi-classicality-audit.pdf,elementary-intermediate-secondary,Private School,Private,0,1997,,,,,,,,,,,,,,,,,,,,,,,,,,,,,0,,0,0,0,0,0,0,0,faith-christian-school-va-24018-fcapi-classicality-abstract.md,faith-christian-school-va-24018-fcapi-classicality-audit.md,faith-christian-school-va-24018-v*-fcapi-classicality-audit.pdf,,,0,0,0,0,1034,1930
Acct0990,Faith Community Academy,,,faith-community-academy-az-85741,bookkeeper@fcatucson.org,+1 520 742 4189,,https://fcatucson.org/,2551 W. Orange Grove Rd.,,Tucson,Pima County,AZ,85741,US,32.32239190,-111.02187820,classical,faith-community-academy-az-85741-fcapi-classicality-abstract.md,faith-community-academy-az-85741-fcapi-classicality-audit.md,faith-community-academy-az-85741-v*-fcapi-classicality-audit.pdf,elementary-intermediate-secondary,Private School,Private,0,,,,,,,,,,,,,,,,,,,,,,,,,,,,,,0,,0,0,0,0,0,0,0,faith-community-academy-az-85741-fcapi-classicality-abstract.md,faith-community-academy-az-85741-fcapi-classicality-audit.md,faith-community-academy-az-85741-v*-fcapi-classicality-audit.pdf,,,0,0,0,0,1035,2565
Acct0991,Faith Heritage Christian Academy,,,faith-heritage-christian-academy-tn-38053,,+1 901 872 0828,,https://www.faithheritage.com/,4274 Duncan Road,,Millington,Shelby County,TN,38053,US,35.28313890,-89.92094320,classical,faith-heritage-christian-academy-tn-38053-fcapi-classicality-abstract.md,faith-heritage-christian-academy-tn-38053-fcapi-classicality-audit.md,faith-heritage-christian-academy-tn-38053-v*-fcapi-classicality-audit.pdf,elementary-intermediate-secondary,Private School,Private,0,,,,,,,,,,,,,,,,,,,,,,,,,,,,,,0,,0,0,0,0,0,0,0,faith-heritage-christian-academy-tn-38053-fcapi-classicality-abstract.md,faith-heritage-christian-academy-tn-38053-fcapi-classicality-audit.md,faith-heritage-christian-academy-tn-38053-v*-fcapi-classicality-audit.pdf,,,0,0,0,0,1036,1249
Acct0992,Faith Lutheran School,,,faith-lutheran-school-ks-67037,,,,https://www.flsderby.com/,208 S Derby,,Derby,,KS,67037,US,37.54225630,-97.26614740,classical,faith-lutheran-school-ks-67037-fcapi-classicality-abstract.md,faith-lutheran-school-ks-67037-fcapi-classicality-audit.md,faith-lutheran-school-ks-67037-v*-fcapi-classicality-audit.pdf,elementary-intermediate,Private School,Private School,0,,22,,,,,,,,,,,,,,,,,,,,,,,,,,,,1,"""\""\\\""""\\\\\\\""""\""""\\\\\\\\\\\\\\\""""\""""\\\""""\""""\\\\\\\\\\\\\\\\\\\\\\\\\\\\\\\""""\""""\\\""""\""""\\\\\\\""""\""""\\\""""\""""\\\\\\\\\\\\\\\\\\\\\\\\\\\\\\\\\\\\\\\\\\\\\\\\\\\\\\\\\\\\\\\""""\""""\\\""""\""""\\\\\\\""""\""""\\\""""\""""\\\\\\\\\\\\\\\""""\""""\\\""""\""""\\\\\\\""""\""""\\\""""\""""\\\\\\\\\\\\\\\\\\\\\\\\\\\\\\\\\\\\\\\\\\\\\\\\\\\\\\\\\\\\\\\\\\\\\\\\\\\\\\\\\\\\\\\\\\\\\\\\\\\\\\\\\\\\\\\\\\\\\\\\\\\\\\\""""\""""\\\""""\""""\\\\\\\""""\""""\\\""""\""""\\\\\\\\\\\\\\\""""\""""\\\""""\""""\\\\\\\""""\""""\\\""""\""""\\\\\\\\\\\\\\\\\\\\\\\\\\\\\\\""""\""""\\\""""\""""\\\\\\\""""\""""\\\""""\""""\\\\\\\\\\\\\\\""""\""""\\\""""\""""\\\\\\\""""\""""\\\""""\""""[\\\\\\\\\\\\\\\\\\\\\\\\\\\\\\\\\\\\\\\\\\\\\\\\\\\\\\\\\\\\\\\\\\\\\\\\\\\\\\\\\\\\\\\\\\\\\\\\\\\\\\\\\\\\\\\\\\\\\\\\\\\\\\\\\\\\\\\\\\\\\\\\\\\\\\\\\\\\\\\\\\\\\\\\\\\\\\\\\\\\\\\\\\\\\\\\\\\\\\\\\\\\\\\\\\\\\\\\\\\\\\\\\\\\\\\\\\\\\\\\\\\\\\\\\\\\\\\""""\""""\\\""""\""""\\\\\\\""""\""""\\\""""\""""\\\\\\\\\\\\\\\""""\""""\\\""""\""""\\\\\\\""""\""""\\\""""\""""\\\\\\\\\\\\\\\\\\\\\\\\\\\\\\\""""\""""\\\""""\""""\\\\\\\""""\""""\\\""""\""""\\\\\\\\\\\\\\\""""\""""\\\""""\""""\\\\\\\""""\""""\\\""""\""""\\\\\\\\\\\\\\\\\\\\\\\\\\\\\\\\\\\\\\\\\\\\\\\\\\\\\\\\\\\\\\\""""\""""\\\""""\""""\\\\\\\""""\""""\\\""""\""""\\\\\\\\\\\\\\\""""\""""\\\""""\""""\\\\\\\""""\""""\\\""""\""""\\\\\\\\\\\\\\\\\\\\\\\\\\\\\\\""""\""""\\\""""\""""\\\\\\\""""\""""\\\""""\""""\\\\\\\\\\\\\\\""""\""""\\\""""\""""\\\\\\\""""\""""\\\""""\""""Latin\\\\\\\\\\\\\\\\\\\\\\\\\\\\\\\\\\\\\\\\\\\\\\\\\\\\\\\\\\\\\\\\\\\\\\\\\\\\\\\\\\\\\\\\\\\\\\\\\\\\\\\\\\\\\\\\\\\\\\\\\\\\\\\\\\\\\\\\\\\\\\\\\\\\\\\\\\\\\\\\\\\\\\\\\\\\\\\\\\\\\\\\\\\\\\\\\\\\\\\\\\\\\\\\\\\\\\\\\\\\\\\\\\\\\\\\\\\\\\\\\\\\\\\\\\\\\\\""""\""""\\\""""\""""\\\\\\\""""\""""\\\""""\""""\\\\\\\\\\\\\\\""""\""""\\\""""\""""\\\\\\\""""\""""\\\""""\""""\\\\\\\\\\\\\\\\\\\\\\\\\\\\\\\""""\""""\\\""""\""""\\\\\\\""""\""""\\\""""\""""\\\\\\\\\\\\\\\""""\""""\\\""""\""""\\\\\\\""""\""""\\\""""\""""\\\\\\\\\\\\\\\\\\\\\\\\\\\\\\\\\\\\\\\\\\\\\\\\\\\\\\\\\\\\\\\""""\""""\\\""""\""""\\\\\\\""""\""""\\\""""\""""\\\\\\\\\\\\\\\""""\""""\\\""""\""""\\\\\\\""""\""""\\\""""\""""\\\\\\\\\\\\\\\\\\\\\\\\\\\\\\\""""\""""\\\""""\""""\\\\\\\""""\""""\\\""""\""""\\\\\\\\\\\\\\\""""\""""\\\""""\""""\\\\\\\""""\""""\\\""""\""""\\\\\\\\\\\\\\\\\\\\\\\\\\\\\\\\\\\\\\\\\\\\\\\\\\\\\\\\\\\\\\\\\\\\\\\\\\\\\\\\\\\\\\\\\\\\\\\\\\\\\\\\\\\\\\\\\\\\\\\\\\\\\\\""""\""""\\\""""\""""\\\\\\\""""\""""\\\""""\""""\\\\\\\\\\\\\\\""""\""""\\\""""\""""\\\\\\\""""\""""\\\""""\""""\\\\\\\\\\\\\\\\\\\\\\\\\\\\\\\""""\""""\\\""""\""""\\\\\\\""""\""""\\\""""\""""\\\\\\\\\\\\\\\""""\""""\\\""""\""""\\\\\\\""""\""""\\\""""\""""\\\\\\\\\\\\\\\\\\\\\\\\\\\\\\\\\\\\\\\\\\\\\\\\\\\\\\\\\\\\\\\""""\""""\\\""""\""""\\\\\\\""""\""""\\\""""\""""\\\\\\\\\\\\\\\""""\""""\\\""""\""""\\\\\\\""""\""""\\\""""\""""\\\\\\\\\\\\\\\\\\\\\\\\\\\\\\\""""\""""\\\""""\""""\\\\\\\""""\""""\\\""""\""""\\\\\\\\\\\\\\\""""\""""\\\""""\""""\\\\\\\""""\""""\\\""""\""""]\\\\\\\\\\\\\\\\\\\\\\\\\\\\\\\\\\\\\\\\\\\\\\\\\\\\\\\\\\\\\\\\\\\\\\\\\\\\\\\\\\\\\\\\\\\\\\\\\\\\\\\\\\\\\\\\\\\\\\\\\\\\\\\""""\""""\\\""""\""""\\\\\\\""""\""""\\\""""\""""\\\\\\\\\\\\\\\""""\""""\\\""""\""""\\\\\\\""""\""""\\\""""\""""\\\\\\\\\\\\\\\\\\\\\\\\\\\\\\\""""\""""\\\""""\""""\\\\\\\""""\""""\\\""""\""""\\\\\\\\\\\\\\\""""\""""\\\""""\""""\\\\\\\""""\""""\\\""""\""""\\\\\\\\\\\\\\\\\\\\\\\\\\\\\\\\\\\\\\\\\\\\\\\\\\\\\\\\\\\\\\\""""\""""\\\""""\""""\\\\\\\""""\""""\\\""""\""""\\\\\\\\\\\\\\\""""\""""\\\""""\""""\\\\\\\""""\""""\\\""""\""""\\\\\\\\\\\\\\\\\\\\\\\\\\\\\\\""""\""""\\\""""\""""\\\\\\\""""\""""\\\""""\""""\\\\\\\\\\\\\\\""""\""""\\\""""\""""\\\\\\\""""\""""\\\""""\""""\\\\\\\\\\\\\\\\\\\\\\\\\\\\\\\\\\\\\\\\\\\\\\\\\\\\\\\\\\\\\\\\\\\\\\\\\\\\\\\\\\\\\\\\\\\\\\\\\\\\\\\\\\\\\\\\\\\\\\\\\\\\\\\""""\""""\\\""""\""""\\\\\\\""""\""""\\\""""\""""\\\\\\\\\\\\\\\""""\""""\\\""""\""""\\\\\\\""""\""""\\\""""\""""\\\\\\\\\\\\\\\\\\\\\\\\\\\\\\\""""\""""\\\""""\""""\\\\\\\""""\""""\\\""""\""""\\\\\\\\\\\\\\\""""\""""\\\""""\""""\\\\\\\""""\""""\\\""""\""""\\\\\\\\\\\\\\\\\\\\\\\\\\\\\\\\\\\\\\\\\\\\\\\\\\\\\\\\\\\\\\\""""\""""\\\""""\""""\\\\\\\""""\""""\\\""""\""""\\\\\\\\\\\\\\\""""\""""\\\""""\""""\\\\\\\""""\""""\\\""""\""""\\\\\\\\\\\\\\\\\\\\\\\\\\\\\\\""""\""""\\\""""\""""\\\\\\\""""\""""\\\""""\""""\\\\\\\\\\\\\\\""""\""""\\\""""\""""\\\\\\\""""\""""\\\""""\""""\\\\\\\\\\\\\\\\\\\\\\\\\\\\\\\\\\\\\\\\\\\\\\\\\\\\\\\\\\\\\\\\\\\\\\\\\\\\\\\\\\\\\\\\\\\\\\\\\\\\\\\\\\\\\\\\\\\\\\\\\\\\\\\""""\""""\\\""""\""""\\\\\\\""""\""""\\\""""\""""\\\\\\\\\\\\\\\""""\""""\\\""""\""""\\\\\\\""""\""""\\\""""\""""\\\\\\\\\\\\\\\\\\\\\\\\\\\\\\\""""\""""\\\""""\""""\\\\\\\""""\""""\\\""""\""""\\\\\\\\\\\\\\\""""\""""\\\""""\""""\\\\\\\""""\""""\\\""""\""""\\\\\\\\\\\\\\\\\\\\\\\\\\\\\\\\\\\\\\\\\\\\\\\\\\\\\\\\\\\\\\\""""\""""\\\""""\""""\\\\\\\""""\""""\\\""""\""""\\\\\\\\\\\\\\\""""\""""\\\""""\""""\\\\\\\""""\""""\\\""""\""""\\\\\\\\\\\\\\\\\\\\\\\\\\\\\\\""""\""""\\\""""\""""\\\\\\\""""\""""\\\""""\""""\\\\\\\\\\\\\\\""""\""""\\\""""\""""\\\\\\\""""\""""\\\""""\""""\\\\\\\\\\\\\\\\\\\\\\\\\\\\\\\\\\\\\\\\\\\\\\\\\\\\\\\\\\\\\\\""""\""""\\\""""\""""\\\\\\\""""\""""\\\""""\""""\\\\\\\\\\\\\\\""""\""""\\\""""\""""\\\\\\\""""\""""\\\""""\""""\\\\\\\\\\\\\\\\\\\\\\\\\\\\\\\""""\""""\\\""""\""""\\\\\\\""""\""""\\\""""\""""\\\\\\\\\\\\\\\""""\""""\\\""""\""""\\\\\\\""""\""""\\\""""\""""\\\\\\\\\\\\\\\\\\\\\\\\\\\\\\\\\\\\\\\\\\\\\\\\\\\\\\\\\\\\\\\""""\""""\\\""""\""""\\\\\\\""""\""""\\\""""\""""\\\\\\\\\\\\\\\""""\""""\\\""""\""""\\\\\\\""""\""""\\\""""\""""\\\\\\\\\\\\\\\\\\\\\\\\\\\\\\\""""\""""\\\""""\""""\\\\\\\""""\""""\\\""""\""""\\\\\\\\\\\\\\\""""\""""\\\""""\""""\\\\\\\""""\""""\\\""""\""""\\\\\\\\\\\\\\\\\\\\\\\\\\\\\\\\\\\\\\\\\\\\\\\\\\\\\\\\\\\\\\\""""\""""\\\""""\""""\\\\\\\""""\""""\\\""""\""""\\\\\\\\\\\\\\\""""\""""\\\""""\""""\\\\\\\""""\""""\\\""""\""""\\\\\\\\\\\\\\\\\\\\\\\\\\\\\\\""""\""""\\\""""\""""\\\\\\\""""\""""\\\""""\""""\\\\\\\\\\\\\\\""""\""""\\\""""\""""\\\\\\\""""\""""\\\""""\""""\\\\\\\\\\\\\\\\\\\\\\\\\\\\\\\""""\""""\\\""""\""""\\\\\\\""""\""""\\\""""\""""\\\\\\\\\\\\\\\""""\""""\\\""""\""""\\\\\\\""""\""""\\\""""\""""\\\\\\\\\\\\\\\\\\\\\\\\\\\\\\\""""\""""\\\""""\""""\\\\\\\""""\""""\\\""""\""""\\\\\\\\\\\\\\\""""\""""\\\""""\""""\\\\\\\""""\""""\\\""""\""""\\\\\\\\\\\\\\\\\\\\\\\\\\\\\\\""""\""""\\\""""\""""\\\\\\\""""\""""\\\""""\""""\\\\\\\\\\\\\\\""""\""""\\\""""\""""\\\\\\\""""\""""\\\""""\""""\\\\\\\\\\\\\\\""""\""""\\\""""\""""\\\\\\\""""\""""\\\""""\""""\\\\\\\\\\\\\\\""""\""""\\\""""\""""\\\\\\\""""\""""\\\""""\""""\\\\\\\\\\\\\\\""""\""""\\\""""\""""\\\\\\\""""\""""\\\""""\""""\\\\\\\""""\""""\\\""""\""""\\\\\\\""""\""""\\\""""\""""\\\\\\\""""\""""\\\""""\""""\\\""""\""""\\\""""\""""\\\""""\""""\""""\""""\""""""""""",1,0,1,0,0,0,0,faith-lutheran-school-ks-67037-fcapi-classicality-abstract.md,faith-lutheran-school-ks-67037-fcapi-classicality-audit.md,faith-lutheran-school-ks-67037-v*-fcapi-classicality-audit.pdf,,,0,0,0,0,1037,
Acct0995,Faith West Academy,,,faith-west-academy-tx-77493,,+1 281 391 5683,,https://www.faithwest.org/,2225 Porter Rd.,,Katy,Harris County,TX,77493,US,29.80488700,-95.79500000,classical,faith-west-academy-tx-77493-fcapi-classicality-abstract.md,faith-west-academy-tx-77493-fcapi-classicality-audit.md,faith-west-academy-tx-77493-v*-fcapi-classicality-audit.pdf,elementary-intermediate-secondary,Private School,Private,0,,,,,,,,,,,,,,,,,,,,,,,,,,,,,,0,,0,0,0,0,0,0,0,faith-west-academy-tx-77493-fcapi-classicality-abstract.md,faith-west-academy-tx-77493-fcapi-classicality-audit.md,faith-west-academy-tx-77493-v*-fcapi-classicality-audit.pdf,,,0,0,0,0,1040,2459
Acct1001,Faustina Academy,,,faustina-academy-tx-75061,,+1 972 254 6726,,https://www.flintacademy.com/,1621 West Grauwyler Road,,Irving,Dallas County,TX,75061,US,32.82995610,-96.96731100,classical,faustina-academy-tx-75061-fcapi-classicality-abstract.md,faustina-academy-tx-75061-fcapi-classicality-audit.md,faustina-academy-tx-75061-v*-fcapi-classicality-audit.pdf,elementary-intermediate-secondary,Private School,Private,0,,,,,,,,,,,,,,,,,,,,,,,,,,,,,,0,,0,0,0,0,0,0,0,faustina-academy-tx-75061-fcapi-classicality-abstract.md,faustina-academy-tx-75061-fcapi-classicality-audit.md,faustina-academy-tx-75061-v*-fcapi-classicality-audit.pdf,,,0,0,0,0,1045,1446
Acct1009,Field School,,,field-school-il-60644,info@thefieldschool.org,+1 773 309 8010,,https://thefieldschool.org/,535 North Parkside Avenue,,Chicago,Cook County,IL,60644,US,41.89044840,-87.76614980,classical,field-school-il-60644-fcapi-classicality-abstract.md,field-school-il-60644-fcapi-classicality-audit.md,field-school-il-60644-v*-fcapi-classicality-audit.pdf,elementary-intermediate,Private School,Private,0,,,,,,,,,,,,,,,,,,,,,,,,,,,,,,0,,0,0,0,0,0,0,0,field-school-il-60644-fcapi-classicality-abstract.md,field-school-il-60644-fcapi-classicality-audit.md,field-school-il-60644-v*-fcapi-classicality-audit.pdf,,,0,0,0,0,1052,2620
Acct1026,Flat Classical Academy,,,flat-classical-academy-in-47001,,+1 812 260 0034,,https://fiatclassicalacademy.org/,PO Box 63,,Lawrenceburg,Dearborn County,IN,47001,US,39.09526950,-84.85102620,classical,flat-classical-academy-in-47001-fcapi-classicality-abstract.md,flat-classical-academy-in-47001-fcapi-classicality-audit.md,flat-classical-academy-in-47001-v*-fcapi-classicality-audit.pdf,elementary-intermediate-secondary,Private School,Private,0,,,,,,,,,,,,,,,,,,,,,,,,,,,,,,0,,0,0,0,0,0,0,0,flat-classical-academy-in-47001-fcapi-classicality-abstract.md,flat-classical-academy-in-47001-fcapi-classicality-audit.md,flat-classical-academy-in-47001-v*-fcapi-classicality-audit.pdf,,,0,0,0,0,1067,810
Acct1028,Fletcher School,,,fletcher-school-fl-33991,,+1 239 610 1844,,https://fletcherschool.org/,1300 Ceitus Terrace,,Cape Coral,Lee County,FL,33991,US,26.64184550,-82.00094010,classical,fletcher-school-fl-33991-fcapi-classicality-abstract.md,fletcher-school-fl-33991-fcapi-classicality-audit.md,fletcher-school-fl-33991-v*-fcapi-classicality-audit.pdf,elementary-intermediate-secondary,Private School,Private,0,,,,,,,,,,,,,,,,,,,,,,,,,,,,,,0,,0,0,0,0,0,0,0,fletcher-school-fl-33991-fcapi-classicality-abstract.md,fletcher-school-fl-33991-fcapi-classicality-audit.md,fletcher-school-fl-33991-v*-fcapi-classicality-audit.pdf,,,0,0,0,0,1069,1272
Acct1036,Fortis Academy,,,fortis-academy-tx-78642,questions@fortisacademy.net,+1 512 432 5152,,https://fortisacademy.net/,PO Box 580,,Liberty Hill,Williamson County,TX,78642,US,30.67566030,-97.94118660,classical,fortis-academy-tx-78642-fcapi-classicality-abstract.md,fortis-academy-tx-78642-fcapi-classicality-audit.md,fortis-academy-tx-78642-v*-fcapi-classicality-audit.pdf,elementary-intermediate-secondary,Private School,Private,0,2009,,,,,,,,,,,,,,,,,,,,,,,,,,,,,0,,0,0,0,0,0,0,0,fortis-academy-tx-78642-fcapi-classicality-abstract.md,fortis-academy-tx-78642-fcapi-classicality-audit.md,fortis-academy-tx-78642-v*-fcapi-classicality-audit.pdf,,,0,0,0,0,1077,1856
Acct1045,Founders Christian School,,,founders-christian-school-tx-77373,,+1 281 602 8006,,https://founderschristian.org/,24724 Aldine Westfield Road,,Spring,Harris County,TX,77373,US,30.06466870,-95.40296230,classical,founders-christian-school-tx-77373-fcapi-classicality-abstract.md,founders-christian-school-tx-77373-fcapi-classicality-audit.md,founders-christian-school-tx-77373-v*-fcapi-classicality-audit.pdf,elementary-intermediate-secondary,Private School,Private,0,,,,,,,,,,,,,,,,,,,,,,,,,,,,,,0,,0,0,0,0,0,0,0,founders-christian-school-tx-77373-fcapi-classicality-abstract.md,founders-christian-school-tx-77373-fcapi-classicality-audit.md,founders-christian-school-tx-77373-v*-fcapi-classicality-audit.pdf,,,0,0,0,0,1086,2664
Acct1050,Founders Classical Academy: Bentonville,,,founders-classical-academy-bentonville-ar-72712,,+1 479 715 6662,,https://www.foundersbentonville.com/,1302 Melissa Dr. #100,,Bentonville,Benton County,AR,72712,US,36.36202100,-94.22823690,classical,founders-classical-academy-bentonville-ar-72712-fcapi-classicality-abstract.md,founders-classical-academy-bentonville-ar-72712-fcapi-classicality-audit.md,founders-classical-academy-bentonville-ar-72712-v*-fcapi-classicality-audit.pdf,elementary-intermediate-secondary,Charter,Public,0,,,,,,,,,,,,,,,,,,,,,,,,,,,,,,0,,0,0,0,0,0,0,0,founders-classical-academy-bentonville-ar-72712-fcapi-classicality-abstract.md,founders-classical-academy-bentonville-ar-72712-fcapi-classicality-audit.md,founders-classical-academy-bentonville-ar-72712-v*-fcapi-classicality-audit.pdf,,,0,0,0,0,125,1490
Acct1051,Founders Classical Academy: Carrollton,,,founders-classical-academy-carrollton-tx-75006,,+1 972 245 2900,,https://foundersclassical.com/carrollton/,2400 N. Josey Ln.,,Carrollton,Dallas County,TX,75006,US,32.97982600,-96.88945640,classical,founders-classical-academy-carrollton-tx-75006-fcapi-classicality-abstract.md,founders-classical-academy-carrollton-tx-75006-fcapi-classicality-audit.md,founders-classical-academy-carrollton-tx-75006-v*-fcapi-classicality-audit.pdf,elementary-intermediate-secondary,Charter,Public,0,,,,,,,,,,,,,,,,,,,,,,,,,,,,,,0,,0,0,0,0,0,0,0,founders-classical-academy-carrollton-tx-75006-fcapi-classicality-abstract.md,founders-classical-academy-carrollton-tx-75006-fcapi-classicality-audit.md,founders-classical-academy-carrollton-tx-75006-v*-fcapi-classicality-audit.pdf,,,0,0,0,0,126,1698
Acct1052,Founders Classical Academy: Conroe,,,founders-classical-academy-conroe-tx-77384,,+1 936 649 8480,,https://www.foundersconroe.com/,15330 Brass Nail Road,,Conroe,Montgomery County,TX,77384,US,30.23231380,-95.46254590,classical,founders-classical-academy-conroe-tx-77384-fcapi-classicality-abstract.md,founders-classical-academy-conroe-tx-77384-fcapi-classicality-audit.md,founders-classical-academy-conroe-tx-77384-v*-fcapi-classicality-audit.pdf,elementary-intermediate-secondary,Charter,Public,0,,,,,,,,,,,,,,,,,,,,,,,,,,,,,,0,,0,0,0,0,0,0,0,founders-classical-academy-conroe-tx-77384-fcapi-classicality-abstract.md,founders-classical-academy-conroe-tx-77384-fcapi-classicality-audit.md,founders-classical-academy-conroe-tx-77384-v*-fcapi-classicality-audit.pdf,,,0,0,0,0,127,1308
Acct1055,Founders Classical Academy: Corinth Upper,,,founders-classical-academy-corinth-upper-tx-76208,mmartinez@responsiveed.com,+1 940 497 0059,,https://responsiveed.com/campus/founders-corinth-7-12/,3600 Meadowview Dr.,,Corinth,Denton County,TX,76208,US,33.13844540,-97.04934950,classical,founders-classical-academy-corinth-upper-tx-76208-fcapi-classicality-abstract.md,founders-classical-academy-corinth-upper-tx-76208-fcapi-classicality-audit.md,founders-classical-academy-corinth-upper-tx-76208-v*-fcapi-classicality-audit.pdf,elementary-intermediate-secondary,Charter,Public,0,,,,,,,,,,,,,,,,,,,,,,,,,,,,,,0,,0,0,0,0,0,0,0,founders-classical-academy-corinth-upper-tx-76208-fcapi-classicality-abstract.md,founders-classical-academy-corinth-upper-tx-76208-fcapi-classicality-audit.md,founders-classical-academy-corinth-upper-tx-76208-v*-fcapi-classicality-audit.pdf,,,0,0,0,0,129,1586
Acct1056,Founders Classical Academy: East Lewisville,,,founders-classical-academy-east-lewisville-tx-75057,,+1 972 465 9902,,https://www.founderseastlewisville.com/,650 Bennett Lane,,Lewisville,Denton County,TX,75057,US,33.02664620,-96.97387900,classical,founders-classical-academy-east-lewisville-tx-75057-fcapi-classicality-abstract.md,founders-classical-academy-east-lewisville-tx-75057-fcapi-classicality-audit.md,founders-classical-academy-east-lewisville-tx-75057-v*-fcapi-classicality-audit.pdf,elementary-intermediate,Charter,Public,0,,,,,,,,,,,,,,,,,,,,,,,,,,,,,,0,,0,0,0,0,0,0,0,founders-classical-academy-east-lewisville-tx-75057-fcapi-classicality-abstract.md,founders-classical-academy-east-lewisville-tx-75057-fcapi-classicality-audit.md,founders-classical-academy-east-lewisville-tx-75057-v*-fcapi-classicality-audit.pdf,,,0,0,0,0,130,539
Acct1058,Founders Classical Academy: Fort Worth,,,founders-classical-academy-fort-worth-tx-76108,,+1 817 661 0387,,https://www.foundersfortworth.com/,501 Academy Boulevard,,Fort Worth,Tarrant County,TX,76108,US,32.75300220,-97.48978820,classical,founders-classical-academy-fort-worth-tx-76108-fcapi-classicality-abstract.md,founders-classical-academy-fort-worth-tx-76108-fcapi-classicality-audit.md,founders-classical-academy-fort-worth-tx-76108-v*-fcapi-classicality-audit.pdf,elementary,Charter,Public,0,,,,,,,,,,,,,,,,,,,,,,,,,,,,,,0,,0,0,0,0,0,0,0,founders-classical-academy-fort-worth-tx-76108-fcapi-classicality-abstract.md,founders-classical-academy-fort-worth-tx-76108-fcapi-classicality-audit.md,founders-classical-academy-fort-worth-tx-76108-v*-fcapi-classicality-audit.pdf,,,0,0,0,0,132,591
Acct1059,Founders Classical Academy: Frisco,,,founders-classical-academy-frisco-tx-75029,,+1 770 815 5069,,https://www.foundersfrisco.com/,PO Box 292730,,Frisco,Collin County,TX,75029,US,33.04404430,-97.02376050,classical,founders-classical-academy-frisco-tx-75029-fcapi-classicality-abstract.md,founders-classical-academy-frisco-tx-75029-fcapi-classicality-audit.md,founders-classical-academy-frisco-tx-75029-v*-fcapi-classicality-audit.pdf,elementary-intermediate-secondary,Charter,Public,0,,,,,,,,,,,,,,,,,,,,,,,,,,,,,,0,,0,0,0,0,0,0,0,founders-classical-academy-frisco-tx-75029-fcapi-classicality-abstract.md,founders-classical-academy-frisco-tx-75029-fcapi-classicality-audit.md,founders-classical-academy-frisco-tx-75029-v*-fcapi-classicality-audit.pdf,,,0,0,0,0,133,1706
Acct1062,Founders Classical Academy: Lewisville,,,founders-classical-academy-lewisville-tx-75067,,+1 469 464 3415,,https://www.founderslewisville.com/,1010 Bellaire Blvd.,,Lewisville,Denton County,TX,75067,US,33.02625390,-97.01590840,classical,founders-classical-academy-lewisville-tx-75067-fcapi-classicality-abstract.md,founders-classical-academy-lewisville-tx-75067-fcapi-classicality-audit.md,founders-classical-academy-lewisville-tx-75067-v*-fcapi-classicality-audit.pdf,elementary-intermediate-secondary,Charter,Public,0,,,,,,,,,,,,,,,,,,,,,,,,,,,,,,0,,0,0,0,0,0,0,0,founders-classical-academy-lewisville-tx-75067-fcapi-classicality-abstract.md,founders-classical-academy-lewisville-tx-75067-fcapi-classicality-audit.md,founders-classical-academy-lewisville-tx-75067-v*-fcapi-classicality-audit.pdf,,,0,0,0,0,136,1709
Acct1068,Founders Classical Academy: Schertz,,,founders-classical-academy-schertz-tx-78154,,+1 210 510 2618,,https://www.foundersschertz.com/,8453 E Fm 1518 North,,Schertz,Bexar County,TX,78154,US,29.51006550,-98.23842430,classical,founders-classical-academy-schertz-tx-78154-fcapi-classicality-abstract.md,founders-classical-academy-schertz-tx-78154-fcapi-classicality-audit.md,founders-classical-academy-schertz-tx-78154-v*-fcapi-classicality-audit.pdf,elementary-intermediate-secondary,Charter,Public,0,,,,,,,,,,,,,,,,,,,,,,,,,,,,,,0,,0,0,0,0,0,0,0,founders-classical-academy-schertz-tx-78154-fcapi-classicality-abstract.md,founders-classical-academy-schertz-tx-78154-fcapi-classicality-audit.md,founders-classical-academy-schertz-tx-78154-v*-fcapi-classicality-audit.pdf,,,0,0,0,0,141,1697
Acct1069,Founders Classical Academy: Tyler,,,founders-classical-academy-tyler-tx-75707,,+1 843 437 5789,,https://www.tylerclassical.com/,3405 East Grande Boulevard,,Tyler,Smith County,TX,75707,US,32.27765850,-95.25250480,classical,founders-classical-academy-tyler-tx-75707-fcapi-classicality-abstract.md,founders-classical-academy-tyler-tx-75707-fcapi-classicality-audit.md,founders-classical-academy-tyler-tx-75707-v*-fcapi-classicality-audit.pdf,elementary-intermediate-secondary,Charter,Public,0,,,,,,,,,,,,,,,,,,,,,,,,,,,,,,0,,0,0,0,0,0,0,0,founders-classical-academy-tyler-tx-75707-fcapi-classicality-abstract.md,founders-classical-academy-tyler-tx-75707-fcapi-classicality-audit.md,founders-classical-academy-tyler-tx-75707-v*-fcapi-classicality-audit.pdf,,,0,0,0,0,142,1319
Acct1048,Founders Classical Academy: West Little Rock,,,founders-classical-academy-west-little-rock-ar-72223,,+1 501 821 0382,,https://www.founderswestlittlerock.com/,1815 Rahling Road,,Little Rock,Pulaski County,AR,72223,US,34.77289610,-92.44666320,classical,founders-classical-academy-west-little-rock-ar-72223-fcapi-classicality-abstract.md,founders-classical-academy-west-little-rock-ar-72223-fcapi-classicality-audit.md,founders-classical-academy-west-little-rock-ar-72223-v*-fcapi-classicality-audit.pdf,intermediate-secondary,Charter,Public,0,,,,,,,,,,,,,,,,,,,,,,,,,,,,,,0,,0,0,0,0,0,0,0,founders-classical-academy-west-little-rock-ar-72223-fcapi-classicality-abstract.md,founders-classical-academy-west-little-rock-ar-72223-fcapi-classicality-audit.md,founders-classical-academy-west-little-rock-ar-72223-v*-fcapi-classicality-audit.pdf,,,0,0,0,0,137,2690
Acct1071,Franklin Classical School,,,franklin-classical-school-tn-37065,info@franklinclassical.com,+1 615 528 3777,,https://franklinclassical.com/,PO Box 1601,,Franklin,Williamson County,TN,37065,US,35.92290250,-86.87017070,classical,franklin-classical-school-tn-37065-fcapi-classicality-abstract.md,franklin-classical-school-tn-37065-fcapi-classicality-audit.md,franklin-classical-school-tn-37065-v*-fcapi-classicality-audit.pdf,elementary-intermediate-secondary,Private School,Private,0,1993,,,,,,,,,,,,,,,,,,,,,,,,,,,,,0,,0,0,0,0,0,0,0,franklin-classical-school-tn-37065-fcapi-classicality-abstract.md,franklin-classical-school-tn-37065-fcapi-classicality-audit.md,franklin-classical-school-tn-37065-v*-fcapi-classicality-audit.pdf,,,0,0,0,0,1088,2129
Acct1075,Frederick Classical Charter School,,,frederick-classical-charter-school-md-21701,info@FrederickClassicalCharterSchool.org,+1 240 674 1696,,https://frederickclassicalcharterschool.org/,8445 Spires Way,Suite CC,Frederick,Frederick County,MD,21701,US,39.43650330,-77.37116640,classical,frederick-classical-charter-school-md-21701-fcapi-classicality-abstract.md,frederick-classical-charter-school-md-21701-fcapi-classicality-audit.md,frederick-classical-charter-school-md-21701-v*-fcapi-classicality-audit.pdf,elementary-intermediate,Charter,Public,0,,,,,,,,,,,,,,,,,,,,,,,,,,,,,,0,,0,0,0,0,0,0,0,frederick-classical-charter-school-md-21701-fcapi-classicality-abstract.md,frederick-classical-charter-school-md-21701-fcapi-classicality-audit.md,frederick-classical-charter-school-md-21701-v*-fcapi-classicality-audit.pdf,,,0,0,0,0,1092,1771
,Gateway 2 Hope Christian Academy,,,gateway-2-hope-christian-academy-oh-44137,,,,http://www.gateway2hopechristianacademy.org,5050 Stanley Ave.,,Maple Heights,,OH,44137,US,41.42159970,-81.57157820,classical,gateway-2-hope-christian-academy-oh-44137-fcapi-classicality-abstract.md,gateway-2-hope-christian-academy-oh-44137-fcapi-classicality-audit.md,gateway-2-hope-christian-academy-oh-44137-v*-fcapi-classicality-audit.pdf,elementary-intermediate-secondary,,,0,,,,,,,,,,,,,,,,,,,,,,,,,,,,,,0,,0,0,0,0,0,0,0,gateway-2-hope-christian-academy-oh-44137-fcapi-classicality-abstract.md,gateway-2-hope-christian-academy-oh-44137-fcapi-classicality-audit.md,gateway-2-hope-christian-academy-oh-44137-v*-fcapi-classicality-audit.pdf,,,0,0,0,0,5192,
Acct1091,Geneva Academy,,,geneva-academy-la-71291,elang@genevaclassical.org,+1 318 537 5276,,https://genevaclassical.org/,715 Cypress St,,West Monroe,Ouachita Parish,LA,71291,US,32.50552360,-92.13053130,classical,geneva-academy-la-71291-fcapi-classicality-abstract.md,geneva-academy-la-71291-fcapi-classicality-audit.md,geneva-academy-la-71291-v*-fcapi-classicality-audit.pdf,elementary-intermediate-secondary,Private School,Private,0,2000,,,,,,,,,,,,,,,,,,,,,,,,,,,,,0,,0,0,0,0,0,0,0,geneva-academy-la-71291-fcapi-classicality-abstract.md,geneva-academy-la-71291-fcapi-classicality-audit.md,geneva-academy-la-71291-v*-fcapi-classicality-audit.pdf,,,0,0,0,0,1108,2639
Acct1092,Geneva Academy,,,geneva-academy-or-97470,kshellard@genevaroseburg.com,+1 541 637 7500,,https://genevaroseburg.com/,PO Box 1154,,Roseburg,Douglas County,OR,97470,US,43.23390070,-123.37863110,classical,geneva-academy-or-97470-fcapi-classicality-abstract.md,geneva-academy-or-97470-fcapi-classicality-audit.md,geneva-academy-or-97470-v*-fcapi-classicality-audit.pdf,elementary-intermediate-secondary,Private School,Private,0,2016,,,,,,,,,,,,,,,,,,,,,,,,,,,,,0,,0,0,0,0,0,0,0,geneva-academy-or-97470-fcapi-classicality-abstract.md,geneva-academy-or-97470-fcapi-classicality-audit.md,geneva-academy-or-97470-v*-fcapi-classicality-audit.pdf,,,0,0,0,0,1109,2054
Acct1094,Geneva Academy,,,geneva-academy-oh-43311,,+1 937 404 1949,,https://www.genevaacademy.org/,808 W. Columbus Ave.,,Bellefontaine,Logan County,OH,43311,US,40.36240960,-83.77202560,classical,geneva-academy-oh-43311-fcapi-classicality-abstract.md,geneva-academy-oh-43311-fcapi-classicality-audit.md,geneva-academy-oh-43311-v*-fcapi-classicality-audit.pdf,elementary-intermediate-secondary,Private School,Private,0,,,,,,,,,,,,,,,,,,,,,,,,,,,,,,0,,0,0,0,0,0,0,0,geneva-academy-oh-43311-fcapi-classicality-abstract.md,geneva-academy-oh-43311-fcapi-classicality-audit.md,geneva-academy-oh-43311-v*-fcapi-classicality-audit.pdf,,,0,0,0,0,1111,194
Acct1093,Geneva Classical Academy,,,geneva-classical-academy-fl-33803,info@gcalakeland.org,+1 863 644 1408,,https://gcalakeland.org/,1736 New Jersey Rd.,,Lakeland,Polk County,FL,33803,US,28.01999350,-81.93210570,classical,geneva-classical-academy-fl-33803-fcapi-classicality-abstract.md,geneva-classical-academy-fl-33803-fcapi-classicality-audit.md,geneva-classical-academy-fl-33803-v*-fcapi-classicality-audit.pdf,elementary-intermediate-secondary,Private School,Private,0,1996,,,,,,,,,,,,,,,,,,,,,,,,,,,,,0,,0,0,0,0,0,0,0,geneva-classical-academy-fl-33803-fcapi-classicality-abstract.md,geneva-classical-academy-fl-33803-fcapi-classicality-audit.md,geneva-classical-academy-fl-33803-v*-fcapi-classicality-audit.pdf,,,0,0,0,0,1110,2654
Acct1097,Geneva School of Boerne,,,geneva-school-boerne-tx-78015,geneva@genevaschooltx.org,+1 830 981 5500,,https://genevaschooltx.org/,113 Cascade Caverns Rd.,,Boerne,Kendall County,TX,78015-8312,US,29.74956750,-98.69100500,classical,geneva-school-boerne-tx-78015-fcapi-classicality-abstract.md,geneva-school-boerne-tx-78015-fcapi-classicality-audit.md,geneva-school-boerne-tx-78015-v*-fcapi-classicality-audit.pdf,elementary-intermediate-secondary,Private School,Private,0,,,,,,,,,,,,,,,,,,,,,,,,,,,,,,0,,0,0,0,0,0,0,0,geneva-school-boerne-tx-78015-fcapi-classicality-abstract.md,geneva-school-boerne-tx-78015-fcapi-classicality-audit.md,geneva-school-boerne-tx-78015-v*-fcapi-classicality-audit.pdf,,,0,0,0,0,1113,2060
Acct1099,Geneva School of Manhattan,,,geneva-school-manhattan-ny-10024,rim.hinckley@genevaschool.net,+1 201 600 4737,,https://genevaschool.net/,138 West 90th Street,,New York,New York County,NY,10024,US,40.78970370,-73.97228790,classical,geneva-school-manhattan-ny-10024-fcapi-classicality-abstract.md,geneva-school-manhattan-ny-10024-fcapi-classicality-audit.md,geneva-school-manhattan-ny-10024-v*-fcapi-classicality-audit.pdf,elementary-intermediate-secondary,Private School,Private,0,,,,,,,,,,,,,,,,,,,,,,,,,,,,,,0,,0,0,0,0,0,0,0,geneva-school-manhattan-ny-10024-fcapi-classicality-abstract.md,geneva-school-manhattan-ny-10024-fcapi-classicality-audit.md,geneva-school-manhattan-ny-10024-v*-fcapi-classicality-audit.pdf,,,0,0,0,0,1114,2039
Acct0152,Glendale Preparatory Academy,,,glendale-preparatory-academy-az-85383,info@glendaleprep.org,+1 480 424 1790,+1 623 889 0822,https://glendaleprep.greatheartsamerica.org/,23276 N. 83rd Ave.,,Peoria,Maricopa County,AZ,85383,US,33.69509440,-112.23862070,classical,glendale-preparatory-academy-az-85383-fcapi-classicality-abstract.md,glendale-preparatory-academy-az-85383-fcapi-classicality-audit.md,glendale-preparatory-academy-az-85383-v*-fcapi-classicality-audit.pdf,intermediate-secondary,Charter,Public,0,,640,,,,,,,,,,,,,,,,,,,,,,,,,,,,0,,0,0,0,0,0,0,0,glendale-preparatory-academy-az-85383-fcapi-classicality-abstract.md,glendale-preparatory-academy-az-85383-fcapi-classicality-audit.md,glendale-preparatory-academy-az-85383-v*-fcapi-classicality-audit.pdf,,,0,0,0,0,152,2676
Acct1114,Golden View Classical Academy,,,golden-view-classical-academy-co-80401,Office@GoldenViewClassical.org,+1 720 598 6700,,https://goldenviewclassical.org/,601 Corporate Circle,,Golden,Jefferson County,CO,80401,US,39.71885270,-105.19068290,classical,golden-view-classical-academy-co-80401-fcapi-classicality-abstract.md,golden-view-classical-academy-co-80401-fcapi-classicality-audit.md,golden-view-classical-academy-co-80401-v*-fcapi-classicality-audit.pdf,elementary-intermediate-secondary,Charter,Public,0,,,,,,,,,,,,,,,,,,,,,,,,,,,,,,0,,0,0,0,0,0,0,0,golden-view-classical-academy-co-80401-fcapi-classicality-abstract.md,golden-view-classical-academy-co-80401-fcapi-classicality-audit.md,golden-view-classical-academy-co-80401-v*-fcapi-classicality-audit.pdf,,,0,0,0,0,1126,2088
Acct1115,Good Shepherd Academy,,,good-shepherd-academy-ca-91767,,+1 909 817 3313,,https://www.thegoodshepherdacademy.org/,610 N. San Antonio Ave.,,Pomona,Los Angeles County,CA,91767,US,34.06416470,-117.73625490,classical,good-shepherd-academy-ca-91767-fcapi-classicality-abstract.md,good-shepherd-academy-ca-91767-fcapi-classicality-audit.md,good-shepherd-academy-ca-91767-v*-fcapi-classicality-audit.pdf,elementary-intermediate-secondary,Private School,Private,0,,,,,,,,,,,,,,,,,,,,,,,,,,,,,,0,,0,0,0,0,0,0,0,good-shepherd-academy-ca-91767-fcapi-classicality-abstract.md,good-shepherd-academy-ca-91767-fcapi-classicality-audit.md,good-shepherd-academy-ca-91767-v*-fcapi-classicality-audit.pdf,,,0,0,0,0,1127,383
Acct1118,Good Shepherd Reformed Episcopal School,,,good-shepherd-reformed-episcopal-school-tx-75701,office@gsstyler.org,+1 903 592 4045,,https://gsstyler.org/,2525 Old Jacksonville Hwy,,Tyler,Smith County,TX,75701,US,32.32477400,-95.34168750,classical,good-shepherd-reformed-episcopal-school-tx-75701-fcapi-classicality-abstract.md,good-shepherd-reformed-episcopal-school-tx-75701-fcapi-classicality-audit.md,good-shepherd-reformed-episcopal-school-tx-75701-v*-fcapi-classicality-audit.pdf,elementary-intermediate-secondary,Private School,Private,0,,,,,,,,,,,,,,,,,,,,,,,,,,,,,,0,,0,0,0,0,0,0,0,good-shepherd-reformed-episcopal-school-tx-75701-fcapi-classicality-abstract.md,good-shepherd-reformed-episcopal-school-tx-75701-fcapi-classicality-audit.md,good-shepherd-reformed-episcopal-school-tx-75701-v*-fcapi-classicality-audit.pdf,,,0,0,0,0,1130,2504
Acct1119,Good Shepherd School,,,good-shepherd-school-nv-89014,headmistress@goodshepherdhenderson.org,(702) 445-0223,,https://goodshepherdhenderson.org/about/,175 Cassia Way,,Henderson,,NV,89014,US,36.04009450,-115.02751060,classical,good-shepherd-school-nv-89014-fcapi-classicality-abstract.md,good-shepherd-school-nv-89014-fcapi-classicality-audit.md,good-shepherd-school-nv-89014-v*-fcapi-classicality-audit.pdf,elementary-intermediate-secondary,Private School,Private School,0,2021,,,,,,,,,,,,,,,,,,,,,,,,,,,,,1,"""\""\\\""""\\\\\\\""""\""""\\\\\\\\\\\\\\\""""\""""\\\""""\""""\\\\\\\\\\\\\\\\\\\\\\\\\\\\\\\""""\""""\\\""""\""""\\\\\\\""""\""""\\\""""\""""\\\\\\\\\\\\\\\\\\\\\\\\\\\\\\\\\\\\\\\\\\\\\\\\\\\\\\\\\\\\\\\""""\""""\\\""""\""""\\\\\\\""""\""""\\\""""\""""\\\\\\\\\\\\\\\""""\""""\\\""""\""""\\\\\\\""""\""""\\\""""\""""[\\\\\\\\\\\\\\\\\\\\\\\\\\\\\\\\\\\\\\\\\\\\\\\\\\\\\\\\\\\\\\\\\\\\\\\\\\\\\\\\\\\\\\\\\\\\\\\\\\\\\\\\\\\\\\\\\\\\\\\\\\\\\\\""""\""""\\\""""\""""\\\\\\\""""\""""\\\""""\""""\\\\\\\\\\\\\\\""""\""""\\\""""\""""\\\\\\\""""\""""\\\""""\""""\\\\\\\\\\\\\\\\\\\\\\\\\\\\\\\""""\""""\\\""""\""""\\\\\\\""""\""""\\\""""\""""\\\\\\\\\\\\\\\""""\""""\\\""""\""""\\\\\\\""""\""""\\\""""\""""Latin\\\\\\\\\\\\\\\\\\\\\\\\\\\\\\\\\\\\\\\\\\\\\\\\\\\\\\\\\\\\\\\\\\\\\\\\\\\\\\\\\\\\\\\\\\\\\\\\\\\\\\\\\\\\\\\\\\\\\\\\\\\\\\\""""\""""\\\""""\""""\\\\\\\""""\""""\\\""""\""""\\\\\\\\\\\\\\\""""\""""\\\""""\""""\\\\\\\""""\""""\\\""""\""""\\\\\\\\\\\\\\\\\\\\\\\\\\\\\\\""""\""""\\\""""\""""\\\\\\\""""\""""\\\""""\""""\\\\\\\\\\\\\\\""""\""""\\\""""\""""\\\\\\\""""\""""\\\""""\""""\\\\\\\\\\\\\\\\\\\\\\\\\\\\\\\\\\\\\\\\\\\\\\\\\\\\\\\\\\\\\\\""""\""""\\\""""\""""\\\\\\\""""\""""\\\""""\""""\\\\\\\\\\\\\\\""""\""""\\\""""\""""\\\\\\\""""\""""\\\""""\""""\\\\\\\\\\\\\\\\\\\\\\\\\\\\\\\""""\""""\\\""""\""""\\\\\\\""""\""""\\\""""\""""\\\\\\\\\\\\\\\""""\""""\\\""""\""""\\\\\\\""""\""""\\\""""\""""\\\\\\\\\\\\\\\\\\\\\\\\\\\\\\\""""\""""\\\""""\""""\\\\\\\""""\""""\\\""""\""""\\\\\\\\\\\\\\\""""\""""\\\""""\""""\\\\\\\""""\""""\\\""""\""""\\\\\\\\\\\\\\\\\\\\\\\\\\\\\\\""""\""""\\\""""\""""\\\\\\\""""\""""\\\""""\""""\\\\\\\\\\\\\\\""""\""""\\\""""\""""\\\\\\\""""\""""\\\""""\""""\\\\\\\\\\\\\\\\\\\\\\\\\\\\\\\""""\""""\\\""""\""""\\\\\\\""""\""""\\\""""\""""\\\\\\\\\\\\\\\""""\""""\\\""""\""""\\\\\\\""""\""""\\\""""\""""\\\\\\\\\\\\\\\""""\""""\\\""""\""""\\\\\\\""""\""""\\\""""\""""\\\\\\\\\\\\\\\""""\""""\\\""""\""""\\\\\\\""""\""""\\\""""\""""\\\\\\\\\\\\\\\""""\""""\\\""""\""""\\\\\\\""""\""""\\\""""\""""\\\\\\\""""\""""\\\""""\""""\\\\\\\""""\""""\\\""""\""""\\\\\\\""""\""""\\\""""\""""\\\""""\""""\\\""""\""""\\\""""\""""\""""\""""\""""""""""",1,1,0,0,0,0,0,good-shepherd-school-nv-89014-fcapi-classicality-abstract.md,good-shepherd-school-nv-89014-fcapi-classicality-audit.md,good-shepherd-school-nv-89014-v*-fcapi-classicality-audit.pdf,,,0,0,0,0,1131,
Acct1121,Good Shepherd School,,,good-shepherd-school-va-20134,office@goodshepherdschoolva.com,+1 919 930 9134,,https://goodshepherdschoolva.com/,PO Box 430,,Purcellville,Loudoun County,VA,20134,US,39.12916200,-77.72341260,classical,good-shepherd-school-va-20134-fcapi-classicality-abstract.md,good-shepherd-school-va-20134-fcapi-classicality-audit.md,good-shepherd-school-va-20134-v*-fcapi-classicality-audit.pdf,elementary-intermediate,Private School,Private,0,,,,,,,,,,,,,,,,,,,,,,,,,,,,,,0,,0,0,0,0,0,0,0,good-shepherd-school-va-20134-fcapi-classicality-abstract.md,good-shepherd-school-va-20134-fcapi-classicality-audit.md,good-shepherd-school-va-20134-v*-fcapi-classicality-audit.pdf,,,0,0,0,0,1133,2364
Acct1160,Grace & Truth Christian Academy,,,grace-truth-christian-academy-ok-73010,info@gracetruthca.org,+1 405 485 3570,,https://gracetruthca.org/,1101 North Main St,,Blanchard,McClain County,OK,73010,US,35.14657020,-97.65904970,classical,grace-truth-christian-academy-ok-73010-fcapi-classicality-abstract.md,grace-truth-christian-academy-ok-73010-fcapi-classicality-audit.md,grace-truth-christian-academy-ok-73010-v*-fcapi-classicality-audit.pdf,elementary,Private School,Private,0,2022,,,,,,,,,,,,,,,,,,,,,,,,,,,,,0,,0,0,0,0,0,0,0,grace-truth-christian-academy-ok-73010-fcapi-classicality-abstract.md,grace-truth-christian-academy-ok-73010-fcapi-classicality-audit.md,grace-truth-christian-academy-ok-73010-v*-fcapi-classicality-audit.pdf,,,0,0,0,0,1167,184
Acct1124,Grace Academy,,,grace-academy-ma-01104,office@graceacademyspringfield.org,+1 413 241 7305,,https://graceacademyspringfield.org/,60 Bowles Park,,Springfield,Hampden County,MA,1104,US,42.14459410,-72.56170550,classical,grace-academy-ma-01104-fcapi-classicality-abstract.md,grace-academy-ma-01104-fcapi-classicality-audit.md,grace-academy-ma-01104-v*-fcapi-classicality-audit.pdf,elementary-intermediate-secondary,Private School,Private School,0,2012,71,,,,,,,,,,,,,,,,,,,,,,,,,,,,1,"""\""\\\""""\\\\\\\""""\""""\\\\\\\\\\\\\\\""""\""""\\\""""\""""\\\\\\\\\\\\\\\\\\\\\\\\\\\\\\\""""\""""\\\""""\""""\\\\\\\""""\""""\\\""""\""""\\\\\\\\\\\\\\\\\\\\\\\\\\\\\\\\\\\\\\\\\\\\\\\\\\\\\\\\\\\\\\\""""\""""\\\""""\""""\\\\\\\""""\""""\\\""""\""""\\\\\\\\\\\\\\\""""\""""\\\""""\""""\\\\\\\""""\""""\\\""""\""""[\\\\\\\\\\\\\\\\\\\\\\\\\\\\\\\\\\\\\\\\\\\\\\\\\\\\\\\\\\\\\\\\\\\\\\\\\\\\\\\\\\\\\\\\\\\\\\\\\\\\\\\\\\\\\\\\\\\\\\\\\\\\\\\""""\""""\\\""""\""""\\\\\\\""""\""""\\\""""\""""\\\\\\\\\\\\\\\""""\""""\\\""""\""""\\\\\\\""""\""""\\\""""\""""\\\\\\\\\\\\\\\\\\\\\\\\\\\\\\\""""\""""\\\""""\""""\\\\\\\""""\""""\\\""""\""""\\\\\\\\\\\\\\\""""\""""\\\""""\""""\\\\\\\""""\""""\\\""""\""""Latin\\\\\\\\\\\\\\\\\\\\\\\\\\\\\\\\\\\\\\\\\\\\\\\\\\\\\\\\\\\\\\\\\\\\\\\\\\\\\\\\\\\\\\\\\\\\\\\\\\\\\\\\\\\\\\\\\\\\\\\\\\\\\\\""""\""""\\\""""\""""\\\\\\\""""\""""\\\""""\""""\\\\\\\\\\\\\\\""""\""""\\\""""\""""\\\\\\\""""\""""\\\""""\""""\\\\\\\\\\\\\\\\\\\\\\\\\\\\\\\""""\""""\\\""""\""""\\\\\\\""""\""""\\\""""\""""\\\\\\\\\\\\\\\""""\""""\\\""""\""""\\\\\\\""""\""""\\\""""\""""\\\\\\\\\\\\\\\\\\\\\\\\\\\\\\\\\\\\\\\\\\\\\\\\\\\\\\\\\\\\\\\""""\""""\\\""""\""""\\\\\\\""""\""""\\\""""\""""\\\\\\\\\\\\\\\""""\""""\\\""""\""""\\\\\\\""""\""""\\\""""\""""\\\\\\\\\\\\\\\\\\\\\\\\\\\\\\\""""\""""\\\""""\""""\\\\\\\""""\""""\\\""""\""""\\\\\\\\\\\\\\\""""\""""\\\""""\""""\\\\\\\""""\""""\\\""""\""""]\\\\\\\\\\\\\\\\\\\\\\\\\\\\\\\\\\\\\\\\\\\\\\\\\\\\\\\\\\\\\\\""""\""""\\\""""\""""\\\\\\\""""\""""\\\""""\""""\\\\\\\\\\\\\\\""""\""""\\\""""\""""\\\\\\\""""\""""\\\""""\""""\\\\\\\\\\\\\\\\\\\\\\\\\\\\\\\""""\""""\\\""""\""""\\\\\\\""""\""""\\\""""\""""\\\\\\\\\\\\\\\""""\""""\\\""""\""""\\\\\\\""""\""""\\\""""\""""\\\\\\\\\\\\\\\\\\\\\\\\\\\\\\\\\\\\\\\\\\\\\\\\\\\\\\\\\\\\\\\""""\""""\\\""""\""""\\\\\\\""""\""""\\\""""\""""\\\\\\\\\\\\\\\""""\""""\\\""""\""""\\\\\\\""""\""""\\\""""\""""\\\\\\\\\\\\\\\\\\\\\\\\\\\\\\\""""\""""\\\""""\""""\\\\\\\""""\""""\\\""""\""""\\\\\\\\\\\\\\\""""\""""\\\""""\""""\\\\\\\""""\""""\\\""""\""""\\\\\\\\\\\\\\\\\\\\\\\\\\\\\\\\\\\\\\\\\\\\\\\\\\\\\\\\\\\\\\\""""\""""\\\""""\""""\\\\\\\""""\""""\\\""""\""""\\\\\\\\\\\\\\\""""\""""\\\""""\""""\\\\\\\""""\""""\\\""""\""""\\\\\\\\\\\\\\\\\\\\\\\\\\\\\\\""""\""""\\\""""\""""\\\\\\\""""\""""\\\""""\""""\\\\\\\\\\\\\\\""""\""""\\\""""\""""\\\\\\\""""\""""\\\""""\""""\\\\\\\\\\\\\\\\\\\\\\\\\\\\\\\""""\""""\\\""""\""""\\\\\\\""""\""""\\\""""\""""\\\\\\\\\\\\\\\""""\""""\\\""""\""""\\\\\\\""""\""""\\\""""\""""\\\\\\\\\\\\\\\\\\\\\\\\\\\\\\\""""\""""\\\""""\""""\\\\\\\""""\""""\\\""""\""""\\\\\\\\\\\\\\\""""\""""\\\""""\""""\\\\\\\""""\""""\\\""""\""""\\\\\\\\\\\\\\\\\\\\\\\\\\\\\\\""""\""""\\\""""\""""\\\\\\\""""\""""\\\""""\""""\\\\\\\\\\\\\\\""""\""""\\\""""\""""\\\\\\\""""\""""\\\""""\""""\\\\\\\\\\\\\\\""""\""""\\\""""\""""\\\\\\\""""\""""\\\""""\""""\\\\\\\\\\\\\\\""""\""""\\\""""\""""\\\\\\\""""\""""\\\""""\""""\\\\\\\\\\\\\\\""""\""""\\\""""\""""\\\\\\\""""\""""\\\""""\""""\\\\\\\""""\""""\\\""""\""""\\\\\\\""""\""""\\\""""\""""\\\\\\\""""\""""\\\""""\""""\\\""""\""""\\\""""\""""\\\""""\""""\""""\""""\""""""""""",1,0,1,0,0,0,0,grace-academy-ma-01104-fcapi-classicality-abstract.md,grace-academy-ma-01104-fcapi-classicality-audit.md,grace-academy-ma-01104-v*-fcapi-classicality-audit.pdf,,,0,0,0,0,1135,
Acct1127,Grace Academy,,,grace-academy-tx-78633,info@gracetx.org,+1 512 864 9500,,https://gracetx.org/,225 Grace Blvd.,,Georgetown,Williamson County,TX,78633,US,30.72282080,-97.66388950,classical,grace-academy-tx-78633-fcapi-classicality-abstract.md,grace-academy-tx-78633-fcapi-classicality-audit.md,grace-academy-tx-78633-v*-fcapi-classicality-audit.pdf,elementary-intermediate-secondary,Private School,Private,0,,,,,,,,,,,,,,,,,,,,,,,,,,,,,,0,,0,0,0,0,0,0,0,grace-academy-tx-78633-fcapi-classicality-abstract.md,grace-academy-tx-78633-fcapi-classicality-audit.md,grace-academy-tx-78633-v*-fcapi-classicality-audit.pdf,,,0,0,0,0,1138,2786
Acct1130,Grace Christian Academy,,,grace-christian-academy-nj-08093,administration@graceacademyccsj.com,+1 315 771 5829,,https://graceacademyccsj.com/,1210 Hessian Ave.,,West Deptford,Gloucester County,NJ,8093,US,39.86099420,-75.16478530,classical,grace-christian-academy-nj-08093-fcapi-classicality-abstract.md,grace-christian-academy-nj-08093-fcapi-classicality-audit.md,grace-christian-academy-nj-08093-v*-fcapi-classicality-audit.pdf,elementary-intermediate-secondary,Private School,Private,0,,,,,,,,,,,,,,,,,,,,,,,,,,,,,,0,,0,0,0,0,0,0,0,grace-christian-academy-nj-08093-fcapi-classicality-abstract.md,grace-christian-academy-nj-08093-fcapi-classicality-audit.md,grace-christian-academy-nj-08093-v*-fcapi-classicality-audit.pdf,,,0,0,0,0,1141,2329
Acct1131,Grace Christian Academy,,,grace-christian-academy-nv-89423,gcaoffice@gcanv.com,+1 775 782 7811,,https://gcanv.com/,2320 Heybourne Road,,Minden,Douglas County,NV,89423,US,39.00754920,-119.76321410,classical,grace-christian-academy-nv-89423-fcapi-classicality-abstract.md,grace-christian-academy-nv-89423-fcapi-classicality-audit.md,grace-christian-academy-nv-89423-v*-fcapi-classicality-audit.pdf,elementary-intermediate,Private School,Private,0,2005,,,,,,,,,,,,,,,,,,,,,,,,,,,,,0,,0,0,0,0,0,0,0,grace-christian-academy-nv-89423-fcapi-classicality-abstract.md,grace-christian-academy-nv-89423-fcapi-classicality-audit.md,grace-christian-academy-nv-89423-v*-fcapi-classicality-audit.pdf,,,0,0,0,0,1142,2606
Acct1143,Grace Classical Academy,,,grace-classical-academy-mo-65802,info@graceclassical.org,+1 417 877 7910,,https://graceclassical.org/,2438 East Cherry St,,Springfield,Greene County,MO,65802,US,37.20258590,-93.24693680,classical,grace-classical-academy-mo-65802-fcapi-classicality-abstract.md,grace-classical-academy-mo-65802-fcapi-classicality-audit.md,grace-classical-academy-mo-65802-v*-fcapi-classicality-audit.pdf,elementary-intermediate-secondary,Private School,Private,0,2001,,,,,,,,,,,,,,,,,,,,,,,,,,,,,0,,0,0,0,0,0,0,0,grace-classical-academy-mo-65802-fcapi-classicality-abstract.md,grace-classical-academy-mo-65802-fcapi-classicality-audit.md,grace-classical-academy-mo-65802-v*-fcapi-classicality-audit.pdf,,,0,0,0,0,1152,1931
,Grace Classical Academy – Bel Air,,,grace-classical-academy-bel-air-md-21015,,+1 410 734 6111,,http://oakgroveclassical.org,2106 E CHURCHVILLE RD,,Bel Air,,MD,21015,US,39.55485180,-76.28808640,classical,grace-classical-academy-bel-air-md-21015-fcapi-classicality-abstract.md,grace-classical-academy-bel-air-md-21015-fcapi-classicality-audit.md,grace-classical-academy-bel-air-md-21015-v*-fcapi-classicality-audit.pdf,elementary-intermediate-secondary,,,0,,,,,,,,,,,,,,,,,,,,,,,,,,,,,,0,,0,0,0,0,0,0,0,grace-classical-academy-bel-air-md-21015-fcapi-classicality-abstract.md,grace-classical-academy-bel-air-md-21015-fcapi-classicality-audit.md,grace-classical-academy-bel-air-md-21015-v*-fcapi-classicality-audit.pdf,,,0,0,0,0,5171,
Acct1145,Grace Classical Christian Academy,,,grace-classical-christian-academy-tx-76048,graceclassical.office@gmail.com,+1 817 771 4951,,https://www.graceclassical.com/,1851 Weatherford Highway,,Granbury,Hood County,TX,76048,US,32.43571900,-97.79783810,classical,grace-classical-christian-academy-tx-76048-fcapi-classicality-abstract.md,grace-classical-christian-academy-tx-76048-fcapi-classicality-audit.md,grace-classical-christian-academy-tx-76048-v*-fcapi-classicality-audit.pdf,elementary-intermediate-secondary,Private School,Private,0,2026,,,,,,,,,,,,,,,,,,,,,,,,,,,,,0,,0,0,0,0,0,0,0,grace-classical-christian-academy-tx-76048-fcapi-classicality-abstract.md,grace-classical-christian-academy-tx-76048-fcapi-classicality-audit.md,grace-classical-christian-academy-tx-76048-v*-fcapi-classicality-audit.pdf,,,0,0,0,0,1153,2401
Acct1148,Grace Classical School,,,grace-classical-school-nc-28540,ahicks.gcs@gmail.com,+1 910 526 0718,,https://graceclassicalschool.com/,903 Henderson Dr.,,Jacksonville,Onslow County,NC,28540,US,34.77808370,-77.42761630,classical,grace-classical-school-nc-28540-fcapi-classicality-abstract.md,grace-classical-school-nc-28540-fcapi-classicality-audit.md,grace-classical-school-nc-28540-v*-fcapi-classicality-audit.pdf,elementary-intermediate-secondary,Private School,Private,0,2015,,,,,,,,,,,,,,,,,,,,,,,,,,,,,0,,0,0,0,0,0,0,0,grace-classical-school-nc-28540-fcapi-classicality-abstract.md,grace-classical-school-nc-28540-fcapi-classicality-audit.md,grace-classical-school-nc-28540-v*-fcapi-classicality-audit.pdf,,,0,0,0,0,1156,1632
,Grace Lutheran Classical Academy,,,grace-lutheran-classical-academy-nv-89052,,,,https://www.gracelutheranhenderson.org/glca,2657 W. Horizon Ridge Parkway,,Henderson,,NV,89052,US,36.00037560,-115.10216230,classical,grace-lutheran-classical-academy-nv-89052-fcapi-classicality-abstract.md,grace-lutheran-classical-academy-nv-89052-fcapi-classicality-audit.md,grace-lutheran-classical-academy-nv-89052-v*-fcapi-classicality-audit.pdf,elementary-intermediate-secondary,,,0,,,,,,,,,,,,,,,,,,,,,,,,,,,,,,0,,0,0,0,0,0,0,0,grace-lutheran-classical-academy-nv-89052-fcapi-classicality-abstract.md,grace-lutheran-classical-academy-nv-89052-fcapi-classicality-audit.md,grace-lutheran-classical-academy-nv-89052-v*-fcapi-classicality-audit.pdf,,,0,0,0,0,5293,
Acct1154,Grace Lutheran School,,,grace-lutheran-school-tx-77833,,+1 979 836 2030,,https://www.glsbrenham.com/,1212 West Jefferson Street,,Brenham,Washington County,TX,77833,US,30.16902800,-96.41488340,classical,grace-lutheran-school-tx-77833-fcapi-classicality-abstract.md,grace-lutheran-school-tx-77833-fcapi-classicality-audit.md,grace-lutheran-school-tx-77833-v*-fcapi-classicality-audit.pdf,elementary-intermediate-secondary,Private School,Private,0,,,,,,,,,,,,,,,,,,,,,,,,,,,,,,0,,0,0,0,0,0,0,0,grace-lutheran-school-tx-77833-fcapi-classicality-abstract.md,grace-lutheran-school-tx-77833-fcapi-classicality-audit.md,grace-lutheran-school-tx-77833-v*-fcapi-classicality-audit.pdf,,,0,0,0,0,1161,2638
,Grace University,,,grace-university-tx-75701,,,,https://www.gracetyler.org/,3105 University Blvd,,Tyler,,TX,75701,US,32.31083150,-95.25901340,classical,grace-university-tx-75701-fcapi-classicality-abstract.md,grace-university-tx-75701-fcapi-classicality-audit.md,grace-university-tx-75701-v*-fcapi-classicality-audit.pdf,elementary-intermediate-secondary,,,0,,,,,,,,,,,,,,,,,,,,,,,,,,,,,,0,,0,0,0,0,0,0,0,grace-university-tx-75701-fcapi-classicality-abstract.md,grace-university-tx-75701-fcapi-classicality-audit.md,grace-university-tx-75701-v*-fcapi-classicality-audit.pdf,,,0,0,0,0,5248,
Acct1162,Grand County Christian Academy,,,grand-county-christian-academy-co-80478,sbeckerle@wpcc4him.org,+1 970 887 9784,,https://wpcc4him.org/,274 Ponderosa Trail,,Tabernash,Grand County,CO,80478,US,39.99321740,-105.86574550,classical,grand-county-christian-academy-co-80478-fcapi-classicality-abstract.md,grand-county-christian-academy-co-80478-fcapi-classicality-audit.md,grand-county-christian-academy-co-80478-v*-fcapi-classicality-audit.pdf,elementary-intermediate-secondary,Private School,Private,0,2005,,,,,,,,,,,,,,,,,,,,,,,,,,,,,0,,0,0,0,0,0,0,0,grand-county-christian-academy-co-80478-fcapi-classicality-abstract.md,grand-county-christian-academy-co-80478-fcapi-classicality-audit.md,grand-county-christian-academy-co-80478-v*-fcapi-classicality-audit.pdf,,,0,0,0,0,1169,2684
Acct1166,Granite Classical Tutorials Timonium,,,granite-classical-tutorials-timonium-md-21093,,,,https://www.graniteclassical.org/timonium/,2122 W Joppa Rd,,Timonium,,MD,21093,US,39.41562370,-76.65823680,classical,granite-classical-tutorials-timonium-md-21093-fcapi-classicality-abstract.md,granite-classical-tutorials-timonium-md-21093-fcapi-classicality-audit.md,granite-classical-tutorials-timonium-md-21093-v*-fcapi-classicality-audit.pdf,elementary-intermediate,Private School,Private School,0,,91,,,,,,,,,,,,,,,,,,,,,,,,,,,,1,"""\""\\\""""\\\\\\\""""\""""\\\\\\\\\\\\\\\""""\""""\\\""""\""""\\\\\\\\\\\\\\\\\\\\\\\\\\\\\\\""""\""""\\\""""\""""\\\\\\\""""\""""\\\""""\""""\\\\\\\\\\\\\\\\\\\\\\\\\\\\\\\\\\\\\\\\\\\\\\\\\\\\\\\\\\\\\\\""""\""""\\\""""\""""\\\\\\\""""\""""\\\""""\""""\\\\\\\\\\\\\\\""""\""""\\\""""\""""\\\\\\\""""\""""\\\""""\""""\\\\\\\\\\\\\\\\\\\\\\\\\\\\\\\\\\\\\\\\\\\\\\\\\\\\\\\\\\\\\\\\\\\\\\\\\\\\\\\\\\\\\\\\\\\\\\\\\\\\\\\\\\\\\\\\\\\\\\\\\\\\\\\""""\""""\\\""""\""""\\\\\\\""""\""""\\\""""\""""\\\\\\\\\\\\\\\""""\""""\\\""""\""""\\\\\\\""""\""""\\\""""\""""\\\\\\\\\\\\\\\\\\\\\\\\\\\\\\\""""\""""\\\""""\""""\\\\\\\""""\""""\\\""""\""""\\\\\\\\\\\\\\\""""\""""\\\""""\""""\\\\\\\""""\""""\\\""""\""""[\\\\\\\\\\\\\\\\\\\\\\\\\\\\\\\\\\\\\\\\\\\\\\\\\\\\\\\\\\\\\\\\\\\\\\\\\\\\\\\\\\\\\\\\\\\\\\\\\\\\\\\\\\\\\\\\\\\\\\\\\\\\\\\\\\\\\\\\\\\\\\\\\\\\\\\\\\\\\\\\\\\\\\\\\\\\\\\\\\\\\\\\\\\\\\\\\\\\\\\\\\\\\\\\\\\\\\\\\\\\\\\\\\\\\\\\\\\\\\\\\\\\\\\\\\\\\\\""""\""""\\\""""\""""\\\\\\\""""\""""\\\""""\""""\\\\\\\\\\\\\\\""""\""""\\\""""\""""\\\\\\\""""\""""\\\""""\""""\\\\\\\\\\\\\\\\\\\\\\\\\\\\\\\""""\""""\\\""""\""""\\\\\\\""""\""""\\\""""\""""\\\\\\\\\\\\\\\""""\""""\\\""""\""""\\\\\\\""""\""""\\\""""\""""\\\\\\\\\\\\\\\\\\\\\\\\\\\\\\\\\\\\\\\\\\\\\\\\\\\\\\\\\\\\\\\""""\""""\\\""""\""""\\\\\\\""""\""""\\\""""\""""\\\\\\\\\\\\\\\""""\""""\\\""""\""""\\\\\\\""""\""""\\\""""\""""\\\\\\\\\\\\\\\\\\\\\\\\\\\\\\\""""\""""\\\""""\""""\\\\\\\""""\""""\\\""""\""""\\\\\\\\\\\\\\\""""\""""\\\""""\""""\\\\\\\""""\""""\\\""""\""""Latin\\\\\\\\\\\\\\\\\\\\\\\\\\\\\\\\\\\\\\\\\\\\\\\\\\\\\\\\\\\\\\\\\\\\\\\\\\\\\\\\\\\\\\\\\\\\\\\\\\\\\\\\\\\\\\\\\\\\\\\\\\\\\\\\\\\\\\\\\\\\\\\\\\\\\\\\\\\\\\\\\\\\\\\\\\\\\\\\\\\\\\\\\\\\\\\\\\\\\\\\\\\\\\\\\\\\\\\\\\\\\\\\\\\\\\\\\\\\\\\\\\\\\\\\\\\\\\\""""\""""\\\""""\""""\\\\\\\""""\""""\\\""""\""""\\\\\\\\\\\\\\\""""\""""\\\""""\""""\\\\\\\""""\""""\\\""""\""""\\\\\\\\\\\\\\\\\\\\\\\\\\\\\\\""""\""""\\\""""\""""\\\\\\\""""\""""\\\""""\""""\\\\\\\\\\\\\\\""""\""""\\\""""\""""\\\\\\\""""\""""\\\""""\""""\\\\\\\\\\\\\\\\\\\\\\\\\\\\\\\\\\\\\\\\\\\\\\\\\\\\\\\\\\\\\\\""""\""""\\\""""\""""\\\\\\\""""\""""\\\""""\""""\\\\\\\\\\\\\\\""""\""""\\\""""\""""\\\\\\\""""\""""\\\""""\""""\\\\\\\\\\\\\\\\\\\\\\\\\\\\\\\""""\""""\\\""""\""""\\\\\\\""""\""""\\\""""\""""\\\\\\\\\\\\\\\""""\""""\\\""""\""""\\\\\\\""""\""""\\\""""\""""\\\\\\\\\\\\\\\\\\\\\\\\\\\\\\\\\\\\\\\\\\\\\\\\\\\\\\\\\\\\\\\\\\\\\\\\\\\\\\\\\\\\\\\\\\\\\\\\\\\\\\\\\\\\\\\\\\\\\\\\\\\\\\\""""\""""\\\""""\""""\\\\\\\""""\""""\\\""""\""""\\\\\\\\\\\\\\\""""\""""\\\""""\""""\\\\\\\""""\""""\\\""""\""""\\\\\\\\\\\\\\\\\\\\\\\\\\\\\\\""""\""""\\\""""\""""\\\\\\\""""\""""\\\""""\""""\\\\\\\\\\\\\\\""""\""""\\\""""\""""\\\\\\\""""\""""\\\""""\""""\\\\\\\\\\\\\\\\\\\\\\\\\\\\\\\\\\\\\\\\\\\\\\\\\\\\\\\\\\\\\\\""""\""""\\\""""\""""\\\\\\\""""\""""\\\""""\""""\\\\\\\\\\\\\\\""""\""""\\\""""\""""\\\\\\\""""\""""\\\""""\""""\\\\\\\\\\\\\\\\\\\\\\\\\\\\\\\""""\""""\\\""""\""""\\\\\\\""""\""""\\\""""\""""\\\\\\\\\\\\\\\""""\""""\\\""""\""""\\\\\\\""""\""""\\\""""\""""]\\\\\\\\\\\\\\\\\\\\\\\\\\\\\\\\\\\\\\\\\\\\\\\\\\\\\\\\\\\\\\\\\\\\\\\\\\\\\\\\\\\\\\\\\\\\\\\\\\\\\\\\\\\\\\\\\\\\\\\\\\\\\\\""""\""""\\\""""\""""\\\\\\\""""\""""\\\""""\""""\\\\\\\\\\\\\\\""""\""""\\\""""\""""\\\\\\\""""\""""\\\""""\""""\\\\\\\\\\\\\\\\\\\\\\\\\\\\\\\""""\""""\\\""""\""""\\\\\\\""""\""""\\\""""\""""\\\\\\\\\\\\\\\""""\""""\\\""""\""""\\\\\\\""""\""""\\\""""\""""\\\\\\\\\\\\\\\\\\\\\\\\\\\\\\\\\\\\\\\\\\\\\\\\\\\\\\\\\\\\\\\""""\""""\\\""""\""""\\\\\\\""""\""""\\\""""\""""\\\\\\\\\\\\\\\""""\""""\\\""""\""""\\\\\\\""""\""""\\\""""\""""\\\\\\\\\\\\\\\\\\\\\\\\\\\\\\\""""\""""\\\""""\""""\\\\\\\""""\""""\\\""""\""""\\\\\\\\\\\\\\\""""\""""\\\""""\""""\\\\\\\""""\""""\\\""""\""""\\\\\\\\\\\\\\\\\\\\\\\\\\\\\\\\\\\\\\\\\\\\\\\\\\\\\\\\\\\\\\\\\\\\\\\\\\\\\\\\\\\\\\\\\\\\\\\\\\\\\\\\\\\\\\\\\\\\\\\\\\\\\\\""""\""""\\\""""\""""\\\\\\\""""\""""\\\""""\""""\\\\\\\\\\\\\\\""""\""""\\\""""\""""\\\\\\\""""\""""\\\""""\""""\\\\\\\\\\\\\\\\\\\\\\\\\\\\\\\""""\""""\\\""""\""""\\\\\\\""""\""""\\\""""\""""\\\\\\\\\\\\\\\""""\""""\\\""""\""""\\\\\\\""""\""""\\\""""\""""\\\\\\\\\\\\\\\\\\\\\\\\\\\\\\\\\\\\\\\\\\\\\\\\\\\\\\\\\\\\\\\""""\""""\\\""""\""""\\\\\\\""""\""""\\\""""\""""\\\\\\\\\\\\\\\""""\""""\\\""""\""""\\\\\\\""""\""""\\\""""\""""\\\\\\\\\\\\\\\\\\\\\\\\\\\\\\\""""\""""\\\""""\""""\\\\\\\""""\""""\\\""""\""""\\\\\\\\\\\\\\\""""\""""\\\""""\""""\\\\\\\""""\""""\\\""""\""""\\\\\\\\\\\\\\\\\\\\\\\\\\\\\\\\\\\\\\\\\\\\\\\\\\\\\\\\\\\\\\\\\\\\\\\\\\\\\\\\\\\\\\\\\\\\\\\\\\\\\\\\\\\\\\\\\\\\\\\\\\\\\\\""""\""""\\\""""\""""\\\\\\\""""\""""\\\""""\""""\\\\\\\\\\\\\\\""""\""""\\\""""\""""\\\\\\\""""\""""\\\""""\""""\\\\\\\\\\\\\\\\\\\\\\\\\\\\\\\""""\""""\\\""""\""""\\\\\\\""""\""""\\\""""\""""\\\\\\\\\\\\\\\""""\""""\\\""""\""""\\\\\\\""""\""""\\\""""\""""\\\\\\\\\\\\\\\\\\\\\\\\\\\\\\\\\\\\\\\\\\\\\\\\\\\\\\\\\\\\\\\""""\""""\\\""""\""""\\\\\\\""""\""""\\\""""\""""\\\\\\\\\\\\\\\""""\""""\\\""""\""""\\\\\\\""""\""""\\\""""\""""\\\\\\\\\\\\\\\\\\\\\\\\\\\\\\\""""\""""\\\""""\""""\\\\\\\""""\""""\\\""""\""""\\\\\\\\\\\\\\\""""\""""\\\""""\""""\\\\\\\""""\""""\\\""""\""""\\\\\\\\\\\\\\\\\\\\\\\\\\\\\\\\\\\\\\\\\\\\\\\\\\\\\\\\\\\\\\\""""\""""\\\""""\""""\\\\\\\""""\""""\\\""""\""""\\\\\\\\\\\\\\\""""\""""\\\""""\""""\\\\\\\""""\""""\\\""""\""""\\\\\\\\\\\\\\\\\\\\\\\\\\\\\\\""""\""""\\\""""\""""\\\\\\\""""\""""\\\""""\""""\\\\\\\\\\\\\\\""""\""""\\\""""\""""\\\\\\\""""\""""\\\""""\""""\\\\\\\\\\\\\\\\\\\\\\\\\\\\\\\\\\\\\\\\\\\\\\\\\\\\\\\\\\\\\\\""""\""""\\\""""\""""\\\\\\\""""\""""\\\""""\""""\\\\\\\\\\\\\\\""""\""""\\\""""\""""\\\\\\\""""\""""\\\""""\""""\\\\\\\\\\\\\\\\\\\\\\\\\\\\\\\""""\""""\\\""""\""""\\\\\\\""""\""""\\\""""\""""\\\\\\\\\\\\\\\""""\""""\\\""""\""""\\\\\\\""""\""""\\\""""\""""\\\\\\\\\\\\\\\\\\\\\\\\\\\\\\\\\\\\\\\\\\\\\\\\\\\\\\\\\\\\\\\""""\""""\\\""""\""""\\\\\\\""""\""""\\\""""\""""\\\\\\\\\\\\\\\""""\""""\\\""""\""""\\\\\\\""""\""""\\\""""\""""\\\\\\\\\\\\\\\\\\\\\\\\\\\\\\\""""\""""\\\""""\""""\\\\\\\""""\""""\\\""""\""""\\\\\\\\\\\\\\\""""\""""\\\""""\""""\\\\\\\""""\""""\\\""""\""""\\\\\\\\\\\\\\\\\\\\\\\\\\\\\\\""""\""""\\\""""\""""\\\\\\\""""\""""\\\""""\""""\\\\\\\\\\\\\\\""""\""""\\\""""\""""\\\\\\\""""\""""\\\""""\""""\\\\\\\\\\\\\\\\\\\\\\\\\\\\\\\""""\""""\\\""""\""""\\\\\\\""""\""""\\\""""\""""\\\\\\\\\\\\\\\""""\""""\\\""""\""""\\\\\\\""""\""""\\\""""\""""\\\\\\\\\\\\\\\\\\\\\\\\\\\\\\\""""\""""\\\""""\""""\\\\\\\""""\""""\\\""""\""""\\\\\\\\\\\\\\\""""\""""\\\""""\""""\\\\\\\""""\""""\\\""""\""""\\\\\\\\\\\\\\\""""\""""\\\""""\""""\\\\\\\""""\""""\\\""""\""""\\\\\\\\\\\\\\\""""\""""\\\""""\""""\\\\\\\""""\""""\\\""""\""""\\\\\\\\\\\\\\\""""\""""\\\""""\""""\\\\\\\""""\""""\\\""""\""""\\\\\\\""""\""""\\\""""\""""\\\\\\\""""\""""\\\""""\""""\\\\\\\""""\""""\\\""""\""""\\\""""\""""\\\""""\""""\\\""""\""""\""""\""""\""""""""""",1,0,1,1,0,0,0,granite-classical-tutorials-timonium-md-21093-fcapi-classicality-abstract.md,granite-classical-tutorials-timonium-md-21093-fcapi-classicality-audit.md,granite-classical-tutorials-timonium-md-21093-v*-fcapi-classicality-audit.pdf,,,0,0,0,0,1173,
Acct0195,Great Hearts Christian Academies Gilbert,,,great-hearts-christian-academies-gilbert-az-85233,,+1 855 855 6546,,https://christosgilbert.greatheartsamerica.org/,1820 West Elliot Road,,Mesa,Maricopa County,AZ,85233,US,33.35362040,-111.82882950,classical,great-hearts-christian-academies-gilbert-az-85233-fcapi-classicality-abstract.md,great-hearts-christian-academies-gilbert-az-85233-fcapi-classicality-audit.md,great-hearts-christian-academies-gilbert-az-85233-v*-fcapi-classicality-audit.pdf,elementary,Charter,Public,0,,,,,,,,,,,,,,,,,,,,,,,,,,,,,,0,,0,0,0,0,0,0,0,great-hearts-christian-academies-gilbert-az-85233-fcapi-classicality-abstract.md,great-hearts-christian-academies-gilbert-az-85233-fcapi-classicality-audit.md,great-hearts-christian-academies-gilbert-az-85233-v*-fcapi-classicality-audit.pdf,,,0,0,0,0,155,2799
Acct1179,Great Hearts Christos,,,great-hearts-christos-az-85015,,+1 602 819 4796,,https://christos.greatheartsamerica.org/,1830 West Glenrosa Avenue,,Phoenix,Maricopa County,AZ,85015,US,33.49955390,-112.09891600,classical,great-hearts-christos-az-85015-fcapi-classicality-abstract.md,great-hearts-christos-az-85015-fcapi-classicality-audit.md,great-hearts-christos-az-85015-v*-fcapi-classicality-audit.pdf,elementary-intermediate-secondary,Charter,Public,0,,,,,,,,,,,,,,,,,,,,,,,,,,,,,,0,,0,0,0,0,0,0,0,great-hearts-christos-az-85015-fcapi-classicality-abstract.md,great-hearts-christos-az-85015-fcapi-classicality-audit.md,great-hearts-christos-az-85015-v*-fcapi-classicality-audit.pdf,,,0,0,0,0,156,825
Acct1184,Great Hearts Harveston,,,great-hearts-harveston-la-70810,,+1 225 416 7611,,https://harveston.greatheartsamerica.org/,11801 Bluebonnet Boulevard,,Harveston,East Baton Rouge Parish,LA,70810,US,30.33524450,-91.13158780,classical,great-hearts-harveston-la-70810-fcapi-classicality-abstract.md,great-hearts-harveston-la-70810-fcapi-classicality-audit.md,great-hearts-harveston-la-70810-v*-fcapi-classicality-audit.pdf,elementary-intermediate-secondary,Charter,Public,0,,,,,,,,,,,,,,,,,,,,,,,,,,,,,,0,,0,0,0,0,0,0,0,great-hearts-harveston-la-70810-fcapi-classicality-abstract.md,great-hearts-harveston-la-70810-fcapi-classicality-audit.md,great-hearts-harveston-la-70810-v*-fcapi-classicality-audit.pdf,,,0,0,0,0,159,1120
Acct1185,Great Hearts Invictus,,,great-hearts-invictus-tx-78023,,+1 210 899 1118,,https://invictus.greatheartsamerica.org/,12018 Bandera Road,,Helotes,Bexar County,TX,78023,US,29.55863950,-98.66896050,classical,great-hearts-invictus-tx-78023-fcapi-classicality-abstract.md,great-hearts-invictus-tx-78023-fcapi-classicality-audit.md,great-hearts-invictus-tx-78023-v*-fcapi-classicality-audit.pdf,elementary-intermediate,Charter,Public,0,,,,,,,,,,,,,,,,,,,,,,,,,,,,,,0,,0,0,0,0,0,0,0,great-hearts-invictus-tx-78023-fcapi-classicality-abstract.md,great-hearts-invictus-tx-78023-fcapi-classicality-audit.md,great-hearts-invictus-tx-78023-v*-fcapi-classicality-audit.pdf,,,0,0,0,0,160,1226
Acct3148,Great Hearts Irving Lower School,,,great-hearts-irving-lower-school-tx-75038,,+1 469 759 3030,,https://irving.greatheartsamerica.org/,3350 W. Story Rd.,,Irving,,TX,75038,US,32.87085000,-96.99102700,classical,great-hearts-irving-lower-school-tx-75038-fcapi-classicality-abstract.md,great-hearts-irving-lower-school-tx-75038-fcapi-classicality-audit.md,great-hearts-irving-lower-school-tx-75038-v*-fcapi-classicality-audit.pdf,elementary-intermediate-secondary,Charter,Public,0,,,,,,,,,,,,,,,,,,,,,,,,,,,,,,0,,0,0,0,0,0,0,0,great-hearts-irving-lower-school-tx-75038-fcapi-classicality-abstract.md,great-hearts-irving-lower-school-tx-75038-fcapi-classicality-audit.md,great-hearts-irving-lower-school-tx-75038-v*-fcapi-classicality-audit.pdf,,,0,0,0,0,161,1696
Acct1189,Great Hearts Live Oak,,,great-hearts-live-oak-tx-78233,,+1 210 888 9474,,https://liveoak.greatheartsamerica.org/,7653 North Loop 1604 East,,San Antonio,Bexar County,TX,78233,US,29.57391780,-98.33525020,classical,great-hearts-live-oak-tx-78233-fcapi-classicality-abstract.md,great-hearts-live-oak-tx-78233-fcapi-classicality-audit.md,great-hearts-live-oak-tx-78233-v*-fcapi-classicality-audit.pdf,elementary-intermediate-secondary,Charter,Public,0,,,,,,,,,,,,,,,,,,,,,,,,,,,,,,0,,0,0,0,0,0,0,0,great-hearts-live-oak-tx-78233-fcapi-classicality-abstract.md,great-hearts-live-oak-tx-78233-fcapi-classicality-audit.md,great-hearts-live-oak-tx-78233-v*-fcapi-classicality-audit.pdf,,,0,0,0,0,164,2650
Acct1191,Great Hearts Monte Vista - North,,,great-hearts-monte-vista-north-tx-78212,,+1 210 888 9485,,https://montevista.greatheartsamerica.org/,319 East Mulberry Avenue,,San Antonio,Bexar County,TX,78212,US,29.45707600,-98.48756640,classical,great-hearts-monte-vista-north-tx-78212-fcapi-classicality-abstract.md,great-hearts-monte-vista-north-tx-78212-fcapi-classicality-audit.md,great-hearts-monte-vista-north-tx-78212-v*-fcapi-classicality-audit.pdf,elementary,Charter,Public,0,,,,,,,,,,,,,,,,,,,,,,,,,,,,,,0,,0,0,0,0,0,0,0,great-hearts-monte-vista-north-tx-78212-fcapi-classicality-abstract.md,great-hearts-monte-vista-north-tx-78212-fcapi-classicality-audit.md,great-hearts-monte-vista-north-tx-78212-v*-fcapi-classicality-audit.pdf,,,0,0,0,0,165,588
Acct1192,Great Hearts Monte Vista - South,,,great-hearts-monte-vista-south-tx-78212,,+1 210 888 9485,,http://greatheartsmontevista.greatheartsacademies.org/,211 Belknap Pl,,San Antonio,Bexar County,TX,78212,US,29.45707600,-98.48756640,classical,great-hearts-monte-vista-south-tx-78212-fcapi-classicality-abstract.md,great-hearts-monte-vista-south-tx-78212-fcapi-classicality-audit.md,great-hearts-monte-vista-south-tx-78212-v*-fcapi-classicality-audit.pdf,elementary,Charter,Public,0,,,,,,,,,,,,,,,,,,,,,,,,,,,,,,0,,0,0,0,0,0,0,0,great-hearts-monte-vista-south-tx-78212-fcapi-classicality-abstract.md,great-hearts-monte-vista-south-tx-78212-fcapi-classicality-audit.md,great-hearts-monte-vista-south-tx-78212-v*-fcapi-classicality-audit.pdf,,,0,0,0,0,166,2657
Acct1193,Great Hearts Northern Oaks,,,great-hearts-northern-oaks-tx-78247,,+1 210 888 9483,,https://northernoaks.greatheartsamerica.org/,17223 Jones Maltsberger Road,,San Antonio,Bexar County,TX,78247,US,29.59826700,-98.42308120,classical,great-hearts-northern-oaks-tx-78247-fcapi-classicality-abstract.md,great-hearts-northern-oaks-tx-78247-fcapi-classicality-audit.md,great-hearts-northern-oaks-tx-78247-v*-fcapi-classicality-audit.pdf,elementary-intermediate-secondary,Charter,Public,0,,,,,,,,,,,,,,,,,,,,,,,,,,,,,,0,,0,0,0,0,0,0,0,great-hearts-northern-oaks-tx-78247-fcapi-classicality-abstract.md,great-hearts-northern-oaks-tx-78247-fcapi-classicality-audit.md,great-hearts-northern-oaks-tx-78247-v*-fcapi-classicality-audit.pdf,,,0,0,0,0,167,1360
Acct1197,Great Hearts Roosevelt,,,great-hearts-roosevelt-az-85326,chakiel@greatheartsroosevelt.org,+1 623 344 8003,,https://roosevelt.greatheartsamerica.org/,555 S. Jackrabbit Tr,,Buckeye,,AZ,85326,US,33.44224610,-112.47588190,classical,great-hearts-roosevelt-az-85326-fcapi-classicality-abstract.md,great-hearts-roosevelt-az-85326-fcapi-classicality-audit.md,great-hearts-roosevelt-az-85326-v*-fcapi-classicality-audit.pdf,elementary-intermediate-secondary,,,0,,1000,,,,,,,,,,,,,,,,,,,,,,,,,,,,0,"""\""\\\""""\\\\\\\""""\""""\\\\\\\\\\\\\\\""""\""""\\\""""\""""\\\\\\\\\\\\\\\\\\\\\\\\\\\\\\\""""\""""\\\""""\""""\\\\\\\""""\""""\\\""""\""""\\\\\\\\\\\\\\\\\\\\\\\\\\\\\\\\\\\\\\\\\\\\\\\\\\\\\\\\\\\\\\\""""\""""\\\""""\""""\\\\\\\""""\""""\\\""""\""""\\\\\\\\\\\\\\\""""\""""\\\""""\""""\\\\\\\""""\""""\\\""""\""""\\\\\\\\\\\\\\\\\\\\\\\\\\\\\\\\\\\\\\\\\\\\\\\\\\\\\\\\\\\\\\\\\\\\\\\\\\\\\\\\\\\\\\\\\\\\\\\\\\\\\\\\\\\\\\\\\\\\\\\\\\\\\\\""""\""""\\\""""\""""\\\\\\\""""\""""\\\""""\""""\\\\\\\\\\\\\\\""""\""""\\\""""\""""\\\\\\\""""\""""\\\""""\""""\\\\\\\\\\\\\\\\\\\\\\\\\\\\\\\""""\""""\\\""""\""""\\\\\\\""""\""""\\\""""\""""\\\\\\\\\\\\\\\""""\""""\\\""""\""""\\\\\\\""""\""""\\\""""\""""[\\\\\\\\\\\\\\\\\\\\\\\\\\\\\\\\\\\\\\\\\\\\\\\\\\\\\\\\\\\\\\\\\\\\\\\\\\\\\\\\\\\\\\\\\\\\\\\\\\\\\\\\\\\\\\\\\\\\\\\\\\\\\\\\\\\\\\\\\\\\\\\\\\\\\\\\\\\\\\\\\\\\\\\\\\\\\\\\\\\\\\\\\\\\\\\\\\\\\\\\\\\\\\\\\\\\\\\\\\\\\\\\\\\\\\\\\\\\\\\\\\\\\\\\\\\\\\\""""\""""\\\""""\""""\\\\\\\""""\""""\\\""""\""""\\\\\\\\\\\\\\\""""\""""\\\""""\""""\\\\\\\""""\""""\\\""""\""""\\\\\\\\\\\\\\\\\\\\\\\\\\\\\\\""""\""""\\\""""\""""\\\\\\\""""\""""\\\""""\""""\\\\\\\\\\\\\\\""""\""""\\\""""\""""\\\\\\\""""\""""\\\""""\""""\\\\\\\\\\\\\\\\\\\\\\\\\\\\\\\\\\\\\\\\\\\\\\\\\\\\\\\\\\\\\\\""""\""""\\\""""\""""\\\\\\\""""\""""\\\""""\""""\\\\\\\\\\\\\\\""""\""""\\\""""\""""\\\\\\\""""\""""\\\""""\""""\\\\\\\\\\\\\\\\\\\\\\\\\\\\\\\""""\""""\\\""""\""""\\\\\\\""""\""""\\\""""\""""\\\\\\\\\\\\\\\""""\""""\\\""""\""""\\\\\\\""""\""""\\\""""\""""Latin\\\\\\\\\\\\\\\\\\\\\\\\\\\\\\\\\\\\\\\\\\\\\\\\\\\\\\\\\\\\\\\\\\\\\\\\\\\\\\\\\\\\\\\\\\\\\\\\\\\\\\\\\\\\\\\\\\\\\\\\\\\\\\\\\\\\\\\\\\\\\\\\\\\\\\\\\\\\\\\\\\\\\\\\\\\\\\\\\\\\\\\\\\\\\\\\\\\\\\\\\\\\\\\\\\\\\\\\\\\\\\\\\\\\\\\\\\\\\\\\\\\\\\\\\\\\\\\""""\""""\\\""""\""""\\\\\\\""""\""""\\\""""\""""\\\\\\\\\\\\\\\""""\""""\\\""""\""""\\\\\\\""""\""""\\\""""\""""\\\\\\\\\\\\\\\\\\\\\\\\\\\\\\\""""\""""\\\""""\""""\\\\\\\""""\""""\\\""""\""""\\\\\\\\\\\\\\\""""\""""\\\""""\""""\\\\\\\""""\""""\\\""""\""""\\\\\\\\\\\\\\\\\\\\\\\\\\\\\\\\\\\\\\\\\\\\\\\\\\\\\\\\\\\\\\\""""\""""\\\""""\""""\\\\\\\""""\""""\\\""""\""""\\\\\\\\\\\\\\\""""\""""\\\""""\""""\\\\\\\""""\""""\\\""""\""""\\\\\\\\\\\\\\\\\\\\\\\\\\\\\\\""""\""""\\\""""\""""\\\\\\\""""\""""\\\""""\""""\\\\\\\\\\\\\\\""""\""""\\\""""\""""\\\\\\\""""\""""\\\""""\""""\\\\\\\\\\\\\\\\\\\\\\\\\\\\\\\\\\\\\\\\\\\\\\\\\\\\\\\\\\\\\\\\\\\\\\\\\\\\\\\\\\\\\\\\\\\\\\\\\\\\\\\\\\\\\\\\\\\\\\\\\\\\\\\""""\""""\\\""""\""""\\\\\\\""""\""""\\\""""\""""\\\\\\\\\\\\\\\""""\""""\\\""""\""""\\\\\\\""""\""""\\\""""\""""\\\\\\\\\\\\\\\\\\\\\\\\\\\\\\\""""\""""\\\""""\""""\\\\\\\""""\""""\\\""""\""""\\\\\\\\\\\\\\\""""\""""\\\""""\""""\\\\\\\""""\""""\\\""""\""""\\\\\\\\\\\\\\\\\\\\\\\\\\\\\\\\\\\\\\\\\\\\\\\\\\\\\\\\\\\\\\\""""\""""\\\""""\""""\\\\\\\""""\""""\\\""""\""""\\\\\\\\\\\\\\\""""\""""\\\""""\""""\\\\\\\""""\""""\\\""""\""""\\\\\\\\\\\\\\\\\\\\\\\\\\\\\\\""""\""""\\\""""\""""\\\\\\\""""\""""\\\""""\""""\\\\\\\\\\\\\\\""""\""""\\\""""\""""\\\\\\\""""\""""\\\""""\""""\\\\\\\\\\\\\\\\\\\\\\\\\\\\\\\\\\\\\\\\\\\\\\\\\\\\\\\\\\\\\\\""""\""""\\\""""\""""\\\\\\\""""\""""\\\""""\""""\\\\\\\\\\\\\\\""""\""""\\\""""\""""\\\\\\\""""\""""\\\""""\""""\\\\\\\\\\\\\\\\\\\\\\\\\\\\\\\""""\""""\\\""""\""""\\\\\\\""""\""""\\\""""\""""\\\\\\\\\\\\\\\""""\""""\\\""""\""""\\\\\\\""""\""""\\\""""\""""\\\\\\\\\\\\\\\\\\\\\\\\\\\\\\\\\\\\\\\\\\\\\\\\\\\\\\\\\\\\\\\""""\""""\\\""""\""""\\\\\\\""""\""""\\\""""\""""\\\\\\\\\\\\\\\""""\""""\\\""""\""""\\\\\\\""""\""""\\\""""\""""\\\\\\\\\\\\\\\\\\\\\\\\\\\\\\\""""\""""\\\""""\""""\\\\\\\""""\""""\\\""""\""""\\\\\\\\\\\\\\\""""\""""\\\""""\""""\\\\\\\""""\""""\\\""""\""""\\\\\\\\\\\\\\\\\\\\\\\\\\\\\\\\\\\\\\\\\\\\\\\\\\\\\\\\\\\\\\\""""\""""\\\""""\""""\\\\\\\""""\""""\\\""""\""""\\\\\\\\\\\\\\\""""\""""\\\""""\""""\\\\\\\""""\""""\\\""""\""""\\\\\\\\\\\\\\\\\\\\\\\\\\\\\\\""""\""""\\\""""\""""\\\\\\\""""\""""\\\""""\""""\\\\\\\\\\\\\\\""""\""""\\\""""\""""\\\\\\\""""\""""\\\""""\""""\\\\\\\\\\\\\\\\\\\\\\\\\\\\\\\""""\""""\\\""""\""""\\\\\\\""""\""""\\\""""\""""\\\\\\\\\\\\\\\""""\""""\\\""""\""""\\\\\\\""""\""""\\\""""\""""\\\\\\\\\\\\\\\\\\\\\\\\\\\\\\\""""\""""\\\""""\""""\\\\\\\""""\""""\\\""""\""""\\\\\\\\\\\\\\\""""\""""\\\""""\""""\\\\\\\""""\""""\\\""""\""""\\\\\\\\\\\\\\\\\\\\\\\\\\\\\\\""""\""""\\\""""\""""\\\\\\\""""\""""\\\""""\""""\\\\\\\\\\\\\\\""""\""""\\\""""\""""\\\\\\\""""\""""\\\""""\""""\\\\\\\\\\\\\\\""""\""""\\\""""\""""\\\\\\\""""\""""\\\""""\""""\\\\\\\\\\\\\\\""""\""""\\\""""\""""\\\\\\\""""\""""\\\""""\""""\\\\\\\\\\\\\\\""""\""""\\\""""\""""\\\\\\\""""\""""\\\""""\""""\\\\\\\""""\""""\\\""""\""""\\\\\\\""""\""""\\\""""\""""\\\\\\\""""\""""\\\""""\""""\\\""""\""""\\\""""\""""\\\""""\""""\""""\""""\""""""""""",1,1,0,0,1,0,0,great-hearts-roosevelt-az-85326-fcapi-classicality-abstract.md,great-hearts-roosevelt-az-85326-fcapi-classicality-audit.md,great-hearts-roosevelt-az-85326-v*-fcapi-classicality-audit.pdf,,,0,0,0,0,170,1138
Acct1201,Great Hearts Western Hills,,,great-hearts-western-hills-tx-78245,,+1 210 888 9488,,https://westernhills.greatheartsamerica.org/,8702 Ingram Rd.,,San Antonio,Bexar County,TX,78245,US,29.44389330,-98.65302490,classical,great-hearts-western-hills-tx-78245-fcapi-classicality-abstract.md,great-hearts-western-hills-tx-78245-fcapi-classicality-audit.md,great-hearts-western-hills-tx-78245-v*-fcapi-classicality-audit.pdf,elementary-intermediate-secondary,Charter,Public,0,,,,,,,,,,,,,,,,,,,,,,,,,,,,,,0,,0,0,0,0,0,0,0,great-hearts-western-hills-tx-78245-fcapi-classicality-abstract.md,great-hearts-western-hills-tx-78245-fcapi-classicality-audit.md,great-hearts-western-hills-tx-78245-v*-fcapi-classicality-audit.pdf,,,0,0,0,0,173,2738
Acct1206,Greenleaf Friends Academy,,,greenleaf-friends-academy-id-83626,office@gfaschools.org,+1 208 459 6346,,https://gfaschools.org/,20565 Academy Rd.,,Greenleaf,Canyon County,ID,83626,US,43.67107500,-116.82088100,classical,greenleaf-friends-academy-id-83626-fcapi-classicality-abstract.md,greenleaf-friends-academy-id-83626-fcapi-classicality-audit.md,greenleaf-friends-academy-id-83626-v*-fcapi-classicality-audit.pdf,elementary-intermediate-secondary,Private School,Private,0,1908,,,,,,,,,,,,,,,,,,,,,,,,,,,,,0,,0,0,0,0,0,0,0,greenleaf-friends-academy-id-83626-fcapi-classicality-abstract.md,greenleaf-friends-academy-id-83626-fcapi-classicality-audit.md,greenleaf-friends-academy-id-83626-v*-fcapi-classicality-audit.pdf,,,0,0,0,0,1181,2656
Acct1208,Greenville Classical Academy,,,greenville-classical-academy-sc-29681,office@greenvilleclassical.com,+1 864 329 9884,,https://greenvilleclassical.com/,2519 Woodruff Rd.,,Simpsonville,Greenville County,SC,29681,US,34.81228110,-82.28349780,classical,greenville-classical-academy-sc-29681-fcapi-classicality-abstract.md,greenville-classical-academy-sc-29681-fcapi-classicality-audit.md,greenville-classical-academy-sc-29681-v*-fcapi-classicality-audit.pdf,elementary-intermediate-secondary,Private School,Private,0,2004,,,,,,,,,,,,,,,,,,,,,,,,,,,,,0,,0,0,0,0,0,0,0,greenville-classical-academy-sc-29681-fcapi-classicality-abstract.md,greenville-classical-academy-sc-29681-fcapi-classicality-audit.md,greenville-classical-academy-sc-29681-v*-fcapi-classicality-audit.pdf,,,0,0,0,0,33,1892
Acct1210,Greyfriars Classical Academy,,,greyfriars-classical-academy-nc-28105,info@GreyfriarsClassical.org,+1 704 906 4093,,https://greyfriarsclassical.org/,2701 Rice Rd.,,Matthews,Mecklenburg County,NC,28105,US,35.13998700,-80.70314200,classical,greyfriars-classical-academy-nc-28105-fcapi-classicality-abstract.md,greyfriars-classical-academy-nc-28105-fcapi-classicality-audit.md,greyfriars-classical-academy-nc-28105-v*-fcapi-classicality-audit.pdf,secondary,Private School,Private,0,2009,,,,,,,,,,,,,,,,,,,,,,,,,,,,,0,,0,0,0,0,0,0,0,greyfriars-classical-academy-nc-28105-fcapi-classicality-abstract.md,greyfriars-classical-academy-nc-28105-fcapi-classicality-audit.md,greyfriars-classical-academy-nc-28105-v*-fcapi-classicality-audit.pdf,,,0,0,0,0,1184,2093
Acct1215,Grove City Christian Academy,,,grove-city-christian-academy-pa-16127,headmaster@grovecitychristianacademy.com,+1 724 991 6967,,https://grovecitychristianacademy.com/,105 Mill St.,,Grove City,Mercer County,PA,16127,US,41.16280190,-80.07648050,classical,grove-city-christian-academy-pa-16127-fcapi-classicality-abstract.md,grove-city-christian-academy-pa-16127-fcapi-classicality-audit.md,grove-city-christian-academy-pa-16127-v*-fcapi-classicality-audit.pdf,elementary-intermediate-secondary,Private School,Private,0,1970,,,,,,,,,,,,,,,,,,,,,,,,,,,,,0,,0,0,0,0,0,0,0,grove-city-christian-academy-pa-16127-fcapi-classicality-abstract.md,grove-city-christian-academy-pa-16127-fcapi-classicality-audit.md,grove-city-christian-academy-pa-16127-v*-fcapi-classicality-audit.pdf,,,0,0,0,0,1188,2577
Acct1218,Gulf Coast Classical Academy,,,gulf-coast-classical-academy-fl-33761,jjohnson@gcclassical.org,+1 727 558 3864,,https://gcclassical.org/,3166 McMullen Booth Road,,Clearwater,Pinellas County,FL,33761,US,28.03561380,-82.70984650,classical,gulf-coast-classical-academy-fl-33761-fcapi-classicality-abstract.md,gulf-coast-classical-academy-fl-33761-fcapi-classicality-audit.md,gulf-coast-classical-academy-fl-33761-v*-fcapi-classicality-audit.pdf,elementary-intermediate,Private School,Private,0,,,,,,,,,,,,,,,,,,,,,,,,,,,,,,0,,0,0,0,0,0,0,0,gulf-coast-classical-academy-fl-33761-fcapi-classicality-abstract.md,gulf-coast-classical-academy-fl-33761-fcapi-classicality-audit.md,gulf-coast-classical-academy-fl-33761-v*-fcapi-classicality-audit.pdf,,,0,0,0,0,1191,1231
Acct1220,Gulf Pointe Latin School,,,gulf-pointe-latin-school-fl-32566,,+1 850 547 6729,,https://www.gplatinschool.com/,7624 East Bay Blvd.,,Navarre,Santa Rosa County,FL,32566,US,30.43389840,-86.90323080,classical,gulf-pointe-latin-school-fl-32566-fcapi-classicality-abstract.md,gulf-pointe-latin-school-fl-32566-fcapi-classicality-audit.md,gulf-pointe-latin-school-fl-32566-v*-fcapi-classicality-audit.pdf,elementary-intermediate-secondary,Private School,Private,0,,,,,,,,,,,,,,,,,,,,,,,,,,,,,,0,,0,0,0,0,0,0,0,gulf-pointe-latin-school-fl-32566-fcapi-classicality-abstract.md,gulf-pointe-latin-school-fl-32566-fcapi-classicality-audit.md,gulf-pointe-latin-school-fl-32566-v*-fcapi-classicality-audit.pdf,,,0,0,0,0,1193,951
Acct1224,Hagia Sophia Classical Academy,,,hagia-sophia-classical-academy-in-46222,,+1 317 500 4722,,https://www.the-classical-academy.com/,3237 West 16th St,,Indianapolis,Marion County,IN,46222,US,39.78744330,-86.21383420,classical,hagia-sophia-classical-academy-in-46222-fcapi-classicality-abstract.md,hagia-sophia-classical-academy-in-46222-fcapi-classicality-audit.md,hagia-sophia-classical-academy-in-46222-v*-fcapi-classicality-audit.pdf,elementary-intermediate-secondary,Private School,Private,0,,,,,,,,,,,,,,,,,,,,,,,,,,,,,,0,,0,0,0,0,0,0,0,hagia-sophia-classical-academy-in-46222-fcapi-classicality-abstract.md,hagia-sophia-classical-academy-in-46222-fcapi-classicality-audit.md,hagia-sophia-classical-academy-in-46222-v*-fcapi-classicality-audit.pdf,,,0,0,0,0,1197,2438
Acct1229,Harbor Christian Academy,,,harbor-christian-academy-tx-77379,info@harborchristianacademy.org,+1 713 637 4406,,https://harborchristianacademy.org/,623 Kress St. 77020,,Houston,Harris County,TX,77379,US,29.77716080,-95.30702400,classical,harbor-christian-academy-tx-77379-fcapi-classicality-abstract.md,harbor-christian-academy-tx-77379-fcapi-classicality-audit.md,harbor-christian-academy-tx-77379-v*-fcapi-classicality-audit.pdf,elementary-intermediate,Private School,Private,0,,,,,,,,,,,,,,,,,,,,,,,,,,,,,,0,,0,0,0,0,0,0,0,harbor-christian-academy-tx-77379-fcapi-classicality-abstract.md,harbor-christian-academy-tx-77379-fcapi-classicality-audit.md,harbor-christian-academy-tx-77379-v*-fcapi-classicality-audit.pdf,,,0,0,0,0,1202,1763
,Harvest Academy,,,harvest-academy-nc-27455,,,,http://harvest-academy.com,5945 North Church St.,,Greensboro,,NC,27455,US,36.22544740,-79.79149840,classical,harvest-academy-nc-27455-fcapi-classicality-abstract.md,harvest-academy-nc-27455-fcapi-classicality-audit.md,harvest-academy-nc-27455-v*-fcapi-classicality-audit.pdf,elementary-intermediate-secondary,,,0,,,,,,,,,,,,,,,,,,,,,,,,,,,,,,0,,0,0,0,0,0,0,0,harvest-academy-nc-27455-fcapi-classicality-abstract.md,harvest-academy-nc-27455-fcapi-classicality-audit.md,harvest-academy-nc-27455-v*-fcapi-classicality-audit.pdf,,,0,0,0,0,5172,
Acct1236,Harvest Christian School,,,harvest-christian-school-ca-94954,sarancio@harvestpetaluma.org,+1 707 763 2954,,https://harvestpetaluma.org/,3700 Lakeville Hwy Ste 210,,Petaluma,Sonoma County,CA,94954,US,38.23369900,-122.58958680,classical,harvest-christian-school-ca-94954-fcapi-classicality-abstract.md,harvest-christian-school-ca-94954-fcapi-classicality-audit.md,harvest-christian-school-ca-94954-v*-fcapi-classicality-audit.pdf,elementary-intermediate,Private School,Private,0,2006,,,,,,,,,,,,,,,,,,,,,,,,,,,,,0,,0,0,0,0,0,0,0,harvest-christian-school-ca-94954-fcapi-classicality-abstract.md,harvest-christian-school-ca-94954-fcapi-classicality-audit.md,harvest-christian-school-ca-94954-v*-fcapi-classicality-audit.pdf,,,0,0,0,0,1208,1916
Acct1238,Hastings Christian School,,,hastings-christian-school-ne-68901,,(256) 627-6830,,https://hastingschristian.org/,200 N Burlington Ave,,Hastings,,NE,68901,US,40.58544260,-98.39219790,classical,hastings-christian-school-ne-68901-fcapi-classicality-abstract.md,hastings-christian-school-ne-68901-fcapi-classicality-audit.md,hastings-christian-school-ne-68901-v*-fcapi-classicality-audit.pdf,elementary-intermediate-secondary,Private School,Private School,0,,30,,,,,,,,,,,,,,,,,,,,,,,,,,,,1,"""\""\\\""""\\\\\\\""""\""""\\\\\\\\\\\\\\\""""\""""\\\""""\""""\\\\\\\\\\\\\\\\\\\\\\\\\\\\\\\""""\""""\\\""""\""""\\\\\\\""""\""""\\\""""\""""\\\\\\\\\\\\\\\\\\\\\\\\\\\\\\\\\\\\\\\\\\\\\\\\\\\\\\\\\\\\\\\""""\""""\\\""""\""""\\\\\\\""""\""""\\\""""\""""\\\\\\\\\\\\\\\""""\""""\\\""""\""""\\\\\\\""""\""""\\\""""\""""[\\\\\\\\\\\\\\\\\\\\\\\\\\\\\\\\\\\\\\\\\\\\\\\\\\\\\\\\\\\\\\\\\\\\\\\\\\\\\\\\\\\\\\\\\\\\\\\\\\\\\\\\\\\\\\\\\\\\\\\\\\\\\\\""""\""""\\\""""\""""\\\\\\\""""\""""\\\""""\""""\\\\\\\\\\\\\\\""""\""""\\\""""\""""\\\\\\\""""\""""\\\""""\""""\\\\\\\\\\\\\\\\\\\\\\\\\\\\\\\""""\""""\\\""""\""""\\\\\\\""""\""""\\\""""\""""\\\\\\\\\\\\\\\""""\""""\\\""""\""""\\\\\\\""""\""""\\\""""\""""Latin\\\\\\\\\\\\\\\\\\\\\\\\\\\\\\\\\\\\\\\\\\\\\\\\\\\\\\\\\\\\\\\\\\\\\\\\\\\\\\\\\\\\\\\\\\\\\\\\\\\\\\\\\\\\\\\\\\\\\\\\\\\\\\\""""\""""\\\""""\""""\\\\\\\""""\""""\\\""""\""""\\\\\\\\\\\\\\\""""\""""\\\""""\""""\\\\\\\""""\""""\\\""""\""""\\\\\\\\\\\\\\\\\\\\\\\\\\\\\\\""""\""""\\\""""\""""\\\\\\\""""\""""\\\""""\""""\\\\\\\\\\\\\\\""""\""""\\\""""\""""\\\\\\\""""\""""\\\""""\""""\\\\\\\\\\\\\\\\\\\\\\\\\\\\\\\\\\\\\\\\\\\\\\\\\\\\\\\\\\\\\\\""""\""""\\\""""\""""\\\\\\\""""\""""\\\""""\""""\\\\\\\\\\\\\\\""""\""""\\\""""\""""\\\\\\\""""\""""\\\""""\""""\\\\\\\\\\\\\\\\\\\\\\\\\\\\\\\""""\""""\\\""""\""""\\\\\\\""""\""""\\\""""\""""\\\\\\\\\\\\\\\""""\""""\\\""""\""""\\\\\\\""""\""""\\\""""\""""]\\\\\\\\\\\\\\\\\\\\\\\\\\\\\\\\\\\\\\\\\\\\\\\\\\\\\\\\\\\\\\\""""\""""\\\""""\""""\\\\\\\""""\""""\\\""""\""""\\\\\\\\\\\\\\\""""\""""\\\""""\""""\\\\\\\""""\""""\\\""""\""""\\\\\\\\\\\\\\\\\\\\\\\\\\\\\\\""""\""""\\\""""\""""\\\\\\\""""\""""\\\""""\""""\\\\\\\\\\\\\\\""""\""""\\\""""\""""\\\\\\\""""\""""\\\""""\""""\\\\\\\\\\\\\\\\\\\\\\\\\\\\\\\\\\\\\\\\\\\\\\\\\\\\\\\\\\\\\\\""""\""""\\\""""\""""\\\\\\\""""\""""\\\""""\""""\\\\\\\\\\\\\\\""""\""""\\\""""\""""\\\\\\\""""\""""\\\""""\""""\\\\\\\\\\\\\\\\\\\\\\\\\\\\\\\""""\""""\\\""""\""""\\\\\\\""""\""""\\\""""\""""\\\\\\\\\\\\\\\""""\""""\\\""""\""""\\\\\\\""""\""""\\\""""\""""\\\\\\\\\\\\\\\\\\\\\\\\\\\\\\\\\\\\\\\\\\\\\\\\\\\\\\\\\\\\\\\""""\""""\\\""""\""""\\\\\\\""""\""""\\\""""\""""\\\\\\\\\\\\\\\""""\""""\\\""""\""""\\\\\\\""""\""""\\\""""\""""\\\\\\\\\\\\\\\\\\\\\\\\\\\\\\\""""\""""\\\""""\""""\\\\\\\""""\""""\\\""""\""""\\\\\\\\\\\\\\\""""\""""\\\""""\""""\\\\\\\""""\""""\\\""""\""""\\\\\\\\\\\\\\\\\\\\\\\\\\\\\\\""""\""""\\\""""\""""\\\\\\\""""\""""\\\""""\""""\\\\\\\\\\\\\\\""""\""""\\\""""\""""\\\\\\\""""\""""\\\""""\""""\\\\\\\\\\\\\\\\\\\\\\\\\\\\\\\""""\""""\\\""""\""""\\\\\\\""""\""""\\\""""\""""\\\\\\\\\\\\\\\""""\""""\\\""""\""""\\\\\\\""""\""""\\\""""\""""\\\\\\\\\\\\\\\\\\\\\\\\\\\\\\\""""\""""\\\""""\""""\\\\\\\""""\""""\\\""""\""""\\\\\\\\\\\\\\\""""\""""\\\""""\""""\\\\\\\""""\""""\\\""""\""""\\\\\\\\\\\\\\\""""\""""\\\""""\""""\\\\\\\""""\""""\\\""""\""""\\\\\\\\\\\\\\\""""\""""\\\""""\""""\\\\\\\""""\""""\\\""""\""""\\\\\\\\\\\\\\\""""\""""\\\""""\""""\\\\\\\""""\""""\\\""""\""""\\\\\\\""""\""""\\\""""\""""\\\\\\\""""\""""\\\""""\""""\\\\\\\""""\""""\\\""""\""""\\\""""\""""\\\""""\""""\\\""""\""""\""""\""""\""""""""""",0,0,0,0,0,0,0,hastings-christian-school-ne-68901-fcapi-classicality-abstract.md,hastings-christian-school-ne-68901-fcapi-classicality-audit.md,hastings-christian-school-ne-68901-v*-fcapi-classicality-audit.pdf,,,0,0,0,0,1210,
Acct1241,Haw River Christian Academy,,,haw-river-christian-academy-nc-27312,info@hawriverchristian.org,+1 919 533 4139,,https://hawriverchristian.org/,2428 Silk Hope Gum Springs Rd.,,Pittsboro,Chatham County,NC,27312,US,35.77216730,-79.27245490,classical,haw-river-christian-academy-nc-27312-fcapi-classicality-abstract.md,haw-river-christian-academy-nc-27312-fcapi-classicality-audit.md,haw-river-christian-academy-nc-27312-v*-fcapi-classicality-audit.pdf,elementary-intermediate-secondary,Private School,Private,0,2007,,,,,,,,,,,,,,,,,,,,,,,,,,,,,0,,0,0,0,0,0,0,0,haw-river-christian-academy-nc-27312-fcapi-classicality-abstract.md,haw-river-christian-academy-nc-27312-fcapi-classicality-audit.md,haw-river-christian-academy-nc-27312-v*-fcapi-classicality-audit.pdf,,,0,0,0,0,1213,2118
Acct1244,Headington Hill Classical Academy,,,headington-hill-classical-academy-mo-65804,headingtonhill.academy@gmail.com,+1 417 227 0338,+1 417 371 4989,https://headingtonhill.academy/,2751 E Galloway St.,,Springfield,Greene County,MO,65804,US,37.14814830,-93.24095430,classical,headington-hill-classical-academy-mo-65804-fcapi-classicality-abstract.md,headington-hill-classical-academy-mo-65804-fcapi-classicality-audit.md,headington-hill-classical-academy-mo-65804-v*-fcapi-classicality-audit.pdf,elementary-intermediate,Private School,Private,0,,,,,,,,,,,,,,,,,,,,,,,,,,,,,,0,,0,0,0,0,0,0,0,headington-hill-classical-academy-mo-65804-fcapi-classicality-abstract.md,headington-hill-classical-academy-mo-65804-fcapi-classicality-audit.md,headington-hill-classical-academy-mo-65804-v*-fcapi-classicality-audit.pdf,,,0,0,0,0,1216,834
Acct1246,Headwaters Christian Academy,,,headwaters-christian-academy-nc-28625,kim@southriverbaptist.com,+1 704 876 1520,,https://southriverbaptist.com/,650 Glover Street,,Statesville,Iredell County,NC,28625,US,35.78206440,-80.85649050,classical,headwaters-christian-academy-nc-28625-fcapi-classicality-abstract.md,headwaters-christian-academy-nc-28625-fcapi-classicality-audit.md,headwaters-christian-academy-nc-28625-v*-fcapi-classicality-audit.pdf,elementary-intermediate-secondary,Private School,Private,0,2020,,,,,,,,,,,,,,,,,,,,,,,,,,,,,0,,0,0,0,0,0,0,0,headwaters-christian-academy-nc-28625-fcapi-classicality-abstract.md,headwaters-christian-academy-nc-28625-fcapi-classicality-audit.md,headwaters-christian-academy-nc-28625-v*-fcapi-classicality-audit.pdf,,,0,0,0,0,1218,1210
Acct1247,Heart of Ohio Classical Academy,,,heart-ohio-classical-academy-oh-43016,,+1 614 325 4495,,https://ohioclassical.org/dublin/,4650 Lakehurst Ct.,,Dublin,Franklin County,OH,43016,US,40.07847020,-83.13813390,classical,heart-ohio-classical-academy-oh-43016-fcapi-classicality-abstract.md,heart-ohio-classical-academy-oh-43016-fcapi-classicality-audit.md,heart-ohio-classical-academy-oh-43016-v*-fcapi-classicality-audit.pdf,elementary-intermediate,Charter,Public,0,,,,,,,,,,,,,,,,,,,,,,,,,,,,,,0,,0,0,0,0,0,0,0,heart-ohio-classical-academy-oh-43016-fcapi-classicality-abstract.md,heart-ohio-classical-academy-oh-43016-fcapi-classicality-audit.md,heart-ohio-classical-academy-oh-43016-v*-fcapi-classicality-audit.pdf,,,0,0,0,0,1219,589
Acct1255,Heritage Academy,,,heritage-academy-ga-30901,,+1 706 821 0034,,https://covenantchristianaug.org/,333 Greene Street,,Augusta,Richmond County,GA,30901,US,33.47012110,-81.95598740,classical,heritage-academy-ga-30901-fcapi-classicality-abstract.md,heritage-academy-ga-30901-fcapi-classicality-audit.md,heritage-academy-ga-30901-v*-fcapi-classicality-audit.pdf,elementary,Private School,Private,0,,,,,,,,,,,,,,,,,,,,,,,,,,,,,,0,,0,0,0,0,0,0,0,heritage-academy-ga-30901-fcapi-classicality-abstract.md,heritage-academy-ga-30901-fcapi-classicality-audit.md,heritage-academy-ga-30901-v*-fcapi-classicality-audit.pdf,,,0,0,0,0,1227,488
Acct1263,Heritage Christian Academy,,,heritage-christian-academy-sc-29072,info@heritagechristiansc.com,+1 803 951 3901,,https://heritagechristiansc.com/,649 Barr Rd.,,Lexington,Lexington County,SC,29072,US,33.95990220,-81.27394970,classical,heritage-christian-academy-sc-29072-fcapi-classicality-abstract.md,heritage-christian-academy-sc-29072-fcapi-classicality-audit.md,heritage-christian-academy-sc-29072-v*-fcapi-classicality-audit.pdf,elementary-intermediate,Private School,Private,0,2025,,,,,,,,,,,,,,,,,,,,,,,,,,,,,0,,0,0,0,0,0,0,0,heritage-christian-academy-sc-29072-fcapi-classicality-abstract.md,heritage-christian-academy-sc-29072-fcapi-classicality-audit.md,heritage-christian-academy-sc-29072-v*-fcapi-classicality-audit.pdf,,,0,0,0,0,1234,2406
Acct1262,Heritage Christian Academy of North Idaho,,,heritage-christian-academy-north-idaho-id-83869,ann@spiritlakechristian.org,+1 208 623 4446,,https://spiritlakechristian.org/,32168 N 5th Ave.,,Spirit Lake,Kootenai County,ID,83869,US,47.96495200,-116.86832100,classical,heritage-christian-academy-north-idaho-id-83869-fcapi-classicality-abstract.md,heritage-christian-academy-north-idaho-id-83869-fcapi-classicality-audit.md,heritage-christian-academy-north-idaho-id-83869-v*-fcapi-classicality-audit.pdf,elementary-intermediate-secondary,Private School,Private,0,,,,,,,,,,,,,,,,,,,,,,,,,,,,,,0,,0,0,0,0,0,0,0,heritage-christian-academy-north-idaho-id-83869-fcapi-classicality-abstract.md,heritage-christian-academy-north-idaho-id-83869-fcapi-classicality-audit.md,heritage-christian-academy-north-idaho-id-83869-v*-fcapi-classicality-audit.pdf,,,0,0,0,0,1233,1561
Acct1267,Heritage Christian School,,,heritage-christian-school-wa-98467,,+1 253 564 6276,,https://heritagecs.net/,5412 67th Avenue West,,University Place,Pierce County,WA,98467,US,35.38962610,-118.96567920,classical,heritage-christian-school-wa-98467-fcapi-classicality-abstract.md,heritage-christian-school-wa-98467-fcapi-classicality-audit.md,heritage-christian-school-wa-98467-v*-fcapi-classicality-audit.pdf,elementary-intermediate-secondary,Private School,Private,0,,,,,,,,,,,,,,,,,,,,,,,,,,,,,,0,,0,0,0,0,0,0,0,heritage-christian-school-wa-98467-fcapi-classicality-abstract.md,heritage-christian-school-wa-98467-fcapi-classicality-audit.md,heritage-christian-school-wa-98467-v*-fcapi-classicality-audit.pdf,,,0,0,0,0,1237,1738
Acct1269,Heritage Classical Academy,,,heritage-classical-academy-nc-28002,,,,https://myheritageclassical.com/,401 Park Ridge Road,,Albemarle,Stanly County,NC,28002,US,35.37201110,-80.18845780,classical,heritage-classical-academy-nc-28002-fcapi-classicality-abstract.md,heritage-classical-academy-nc-28002-fcapi-classicality-audit.md,heritage-classical-academy-nc-28002-v*-fcapi-classicality-audit.pdf,elementary,Private School,Private School,0,2003,,,,,,,,,,,,,,,,,,,,,,,,,,,,,1,"""\""\\\""""\\\\\\\""""\""""\\\\\\\\\\\\\\\""""\""""\\\""""\""""\\\\\\\\\\\\\\\\\\\\\\\\\\\\\\\""""\""""\\\""""\""""\\\\\\\""""\""""\\\""""\""""\\\\\\\\\\\\\\\\\\\\\\\\\\\\\\\\\\\\\\\\\\\\\\\\\\\\\\\\\\\\\\\""""\""""\\\""""\""""\\\\\\\""""\""""\\\""""\""""\\\\\\\\\\\\\\\""""\""""\\\""""\""""\\\\\\\""""\""""\\\""""\""""[\\\\\\\\\\\\\\\\\\\\\\\\\\\\\\\\\\\\\\\\\\\\\\\\\\\\\\\\\\\\\\\\\\\\\\\\\\\\\\\\\\\\\\\\\\\\\\\\\\\\\\\\\\\\\\\\\\\\\\\\\\\\\\\""""\""""\\\""""\""""\\\\\\\""""\""""\\\""""\""""\\\\\\\\\\\\\\\""""\""""\\\""""\""""\\\\\\\""""\""""\\\""""\""""\\\\\\\\\\\\\\\\\\\\\\\\\\\\\\\""""\""""\\\""""\""""\\\\\\\""""\""""\\\""""\""""\\\\\\\\\\\\\\\""""\""""\\\""""\""""\\\\\\\""""\""""\\\""""\""""Latin\\\\\\\\\\\\\\\\\\\\\\\\\\\\\\\\\\\\\\\\\\\\\\\\\\\\\\\\\\\\\\\\\\\\\\\\\\\\\\\\\\\\\\\\\\\\\\\\\\\\\\\\\\\\\\\\\\\\\\\\\\\\\\\""""\""""\\\""""\""""\\\\\\\""""\""""\\\""""\""""\\\\\\\\\\\\\\\""""\""""\\\""""\""""\\\\\\\""""\""""\\\""""\""""\\\\\\\\\\\\\\\\\\\\\\\\\\\\\\\""""\""""\\\""""\""""\\\\\\\""""\""""\\\""""\""""\\\\\\\\\\\\\\\""""\""""\\\""""\""""\\\\\\\""""\""""\\\""""\""""\\\\\\\\\\\\\\\\\\\\\\\\\\\\\\\\\\\\\\\\\\\\\\\\\\\\\\\\\\\\\\\""""\""""\\\""""\""""\\\\\\\""""\""""\\\""""\""""\\\\\\\\\\\\\\\""""\""""\\\""""\""""\\\\\\\""""\""""\\\""""\""""\\\\\\\\\\\\\\\\\\\\\\\\\\\\\\\""""\""""\\\""""\""""\\\\\\\""""\""""\\\""""\""""\\\\\\\\\\\\\\\""""\""""\\\""""\""""\\\\\\\""""\""""\\\""""\""""]\\\\\\\\\\\\\\\\\\\\\\\\\\\\\\\\\\\\\\\\\\\\\\\\\\\\\\\\\\\\\\\""""\""""\\\""""\""""\\\\\\\""""\""""\\\""""\""""\\\\\\\\\\\\\\\""""\""""\\\""""\""""\\\\\\\""""\""""\\\""""\""""\\\\\\\\\\\\\\\\\\\\\\\\\\\\\\\""""\""""\\\""""\""""\\\\\\\""""\""""\\\""""\""""\\\\\\\\\\\\\\\""""\""""\\\""""\""""\\\\\\\""""\""""\\\""""\""""\\\\\\\\\\\\\\\\\\\\\\\\\\\\\\\\\\\\\\\\\\\\\\\\\\\\\\\\\\\\\\\""""\""""\\\""""\""""\\\\\\\""""\""""\\\""""\""""\\\\\\\\\\\\\\\""""\""""\\\""""\""""\\\\\\\""""\""""\\\""""\""""\\\\\\\\\\\\\\\\\\\\\\\\\\\\\\\""""\""""\\\""""\""""\\\\\\\""""\""""\\\""""\""""\\\\\\\\\\\\\\\""""\""""\\\""""\""""\\\\\\\""""\""""\\\""""\""""\\\\\\\\\\\\\\\\\\\\\\\\\\\\\\\\\\\\\\\\\\\\\\\\\\\\\\\\\\\\\\\""""\""""\\\""""\""""\\\\\\\""""\""""\\\""""\""""\\\\\\\\\\\\\\\""""\""""\\\""""\""""\\\\\\\""""\""""\\\""""\""""\\\\\\\\\\\\\\\\\\\\\\\\\\\\\\\""""\""""\\\""""\""""\\\\\\\""""\""""\\\""""\""""\\\\\\\\\\\\\\\""""\""""\\\""""\""""\\\\\\\""""\""""\\\""""\""""\\\\\\\\\\\\\\\\\\\\\\\\\\\\\\\""""\""""\\\""""\""""\\\\\\\""""\""""\\\""""\""""\\\\\\\\\\\\\\\""""\""""\\\""""\""""\\\\\\\""""\""""\\\""""\""""\\\\\\\\\\\\\\\\\\\\\\\\\\\\\\\""""\""""\\\""""\""""\\\\\\\""""\""""\\\""""\""""\\\\\\\\\\\\\\\""""\""""\\\""""\""""\\\\\\\""""\""""\\\""""\""""\\\\\\\\\\\\\\\\\\\\\\\\\\\\\\\""""\""""\\\""""\""""\\\\\\\""""\""""\\\""""\""""\\\\\\\\\\\\\\\""""\""""\\\""""\""""\\\\\\\""""\""""\\\""""\""""\\\\\\\\\\\\\\\""""\""""\\\""""\""""\\\\\\\""""\""""\\\""""\""""\\\\\\\\\\\\\\\""""\""""\\\""""\""""\\\\\\\""""\""""\\\""""\""""\\\\\\\\\\\\\\\""""\""""\\\""""\""""\\\\\\\""""\""""\\\""""\""""\\\\\\\""""\""""\\\""""\""""\\\\\\\""""\""""\\\""""\""""\\\\\\\""""\""""\\\""""\""""\\\""""\""""\\\""""\""""\\\""""\""""\""""\""""\""""""""""",0,0,0,0,0,0,0,heritage-classical-academy-nc-28002-fcapi-classicality-abstract.md,heritage-classical-academy-nc-28002-fcapi-classicality-audit.md,heritage-classical-academy-nc-28002-v*-fcapi-classicality-audit.pdf,,,0,0,0,0,1239,
Acct1270,Heritage Classical Academy,,,heritage-classical-academy-oh-44023,info@heritageclassicalacademy.org,+1 330 548 1738,,https://heritageclassicalacademy.org/,3737 Lander Rd.,,Pepper Pike,Cuyahoga County,OH,44023,US,41.45653080,-81.46076780,classical,heritage-classical-academy-oh-44023-fcapi-classicality-abstract.md,heritage-classical-academy-oh-44023-fcapi-classicality-audit.md,heritage-classical-academy-oh-44023-v*-fcapi-classicality-audit.pdf,elementary-intermediate-secondary,Private School,Private,0,2003,,,,,,,,,,,,,,,,,,,,,,,,,,,,,0,,0,0,0,0,0,0,0,heritage-classical-academy-oh-44023-fcapi-classicality-abstract.md,heritage-classical-academy-oh-44023-fcapi-classicality-audit.md,heritage-classical-academy-oh-44023-v*-fcapi-classicality-audit.pdf,,,0,0,0,0,1240,2049
Acct1271,Heritage Classical Academy,,,heritage-classical-academy-tx-77018,,+1 713 914 9778,,https://www.harborchristianacademy.org/,1130 West 34th Street,,Houston,Harris County,TX,77018,US,29.81791530,-95.41973150,classical,heritage-classical-academy-tx-77018-fcapi-classicality-abstract.md,heritage-classical-academy-tx-77018-fcapi-classicality-audit.md,heritage-classical-academy-tx-77018-v*-fcapi-classicality-audit.pdf,elementary-intermediate,Charter,Public,0,,,,,,,,,,,,,,,,,,,,,,,,,,,,,,0,,0,0,0,0,0,0,0,heritage-classical-academy-tx-77018-fcapi-classicality-abstract.md,heritage-classical-academy-tx-77018-fcapi-classicality-audit.md,heritage-classical-academy-tx-77018-v*-fcapi-classicality-audit.pdf,,,0,0,0,0,1241,750
Acct1278,Heritage Oak School,,,heritage-oak-school-ca-93561,info@heritageoakschool.com,+1 661 823 0885,,https://heritageoakschool.com/,20915 Schout Rd.,,Tehachapi,Kern County,CA,93561,US,35.11765540,-118.50237450,classical,heritage-oak-school-ca-93561-fcapi-classicality-abstract.md,heritage-oak-school-ca-93561-fcapi-classicality-audit.md,heritage-oak-school-ca-93561-v*-fcapi-classicality-audit.pdf,elementary-intermediate-secondary,Private School,Private,0,1994,,,,,,,,,,,,,,,,,,,,,,,,,,,,,0,,0,0,0,0,0,0,0,heritage-oak-school-ca-93561-fcapi-classicality-abstract.md,heritage-oak-school-ca-93561-fcapi-classicality-audit.md,heritage-oak-school-ca-93561-v*-fcapi-classicality-audit.pdf,,,0,0,0,0,1247,2769
Acct1281,Heritage School,,,heritage-school-tx-78624,info@heritageschool.org,+1 830 997 6597,,https://heritageschool.org/,310 Smokehouse Rd.,,Fredericksburg,Gillespie County,TX,78624,US,30.26194700,-98.89886900,classical,heritage-school-tx-78624-fcapi-classicality-abstract.md,heritage-school-tx-78624-fcapi-classicality-audit.md,heritage-school-tx-78624-v*-fcapi-classicality-audit.pdf,elementary-intermediate-secondary,Private School,Private,0,1994,,,,,,,,,,,,,,,,,,,,,,,,,,,,,0,,0,0,0,0,0,0,0,heritage-school-tx-78624-fcapi-classicality-abstract.md,heritage-school-tx-78624-fcapi-classicality-audit.md,heritage-school-tx-78624-v*-fcapi-classicality-audit.pdf,,,0,0,0,0,1250,2179
Acct1287,Hickory Christian Academy,,,hickory-christian-academy-nc-28601,trobinson@hickorychristianacademy.com,+1 828 324 5405,,https://hickorychristianacademy.com/,3260 6th St. Dr.ive Nw,,Hickory,Catawba County,NC,28601,US,35.78032840,-81.34007740,classical,hickory-christian-academy-nc-28601-fcapi-classicality-abstract.md,hickory-christian-academy-nc-28601-fcapi-classicality-audit.md,hickory-christian-academy-nc-28601-v*-fcapi-classicality-audit.pdf,elementary-intermediate-secondary,Private School,Private,0,1995,,,,,,,,,,,,,,,,,,,,,,,,,,,,,0,,0,0,0,0,0,0,0,hickory-christian-academy-nc-28601-fcapi-classicality-abstract.md,hickory-christian-academy-nc-28601-fcapi-classicality-audit.md,hickory-christian-academy-nc-28601-v*-fcapi-classicality-audit.pdf,,,0,0,0,0,1256,2430
Acct1292,High School of St. Thomas More,,,high-school-st-thomas-more-il-61820,info@hs-stm.org,+1 217 352 7210,,https://hs-stm.org/,Cusd #4502 West Windsor Rd.,,Champaign,Champaign County,IL,61820,US,40.08441610,-88.31340150,classical,high-school-st-thomas-more-il-61820-fcapi-classicality-abstract.md,high-school-st-thomas-more-il-61820-fcapi-classicality-audit.md,high-school-st-thomas-more-il-61820-v*-fcapi-classicality-audit.pdf,elementary-intermediate-secondary,Private School,Private,0,,,,,,,,,,,,,,,,,,,,,,,,,,,,,,0,,0,0,0,0,0,0,0,high-school-st-thomas-more-il-61820-fcapi-classicality-abstract.md,high-school-st-thomas-more-il-61820-fcapi-classicality-audit.md,high-school-st-thomas-more-il-61820-v*-fcapi-classicality-audit.pdf,,,0,0,0,0,1261,1509
Acct1293,Highland Rim Academy,,,highland-rim-academy-tn-38502,info@highlandrimacademy.org,+1 615 796 4635,,https://highlandrimacademy.org/,PO Box 3022,,Cookeville,Putnam County,TN,38502,US,36.13670520,-85.48600820,classical,highland-rim-academy-tn-38502-fcapi-classicality-abstract.md,highland-rim-academy-tn-38502-fcapi-classicality-audit.md,highland-rim-academy-tn-38502-v*-fcapi-classicality-audit.pdf,elementary-intermediate-secondary,Private School,Private,0,2006,,,,,,,,,,,,,,,,,,,,,,,,,,,,,0,,0,0,0,0,0,0,0,highland-rim-academy-tn-38502-fcapi-classicality-abstract.md,highland-rim-academy-tn-38502-fcapi-classicality-audit.md,highland-rim-academy-tn-38502-v*-fcapi-classicality-audit.pdf,,,0,0,0,0,1262,1797
,Highlands Latin School of Louisville,,,highlands-latin-school-louisville-ky-40243,,5028955333,,https://hls.org/,10901 Shelbyville Rd,,Louisville,,KY,40243,US,38.23716870,-85.53547240,classical,highlands-latin-school-louisville-ky-40243-fcapi-classicality-abstract.md,highlands-latin-school-louisville-ky-40243-fcapi-classicality-audit.md,highlands-latin-school-louisville-ky-40243-v*-fcapi-classicality-audit.pdf,elementary-intermediate-secondary,,,0,,,,,,,,,,,,,,,,,,,,,,,,,,,,,,0,,0,0,0,0,0,0,0,highlands-latin-school-louisville-ky-40243-fcapi-classicality-abstract.md,highlands-latin-school-louisville-ky-40243-fcapi-classicality-audit.md,highlands-latin-school-louisville-ky-40243-v*-fcapi-classicality-audit.pdf,,,0,0,0,0,5141,
Acct1333,Hill Country Christian School,,,hill-country-christian-school-tx-78750,,+1 512 331 7036,,https://www.hillcountrychristianschool.org/,12124 Rr 620 North,,Austin,Williamson County,TX,78750,US,30.46446250,-97.81881560,classical,hill-country-christian-school-tx-78750-fcapi-classicality-abstract.md,hill-country-christian-school-tx-78750-fcapi-classicality-audit.md,hill-country-christian-school-tx-78750-v*-fcapi-classicality-audit.pdf,elementary-intermediate-secondary,Private School,Private,0,,,,,,,,,,,,,,,,,,,,,,,,,,,,,,0,,0,0,0,0,0,0,0,hill-country-christian-school-tx-78750-fcapi-classicality-abstract.md,hill-country-christian-school-tx-78750-fcapi-classicality-audit.md,hill-country-christian-school-tx-78750-v*-fcapi-classicality-audit.pdf,,,0,0,0,0,1266,2347
Acct1337,Hillcrest Lutheran Academy,,,hillcrest-lutheran-academy-mn-56537,office@ffhillcrest.org,+1 218 739 0490,,https://ffhillcrest.org/,10 Hillcrest Dr.,,Fergus Falls,Otter Tail County,MN,56537,US,46.27777110,-96.08614230,classical,hillcrest-lutheran-academy-mn-56537-fcapi-classicality-abstract.md,hillcrest-lutheran-academy-mn-56537-fcapi-classicality-audit.md,hillcrest-lutheran-academy-mn-56537-v*-fcapi-classicality-audit.pdf,elementary-intermediate-secondary,Private School,Private,0,1916,,,,,,,,,,,,,,,,,,,,,,,,,,,,,0,,0,0,0,0,0,0,0,hillcrest-lutheran-academy-mn-56537-fcapi-classicality-abstract.md,hillcrest-lutheran-academy-mn-56537-fcapi-classicality-audit.md,hillcrest-lutheran-academy-mn-56537-v*-fcapi-classicality-audit.pdf,,,0,0,0,0,1270,2576
Acct1340,Hillsdale Academy,,,hillsdale-academy-mi-49242,,+1 517 439 8644,,https://academy.hillsdale.edu/,1 Academy Lane,,Hillsdale,Hillsdale County,MI,49242,US,41.92845170,-84.62336770,classical,hillsdale-academy-mi-49242-fcapi-classicality-abstract.md,hillsdale-academy-mi-49242-fcapi-classicality-audit.md,hillsdale-academy-mi-49242-v*-fcapi-classicality-audit.pdf,elementary-intermediate-secondary,Private School,Private,0,,,,,,,,,,,,,,,,,,,,,,,,,,,,,,0,,0,0,0,0,0,0,0,hillsdale-academy-mi-49242-fcapi-classicality-abstract.md,hillsdale-academy-mi-49242-fcapi-classicality-audit.md,hillsdale-academy-mi-49242-v*-fcapi-classicality-audit.pdf,,,0,0,0,0,1273,1359
Acct1341,Holy Angels Academy,,,holy-angels-academy-ky-40223,,+1 502 254 9440,,https://www.holyangelslouisville.com/,12201 Old Henry Road,,Louisville,Jefferson County,KY,40223,US,38.25421990,-85.52863880,classical,holy-angels-academy-ky-40223-fcapi-classicality-abstract.md,holy-angels-academy-ky-40223-fcapi-classicality-audit.md,holy-angels-academy-ky-40223-v*-fcapi-classicality-audit.pdf,elementary-intermediate-secondary,Private School,Private,0,,,,,,,,,,,,,,,,,,,,,,,,,,,,,,0,,0,0,0,0,0,0,0,holy-angels-academy-ky-40223-fcapi-classicality-abstract.md,holy-angels-academy-ky-40223-fcapi-classicality-audit.md,holy-angels-academy-ky-40223-v*-fcapi-classicality-audit.pdf,,,0,0,0,0,1274,1441
Acct1342,Holy Child Catholic School,,,holy-child-catholic-school-nm-87059,,,,https://www.holychildnm.com/home/,19 Camino De Santo Nino,,Tijeras,Bernalillo County,NM,87059,US,35.08225040,-106.38107190,classical,holy-child-catholic-school-nm-87059-fcapi-classicality-abstract.md,holy-child-catholic-school-nm-87059-fcapi-classicality-audit.md,holy-child-catholic-school-nm-87059-v*-fcapi-classicality-audit.pdf,elementary-intermediate,Private School,Private,0,,,,,,,,,,,,,,,,,,,,,,,,,,,,,,0,,0,0,0,0,0,0,0,holy-child-catholic-school-nm-87059-fcapi-classicality-abstract.md,holy-child-catholic-school-nm-87059-fcapi-classicality-audit.md,holy-child-catholic-school-nm-87059-v*-fcapi-classicality-audit.pdf,,,0,0,0,0,1275,548
Acct1346,Holy Family Academy,,,holy-family-academy-az-85016,info@holyfamilyacad.org,+1 602 438 6513,,https://holyfamilyacad.org/,2969 North Greenfield Road,,Phoenix,Maricopa County,AZ,85016,US,33.48305610,-112.03798640,classical,holy-family-academy-az-85016-fcapi-classicality-abstract.md,holy-family-academy-az-85016-fcapi-classicality-audit.md,holy-family-academy-az-85016-v*-fcapi-classicality-audit.pdf,elementary-intermediate-secondary,Private School,Private,0,,,,,,,,,,,,,,,,,,,,,,,,,,,,,,0,,0,0,0,0,0,0,0,holy-family-academy-az-85016-fcapi-classicality-abstract.md,holy-family-academy-az-85016-fcapi-classicality-audit.md,holy-family-academy-az-85016-v*-fcapi-classicality-audit.pdf,,,0,0,0,0,1279,1662
Acct1348,Holy Family Academy,,,holy-family-academy-la-70433,,,,https://holyfamilyhomeschoolapostolate.com/index.html/,10697 Howell Prairie Road Northeast,,Covington,Marion County,LA,70433,US,45.07394480,-122.86712140,classical,holy-family-academy-la-70433-fcapi-classicality-abstract.md,holy-family-academy-la-70433-fcapi-classicality-audit.md,holy-family-academy-la-70433-v*-fcapi-classicality-audit.pdf,elementary-intermediate-secondary,Private School,Private School,0,,175,,,,,,,,,,,,,,,,,,,,,,,,,,,,1,"""\""\\\""""\\\\\\\""""\""""\\\\\\\\\\\\\\\""""\""""\\\""""\""""\\\\\\\\\\\\\\\\\\\\\\\\\\\\\\\""""\""""\\\""""\""""\\\\\\\""""\""""\\\""""\""""\\\\\\\\\\\\\\\\\\\\\\\\\\\\\\\\\\\\\\\\\\\\\\\\\\\\\\\\\\\\\\\""""\""""\\\""""\""""\\\\\\\""""\""""\\\""""\""""\\\\\\\\\\\\\\\""""\""""\\\""""\""""\\\\\\\""""\""""\\\""""\""""\\\\\\\\\\\\\\\\\\\\\\\\\\\\\\\\\\\\\\\\\\\\\\\\\\\\\\\\\\\\\\\\\\\\\\\\\\\\\\\\\\\\\\\\\\\\\\\\\\\\\\\\\\\\\\\\\\\\\\\\\\\\\\\""""\""""\\\""""\""""\\\\\\\""""\""""\\\""""\""""\\\\\\\\\\\\\\\""""\""""\\\""""\""""\\\\\\\""""\""""\\\""""\""""\\\\\\\\\\\\\\\\\\\\\\\\\\\\\\\""""\""""\\\""""\""""\\\\\\\""""\""""\\\""""\""""\\\\\\\\\\\\\\\""""\""""\\\""""\""""\\\\\\\""""\""""\\\""""\""""[\\\\\\\\\\\\\\\\\\\\\\\\\\\\\\\\\\\\\\\\\\\\\\\\\\\\\\\\\\\\\\\\\\\\\\\\\\\\\\\\\\\\\\\\\\\\\\\\\\\\\\\\\\\\\\\\\\\\\\\\\\\\\\\\\\\\\\\\\\\\\\\\\\\\\\\\\\\\\\\\\\\\\\\\\\\\\\\\\\\\\\\\\\\\\\\\\\\\\\\\\\\\\\\\\\\\\\\\\\\\\\\\\\\\\\\\\\\\\\\\\\\\\\\\\\\\\\\""""\""""\\\""""\""""\\\\\\\""""\""""\\\""""\""""\\\\\\\\\\\\\\\""""\""""\\\""""\""""\\\\\\\""""\""""\\\""""\""""\\\\\\\\\\\\\\\\\\\\\\\\\\\\\\\""""\""""\\\""""\""""\\\\\\\""""\""""\\\""""\""""\\\\\\\\\\\\\\\""""\""""\\\""""\""""\\\\\\\""""\""""\\\""""\""""\\\\\\\\\\\\\\\\\\\\\\\\\\\\\\\\\\\\\\\\\\\\\\\\\\\\\\\\\\\\\\\""""\""""\\\""""\""""\\\\\\\""""\""""\\\""""\""""\\\\\\\\\\\\\\\""""\""""\\\""""\""""\\\\\\\""""\""""\\\""""\""""\\\\\\\\\\\\\\\\\\\\\\\\\\\\\\\""""\""""\\\""""\""""\\\\\\\""""\""""\\\""""\""""\\\\\\\\\\\\\\\""""\""""\\\""""\""""\\\\\\\""""\""""\\\""""\""""Latin\\\\\\\\\\\\\\\\\\\\\\\\\\\\\\\\\\\\\\\\\\\\\\\\\\\\\\\\\\\\\\\\\\\\\\\\\\\\\\\\\\\\\\\\\\\\\\\\\\\\\\\\\\\\\\\\\\\\\\\\\\\\\\\\\\\\\\\\\\\\\\\\\\\\\\\\\\\\\\\\\\\\\\\\\\\\\\\\\\\\\\\\\\\\\\\\\\\\\\\\\\\\\\\\\\\\\\\\\\\\\\\\\\\\\\\\\\\\\\\\\\\\\\\\\\\\\\\""""\""""\\\""""\""""\\\\\\\""""\""""\\\""""\""""\\\\\\\\\\\\\\\""""\""""\\\""""\""""\\\\\\\""""\""""\\\""""\""""\\\\\\\\\\\\\\\\\\\\\\\\\\\\\\\""""\""""\\\""""\""""\\\\\\\""""\""""\\\""""\""""\\\\\\\\\\\\\\\""""\""""\\\""""\""""\\\\\\\""""\""""\\\""""\""""\\\\\\\\\\\\\\\\\\\\\\\\\\\\\\\\\\\\\\\\\\\\\\\\\\\\\\\\\\\\\\\""""\""""\\\""""\""""\\\\\\\""""\""""\\\""""\""""\\\\\\\\\\\\\\\""""\""""\\\""""\""""\\\\\\\""""\""""\\\""""\""""\\\\\\\\\\\\\\\\\\\\\\\\\\\\\\\""""\""""\\\""""\""""\\\\\\\""""\""""\\\""""\""""\\\\\\\\\\\\\\\""""\""""\\\""""\""""\\\\\\\""""\""""\\\""""\""""\\\\\\\\\\\\\\\\\\\\\\\\\\\\\\\\\\\\\\\\\\\\\\\\\\\\\\\\\\\\\\\\\\\\\\\\\\\\\\\\\\\\\\\\\\\\\\\\\\\\\\\\\\\\\\\\\\\\\\\\\\\\\\\""""\""""\\\""""\""""\\\\\\\""""\""""\\\""""\""""\\\\\\\\\\\\\\\""""\""""\\\""""\""""\\\\\\\""""\""""\\\""""\""""\\\\\\\\\\\\\\\\\\\\\\\\\\\\\\\""""\""""\\\""""\""""\\\\\\\""""\""""\\\""""\""""\\\\\\\\\\\\\\\""""\""""\\\""""\""""\\\\\\\""""\""""\\\""""\""""\\\\\\\\\\\\\\\\\\\\\\\\\\\\\\\\\\\\\\\\\\\\\\\\\\\\\\\\\\\\\\\""""\""""\\\""""\""""\\\\\\\""""\""""\\\""""\""""\\\\\\\\\\\\\\\""""\""""\\\""""\""""\\\\\\\""""\""""\\\""""\""""\\\\\\\\\\\\\\\\\\\\\\\\\\\\\\\""""\""""\\\""""\""""\\\\\\\""""\""""\\\""""\""""\\\\\\\\\\\\\\\""""\""""\\\""""\""""\\\\\\\""""\""""\\\""""\""""]\\\\\\\\\\\\\\\\\\\\\\\\\\\\\\\\\\\\\\\\\\\\\\\\\\\\\\\\\\\\\\\\\\\\\\\\\\\\\\\\\\\\\\\\\\\\\\\\\\\\\\\\\\\\\\\\\\\\\\\\\\\\\\\""""\""""\\\""""\""""\\\\\\\""""\""""\\\""""\""""\\\\\\\\\\\\\\\""""\""""\\\""""\""""\\\\\\\""""\""""\\\""""\""""\\\\\\\\\\\\\\\\\\\\\\\\\\\\\\\""""\""""\\\""""\""""\\\\\\\""""\""""\\\""""\""""\\\\\\\\\\\\\\\""""\""""\\\""""\""""\\\\\\\""""\""""\\\""""\""""\\\\\\\\\\\\\\\\\\\\\\\\\\\\\\\\\\\\\\\\\\\\\\\\\\\\\\\\\\\\\\\""""\""""\\\""""\""""\\\\\\\""""\""""\\\""""\""""\\\\\\\\\\\\\\\""""\""""\\\""""\""""\\\\\\\""""\""""\\\""""\""""\\\\\\\\\\\\\\\\\\\\\\\\\\\\\\\""""\""""\\\""""\""""\\\\\\\""""\""""\\\""""\""""\\\\\\\\\\\\\\\""""\""""\\\""""\""""\\\\\\\""""\""""\\\""""\""""\\\\\\\\\\\\\\\\\\\\\\\\\\\\\\\\\\\\\\\\\\\\\\\\\\\\\\\\\\\\\\\\\\\\\\\\\\\\\\\\\\\\\\\\\\\\\\\\\\\\\\\\\\\\\\\\\\\\\\\\\\\\\\\""""\""""\\\""""\""""\\\\\\\""""\""""\\\""""\""""\\\\\\\\\\\\\\\""""\""""\\\""""\""""\\\\\\\""""\""""\\\""""\""""\\\\\\\\\\\\\\\\\\\\\\\\\\\\\\\""""\""""\\\""""\""""\\\\\\\""""\""""\\\""""\""""\\\\\\\\\\\\\\\""""\""""\\\""""\""""\\\\\\\""""\""""\\\""""\""""\\\\\\\\\\\\\\\\\\\\\\\\\\\\\\\\\\\\\\\\\\\\\\\\\\\\\\\\\\\\\\\""""\""""\\\""""\""""\\\\\\\""""\""""\\\""""\""""\\\\\\\\\\\\\\\""""\""""\\\""""\""""\\\\\\\""""\""""\\\""""\""""\\\\\\\\\\\\\\\\\\\\\\\\\\\\\\\""""\""""\\\""""\""""\\\\\\\""""\""""\\\""""\""""\\\\\\\\\\\\\\\""""\""""\\\""""\""""\\\\\\\""""\""""\\\""""\""""\\\\\\\\\\\\\\\\\\\\\\\\\\\\\\\\\\\\\\\\\\\\\\\\\\\\\\\\\\\\\\\\\\\\\\\\\\\\\\\\\\\\\\\\\\\\\\\\\\\\\\\\\\\\\\\\\\\\\\\\\\\\\\\""""\""""\\\""""\""""\\\\\\\""""\""""\\\""""\""""\\\\\\\\\\\\\\\""""\""""\\\""""\""""\\\\\\\""""\""""\\\""""\""""\\\\\\\\\\\\\\\\\\\\\\\\\\\\\\\""""\""""\\\""""\""""\\\\\\\""""\""""\\\""""\""""\\\\\\\\\\\\\\\""""\""""\\\""""\""""\\\\\\\""""\""""\\\""""\""""\\\\\\\\\\\\\\\\\\\\\\\\\\\\\\\\\\\\\\\\\\\\\\\\\\\\\\\\\\\\\\\""""\""""\\\""""\""""\\\\\\\""""\""""\\\""""\""""\\\\\\\\\\\\\\\""""\""""\\\""""\""""\\\\\\\""""\""""\\\""""\""""\\\\\\\\\\\\\\\\\\\\\\\\\\\\\\\""""\""""\\\""""\""""\\\\\\\""""\""""\\\""""\""""\\\\\\\\\\\\\\\""""\""""\\\""""\""""\\\\\\\""""\""""\\\""""\""""\\\\\\\\\\\\\\\\\\\\\\\\\\\\\\\\\\\\\\\\\\\\\\\\\\\\\\\\\\\\\\\""""\""""\\\""""\""""\\\\\\\""""\""""\\\""""\""""\\\\\\\\\\\\\\\""""\""""\\\""""\""""\\\\\\\""""\""""\\\""""\""""\\\\\\\\\\\\\\\\\\\\\\\\\\\\\\\""""\""""\\\""""\""""\\\\\\\""""\""""\\\""""\""""\\\\\\\\\\\\\\\""""\""""\\\""""\""""\\\\\\\""""\""""\\\""""\""""\\\\\\\\\\\\\\\\\\\\\\\\\\\\\\\\\\\\\\\\\\\\\\\\\\\\\\\\\\\\\\\""""\""""\\\""""\""""\\\\\\\""""\""""\\\""""\""""\\\\\\\\\\\\\\\""""\""""\\\""""\""""\\\\\\\""""\""""\\\""""\""""\\\\\\\\\\\\\\\\\\\\\\\\\\\\\\\""""\""""\\\""""\""""\\\\\\\""""\""""\\\""""\""""\\\\\\\\\\\\\\\""""\""""\\\""""\""""\\\\\\\""""\""""\\\""""\""""\\\\\\\\\\\\\\\\\\\\\\\\\\\\\\\\\\\\\\\\\\\\\\\\\\\\\\\\\\\\\\\""""\""""\\\""""\""""\\\\\\\""""\""""\\\""""\""""\\\\\\\\\\\\\\\""""\""""\\\""""\""""\\\\\\\""""\""""\\\""""\""""\\\\\\\\\\\\\\\\\\\\\\\\\\\\\\\""""\""""\\\""""\""""\\\\\\\""""\""""\\\""""\""""\\\\\\\\\\\\\\\""""\""""\\\""""\""""\\\\\\\""""\""""\\\""""\""""\\\\\\\\\\\\\\\\\\\\\\\\\\\\\\\""""\""""\\\""""\""""\\\\\\\""""\""""\\\""""\""""\\\\\\\\\\\\\\\""""\""""\\\""""\""""\\\\\\\""""\""""\\\""""\""""\\\\\\\\\\\\\\\\\\\\\\\\\\\\\\\""""\""""\\\""""\""""\\\\\\\""""\""""\\\""""\""""\\\\\\\\\\\\\\\""""\""""\\\""""\""""\\\\\\\""""\""""\\\""""\""""\\\\\\\\\\\\\\\\\\\\\\\\\\\\\\\""""\""""\\\""""\""""\\\\\\\""""\""""\\\""""\""""\\\\\\\\\\\\\\\""""\""""\\\""""\""""\\\\\\\""""\""""\\\""""\""""\\\\\\\\\\\\\\\""""\""""\\\""""\""""\\\\\\\""""\""""\\\""""\""""\\\\\\\\\\\\\\\""""\""""\\\""""\""""\\\\\\\""""\""""\\\""""\""""\\\\\\\\\\\\\\\""""\""""\\\""""\""""\\\\\\\""""\""""\\\""""\""""\\\\\\\""""\""""\\\""""\""""\\\\\\\""""\""""\\\""""\""""\\\\\\\""""\""""\\\""""\""""\\\""""\""""\\\""""\""""\\\""""\""""\""""\""""\""""""""""",1,0,1,0,0,0,0,holy-family-academy-la-70433-fcapi-classicality-abstract.md,holy-family-academy-la-70433-fcapi-classicality-audit.md,holy-family-academy-la-70433-v*-fcapi-classicality-audit.pdf,,,0,0,0,0,1281,
Acct1349,Holy Family Academy,,,holy-family-academy-mn-55416,info@hfamn.org,+1 563 271 6976,,https://hfamn.org/,5925 West Lake St,,Minneapolis,Hennepin County,MN,55416,US,44.94499040,-93.35495650,classical,holy-family-academy-mn-55416-fcapi-classicality-abstract.md,holy-family-academy-mn-55416-fcapi-classicality-audit.md,holy-family-academy-mn-55416-v*-fcapi-classicality-audit.pdf,elementary-intermediate,Private School,Private,0,,,,,,,,,,,,,,,,,,,,,,,,,,,,,,0,,0,0,0,0,0,0,0,holy-family-academy-mn-55416-fcapi-classicality-abstract.md,holy-family-academy-mn-55416-fcapi-classicality-audit.md,holy-family-academy-mn-55416-v*-fcapi-classicality-audit.pdf,,,0,0,0,0,1282,2068
Acct1350,Holy Family Academy,,,holy-family-academy-nh-03102,,+1 603 644 7247,,https://holyfamilyacademy.org/,281 Cartier St.,,Manchester,Hillsborough County,NH,3102,US,42.99129410,-71.47640210,classical,holy-family-academy-nh-03102-fcapi-classicality-abstract.md,holy-family-academy-nh-03102-fcapi-classicality-audit.md,holy-family-academy-nh-03102-v*-fcapi-classicality-audit.pdf,intermediate-secondary,Private School,Private,0,,,,,,,,,,,,,,,,,,,,,,,,,,,,,,0,,0,0,0,0,0,0,0,holy-family-academy-nh-03102-fcapi-classicality-abstract.md,holy-family-academy-nh-03102-fcapi-classicality-audit.md,holy-family-academy-nh-03102-v*-fcapi-classicality-audit.pdf,,,0,0,0,0,1283,2072
Acct1351,Holy Family Academy,,,holy-family-academy-or-97305,,+1 503 792 3630,,https://holyfamily.redeemer.ab.ca/,10697 Howell Prairie Rd. Ne,,Brooks,Marion County,OR,97305,US,45.07393000,-122.86712140,classical,holy-family-academy-or-97305-fcapi-classicality-abstract.md,holy-family-academy-or-97305-fcapi-classicality-audit.md,holy-family-academy-or-97305-v*-fcapi-classicality-audit.pdf,elementary-intermediate-secondary,,,0,,,,,,,,,,,,,,,,,,,,,,,,,,,,,,0,,0,0,0,0,0,0,0,holy-family-academy-or-97305-fcapi-classicality-abstract.md,holy-family-academy-or-97305-fcapi-classicality-audit.md,holy-family-academy-or-97305-v*-fcapi-classicality-audit.pdf,,,0,0,0,0,1284,
Acct1352,Holy Family Academy,,,holy-family-academy-va-20111,,+1 703 368 5679,,https://www.holyfamilyacademy.net/,10580 Pineview Road,,Manassas,Prince William County,VA,20111,US,38.72500190,-77.42976940,classical,holy-family-academy-va-20111-fcapi-classicality-abstract.md,holy-family-academy-va-20111-fcapi-classicality-audit.md,holy-family-academy-va-20111-v*-fcapi-classicality-audit.pdf,elementary-intermediate-secondary,Private School,Private,0,,,,,,,,,,,,,,,,,,,,,,,,,,,,,,0,,0,0,0,0,0,0,0,holy-family-academy-va-20111-fcapi-classicality-abstract.md,holy-family-academy-va-20111-fcapi-classicality-audit.md,holy-family-academy-va-20111-v*-fcapi-classicality-audit.pdf,,,0,0,0,0,1285,1665
Acct1356,Holy Family Classical Academy,,,holy-family-classical-academy-tx-76301,,+1 940 257 7392,,https://www.holyfamilyclassical.org/,1504 10th Street,,Wichita Falls,Wichita County,TX,76301,US,33.90481500,-98.50005390,classical,holy-family-classical-academy-tx-76301-fcapi-classicality-abstract.md,holy-family-classical-academy-tx-76301-fcapi-classicality-audit.md,holy-family-classical-academy-tx-76301-v*-fcapi-classicality-audit.pdf,elementary-intermediate,Private School,Private,0,,,,,,,,,,,,,,,,,,,,,,,,,,,,,,0,,0,0,0,0,0,0,0,holy-family-classical-academy-tx-76301-fcapi-classicality-abstract.md,holy-family-classical-academy-tx-76301-fcapi-classicality-audit.md,holy-family-classical-academy-tx-76301-v*-fcapi-classicality-audit.pdf,,,0,0,0,0,1288,1661
Acct1357,Holy Family Classical School,,,holy-family-classical-school-ok-74119,marlene.f.brown1226@gmail.com,+1 918 582 0422,,https://www.holyfamilyclassicalschool.org/,820 S Boulder Ave.,,Tulsa,Tulsa County,OK,74119,US,36.14742300,-95.98973200,classical,holy-family-classical-school-ok-74119-fcapi-classicality-abstract.md,holy-family-classical-school-ok-74119-fcapi-classicality-audit.md,holy-family-classical-school-ok-74119-v*-fcapi-classicality-audit.pdf,elementary-intermediate-secondary,Private School,Private,0,,,,,,,,,,,,,,,,,,,,,,,,,,,,,,0,,0,0,0,0,0,0,0,holy-family-classical-school-ok-74119-fcapi-classicality-abstract.md,holy-family-classical-school-ok-74119-fcapi-classicality-audit.md,holy-family-classical-school-ok-74119-v*-fcapi-classicality-audit.pdf,,,0,0,0,0,1289,1657
Acct1361,Holy Innocents Catholic School,,,holy-innocents-catholic-school-ca-90806,,+1 562 424 1018,,https://www.lbcatholicschool.com/,2500 Pacific Ave.,,Long Beach,Los Angeles County,CA,90806,US,33.80271980,-118.19340160,classical,holy-innocents-catholic-school-ca-90806-fcapi-classicality-abstract.md,holy-innocents-catholic-school-ca-90806-fcapi-classicality-audit.md,holy-innocents-catholic-school-ca-90806-v*-fcapi-classicality-audit.pdf,elementary-intermediate-secondary,Private School,Private,0,,,,,,,,,,,,,,,,,,,,,,,,,,,,,,0,,0,0,0,0,0,0,0,holy-innocents-catholic-school-ca-90806-fcapi-classicality-abstract.md,holy-innocents-catholic-school-ca-90806-fcapi-classicality-audit.md,holy-innocents-catholic-school-ca-90806-v*-fcapi-classicality-audit.pdf,,,0,0,0,0,1293,2540
Acct1363,Holy Name Catholic School,,,holy-name-catholic-school-mi-49829,,+1 906 635 6141,,https://www.holynamecrusaders.com/,409 South 22nd Street,,Escanaba,Delta County,MI,49829,US,45.74169280,-87.07797200,classical,holy-name-catholic-school-mi-49829-fcapi-classicality-abstract.md,holy-name-catholic-school-mi-49829-fcapi-classicality-audit.md,holy-name-catholic-school-mi-49829-v*-fcapi-classicality-audit.pdf,secondary,Private School,Private,0,,,,,,,,,,,,,,,,,,,,,,,,,,,,,,0,,0,0,0,0,0,0,0,holy-name-catholic-school-mi-49829-fcapi-classicality-abstract.md,holy-name-catholic-school-mi-49829-fcapi-classicality-audit.md,holy-name-catholic-school-mi-49829-v*-fcapi-classicality-audit.pdf,,,0,0,0,0,1295,1440
Acct1364,Holy Name High School a Chesterton Academy,,,holy-name-high-school-chesterton-academy-mi-49829,,+1 906 786 7550,,https://highschool.holynamecrusaders.com/,2203 7th Ave. S,,Escanaba,Delta County,MI,49829,US,45.73686420,-87.07885820,classical,holy-name-high-school-chesterton-academy-mi-49829-fcapi-classicality-abstract.md,holy-name-high-school-chesterton-academy-mi-49829-fcapi-classicality-audit.md,holy-name-high-school-chesterton-academy-mi-49829-v*-fcapi-classicality-audit.pdf,secondary,Private School,Private,0,,,,,,,,,,,,,,,,,,,,,,,,,,,,,,0,,0,0,0,0,0,0,0,holy-name-high-school-chesterton-academy-mi-49829-fcapi-classicality-abstract.md,holy-name-high-school-chesterton-academy-mi-49829-fcapi-classicality-audit.md,holy-name-high-school-chesterton-academy-mi-49829-v*-fcapi-classicality-audit.pdf,,,0,0,0,0,96,1192
Acct1365,Holy Rosary Academy,,,holy-rosary-academy-ak-99503,frontoffice@hraak.org,+1 425 922 3159,,https://hraak.org/,1010 W. Fireweed Lane,,Anchorage,Anchorage Municipality,AK,99503,US,61.19863940,-149.90153300,classical,holy-rosary-academy-ak-99503-fcapi-classicality-abstract.md,holy-rosary-academy-ak-99503-fcapi-classicality-audit.md,holy-rosary-academy-ak-99503-v*-fcapi-classicality-audit.pdf,elementary-intermediate-secondary,Private School,Private,0,,,,,,,,,,,,,,,,,,,,,,,,,,,,,,0,,0,0,0,0,0,0,0,holy-rosary-academy-ak-99503-fcapi-classicality-abstract.md,holy-rosary-academy-ak-99503-fcapi-classicality-audit.md,holy-rosary-academy-ak-99503-v*-fcapi-classicality-audit.pdf,,,0,0,0,0,1296,1890
Acct1369,Holy Spirit Academy,,,holy-spirit-academy-mn-55362,,+1 763 220 2402,,https://holyspiritacademy.org/,1001 7th St E,Suite 1,Monticello,Wright County,MN,55362,US,45.29639900,-93.78171700,classical,holy-spirit-academy-mn-55362-fcapi-classicality-abstract.md,holy-spirit-academy-mn-55362-fcapi-classicality-audit.md,holy-spirit-academy-mn-55362-v*-fcapi-classicality-audit.pdf,secondary,Private School,Private,0,,,,,,,,,,,,,,,,,,,,,,,,,,,,,,0,,0,0,0,0,0,0,0,holy-spirit-academy-mn-55362-fcapi-classicality-abstract.md,holy-spirit-academy-mn-55362-fcapi-classicality-audit.md,holy-spirit-academy-mn-55362-v*-fcapi-classicality-audit.pdf,,,0,0,0,0,1299,2116
Acct1372,Holy Spirit Preparatory School,,,holy-spirit-preparatory-school-ga-30327,,+1 404 309 3484,,https://holyspiritprep.org/,4449 Northside Dr. Nw,,Atlanta,Fulton County,GA,30327,US,33.87726380,-84.40984040,classical,holy-spirit-preparatory-school-ga-30327-fcapi-classicality-abstract.md,holy-spirit-preparatory-school-ga-30327-fcapi-classicality-audit.md,holy-spirit-preparatory-school-ga-30327-v*-fcapi-classicality-audit.pdf,elementary-intermediate-secondary,Private School,Private,0,,,,,,,,,,,,,,,,,,,,,,,,,,,,,,0,,0,0,0,0,0,0,0,holy-spirit-preparatory-school-ga-30327-fcapi-classicality-abstract.md,holy-spirit-preparatory-school-ga-30327-fcapi-classicality-audit.md,holy-spirit-preparatory-school-ga-30327-v*-fcapi-classicality-audit.pdf,,,0,0,0,0,1302,1157
Acct1375,Holy Trinity Academy - Lower School,,,holy-trinity-academy-lower-school-la-70395,,+1 985 492 7598,,https://www.holytrinityacademy.org/,478 North Main Project Road,,Schriever,Terrebonne Parish,LA,70395,US,29.75128120,-90.82470560,classical,holy-trinity-academy-lower-school-la-70395-fcapi-classicality-abstract.md,holy-trinity-academy-lower-school-la-70395-fcapi-classicality-audit.md,holy-trinity-academy-lower-school-la-70395-v*-fcapi-classicality-audit.pdf,elementary-intermediate-secondary,Private School,Private,0,,,,,,,,,,,,,,,,,,,,,,,,,,,,,,0,,0,0,0,0,0,0,0,holy-trinity-academy-lower-school-la-70395-fcapi-classicality-abstract.md,holy-trinity-academy-lower-school-la-70395-fcapi-classicality-audit.md,holy-trinity-academy-lower-school-la-70395-v*-fcapi-classicality-audit.pdf,,,0,0,0,0,1305,525
Acct1379,Holy Trinity Classical Christian School,,,holy-trinity-classical-christian-school-sc-29902,htadmin@htccs.org,+1 843 290 5508,,https://htccs.org/,302 Burroughs Ave.,,Beaufort,Beaufort County,SC,29902,US,32.43156060,-80.69080090,classical,holy-trinity-classical-christian-school-sc-29902-fcapi-classicality-abstract.md,holy-trinity-classical-christian-school-sc-29902-fcapi-classicality-audit.md,holy-trinity-classical-christian-school-sc-29902-v*-fcapi-classicality-audit.pdf,elementary-intermediate-secondary,Private School,Private,0,,,,,,,,,,,,,,,,,,,,,,,,,,,,,,0,,0,0,0,0,0,0,0,holy-trinity-classical-christian-school-sc-29902-fcapi-classicality-abstract.md,holy-trinity-classical-christian-school-sc-29902-fcapi-classicality-audit.md,holy-trinity-classical-christian-school-sc-29902-v*-fcapi-classicality-audit.pdf,,,0,0,0,0,1308,2371
Acct1384,Holy Trinity School,,,holy-trinity-school-mn-55395,,+1 763 227 3539,,https://winstedholytrinity.org/,110 Winsted Avenue West,,Winsted,McLeod County,MN,55395,US,44.96573940,-94.04757320,classical,holy-trinity-school-mn-55395-fcapi-classicality-abstract.md,holy-trinity-school-mn-55395-fcapi-classicality-audit.md,holy-trinity-school-mn-55395-v*-fcapi-classicality-audit.pdf,elementary-intermediate-secondary,Private School,Private,0,,,,,,,,,,,,,,,,,,,,,,,,,,,,,,0,,0,0,0,0,0,0,0,holy-trinity-school-mn-55395-fcapi-classicality-abstract.md,holy-trinity-school-mn-55395-fcapi-classicality-audit.md,holy-trinity-school-mn-55395-v*-fcapi-classicality-audit.pdf,,,0,0,0,0,1313,1465
Acct1388,Hope Academy,,,hope-academy-mn-55404,admissions@hopeschool.org,+1 612 655 0857,,https://hopeschool.org/,710 E. 24th St.‚Äö√Ñ√ß,,Minneapolis,Hennepin County,MN,55404-3834,US,44.95947110,-93.26435760,classical,hope-academy-mn-55404-fcapi-classicality-abstract.md,hope-academy-mn-55404-fcapi-classicality-audit.md,hope-academy-mn-55404-v*-fcapi-classicality-audit.pdf,elementary-intermediate-secondary,Private School,Private,0,,,,,,,,,,,,,,,,,,,,,,,,,,,,,,0,,0,0,0,0,0,0,0,hope-academy-mn-55404-fcapi-classicality-abstract.md,hope-academy-mn-55404-fcapi-classicality-audit.md,hope-academy-mn-55404-v*-fcapi-classicality-audit.pdf,,,0,0,0,0,1317,2133
Acct1394,Hope Lutheran Classical Academy,,,hope-lutheran-classical-academy-id-83404,,+1 208 529 8080,,https://www.allabouthope.org/,2071 12th Street,,Idaho Falls,Bonneville County,ID,83404,US,43.48741540,-111.99458390,classical,hope-lutheran-classical-academy-id-83404-fcapi-classicality-abstract.md,hope-lutheran-classical-academy-id-83404-fcapi-classicality-audit.md,hope-lutheran-classical-academy-id-83404-v*-fcapi-classicality-audit.pdf,elementary-intermediate,Private School,Private,0,,,,,,,,,,,,,,,,,,,,,,,,,,,,,,0,,0,0,0,0,0,0,0,hope-lutheran-classical-academy-id-83404-fcapi-classicality-abstract.md,hope-lutheran-classical-academy-id-83404-fcapi-classicality-audit.md,hope-lutheran-classical-academy-id-83404-v*-fcapi-classicality-audit.pdf,,,0,0,0,0,1322,1060
Acct1396,Hope Preparatory School,,,hope-preparatory-school-nc-28504,,+1 252 549 4164,,https://hopeprepschool.org/,2600 Rouse Rd.,C/O First Baptist Church,Kinston,Lenoir County,NC,28504,US,35.29903060,-77.61629080,classical,hope-preparatory-school-nc-28504-fcapi-classicality-abstract.md,hope-preparatory-school-nc-28504-fcapi-classicality-audit.md,hope-preparatory-school-nc-28504-v*-fcapi-classicality-audit.pdf,elementary-intermediate-secondary,Private School,Private,0,,,,,,,,,,,,,,,,,,,,,,,,,,,,,,0,,0,0,0,0,0,0,0,hope-preparatory-school-nc-28504-fcapi-classicality-abstract.md,hope-preparatory-school-nc-28504-fcapi-classicality-audit.md,hope-preparatory-school-nc-28504-v*-fcapi-classicality-audit.pdf,,,0,0,0,0,1324,1828
Acct1399,Horizon Prep School,,,horizon-prep-school-ca-92067,info@horizonprep.org,+1 858 381 8888,,https://horizonprep.org/,6233 El Apajo,PO Box 9070,Rancho Santa Fe,San Diego County,CA,92067,US,32.99615940,-117.19903120,classical,horizon-prep-school-ca-92067-fcapi-classicality-abstract.md,horizon-prep-school-ca-92067-fcapi-classicality-audit.md,horizon-prep-school-ca-92067-v*-fcapi-classicality-audit.pdf,elementary-intermediate-secondary,Private School,Private,0,,,,,,,,,,,,,,,,,,,,,,,,,,,,,,0,,0,0,0,0,0,0,0,horizon-prep-school-ca-92067-fcapi-classicality-abstract.md,horizon-prep-school-ca-92067-fcapi-classicality-audit.md,horizon-prep-school-ca-92067-v*-fcapi-classicality-audit.pdf,,,0,0,0,0,1327,2165
Acct1407,Hunter Classical Christian School,,,hunter-classical-christian-school-va-23229,info@hunterclassicalchristian.org,(804) 708-0048,,https://www.hunterclassicalchristian.org/,"8800 Derbyshire Rd, Richmond, VA",,Richmond,Goochland County,VA,23229,US,37.60878950,-77.70252750,classical,hunter-classical-christian-school-va-23229-fcapi-classicality-abstract.md,hunter-classical-christian-school-va-23229-fcapi-classicality-audit.md,hunter-classical-christian-school-va-23229-v*-fcapi-classicality-audit.pdf,elementary-intermediate,Private School,Private School,0,2010,127,,,,,,,,,,,,,,,,,,,,,,,,,,,,1,"""\""\\\""""\\\\\\\""""\""""\\\\\\\\\\\\\\\""""\""""\\\""""\""""\\\\\\\\\\\\\\\\\\\\\\\\\\\\\\\""""\""""\\\""""\""""\\\\\\\""""\""""\\\""""\""""\\\\\\\\\\\\\\\\\\\\\\\\\\\\\\\\\\\\\\\\\\\\\\\\\\\\\\\\\\\\\\\""""\""""\\\""""\""""\\\\\\\""""\""""\\\""""\""""\\\\\\\\\\\\\\\""""\""""\\\""""\""""\\\\\\\""""\""""\\\""""\""""\\\\\\\\\\\\\\\\\\\\\\\\\\\\\\\\\\\\\\\\\\\\\\\\\\\\\\\\\\\\\\\\\\\\\\\\\\\\\\\\\\\\\\\\\\\\\\\\\\\\\\\\\\\\\\\\\\\\\\\\\\\\\\\""""\""""\\\""""\""""\\\\\\\""""\""""\\\""""\""""\\\\\\\\\\\\\\\""""\""""\\\""""\""""\\\\\\\""""\""""\\\""""\""""\\\\\\\\\\\\\\\\\\\\\\\\\\\\\\\""""\""""\\\""""\""""\\\\\\\""""\""""\\\""""\""""\\\\\\\\\\\\\\\""""\""""\\\""""\""""\\\\\\\""""\""""\\\""""\""""[\\\\\\\\\\\\\\\\\\\\\\\\\\\\\\\\\\\\\\\\\\\\\\\\\\\\\\\\\\\\\\\\\\\\\\\\\\\\\\\\\\\\\\\\\\\\\\\\\\\\\\\\\\\\\\\\\\\\\\\\\\\\\\\\\\\\\\\\\\\\\\\\\\\\\\\\\\\\\\\\\\\\\\\\\\\\\\\\\\\\\\\\\\\\\\\\\\\\\\\\\\\\\\\\\\\\\\\\\\\\\\\\\\\\\\\\\\\\\\\\\\\\\\\\\\\\\\\""""\""""\\\""""\""""\\\\\\\""""\""""\\\""""\""""\\\\\\\\\\\\\\\""""\""""\\\""""\""""\\\\\\\""""\""""\\\""""\""""\\\\\\\\\\\\\\\\\\\\\\\\\\\\\\\""""\""""\\\""""\""""\\\\\\\""""\""""\\\""""\""""\\\\\\\\\\\\\\\""""\""""\\\""""\""""\\\\\\\""""\""""\\\""""\""""\\\\\\\\\\\\\\\\\\\\\\\\\\\\\\\\\\\\\\\\\\\\\\\\\\\\\\\\\\\\\\\""""\""""\\\""""\""""\\\\\\\""""\""""\\\""""\""""\\\\\\\\\\\\\\\""""\""""\\\""""\""""\\\\\\\""""\""""\\\""""\""""\\\\\\\\\\\\\\\\\\\\\\\\\\\\\\\""""\""""\\\""""\""""\\\\\\\""""\""""\\\""""\""""\\\\\\\\\\\\\\\""""\""""\\\""""\""""\\\\\\\""""\""""\\\""""\""""Latin\\\\\\\\\\\\\\\\\\\\\\\\\\\\\\\\\\\\\\\\\\\\\\\\\\\\\\\\\\\\\\\\\\\\\\\\\\\\\\\\\\\\\\\\\\\\\\\\\\\\\\\\\\\\\\\\\\\\\\\\\\\\\\\\\\\\\\\\\\\\\\\\\\\\\\\\\\\\\\\\\\\\\\\\\\\\\\\\\\\\\\\\\\\\\\\\\\\\\\\\\\\\\\\\\\\\\\\\\\\\\\\\\\\\\\\\\\\\\\\\\\\\\\\\\\\\\\\""""\""""\\\""""\""""\\\\\\\""""\""""\\\""""\""""\\\\\\\\\\\\\\\""""\""""\\\""""\""""\\\\\\\""""\""""\\\""""\""""\\\\\\\\\\\\\\\\\\\\\\\\\\\\\\\""""\""""\\\""""\""""\\\\\\\""""\""""\\\""""\""""\\\\\\\\\\\\\\\""""\""""\\\""""\""""\\\\\\\""""\""""\\\""""\""""\\\\\\\\\\\\\\\\\\\\\\\\\\\\\\\\\\\\\\\\\\\\\\\\\\\\\\\\\\\\\\\""""\""""\\\""""\""""\\\\\\\""""\""""\\\""""\""""\\\\\\\\\\\\\\\""""\""""\\\""""\""""\\\\\\\""""\""""\\\""""\""""\\\\\\\\\\\\\\\\\\\\\\\\\\\\\\\""""\""""\\\""""\""""\\\\\\\""""\""""\\\""""\""""\\\\\\\\\\\\\\\""""\""""\\\""""\""""\\\\\\\""""\""""\\\""""\""""\\\\\\\\\\\\\\\\\\\\\\\\\\\\\\\\\\\\\\\\\\\\\\\\\\\\\\\\\\\\\\\\\\\\\\\\\\\\\\\\\\\\\\\\\\\\\\\\\\\\\\\\\\\\\\\\\\\\\\\\\\\\\\\""""\""""\\\""""\""""\\\\\\\""""\""""\\\""""\""""\\\\\\\\\\\\\\\""""\""""\\\""""\""""\\\\\\\""""\""""\\\""""\""""\\\\\\\\\\\\\\\\\\\\\\\\\\\\\\\""""\""""\\\""""\""""\\\\\\\""""\""""\\\""""\""""\\\\\\\\\\\\\\\""""\""""\\\""""\""""\\\\\\\""""\""""\\\""""\""""\\\\\\\\\\\\\\\\\\\\\\\\\\\\\\\\\\\\\\\\\\\\\\\\\\\\\\\\\\\\\\\""""\""""\\\""""\""""\\\\\\\""""\""""\\\""""\""""\\\\\\\\\\\\\\\""""\""""\\\""""\""""\\\\\\\""""\""""\\\""""\""""\\\\\\\\\\\\\\\\\\\\\\\\\\\\\\\""""\""""\\\""""\""""\\\\\\\""""\""""\\\""""\""""\\\\\\\\\\\\\\\""""\""""\\\""""\""""\\\\\\\""""\""""\\\""""\""""]\\\\\\\\\\\\\\\\\\\\\\\\\\\\\\\\\\\\\\\\\\\\\\\\\\\\\\\\\\\\\\\\\\\\\\\\\\\\\\\\\\\\\\\\\\\\\\\\\\\\\\\\\\\\\\\\\\\\\\\\\\\\\\\""""\""""\\\""""\""""\\\\\\\""""\""""\\\""""\""""\\\\\\\\\\\\\\\""""\""""\\\""""\""""\\\\\\\""""\""""\\\""""\""""\\\\\\\\\\\\\\\\\\\\\\\\\\\\\\\""""\""""\\\""""\""""\\\\\\\""""\""""\\\""""\""""\\\\\\\\\\\\\\\""""\""""\\\""""\""""\\\\\\\""""\""""\\\""""\""""\\\\\\\\\\\\\\\\\\\\\\\\\\\\\\\\\\\\\\\\\\\\\\\\\\\\\\\\\\\\\\\""""\""""\\\""""\""""\\\\\\\""""\""""\\\""""\""""\\\\\\\\\\\\\\\""""\""""\\\""""\""""\\\\\\\""""\""""\\\""""\""""\\\\\\\\\\\\\\\\\\\\\\\\\\\\\\\""""\""""\\\""""\""""\\\\\\\""""\""""\\\""""\""""\\\\\\\\\\\\\\\""""\""""\\\""""\""""\\\\\\\""""\""""\\\""""\""""\\\\\\\\\\\\\\\\\\\\\\\\\\\\\\\\\\\\\\\\\\\\\\\\\\\\\\\\\\\\\\\\\\\\\\\\\\\\\\\\\\\\\\\\\\\\\\\\\\\\\\\\\\\\\\\\\\\\\\\\\\\\\\\""""\""""\\\""""\""""\\\\\\\""""\""""\\\""""\""""\\\\\\\\\\\\\\\""""\""""\\\""""\""""\\\\\\\""""\""""\\\""""\""""\\\\\\\\\\\\\\\\\\\\\\\\\\\\\\\""""\""""\\\""""\""""\\\\\\\""""\""""\\\""""\""""\\\\\\\\\\\\\\\""""\""""\\\""""\""""\\\\\\\""""\""""\\\""""\""""\\\\\\\\\\\\\\\\\\\\\\\\\\\\\\\\\\\\\\\\\\\\\\\\\\\\\\\\\\\\\\\""""\""""\\\""""\""""\\\\\\\""""\""""\\\""""\""""\\\\\\\\\\\\\\\""""\""""\\\""""\""""\\\\\\\""""\""""\\\""""\""""\\\\\\\\\\\\\\\\\\\\\\\\\\\\\\\""""\""""\\\""""\""""\\\\\\\""""\""""\\\""""\""""\\\\\\\\\\\\\\\""""\""""\\\""""\""""\\\\\\\""""\""""\\\""""\""""\\\\\\\\\\\\\\\\\\\\\\\\\\\\\\\\\\\\\\\\\\\\\\\\\\\\\\\\\\\\\\\\\\\\\\\\\\\\\\\\\\\\\\\\\\\\\\\\\\\\\\\\\\\\\\\\\\\\\\\\\\\\\\\""""\""""\\\""""\""""\\\\\\\""""\""""\\\""""\""""\\\\\\\\\\\\\\\""""\""""\\\""""\""""\\\\\\\""""\""""\\\""""\""""\\\\\\\\\\\\\\\\\\\\\\\\\\\\\\\""""\""""\\\""""\""""\\\\\\\""""\""""\\\""""\""""\\\\\\\\\\\\\\\""""\""""\\\""""\""""\\\\\\\""""\""""\\\""""\""""\\\\\\\\\\\\\\\\\\\\\\\\\\\\\\\\\\\\\\\\\\\\\\\\\\\\\\\\\\\\\\\""""\""""\\\""""\""""\\\\\\\""""\""""\\\""""\""""\\\\\\\\\\\\\\\""""\""""\\\""""\""""\\\\\\\""""\""""\\\""""\""""\\\\\\\\\\\\\\\\\\\\\\\\\\\\\\\""""\""""\\\""""\""""\\\\\\\""""\""""\\\""""\""""\\\\\\\\\\\\\\\""""\""""\\\""""\""""\\\\\\\""""\""""\\\""""\""""\\\\\\\\\\\\\\\\\\\\\\\\\\\\\\\\\\\\\\\\\\\\\\\\\\\\\\\\\\\\\\\""""\""""\\\""""\""""\\\\\\\""""\""""\\\""""\""""\\\\\\\\\\\\\\\""""\""""\\\""""\""""\\\\\\\""""\""""\\\""""\""""\\\\\\\\\\\\\\\\\\\\\\\\\\\\\\\""""\""""\\\""""\""""\\\\\\\""""\""""\\\""""\""""\\\\\\\\\\\\\\\""""\""""\\\""""\""""\\\\\\\""""\""""\\\""""\""""\\\\\\\\\\\\\\\\\\\\\\\\\\\\\\\\\\\\\\\\\\\\\\\\\\\\\\\\\\\\\\\""""\""""\\\""""\""""\\\\\\\""""\""""\\\""""\""""\\\\\\\\\\\\\\\""""\""""\\\""""\""""\\\\\\\""""\""""\\\""""\""""\\\\\\\\\\\\\\\\\\\\\\\\\\\\\\\""""\""""\\\""""\""""\\\\\\\""""\""""\\\""""\""""\\\\\\\\\\\\\\\""""\""""\\\""""\""""\\\\\\\""""\""""\\\""""\""""\\\\\\\\\\\\\\\\\\\\\\\\\\\\\\\\\\\\\\\\\\\\\\\\\\\\\\\\\\\\\\\""""\""""\\\""""\""""\\\\\\\""""\""""\\\""""\""""\\\\\\\\\\\\\\\""""\""""\\\""""\""""\\\\\\\""""\""""\\\""""\""""\\\\\\\\\\\\\\\\\\\\\\\\\\\\\\\""""\""""\\\""""\""""\\\\\\\""""\""""\\\""""\""""\\\\\\\\\\\\\\\""""\""""\\\""""\""""\\\\\\\""""\""""\\\""""\""""\\\\\\\\\\\\\\\\\\\\\\\\\\\\\\\""""\""""\\\""""\""""\\\\\\\""""\""""\\\""""\""""\\\\\\\\\\\\\\\""""\""""\\\""""\""""\\\\\\\""""\""""\\\""""\""""\\\\\\\\\\\\\\\\\\\\\\\\\\\\\\\""""\""""\\\""""\""""\\\\\\\""""\""""\\\""""\""""\\\\\\\\\\\\\\\""""\""""\\\""""\""""\\\\\\\""""\""""\\\""""\""""\\\\\\\\\\\\\\\\\\\\\\\\\\\\\\\""""\""""\\\""""\""""\\\\\\\""""\""""\\\""""\""""\\\\\\\\\\\\\\\""""\""""\\\""""\""""\\\\\\\""""\""""\\\""""\""""\\\\\\\\\\\\\\\""""\""""\\\""""\""""\\\\\\\""""\""""\\\""""\""""\\\\\\\\\\\\\\\""""\""""\\\""""\""""\\\\\\\""""\""""\\\""""\""""\\\\\\\\\\\\\\\""""\""""\\\""""\""""\\\\\\\""""\""""\\\""""\""""\\\\\\\""""\""""\\\""""\""""\\\\\\\""""\""""\\\""""\""""\\\\\\\""""\""""\\\""""\""""\\\""""\""""\\\""""\""""\\\""""\""""\""""\""""\""""""""""",1,0,1,1,0,0,0,hunter-classical-christian-school-va-23229-fcapi-classicality-abstract.md,hunter-classical-christian-school-va-23229-fcapi-classicality-audit.md,hunter-classical-christian-school-va-23229-v*-fcapi-classicality-audit.pdf,,,0,0,0,0,1332,
Acct1409,Idaho Novus Classical Academy,,,idaho-novus-classical-academy-id-83714,,+1 208 817 0618,,https://idahonovus.org/,19255 North McLeod Way,,INCA,Ada County,ID,83714,US,43.77896940,-116.26357170,classical,idaho-novus-classical-academy-id-83714-fcapi-classicality-abstract.md,idaho-novus-classical-academy-id-83714-fcapi-classicality-audit.md,idaho-novus-classical-academy-id-83714-v*-fcapi-classicality-audit.pdf,elementary-intermediate,Charter,Public,0,,,,,,,,,,,,,,,,,,,,,,,,,,,,,,0,,0,0,0,0,0,0,0,idaho-novus-classical-academy-id-83714-fcapi-classicality-abstract.md,idaho-novus-classical-academy-id-83714-fcapi-classicality-audit.md,idaho-novus-classical-academy-id-83714-v*-fcapi-classicality-audit.pdf,,,0,0,0,0,1334,711
Acct1415,Imagine Christian Academy,,,imagine-christian-academy-wa-98010,,+1 360 515 7650,,https://www.theacademyatgp.org/,25610 Lawson St. Black,,Diamond,King County,WA,98010,US,47.30935750,-122.00105540,classical,imagine-christian-academy-wa-98010-fcapi-classicality-abstract.md,imagine-christian-academy-wa-98010-fcapi-classicality-audit.md,imagine-christian-academy-wa-98010-v*-fcapi-classicality-audit.pdf,elementary-intermediate,Private School,Private,0,,,,,,,,,,,,,,,,,,,,,,,,,,,,,,0,,0,0,0,0,0,0,0,imagine-christian-academy-wa-98010-fcapi-classicality-abstract.md,imagine-christian-academy-wa-98010-fcapi-classicality-audit.md,imagine-christian-academy-wa-98010-v*-fcapi-classicality-audit.pdf,,,0,0,0,0,1339,838
Acct1416,Imago Dei Academy,,,imago-dei-academy-nm-88310,headmaster@imagodeiacademy.net,+1 575 434 3903,,https://www.imagodei.academy/,3601 N. Scenic Dr.,,Alamogordo,Otero County,NM,88310,US,32.93778110,-105.95367880,classical,imago-dei-academy-nm-88310-fcapi-classicality-abstract.md,imago-dei-academy-nm-88310-fcapi-classicality-audit.md,imago-dei-academy-nm-88310-v*-fcapi-classicality-audit.pdf,elementary-intermediate-secondary,Private School,Private,0,2008,,,,,,,,,,,,,,,,,,,,,,,,,,,,,0,,0,0,0,0,0,0,0,imago-dei-academy-nm-88310-fcapi-classicality-abstract.md,imago-dei-academy-nm-88310-fcapi-classicality-audit.md,imago-dei-academy-nm-88310-v*-fcapi-classicality-audit.pdf,,,0,0,0,0,1340,176
Acct1418,Imago Dei Classical Academy,,,imago-dei-classical-academy-la-70131,,+1 828 513 4966,,https://www.imagodeict.org/,3514 Timber Bluff Ln.,,New Orleans,Orleans Parish,LA,70131,US,29.89937260,-89.99662480,classical,imago-dei-classical-academy-la-70131-fcapi-classicality-abstract.md,imago-dei-classical-academy-la-70131-fcapi-classicality-audit.md,imago-dei-classical-academy-la-70131-v*-fcapi-classicality-audit.pdf,elementary-intermediate-secondary,,,0,,,,,,,,,,,,,,,,,,,,,,,,,,,,,,0,,0,0,0,0,0,0,0,imago-dei-classical-academy-la-70131-fcapi-classicality-abstract.md,imago-dei-classical-academy-la-70131-fcapi-classicality-audit.md,imago-dei-classical-academy-la-70131-v*-fcapi-classicality-audit.pdf,,,0,0,0,0,1342,
Acct1420,Imago Dei Classical School,,,imago-dei-classical-school-wi-53144,office@imagodeiclassicalschool.org,+1 262 484 4117,,https://www.imagodeiclassicalschool.org/,5214 47th Ave.nue,,Kenosha,Kenosha County,WI,53144,US,42.58814450,-87.86609420,classical,imago-dei-classical-school-wi-53144-fcapi-classicality-abstract.md,imago-dei-classical-school-wi-53144-fcapi-classicality-audit.md,imago-dei-classical-school-wi-53144-v*-fcapi-classicality-audit.pdf,elementary-intermediate,Private School,Private,0,2021,,,,,,,,,,,,,,,,,,,,,,,,,,,,,0,,0,0,0,0,0,0,0,imago-dei-classical-school-wi-53144-fcapi-classicality-abstract.md,imago-dei-classical-school-wi-53144-fcapi-classicality-audit.md,imago-dei-classical-school-wi-53144-v*-fcapi-classicality-audit.pdf,,,0,0,0,0,1344,1841
Acct1421,Imago Dei Neighborhood School,,,imago-dei-neighborhood-school-va-23222,office@imagodeirichmond.org,+1 804 716 7265,,https://imagodeirichmond.org/,2904 Moss Side Ave.,,Richmond,,VA,23222,US,37.57078860,-77.44122050,classical,imago-dei-neighborhood-school-va-23222-fcapi-classicality-abstract.md,imago-dei-neighborhood-school-va-23222-fcapi-classicality-audit.md,imago-dei-neighborhood-school-va-23222-v*-fcapi-classicality-audit.pdf,elementary-intermediate-secondary,Private School,Private,0,,,,,,,,,,,,,,,,,,,,,,,,,,,,,,0,,0,0,0,0,0,0,0,imago-dei-neighborhood-school-va-23222-fcapi-classicality-abstract.md,imago-dei-neighborhood-school-va-23222-fcapi-classicality-audit.md,imago-dei-neighborhood-school-va-23222-v*-fcapi-classicality-audit.pdf,,,0,0,0,0,1345,1439
Acct1437,Incarnation Catholic School,,,incarnation-catholic-school-fl-34239,,+1 941 924 8588,,https://www.incarnationschool.edu/,2911 Bee Ridge Rd.,,Sarasota,Sarasota County,FL,34239,US,27.29998880,-82.51201540,classical,incarnation-catholic-school-fl-34239-fcapi-classicality-abstract.md,incarnation-catholic-school-fl-34239-fcapi-classicality-audit.md,incarnation-catholic-school-fl-34239-v*-fcapi-classicality-audit.pdf,elementary-intermediate,Private School,Private,0,,,,,,,,,,,,,,,,,,,,,,,,,,,,,,0,,0,0,0,0,0,0,0,incarnation-catholic-school-fl-34239-fcapi-classicality-abstract.md,incarnation-catholic-school-fl-34239-fcapi-classicality-audit.md,incarnation-catholic-school-fl-34239-v*-fcapi-classicality-audit.pdf,,,0,0,0,0,1360,191
Acct1443,Innovate Academy,,,innovate-academy-pa-19317,mguaglione@ccdelco.com,+1 856 381 1173,,https://ccdelco.com/,500 Brandywine Dr.,,Chadds Ford,Delaware County,PA,19317,US,39.88242940,-75.55552180,classical,innovate-academy-pa-19317-fcapi-classicality-abstract.md,innovate-academy-pa-19317-fcapi-classicality-audit.md,innovate-academy-pa-19317-v*-fcapi-classicality-audit.pdf,elementary-intermediate-secondary,Private School,Private,0,2019,,,,,,,,,,,,,,,,,,,,,,,,,,,,,0,,0,0,0,0,0,0,0,innovate-academy-pa-19317-fcapi-classicality-abstract.md,innovate-academy-pa-19317-fcapi-classicality-audit.md,innovate-academy-pa-19317-v*-fcapi-classicality-audit.pdf,,,0,0,0,0,1365,2683
,Ironbridge Christian Academy,,,ironbridge-christian-academy-va-23831,info@ironbridge.academy,+1 804 796 6868,,https://ironbridge.academy,10900 Iron Bridge Rd,,Chester,,VA,23831,US,37.36537350,-77.49993660,classical,ironbridge-christian-academy-va-23831-fcapi-classicality-abstract.md,ironbridge-christian-academy-va-23831-fcapi-classicality-audit.md,ironbridge-christian-academy-va-23831-v*-fcapi-classicality-audit.pdf,elementary-intermediate-secondary,,,0,2025,,,,,,,,,,,,,,,,,,,,,,,,,,,,,0,,0,0,0,0,0,0,0,ironbridge-christian-academy-va-23831-fcapi-classicality-abstract.md,ironbridge-christian-academy-va-23831-fcapi-classicality-audit.md,ironbridge-christian-academy-va-23831-v*-fcapi-classicality-audit.pdf,,,0,0,0,0,3207,
Acct1454,Island Christian Academy,,,island-christian-academy-wa-98260,islandchristianacademy@gmail.com,+1 360 221 0919,,https://www.islandchristianacademy.com/,PO Box 1048,,Langley,Island County,WA,98260,US,48.01481620,-122.40868370,classical,island-christian-academy-wa-98260-fcapi-classicality-abstract.md,island-christian-academy-wa-98260-fcapi-classicality-audit.md,island-christian-academy-wa-98260-v*-fcapi-classicality-audit.pdf,elementary-intermediate-secondary,Private School,Private,0,2008,,,,,,,,,,,,,,,,,,,,,,,,,,,,,0,,0,0,0,0,0,0,0,island-christian-academy-wa-98260-fcapi-classicality-abstract.md,island-christian-academy-wa-98260-fcapi-classicality-audit.md,island-christian-academy-wa-98260-v*-fcapi-classicality-audit.pdf,,,0,0,0,0,1373,1690
Acct1457,Ivy Classical Academy,,,ivy-classical-academy-al-36066,info@ivyclassical.org,+1 334 595 5580,,https://ivyclassical.org/,1000 Vista Point Boulevard,,Prattville,Elmore County,AL,36066,US,32.46482360,-86.39755930,classical,ivy-classical-academy-al-36066-fcapi-classicality-abstract.md,ivy-classical-academy-al-36066-fcapi-classicality-audit.md,ivy-classical-academy-al-36066-v*-fcapi-classicality-audit.pdf,elementary,Charter,Public,0,,,,,,,,,,,,,,,,,,,,,,,,,,,,,,0,,0,0,0,0,0,0,0,ivy-classical-academy-al-36066-fcapi-classicality-abstract.md,ivy-classical-academy-al-36066-fcapi-classicality-audit.md,ivy-classical-academy-al-36066-v*-fcapi-classicality-audit.pdf,,,0,0,0,0,1376,2560
Acct1459,Ivywood Classical Academy,,,ivywood-classical-academy-mi-48170,,+1 248 207 1757,,https://ivywoodclassicalacademy.com/,14356 Genoa Ct,,Plymouth,Wayne County,MI,48170,US,42.38614390,-83.51528860,classical,ivywood-classical-academy-mi-48170-fcapi-classicality-abstract.md,ivywood-classical-academy-mi-48170-fcapi-classicality-audit.md,ivywood-classical-academy-mi-48170-v*-fcapi-classicality-audit.pdf,elementary-intermediate-secondary,Charter,Public,0,,,,,,,,,,,,,,,,,,,,,,,,,,,,,,0,,0,0,0,0,0,0,0,ivywood-classical-academy-mi-48170-fcapi-classicality-abstract.md,ivywood-classical-academy-mi-48170-fcapi-classicality-audit.md,ivywood-classical-academy-mi-48170-v*-fcapi-classicality-audit.pdf,,,0,0,0,0,1377,1578
Acct1485,JSerra Catholic High School,,,jserra-catholic-high-school-ca-92675,,+1 949 493 9307,,https://crlacapo.org/,26351 Junipero Serra Rd.,,San Juan Capistrano,Orange County,CA,92675,US,33.52086450,-117.66823190,classical,jserra-catholic-high-school-ca-92675-fcapi-classicality-abstract.md,jserra-catholic-high-school-ca-92675-fcapi-classicality-audit.md,jserra-catholic-high-school-ca-92675-v*-fcapi-classicality-audit.pdf,elementary-intermediate-secondary,Private School,Private,0,,,,,,,,,,,,,,,,,,,,,,,,,,,,,,0,,0,0,0,0,0,0,0,jserra-catholic-high-school-ca-92675-fcapi-classicality-abstract.md,jserra-catholic-high-school-ca-92675-fcapi-classicality-audit.md,jserra-catholic-high-school-ca-92675-v*-fcapi-classicality-audit.pdf,,,0,0,0,0,1395,265
Acct1460,Jackson Hole Classical Academy,,,jackson-hole-classical-academy-wy-83001,info@jhclassical.org,+1 585 213 1584,,https://jhclassical.org/,2500 S Park Loop Rd.,,Jackson,Teton County,WY,83001,US,43.44318460,-110.81160910,classical,jackson-hole-classical-academy-wy-83001-fcapi-classicality-abstract.md,jackson-hole-classical-academy-wy-83001-fcapi-classicality-audit.md,jackson-hole-classical-academy-wy-83001-v*-fcapi-classicality-audit.pdf,elementary-intermediate-secondary,Private School,Private,0,2011,,,,,,,,,,,,,,,,,,,,,,,,,,,,,0,,0,0,0,0,0,0,0,jackson-hole-classical-academy-wy-83001-fcapi-classicality-abstract.md,jackson-hole-classical-academy-wy-83001-fcapi-classicality-audit.md,jackson-hole-classical-academy-wy-83001-v*-fcapi-classicality-audit.pdf,,,0,0,0,0,1378,2729
Acct1461,Jacksonville Classical Academy: Riverside,,,jacksonville-classical-academy-riverside-fl-32204,,,,https://www.jaxclassical.org/,2043 Forest St.,,Jacksonville,,FL,32204,US,30.32531890,-81.68356270,classical,jacksonville-classical-academy-riverside-fl-32204-fcapi-classicality-abstract.md,jacksonville-classical-academy-riverside-fl-32204-fcapi-classicality-audit.md,jacksonville-classical-academy-riverside-fl-32204-v*-fcapi-classicality-audit.pdf,elementary-intermediate-secondary,Charter,,0,,300,,,,,,,,,,,,,,,,,,,,,,,,,,,,1,"""\""\\\""""\\\\\\\""""\""""\\\\\\\\\\\\\\\""""\""""\\\""""\""""\\\\\\\\\\\\\\\\\\\\\\\\\\\\\\\""""\""""\\\""""\""""\\\\\\\""""\""""\\\""""\""""\\\\\\\\\\\\\\\\\\\\\\\\\\\\\\\\\\\\\\\\\\\\\\\\\\\\\\\\\\\\\\\""""\""""\\\""""\""""\\\\\\\""""\""""\\\""""\""""\\\\\\\\\\\\\\\""""\""""\\\""""\""""\\\\\\\""""\""""\\\""""\""""\\\\\\\\\\\\\\\\\\\\\\\\\\\\\\\\\\\\\\\\\\\\\\\\\\\\\\\\\\\\\\\\\\\\\\\\\\\\\\\\\\\\\\\\\\\\\\\\\\\\\\\\\\\\\\\\\\\\\\\\\\\\\\\""""\""""\\\""""\""""\\\\\\\""""\""""\\\""""\""""\\\\\\\\\\\\\\\""""\""""\\\""""\""""\\\\\\\""""\""""\\\""""\""""\\\\\\\\\\\\\\\\\\\\\\\\\\\\\\\""""\""""\\\""""\""""\\\\\\\""""\""""\\\""""\""""\\\\\\\\\\\\\\\""""\""""\\\""""\""""\\\\\\\""""\""""\\\""""\""""[\\\\\\\\\\\\\\\\\\\\\\\\\\\\\\\\\\\\\\\\\\\\\\\\\\\\\\\\\\\\\\\\\\\\\\\\\\\\\\\\\\\\\\\\\\\\\\\\\\\\\\\\\\\\\\\\\\\\\\\\\\\\\\\\\\\\\\\\\\\\\\\\\\\\\\\\\\\\\\\\\\\\\\\\\\\\\\\\\\\\\\\\\\\\\\\\\\\\\\\\\\\\\\\\\\\\\\\\\\\\\\\\\\\\\\\\\\\\\\\\\\\\\\\\\\\\\\\""""\""""\\\""""\""""\\\\\\\""""\""""\\\""""\""""\\\\\\\\\\\\\\\""""\""""\\\""""\""""\\\\\\\""""\""""\\\""""\""""\\\\\\\\\\\\\\\\\\\\\\\\\\\\\\\""""\""""\\\""""\""""\\\\\\\""""\""""\\\""""\""""\\\\\\\\\\\\\\\""""\""""\\\""""\""""\\\\\\\""""\""""\\\""""\""""\\\\\\\\\\\\\\\\\\\\\\\\\\\\\\\\\\\\\\\\\\\\\\\\\\\\\\\\\\\\\\\""""\""""\\\""""\""""\\\\\\\""""\""""\\\""""\""""\\\\\\\\\\\\\\\""""\""""\\\""""\""""\\\\\\\""""\""""\\\""""\""""\\\\\\\\\\\\\\\\\\\\\\\\\\\\\\\""""\""""\\\""""\""""\\\\\\\""""\""""\\\""""\""""\\\\\\\\\\\\\\\""""\""""\\\""""\""""\\\\\\\""""\""""\\\""""\""""Latin\\\\\\\\\\\\\\\\\\\\\\\\\\\\\\\\\\\\\\\\\\\\\\\\\\\\\\\\\\\\\\\\\\\\\\\\\\\\\\\\\\\\\\\\\\\\\\\\\\\\\\\\\\\\\\\\\\\\\\\\\\\\\\\\\\\\\\\\\\\\\\\\\\\\\\\\\\\\\\\\\\\\\\\\\\\\\\\\\\\\\\\\\\\\\\\\\\\\\\\\\\\\\\\\\\\\\\\\\\\\\\\\\\\\\\\\\\\\\\\\\\\\\\\\\\\\\\\""""\""""\\\""""\""""\\\\\\\""""\""""\\\""""\""""\\\\\\\\\\\\\\\""""\""""\\\""""\""""\\\\\\\""""\""""\\\""""\""""\\\\\\\\\\\\\\\\\\\\\\\\\\\\\\\""""\""""\\\""""\""""\\\\\\\""""\""""\\\""""\""""\\\\\\\\\\\\\\\""""\""""\\\""""\""""\\\\\\\""""\""""\\\""""\""""\\\\\\\\\\\\\\\\\\\\\\\\\\\\\\\\\\\\\\\\\\\\\\\\\\\\\\\\\\\\\\\""""\""""\\\""""\""""\\\\\\\""""\""""\\\""""\""""\\\\\\\\\\\\\\\""""\""""\\\""""\""""\\\\\\\""""\""""\\\""""\""""\\\\\\\\\\\\\\\\\\\\\\\\\\\\\\\""""\""""\\\""""\""""\\\\\\\""""\""""\\\""""\""""\\\\\\\\\\\\\\\""""\""""\\\""""\""""\\\\\\\""""\""""\\\""""\""""\\\\\\\\\\\\\\\\\\\\\\\\\\\\\\\\\\\\\\\\\\\\\\\\\\\\\\\\\\\\\\\\\\\\\\\\\\\\\\\\\\\\\\\\\\\\\\\\\\\\\\\\\\\\\\\\\\\\\\\\\\\\\\\""""\""""\\\""""\""""\\\\\\\""""\""""\\\""""\""""\\\\\\\\\\\\\\\""""\""""\\\""""\""""\\\\\\\""""\""""\\\""""\""""\\\\\\\\\\\\\\\\\\\\\\\\\\\\\\\""""\""""\\\""""\""""\\\\\\\""""\""""\\\""""\""""\\\\\\\\\\\\\\\""""\""""\\\""""\""""\\\\\\\""""\""""\\\""""\""""\\\\\\\\\\\\\\\\\\\\\\\\\\\\\\\\\\\\\\\\\\\\\\\\\\\\\\\\\\\\\\\""""\""""\\\""""\""""\\\\\\\""""\""""\\\""""\""""\\\\\\\\\\\\\\\""""\""""\\\""""\""""\\\\\\\""""\""""\\\""""\""""\\\\\\\\\\\\\\\\\\\\\\\\\\\\\\\""""\""""\\\""""\""""\\\\\\\""""\""""\\\""""\""""\\\\\\\\\\\\\\\""""\""""\\\""""\""""\\\\\\\""""\""""\\\""""\""""]\\\\\\\\\\\\\\\\\\\\\\\\\\\\\\\\\\\\\\\\\\\\\\\\\\\\\\\\\\\\\\\\\\\\\\\\\\\\\\\\\\\\\\\\\\\\\\\\\\\\\\\\\\\\\\\\\\\\\\\\\\\\\\\""""\""""\\\""""\""""\\\\\\\""""\""""\\\""""\""""\\\\\\\\\\\\\\\""""\""""\\\""""\""""\\\\\\\""""\""""\\\""""\""""\\\\\\\\\\\\\\\\\\\\\\\\\\\\\\\""""\""""\\\""""\""""\\\\\\\""""\""""\\\""""\""""\\\\\\\\\\\\\\\""""\""""\\\""""\""""\\\\\\\""""\""""\\\""""\""""\\\\\\\\\\\\\\\\\\\\\\\\\\\\\\\\\\\\\\\\\\\\\\\\\\\\\\\\\\\\\\\""""\""""\\\""""\""""\\\\\\\""""\""""\\\""""\""""\\\\\\\\\\\\\\\""""\""""\\\""""\""""\\\\\\\""""\""""\\\""""\""""\\\\\\\\\\\\\\\\\\\\\\\\\\\\\\\""""\""""\\\""""\""""\\\\\\\""""\""""\\\""""\""""\\\\\\\\\\\\\\\""""\""""\\\""""\""""\\\\\\\""""\""""\\\""""\""""\\\\\\\\\\\\\\\\\\\\\\\\\\\\\\\\\\\\\\\\\\\\\\\\\\\\\\\\\\\\\\\\\\\\\\\\\\\\\\\\\\\\\\\\\\\\\\\\\\\\\\\\\\\\\\\\\\\\\\\\\\\\\\\""""\""""\\\""""\""""\\\\\\\""""\""""\\\""""\""""\\\\\\\\\\\\\\\""""\""""\\\""""\""""\\\\\\\""""\""""\\\""""\""""\\\\\\\\\\\\\\\\\\\\\\\\\\\\\\\""""\""""\\\""""\""""\\\\\\\""""\""""\\\""""\""""\\\\\\\\\\\\\\\""""\""""\\\""""\""""\\\\\\\""""\""""\\\""""\""""\\\\\\\\\\\\\\\\\\\\\\\\\\\\\\\\\\\\\\\\\\\\\\\\\\\\\\\\\\\\\\\""""\""""\\\""""\""""\\\\\\\""""\""""\\\""""\""""\\\\\\\\\\\\\\\""""\""""\\\""""\""""\\\\\\\""""\""""\\\""""\""""\\\\\\\\\\\\\\\\\\\\\\\\\\\\\\\""""\""""\\\""""\""""\\\\\\\""""\""""\\\""""\""""\\\\\\\\\\\\\\\""""\""""\\\""""\""""\\\\\\\""""\""""\\\""""\""""\\\\\\\\\\\\\\\\\\\\\\\\\\\\\\\\\\\\\\\\\\\\\\\\\\\\\\\\\\\\\\\\\\\\\\\\\\\\\\\\\\\\\\\\\\\\\\\\\\\\\\\\\\\\\\\\\\\\\\\\\\\\\\\""""\""""\\\""""\""""\\\\\\\""""\""""\\\""""\""""\\\\\\\\\\\\\\\""""\""""\\\""""\""""\\\\\\\""""\""""\\\""""\""""\\\\\\\\\\\\\\\\\\\\\\\\\\\\\\\""""\""""\\\""""\""""\\\\\\\""""\""""\\\""""\""""\\\\\\\\\\\\\\\""""\""""\\\""""\""""\\\\\\\""""\""""\\\""""\""""\\\\\\\\\\\\\\\\\\\\\\\\\\\\\\\\\\\\\\\\\\\\\\\\\\\\\\\\\\\\\\\""""\""""\\\""""\""""\\\\\\\""""\""""\\\""""\""""\\\\\\\\\\\\\\\""""\""""\\\""""\""""\\\\\\\""""\""""\\\""""\""""\\\\\\\\\\\\\\\\\\\\\\\\\\\\\\\""""\""""\\\""""\""""\\\\\\\""""\""""\\\""""\""""\\\\\\\\\\\\\\\""""\""""\\\""""\""""\\\\\\\""""\""""\\\""""\""""\\\\\\\\\\\\\\\\\\\\\\\\\\\\\\\\\\\\\\\\\\\\\\\\\\\\\\\\\\\\\\\""""\""""\\\""""\""""\\\\\\\""""\""""\\\""""\""""\\\\\\\\\\\\\\\""""\""""\\\""""\""""\\\\\\\""""\""""\\\""""\""""\\\\\\\\\\\\\\\\\\\\\\\\\\\\\\\""""\""""\\\""""\""""\\\\\\\""""\""""\\\""""\""""\\\\\\\\\\\\\\\""""\""""\\\""""\""""\\\\\\\""""\""""\\\""""\""""\\\\\\\\\\\\\\\\\\\\\\\\\\\\\\\\\\\\\\\\\\\\\\\\\\\\\\\\\\\\\\\""""\""""\\\""""\""""\\\\\\\""""\""""\\\""""\""""\\\\\\\\\\\\\\\""""\""""\\\""""\""""\\\\\\\""""\""""\\\""""\""""\\\\\\\\\\\\\\\\\\\\\\\\\\\\\\\""""\""""\\\""""\""""\\\\\\\""""\""""\\\""""\""""\\\\\\\\\\\\\\\""""\""""\\\""""\""""\\\\\\\""""\""""\\\""""\""""\\\\\\\\\\\\\\\\\\\\\\\\\\\\\\\\\\\\\\\\\\\\\\\\\\\\\\\\\\\\\\\""""\""""\\\""""\""""\\\\\\\""""\""""\\\""""\""""\\\\\\\\\\\\\\\""""\""""\\\""""\""""\\\\\\\""""\""""\\\""""\""""\\\\\\\\\\\\\\\\\\\\\\\\\\\\\\\""""\""""\\\""""\""""\\\\\\\""""\""""\\\""""\""""\\\\\\\\\\\\\\\""""\""""\\\""""\""""\\\\\\\""""\""""\\\""""\""""\\\\\\\\\\\\\\\\\\\\\\\\\\\\\\\""""\""""\\\""""\""""\\\\\\\""""\""""\\\""""\""""\\\\\\\\\\\\\\\""""\""""\\\""""\""""\\\\\\\""""\""""\\\""""\""""\\\\\\\\\\\\\\\\\\\\\\\\\\\\\\\""""\""""\\\""""\""""\\\\\\\""""\""""\\\""""\""""\\\\\\\\\\\\\\\""""\""""\\\""""\""""\\\\\\\""""\""""\\\""""\""""\\\\\\\\\\\\\\\\\\\\\\\\\\\\\\\""""\""""\\\""""\""""\\\\\\\""""\""""\\\""""\""""\\\\\\\\\\\\\\\""""\""""\\\""""\""""\\\\\\\""""\""""\\\""""\""""\\\\\\\\\\\\\\\""""\""""\\\""""\""""\\\\\\\""""\""""\\\""""\""""\\\\\\\\\\\\\\\""""\""""\\\""""\""""\\\\\\\""""\""""\\\""""\""""\\\\\\\\\\\\\\\""""\""""\\\""""\""""\\\\\\\""""\""""\\\""""\""""\\\\\\\""""\""""\\\""""\""""\\\\\\\""""\""""\\\""""\""""\\\\\\\""""\""""\\\""""\""""\\\""""\""""\\\""""\""""\\\""""\""""\""""\""""\""""""""""",1,0,1,1,0,0,0,jacksonville-classical-academy-riverside-fl-32204-fcapi-classicality-abstract.md,jacksonville-classical-academy-riverside-fl-32204-fcapi-classicality-audit.md,jacksonville-classical-academy-riverside-fl-32204-v*-fcapi-classicality-audit.pdf,,,0,0,0,0,5347,
Acct1477,John Paul the Great Academy,,,john-paul-great-academy-la-70501,,+1 337 889 5345,,https://jpgacademy.org/,1522 Carmel Dr.,,Lafayette,Lafayette Parish,LA,70501,US,30.22927720,-91.98386730,classical,john-paul-great-academy-la-70501-fcapi-classicality-abstract.md,john-paul-great-academy-la-70501-fcapi-classicality-audit.md,john-paul-great-academy-la-70501-v*-fcapi-classicality-audit.pdf,elementary-intermediate-secondary,Private School,Private,0,,,,,,,,,,,,,,,,,,,,,,,,,,,,,,0,,0,0,0,0,0,0,0,john-paul-great-academy-la-70501-fcapi-classicality-abstract.md,john-paul-great-academy-la-70501-fcapi-classicality-audit.md,john-paul-great-academy-la-70501-v*-fcapi-classicality-audit.pdf,,,0,0,0,0,1388,2157
Acct1478,Johnson Ferry Christian Academy,,,johnson-ferry-christian-academy-ga-30068,admissions@jfca.org,+1 678 784 5231,,https://jfca.org/,955 Johnson Ferry Road,,Marietta,Cobb County,GA,30068,US,33.97253200,-84.41472700,classical,johnson-ferry-christian-academy-ga-30068-fcapi-classicality-abstract.md,johnson-ferry-christian-academy-ga-30068-fcapi-classicality-audit.md,johnson-ferry-christian-academy-ga-30068-v*-fcapi-classicality-audit.pdf,elementary,Private School,Private,0,,,,,,,,,,,,,,,,,,,,,,,,,,,,,,0,,0,0,0,0,0,0,0,johnson-ferry-christian-academy-ga-30068-fcapi-classicality-abstract.md,johnson-ferry-christian-academy-ga-30068-fcapi-classicality-audit.md,johnson-ferry-christian-academy-ga-30068-v*-fcapi-classicality-audit.pdf,,,0,0,0,0,1389,2272
Acct1479,Jonathan Edwards Classical Academy,,,jonathan-edwards-classical-academy-tn-37189,office@jecanashville.org,+1 615 876 7291,,https://jecanashville.org/,4479 Jackson Rd.,,Whites Creek,Davidson County,TN,37189,US,36.29593970,-86.77369410,classical,jonathan-edwards-classical-academy-tn-37189-fcapi-classicality-abstract.md,jonathan-edwards-classical-academy-tn-37189-fcapi-classicality-audit.md,jonathan-edwards-classical-academy-tn-37189-v*-fcapi-classicality-audit.pdf,elementary-intermediate-secondary,Private School,Private,0,2009,,,,,,,,,,,,,,,,,,,,,,,,,,,,,0,,0,0,0,0,0,0,0,jonathan-edwards-classical-academy-tn-37189-fcapi-classicality-abstract.md,jonathan-edwards-classical-academy-tn-37189-fcapi-classicality-audit.md,jonathan-edwards-classical-academy-tn-37189-v*-fcapi-classicality-audit.pdf,,,0,0,0,0,1390,1821
Acct1491,Kairos Classical Christian Academy,,,kairos-classical-christian-academy-nc-28052,,+1 704 865 7132,,https://www.vcagastonia.org/,317 South Chester Street,,Gastonia,Gaston County,NC,28052,US,35.25998470,-81.18797410,classical,kairos-classical-christian-academy-nc-28052-fcapi-classicality-abstract.md,kairos-classical-christian-academy-nc-28052-fcapi-classicality-audit.md,kairos-classical-christian-academy-nc-28052-v*-fcapi-classicality-audit.pdf,elementary-intermediate-secondary,Private School,Private,0,2025,,,,,,,,,,,,,,,,,,,,,,,,,,,,,0,,0,0,0,0,0,0,0,kairos-classical-christian-academy-nc-28052-fcapi-classicality-abstract.md,kairos-classical-christian-academy-nc-28052-fcapi-classicality-audit.md,kairos-classical-christian-academy-nc-28052-v*-fcapi-classicality-audit.pdf,,,0,0,0,0,1401,21
Acct1493,Kalos Christian Academy,,,kalos-christian-academy-mo-64117,office@kaloskc.com,+1 816 888 0839,,https://kaloskc.com/,4513 North Jackson Avenue,,Kansas City,Clay County,MO,64117,US,39.17612240,-94.52998990,classical,kalos-christian-academy-mo-64117-fcapi-classicality-abstract.md,kalos-christian-academy-mo-64117-fcapi-classicality-audit.md,kalos-christian-academy-mo-64117-v*-fcapi-classicality-audit.pdf,elementary-intermediate-secondary,Private School,Private,0,2023,,,,,,,,,,,,,,,,,,,,,,,,,,,,,0,,0,0,0,0,0,0,0,kalos-christian-academy-mo-64117-fcapi-classicality-abstract.md,kalos-christian-academy-mo-64117-fcapi-classicality-audit.md,kalos-christian-academy-mo-64117-v*-fcapi-classicality-audit.pdf,,,0,0,0,0,1403,761
Acct1496,Katy Classical Academy,,,katy-classical-academy-tx-77494,Admissions@katyclassicalacademy.org,+1 281 962 8522,,https://katyclassicalacademy.org/,26600 Westheimer Parkway In,,Katy,Fort Bend County,TX,77494,US,29.76113310,-95.80712130,classical,katy-classical-academy-tx-77494-fcapi-classicality-abstract.md,katy-classical-academy-tx-77494-fcapi-classicality-audit.md,katy-classical-academy-tx-77494-v*-fcapi-classicality-audit.pdf,elementary-intermediate-secondary,Private School,Private,0,2013,,,,,,,,,,,,,,,,,,,,,,,,,,,,,0,,0,0,0,0,0,0,0,katy-classical-academy-tx-77494-fcapi-classicality-abstract.md,katy-classical-academy-tx-77494-fcapi-classicality-audit.md,katy-classical-academy-tx-77494-v*-fcapi-classicality-audit.pdf,,,0,0,0,0,1406,2207
Acct1498,Kawartha Classical Christian School,,,kawartha-classical-christian-school-on-k9l1c3,office@kawarthaclassical.com,+1 705 768 3434,,https://www.kawarthaclassical.com/,366 Parkhill Road East,,Peterborough,Peterborough County,ON,K9L 1C3,US,44.32070510,-78.30122800,classical,kawartha-classical-christian-school-on-k9l1c3-fcapi-classicality-abstract.md,kawartha-classical-christian-school-on-k9l1c3-fcapi-classicality-audit.md,kawartha-classical-christian-school-on-k9l1c3-v*-fcapi-classicality-audit.pdf,elementary-intermediate-secondary,Private School,Private,0,2000,,,,,,,,,,,,,,,,,,,,,,,,,,,,,0,,0,0,0,0,0,0,0,kawartha-classical-christian-school-on-k9l1c3-fcapi-classicality-abstract.md,kawartha-classical-christian-school-on-k9l1c3-fcapi-classicality-audit.md,kawartha-classical-christian-school-on-k9l1c3-v*-fcapi-classicality-audit.pdf,,,0,0,0,0,1407,2304
Acct1501,Kenai Classical School,,,kenai-classical-school-ak-99669,,+1 208 957 0100,,https://kenaiclassical.org/,35555 Kenai Spur Hwy 301,,Soldotna,Kenai Peninsula Borough,AK,99669,US,60.47404870,-151.10390310,classical,kenai-classical-school-ak-99669-fcapi-classicality-abstract.md,kenai-classical-school-ak-99669-fcapi-classicality-audit.md,kenai-classical-school-ak-99669-v*-fcapi-classicality-audit.pdf,elementary-intermediate-secondary,Private School,Private,0,,,,,,,,,,,,,,,,,,,,,,,,,,,,,,0,,0,0,0,0,0,0,0,kenai-classical-school-ak-99669-fcapi-classicality-abstract.md,kenai-classical-school-ak-99669-fcapi-classicality-audit.md,kenai-classical-school-ak-99669-v*-fcapi-classicality-audit.pdf,,,0,0,0,0,1410,1762
Acct1503,Kenosha Christian School,,,kenosha-christian-school-wi-53143,admin@kca.school,+1 262 220 3223,,https://kca.school/,6410 25th Avenue,,Kenosha,Kenosha County,WI,53143,US,42.57577020,-87.83985330,classical,kenosha-christian-school-wi-53143-fcapi-classicality-abstract.md,kenosha-christian-school-wi-53143-fcapi-classicality-audit.md,kenosha-christian-school-wi-53143-v*-fcapi-classicality-audit.pdf,elementary,Private School,Private,0,,,,,,,,,,,,,,,,,,,,,,,,,,,,,,0,,0,0,0,0,0,0,0,kenosha-christian-school-wi-53143-fcapi-classicality-abstract.md,kenosha-christian-school-wi-53143-fcapi-classicality-audit.md,kenosha-christian-school-wi-53143-v*-fcapi-classicality-audit.pdf,,,0,0,0,0,1412,1173
Acct1505,Kepler Education,,,kepler-education-id-83843,,+1 208 402 8518,,https://kepler.education/,121 E 3rd St,,Moscow,Latah County,ID,83843,US,46.73215750,-117.00040600,classical,kepler-education-id-83843-fcapi-classicality-abstract.md,kepler-education-id-83843-fcapi-classicality-audit.md,kepler-education-id-83843-v*-fcapi-classicality-audit.pdf,elementary-intermediate-secondary,Private School,Private,0,,,,,,,,,,,,,,,,,,,,,,,,,,,,,,0,,0,0,0,0,0,0,0,kepler-education-id-83843-fcapi-classicality-abstract.md,kepler-education-id-83843-fcapi-classicality-audit.md,kepler-education-id-83843-v*-fcapi-classicality-audit.pdf,,,0,0,0,0,1414,178
Acct1534,King's Academy,,,kings-academy-tn-37211,,+1 615 241 0505,,https://www.kingsacademynashville.com/,394 Strasser Dr.,,Nashville,Davidson County,TN,37211,US,36.06064980,-86.71538540,classical,kings-academy-tn-37211-fcapi-classicality-abstract.md,kings-academy-tn-37211-fcapi-classicality-audit.md,kings-academy-tn-37211-v*-fcapi-classicality-audit.pdf,elementary-intermediate,Private School,Private,0,,,,,,,,,,,,,,,,,,,,,,,,,,,,,,0,,0,0,0,0,0,0,0,kings-academy-tn-37211-fcapi-classicality-abstract.md,kings-academy-tn-37211-fcapi-classicality-audit.md,kings-academy-tn-37211-v*-fcapi-classicality-audit.pdf,,,0,0,0,0,1438,1436
Acct1536,King's Classical Academy,,,kings-classical-academy-ca-94550,office@kingsclassical.org,+1 209 275 9860,,https://kingsclassical.org/,945 Concannon Blvd.,,Livermore,Alameda County,CA,94550,US,37.66009900,-121.78395080,classical,kings-classical-academy-ca-94550-fcapi-classicality-abstract.md,kings-classical-academy-ca-94550-fcapi-classicality-audit.md,kings-classical-academy-ca-94550-v*-fcapi-classicality-audit.pdf,elementary-intermediate-secondary,Private School,Private,0,2010,,,,,,,,,,,,,,,,,,,,,,,,,,,,,0,,0,0,0,0,0,0,0,kings-classical-academy-ca-94550-fcapi-classicality-abstract.md,kings-classical-academy-ca-94550-fcapi-classicality-audit.md,kings-classical-academy-ca-94550-v*-fcapi-classicality-audit.pdf,,,0,0,0,0,1440,2546
Acct1521,Kingdom Classical Academy,,,kingdom-classical-academy-pa-17025,hello@kingdomclassical.com,+1 717 478 3740,,https://kingdomclassical.com/,PO Box 553,,Enola,Cumberland County,PA,17025,US,40.20996280,-76.93090160,classical,kingdom-classical-academy-pa-17025-fcapi-classicality-abstract.md,kingdom-classical-academy-pa-17025-fcapi-classicality-audit.md,kingdom-classical-academy-pa-17025-v*-fcapi-classicality-audit.pdf,elementary-intermediate,Private School,Private,0,2020,,,,,,,,,,,,,,,,,,,,,,,,,,,,,0,,0,0,0,0,0,0,0,kingdom-classical-academy-pa-17025-fcapi-classicality-abstract.md,kingdom-classical-academy-pa-17025-fcapi-classicality-audit.md,kingdom-classical-academy-pa-17025-v*-fcapi-classicality-audit.pdf,,,0,0,0,0,1426,2559
Parent1551,Kingdom Collegiate Academies,,,kingdom-collegiate-academies-tx-75232,,+1 214 672 9200,,https://ourkca.org/,1821 W Camp Wisdom Rd.,,Dallas,Dallas County,TX,75232,US,32.66301300,-96.84757660,classical,kingdom-collegiate-academies-tx-75232-fcapi-classicality-abstract.md,kingdom-collegiate-academies-tx-75232-fcapi-classicality-audit.md,kingdom-collegiate-academies-tx-75232-v*-fcapi-classicality-audit.pdf,elementary-intermediate-secondary,Private School,Private,0,,,,,,,,,,,,,,,,,,,,,,,,,,,,,,0,,0,0,0,0,0,0,0,kingdom-collegiate-academies-tx-75232-fcapi-classicality-abstract.md,kingdom-collegiate-academies-tx-75232-fcapi-classicality-audit.md,kingdom-collegiate-academies-tx-75232-v*-fcapi-classicality-audit.pdf,,,0,0,0,0,1427,2242
Acct1527,Kingdom Preparatory Academy,,,kingdom-preparatory-academy-tx-79464,,+1 806 767 9334,,https://www.kingdomprep.org/,PO Box 64028,,Lubbock,Lubbock County,TX,79464,US,33.58452350,-101.85521390,classical,kingdom-preparatory-academy-tx-79464-fcapi-classicality-abstract.md,kingdom-preparatory-academy-tx-79464-fcapi-classicality-audit.md,kingdom-preparatory-academy-tx-79464-v*-fcapi-classicality-audit.pdf,elementary-intermediate-secondary,Private School,Private,0,,,,,,,,,,,,,,,,,,,,,,,,,,,,,,0,,0,0,0,0,0,0,0,kingdom-preparatory-academy-tx-79464-fcapi-classicality-abstract.md,kingdom-preparatory-academy-tx-79464-fcapi-classicality-audit.md,kingdom-preparatory-academy-tx-79464-v*-fcapi-classicality-audit.pdf,,,0,0,0,0,1431,1870
Acct1530,Kings Academy Christian School: Lower,,,kings-academy-christian-school-lower-tx-75703,info@kacs.net,+1 903 534 9992,,https://kacs.net/,7330 South Broadway Avenue,,Tyler,Smith County,TX,75703,US,32.26931820,-95.30574410,classical,kings-academy-christian-school-lower-tx-75703-fcapi-classicality-abstract.md,kings-academy-christian-school-lower-tx-75703-fcapi-classicality-audit.md,kings-academy-christian-school-lower-tx-75703-v*-fcapi-classicality-audit.pdf,elementary-intermediate,Private School,Private,0,,,,,,,,,,,,,,,,,,,,,,,,,,,,,,0,,0,0,0,0,0,0,0,kings-academy-christian-school-lower-tx-75703-fcapi-classicality-abstract.md,kings-academy-christian-school-lower-tx-75703-fcapi-classicality-audit.md,kings-academy-christian-school-lower-tx-75703-v*-fcapi-classicality-audit.pdf,,,0,0,0,0,1434,1291
Acct1530,Kings Academy Christian Schools,,,kings-academy-christian-schools-tx-75703,info@kacs.net,+1 903 534 9992,,https://kacs.net/,7330 South Broadway Avenue,,Tyler,Smith County,TX,75703,US,32.26931820,-95.30574410,classical,kings-academy-christian-schools-tx-75703-fcapi-classicality-abstract.md,kings-academy-christian-schools-tx-75703-fcapi-classicality-audit.md,kings-academy-christian-schools-tx-75703-v*-fcapi-classicality-audit.pdf,elementary-intermediate-secondary,Private School,Private,0,,,,,,,,,,,,,,,,,,,,,,,,,,,,,,0,,0,0,0,0,0,0,0,kings-academy-christian-schools-tx-75703-fcapi-classicality-abstract.md,kings-academy-christian-schools-tx-75703-fcapi-classicality-audit.md,kings-academy-christian-schools-tx-75703-v*-fcapi-classicality-audit.pdf,,,0,0,0,0,5342,1291
Acct1542,Knight's Christian Academy,,,knights-christian-academy-fl-32168,contact@kcafl.org,+1 386 426 0800,,https://www.kcafl.org/,310 Douglas St 2nd Floor,,New Smyrna Beach,Volusia County,FL,32168,US,29.02289060,-80.92315180,classical,knights-christian-academy-fl-32168-fcapi-classicality-abstract.md,knights-christian-academy-fl-32168-fcapi-classicality-audit.md,knights-christian-academy-fl-32168-v*-fcapi-classicality-audit.pdf,elementary-intermediate,Private School,Private,0,2013,,,,,,,,,,,,,,,,,,,,,,,,,,,,,0,,0,0,0,0,0,0,0,knights-christian-academy-fl-32168-fcapi-classicality-abstract.md,knights-christian-academy-fl-32168-fcapi-classicality-audit.md,knights-christian-academy-fl-32168-v*-fcapi-classicality-audit.pdf,,,0,0,0,0,1446,2471
Acct1543,Knox Classical Academy,,,knox-classical-academy-mn-55113,,+1 612 877 2686,,https://www.knoxclassical.com/,1310 County Road B2 West,,Roseville,Ramsey County,MN,55113,US,45.01304940,-93.15525730,classical,knox-classical-academy-mn-55113-fcapi-classicality-abstract.md,knox-classical-academy-mn-55113-fcapi-classicality-audit.md,knox-classical-academy-mn-55113-v*-fcapi-classicality-audit.pdf,elementary-intermediate-secondary,Private School,Private,0,,,,,,,,,,,,,,,,,,,,,,,,,,,,,,0,,0,0,0,0,0,0,0,knox-classical-academy-mn-55113-fcapi-classicality-abstract.md,knox-classical-academy-mn-55113-fcapi-classicality-audit.md,knox-classical-academy-mn-55113-v*-fcapi-classicality-audit.pdf,,,0,0,0,0,1447,862
Acct1544,Knox Classical Academy,,,knox-classical-academy-or-97502,,+1 541-531-9949,,https://www.knoxmedford.com/,PO BOX 4767,,Central Point,,OR,97502,US,42.37230340,-122.93022700,classical,knox-classical-academy-or-97502-fcapi-classicality-abstract.md,knox-classical-academy-or-97502-fcapi-classicality-audit.md,knox-classical-academy-or-97502-v*-fcapi-classicality-audit.pdf,elementary-intermediate-secondary,Private School,Private School,0,2017,87,,,,,,,,,,,,,,,,,,,,,,,,,,,,1,,1,0,0,0,0,0,0,knox-classical-academy-or-97502-fcapi-classicality-abstract.md,knox-classical-academy-or-97502-fcapi-classicality-audit.md,knox-classical-academy-or-97502-v*-fcapi-classicality-audit.pdf,,,0,0,0,0,1448,
Acct1545,Knox Classical School,,,knox-classical-school-ks-66219,,+1 505 205 4799,,https://www.knoxkc.org/,15621 West 87th St. Pkwy,#136,Lenexa,Johnson County,KS,66219,US,38.97054210,-94.76705520,classical,knox-classical-school-ks-66219-fcapi-classicality-abstract.md,knox-classical-school-ks-66219-fcapi-classicality-audit.md,knox-classical-school-ks-66219-v*-fcapi-classicality-audit.pdf,elementary,Private School,Private,0,,,,,,,,,,,,,,,,,,,,,,,,,,,,,,0,,0,0,0,0,0,0,0,knox-classical-school-ks-66219-fcapi-classicality-abstract.md,knox-classical-school-ks-66219-fcapi-classicality-audit.md,knox-classical-school-ks-66219-v*-fcapi-classicality-audit.pdf,,,0,0,0,0,1449,517
Acct1548,Koinonia Classical Christian School,,,koinonia-classical-christian-school-tx-76574,info@koinoniaschool.org,+1 512 981 9386,,https://www.koinoniaschool.org/,1517 Mclain St.,,Taylor,Williamson County,TX,76574,US,30.57601540,-97.42632680,classical,koinonia-classical-christian-school-tx-76574-fcapi-classicality-abstract.md,koinonia-classical-christian-school-tx-76574-fcapi-classicality-audit.md,koinonia-classical-christian-school-tx-76574-v*-fcapi-classicality-audit.pdf,elementary-intermediate-secondary,Private School,Private,0,2018,,,,,,,,,,,,,,,,,,,,,,,,,,,,,0,,0,0,0,0,0,0,0,koinonia-classical-christian-school-tx-76574-fcapi-classicality-abstract.md,koinonia-classical-christian-school-tx-76574-fcapi-classicality-audit.md,koinonia-classical-christian-school-tx-76574-v*-fcapi-classicality-audit.pdf,,,0,0,0,0,1452,2247
Acct1551,Kootenai Classical Academy,,,kootenai-classical-academy-id-83854,,+1 208 694 6333,,https://www.kootenaiclassical.org/,4318 Fennecus Road,,Post Falls,Kootenai County,ID,83854,US,47.74718870,-116.88210810,classical,kootenai-classical-academy-id-83854-fcapi-classicality-abstract.md,kootenai-classical-academy-id-83854-fcapi-classicality-audit.md,kootenai-classical-academy-id-83854-v*-fcapi-classicality-audit.pdf,elementary-intermediate-secondary,Charter,Public,0,,,,,,,,,,,,,,,,,,,,,,,,,,,,,,0,,0,0,0,0,0,0,0,kootenai-classical-academy-id-83854-fcapi-classicality-abstract.md,kootenai-classical-academy-id-83854-fcapi-classicality-audit.md,kootenai-classical-academy-id-83854-v*-fcapi-classicality-audit.pdf,,,0,0,0,0,1455,801
,La Luz Christian Academy,,,la-luz-christian-academy-nm-87120,info@laluzchristianacademy.org,+1 505 226 0860,,https://laluzchristianacademy.org,6051 Winter Haven Rd Nw,,Albuquerque,,NM,87120,US,35.15029360,-106.68338450,classical,la-luz-christian-academy-nm-87120-fcapi-classicality-abstract.md,la-luz-christian-academy-nm-87120-fcapi-classicality-audit.md,la-luz-christian-academy-nm-87120-v*-fcapi-classicality-audit.pdf,elementary-intermediate,,,0,2025,,,,,,,,,,,,,,,,,,,,,,,,,,,,,0,,0,0,0,0,0,0,0,la-luz-christian-academy-nm-87120-fcapi-classicality-abstract.md,la-luz-christian-academy-nm-87120-fcapi-classicality-audit.md,la-luz-christian-academy-nm-87120-v*-fcapi-classicality-audit.pdf,,,0,0,0,0,3214,
Acct1553,Lafayette Academy,,,lafayette-academy-mo-63367,,+1 636 329 9366,,https://lafayetteacademy.org/,20 Hawk Ridge Circle,,Lake St. Louis,St. Charles County,MO,63367,US,38.77521530,-90.80254890,classical,lafayette-academy-mo-63367-fcapi-classicality-abstract.md,lafayette-academy-mo-63367-fcapi-classicality-audit.md,lafayette-academy-mo-63367-v*-fcapi-classicality-audit.pdf,elementary-intermediate-secondary,Private School,Private,0,,,,,,,,,,,,,,,,,,,,,,,,,,,,,,0,,0,0,0,0,0,0,0,lafayette-academy-mo-63367-fcapi-classicality-abstract.md,lafayette-academy-mo-63367-fcapi-classicality-audit.md,lafayette-academy-mo-63367-v*-fcapi-classicality-audit.pdf,,,0,0,0,0,1457,754
Acct1568,Lakewood Presbyterian School,,,lakewood-presbyterian-school-tx-75214,Vivian.Brockwell@lakewoodpres.com,+1 214 321 2864,,https://lakewoodpres.school/,7020 Gaston Avenue,,Dallas,Dallas County,TX,75214,US,32.81444340,-96.73704900,classical,lakewood-presbyterian-school-tx-75214-fcapi-classicality-abstract.md,lakewood-presbyterian-school-tx-75214-fcapi-classicality-audit.md,lakewood-presbyterian-school-tx-75214-v*-fcapi-classicality-audit.pdf,elementary-intermediate-secondary,Private School,Private,0,1990,,,,,,,,,,,,,,,,,,,,,,,,,,,,,0,,0,0,0,0,0,0,0,lakewood-presbyterian-school-tx-75214-fcapi-classicality-abstract.md,lakewood-presbyterian-school-tx-75214-fcapi-classicality-audit.md,lakewood-presbyterian-school-tx-75214-v*-fcapi-classicality-audit.pdf,,,0,0,0,0,1469,1245
Acct1571,Lancaster Christian Academy,,,lancaster-christian-academy-tn-37167,,+1 615 223 0451,,https://www.shchristian.com/,150 Soccer Way,,Smyrna,Rutherford County,TN,37167,US,35.97900860,-86.50986700,classical,lancaster-christian-academy-tn-37167-fcapi-classicality-abstract.md,lancaster-christian-academy-tn-37167-fcapi-classicality-audit.md,lancaster-christian-academy-tn-37167-v*-fcapi-classicality-audit.pdf,elementary-intermediate,Private School,Private,0,,,,,,,,,,,,,,,,,,,,,,,,,,,,,,0,,0,0,0,0,0,0,0,lancaster-christian-academy-tn-37167-fcapi-classicality-abstract.md,lancaster-christian-academy-tn-37167-fcapi-classicality-audit.md,lancaster-christian-academy-tn-37167-v*-fcapi-classicality-audit.pdf,,,0,0,0,0,1472,2774
Acct1575,Laramie Christian Academy,,,laramie-christian-academy-wy-82072,info@laramiechristianacademy.com,+1 307 222 2425,,https://laramiechristianacademy.com/,1517 E. Canby St.,,Laramie,Albany County,WY,82072,US,41.32025590,-105.57642460,classical,laramie-christian-academy-wy-82072-fcapi-classicality-abstract.md,laramie-christian-academy-wy-82072-fcapi-classicality-audit.md,laramie-christian-academy-wy-82072-v*-fcapi-classicality-audit.pdf,elementary-intermediate,Private School,Private,0,2020,,,,,,,,,,,,,,,,,,,,,,,,,,,,,0,,0,0,0,0,0,0,0,laramie-christian-academy-wy-82072-fcapi-classicality-abstract.md,laramie-christian-academy-wy-82072-fcapi-classicality-audit.md,laramie-christian-academy-wy-82072-v*-fcapi-classicality-audit.pdf,,,0,0,0,0,1476,2268
Acct1585,Leadership Academy of Utah,,,leadership-academy-utah-ut-84015,admin@lautah.org,+1 800 200 6869,,https://lautah.org/,1366 S Legend Hills Dr.,Suite 190,Clearfield,Davis County,UT,84015,US,41.09543680,-111.99419430,classical,leadership-academy-utah-ut-84015-fcapi-classicality-abstract.md,leadership-academy-utah-ut-84015-fcapi-classicality-audit.md,leadership-academy-utah-ut-84015-v*-fcapi-classicality-audit.pdf,secondary,Charter,Public,0,,,,,,,,,,,,,,,,,,,,,,,,,,,,,,0,,0,0,0,0,0,0,0,leadership-academy-utah-ut-84015-fcapi-classicality-abstract.md,leadership-academy-utah-ut-84015-fcapi-classicality-audit.md,leadership-academy-utah-ut-84015-v*-fcapi-classicality-audit.pdf,,,0,0,0,0,1486,1535
,Learning Tree Academy,,,learning-tree-academy-ga-30577,lharris@thelearningtreeacademy.com,+1 706 886 9900,,http://thelearningtreeacademy.com,1661 Fernside Drive,,Toccoa,,GA,30577,US,34.56882330,-83.29733910,classical,learning-tree-academy-ga-30577-fcapi-classicality-abstract.md,learning-tree-academy-ga-30577-fcapi-classicality-audit.md,learning-tree-academy-ga-30577-v*-fcapi-classicality-audit.pdf,elementary-intermediate-secondary,,,0,,,,,,,,,,,,,,,,,,,,,,,,,,,,,,0,,0,0,0,0,0,0,0,learning-tree-academy-ga-30577-fcapi-classicality-abstract.md,learning-tree-academy-ga-30577-fcapi-classicality-audit.md,learning-tree-academy-ga-30577-v*-fcapi-classicality-audit.pdf,,,0,0,0,0,5197,
Acct1598,Legacy Christian Academy,,,legacy-christian-academy-ca-91355,,+1 661 257 7377,,https://legacy-christian.com/,27680 Dickason Drive,,Santa Clarita,Los Angeles County,CA,91355,US,34.43848800,-118.56248470,classical,legacy-christian-academy-ca-91355-fcapi-classicality-abstract.md,legacy-christian-academy-ca-91355-fcapi-classicality-audit.md,legacy-christian-academy-ca-91355-v*-fcapi-classicality-audit.pdf,elementary-intermediate-secondary,Private School,Private,0,,,,,,,,,,,,,,,,,,,,,,,,,,,,,,0,,0,0,0,0,0,0,0,legacy-christian-academy-ca-91355-fcapi-classicality-abstract.md,legacy-christian-academy-ca-91355-fcapi-classicality-audit.md,legacy-christian-academy-ca-91355-v*-fcapi-classicality-audit.pdf,,,0,0,0,0,1493,1989
Acct1604,Legacy Christian Academy,,,legacy-christian-academy-tx-75034,,+1 214 250 3573,,https://www.legacyca.com/,5000 Academy Drive,,Frisco,Denton County,TX,75034,US,33.13025150,-96.84516290,classical,legacy-christian-academy-tx-75034-fcapi-classicality-abstract.md,legacy-christian-academy-tx-75034-fcapi-classicality-audit.md,legacy-christian-academy-tx-75034-v*-fcapi-classicality-audit.pdf,elementary-intermediate-secondary,Private School,Private,0,,,,,,,,,,,,,,,,,,,,,,,,,,,,,,0,,0,0,0,0,0,0,0,legacy-christian-academy-tx-75034-fcapi-classicality-abstract.md,legacy-christian-academy-tx-75034-fcapi-classicality-audit.md,legacy-christian-academy-tx-75034-v*-fcapi-classicality-audit.pdf,,,0,0,0,0,1498,1962
Acct1610,Legacy Classical Christian Academy,,,legacy-classical-christian-academy-tx-76179,belinda.henson@legacyclassical.org,+1 817 363 3652,,https://legacyclassical.org/,1209 N. Saginaw Blvd.,G-207,Haslet,Tarrant County,TX,76179,US,32.88016730,-97.38318620,classical,legacy-classical-christian-academy-tx-76179-fcapi-classicality-abstract.md,legacy-classical-christian-academy-tx-76179-fcapi-classicality-audit.md,legacy-classical-christian-academy-tx-76179-v*-fcapi-classicality-audit.pdf,elementary-intermediate-secondary,Private School,Private,0,2010,,,,,,,,,,,,,,,,,,,,,,,,,,,,,0,,0,0,0,0,0,0,0,legacy-classical-christian-academy-tx-76179-fcapi-classicality-abstract.md,legacy-classical-christian-academy-tx-76179-fcapi-classicality-audit.md,legacy-classical-christian-academy-tx-76179-v*-fcapi-classicality-audit.pdf,,,0,0,0,0,1504,1891
Acct1620,Leman Academy of Excellence: Marana,,,leman-academy-excellence-marana-az-85743,,+1 520 639 8080,,https://lemanacademy.com/schools/arizona/marana-k-8/,7720 N Silverbell Rd,,Tucson,Pima County,AZ,85743,US,32.34735830,-111.09621190,classical,leman-academy-excellence-marana-az-85743-fcapi-classicality-abstract.md,leman-academy-excellence-marana-az-85743-fcapi-classicality-audit.md,leman-academy-excellence-marana-az-85743-v*-fcapi-classicality-audit.pdf,elementary-intermediate,Charter,Public,0,,,,,,,,,,,,,,,,,,,,,,,,,,,,,,0,,0,0,0,0,0,0,0,leman-academy-excellence-marana-az-85743-fcapi-classicality-abstract.md,leman-academy-excellence-marana-az-85743-fcapi-classicality-audit.md,leman-academy-excellence-marana-az-85743-v*-fcapi-classicality-audit.pdf,,,0,0,0,0,5337,14
Acct1626,Leman Academy of Excellence: Oro Valley,,,leman-academy-excellence-oro-valley-az-85755,,+1 520 912 4005,,https://lemanacademy.com/schools/arizona/oro-valley-k-8/,12255 N La Cañada Drive,,Oro Valley,Pima County,AZ,85755,US,32.42867880,-110.99590480,classical,leman-academy-excellence-oro-valley-az-85755-fcapi-classicality-abstract.md,leman-academy-excellence-oro-valley-az-85755-fcapi-classicality-audit.md,leman-academy-excellence-oro-valley-az-85755-v*-fcapi-classicality-audit.pdf,elementary-intermediate,Charter,Public,0,,,,,,,,,,,,,,,,,,,,,,,,,,,,,,0,,0,0,0,0,0,0,0,leman-academy-excellence-oro-valley-az-85755-fcapi-classicality-abstract.md,leman-academy-excellence-oro-valley-az-85755-fcapi-classicality-audit.md,leman-academy-excellence-oro-valley-az-85755-v*-fcapi-classicality-audit.pdf,,,0,0,0,0,1511,631
Acct1624,Leman Academy of Excellence: Parker-Stroh,,,leman-academy-excellence-parker-stroh-co-80134,,+1 720 767 1600,,https://lemanacademy.com/schools/colorado/parker-stroh-k-8/,19560 Stroh Rd.,,Parker,Douglas County,CO,80134,US,39.47727640,-104.76226380,classical,leman-academy-excellence-parker-stroh-co-80134-fcapi-classicality-abstract.md,leman-academy-excellence-parker-stroh-co-80134-fcapi-classicality-audit.md,leman-academy-excellence-parker-stroh-co-80134-v*-fcapi-classicality-audit.pdf,elementary-intermediate,Charter,Public,0,,,,,,,,,,,,,,,,,,,,,,,,,,,,,,0,,0,0,0,0,0,0,0,leman-academy-excellence-parker-stroh-co-80134-fcapi-classicality-abstract.md,leman-academy-excellence-parker-stroh-co-80134-fcapi-classicality-audit.md,leman-academy-excellence-parker-stroh-co-80134-v*-fcapi-classicality-audit.pdf,,,0,0,0,0,196,2246
Acct1626,Leman Academy of Excellence: Sierra Vista,,,leman-academy-excellence-sierra-vista-az-85635,,+1 520 352 7780,,https://lemanacademy.com/schools/arizona/sierra-vista-k-8/,1000 E Wilcox Dr,,Oro Valley,Pima County,AZ,85635,US,31.55156560,-110.28787580,classical,leman-academy-excellence-sierra-vista-az-85635-fcapi-classicality-abstract.md,leman-academy-excellence-sierra-vista-az-85635-fcapi-classicality-audit.md,leman-academy-excellence-sierra-vista-az-85635-v*-fcapi-classicality-audit.pdf,elementary-intermediate,Charter,Public,0,,,,,,,,,,,,,,,,,,,,,,,,,,,,,,0,,0,0,0,0,0,0,0,leman-academy-excellence-sierra-vista-az-85635-fcapi-classicality-abstract.md,leman-academy-excellence-sierra-vista-az-85635-fcapi-classicality-audit.md,leman-academy-excellence-sierra-vista-az-85635-v*-fcapi-classicality-audit.pdf,,,0,0,0,0,5339,631
Acct1629,Leman Virtual Academy,,,leman-virtual-academy-az-85712,,+1 520 600 4058,,https://lemanacademy.com/schools/arizona/leman-virtual-academy-k-8/,6188 E. Pima St.,,Tucson,Pima County,AZ,85712,US,32.24243110,-110.86131720,classical,leman-virtual-academy-az-85712-fcapi-classicality-abstract.md,leman-virtual-academy-az-85712-fcapi-classicality-audit.md,leman-virtual-academy-az-85712-v*-fcapi-classicality-audit.pdf,elementary-intermediate,Charter,Public,0,,,,,,,,,,,,,,,,,,,,,,,,,,,,,,0,,0,0,0,0,0,0,0,leman-virtual-academy-az-85712-fcapi-classicality-abstract.md,leman-virtual-academy-az-85712-fcapi-classicality-audit.md,leman-virtual-academy-az-85712-v*-fcapi-classicality-audit.pdf,,,0,0,0,0,198,1351
Acct1631,Lewis Clark Christian School,,,lewis-clark-christian-school-id-83501,lccsquestions@gmail.com,+1 208 503 6337‬,,https://lewisclarkchristianschool.org/,1228 9th Ave.,,Lewiston,Nez Perce County,ID,83501,US,46.41107270,-117.01437970,classical,lewis-clark-christian-school-id-83501-fcapi-classicality-abstract.md,lewis-clark-christian-school-id-83501-fcapi-classicality-audit.md,lewis-clark-christian-school-id-83501-v*-fcapi-classicality-audit.pdf,elementary-intermediate-secondary,Private School,Private,0,2019,,,,,,,,,,,,,,,,,,,,,,,,,,,,,0,,0,0,0,0,0,0,0,lewis-clark-christian-school-id-83501-fcapi-classicality-abstract.md,lewis-clark-christian-school-id-83501-fcapi-classicality-audit.md,lewis-clark-christian-school-id-83501-v*-fcapi-classicality-audit.pdf,,,0,0,0,0,1513,1575
Acct1634,Lexington Latin School,,,lexington-latin-school-ky-40503,,+1 859 429 8654,,https://www.lexingtonlatinschool.com/,See Notes,,Lexington,Fayette County,KY,40503,US,37.99705960,-84.53728170,classical,lexington-latin-school-ky-40503-fcapi-classicality-abstract.md,lexington-latin-school-ky-40503-fcapi-classicality-audit.md,lexington-latin-school-ky-40503-v*-fcapi-classicality-audit.pdf,elementary-intermediate-secondary,Private School,Private,0,,,,,,,,,,,,,,,,,,,,,,,,,,,,,,0,,0,0,0,0,0,0,0,lexington-latin-school-ky-40503-fcapi-classicality-abstract.md,lexington-latin-school-ky-40503-fcapi-classicality-audit.md,lexington-latin-school-ky-40503-v*-fcapi-classicality-audit.pdf,,,0,0,0,0,1515,2285
Acct1637,Libertas Christian Academy,,,libertas-christian-academy-mo-63640,jcravens@libertasmo.org,+1 573 664 1036,,https://www.libertasmo.org/,1260 Karsch Blvd.,,Farmington,St. Francois County,MO,63640,US,37.76804860,-90.39585640,classical,libertas-christian-academy-mo-63640-fcapi-classicality-abstract.md,libertas-christian-academy-mo-63640-fcapi-classicality-audit.md,libertas-christian-academy-mo-63640-v*-fcapi-classicality-audit.pdf,elementary-intermediate-secondary,Private School,Private,0,2022,,,,,,,,,,,,,,,,,,,,,,,,,,,,,0,,0,0,0,0,0,0,0,libertas-christian-academy-mo-63640-fcapi-classicality-abstract.md,libertas-christian-academy-mo-63640-fcapi-classicality-audit.md,libertas-christian-academy-mo-63640-v*-fcapi-classicality-audit.pdf,,,0,0,0,0,1518,818
Acct1638,Libertas Christian School,,,libertas-christian-school-mi-49426,esteenwky@libertaschristianschool.org,+1 616 669 2270,,https://libertaschristianschool.org/,5181 64th Ave.,,Hudsonville,Ottawa County,MI,49426,US,42.86256530,-85.94091400,classical,libertas-christian-school-mi-49426-fcapi-classicality-abstract.md,libertas-christian-school-mi-49426-fcapi-classicality-audit.md,libertas-christian-school-mi-49426-v*-fcapi-classicality-audit.pdf,elementary-intermediate-secondary,Private School,Private,0,2014,,,,,,,,,,,,,,,,,,,,,,,,,,,,,0,,0,0,0,0,0,0,0,libertas-christian-school-mi-49426-fcapi-classicality-abstract.md,libertas-christian-school-mi-49426-fcapi-classicality-audit.md,libertas-christian-school-mi-49426-v*-fcapi-classicality-audit.pdf,,,0,0,0,0,1519,1862
Acct1639,Libertas Classical Academy,,,libertas-classical-academy-tx-77354,,+1 281 825 2086,,https://www.magnoliaclassicalacademy.com/,8103 Farm to Market Road 1488,,Magnolia,Montgomery County,TX,77354,US,30.22027450,-95.59607600,classical,libertas-classical-academy-tx-77354-fcapi-classicality-abstract.md,libertas-classical-academy-tx-77354-fcapi-classicality-audit.md,libertas-classical-academy-tx-77354-v*-fcapi-classicality-audit.pdf,elementary-intermediate-secondary,Private School,Private,0,,,,,,,,,,,,,,,,,,,,,,,,,,,,,,0,,0,0,0,0,0,0,0,libertas-classical-academy-tx-77354-fcapi-classicality-abstract.md,libertas-classical-academy-tx-77354-fcapi-classicality-audit.md,libertas-classical-academy-tx-77354-v*-fcapi-classicality-audit.pdf,,,0,0,0,0,1520,1166
Acct1641,Liberty Academy of Columbus,,,liberty-academy-columbus-in-47203,,+1 812 316 1321,,https://www.libertyacademycolumbus.com/,12233 E Webbs Way,,Columbus,Bartholomew County,IN,47203,US,39.21993080,-85.90809640,classical,liberty-academy-columbus-in-47203-fcapi-classicality-abstract.md,liberty-academy-columbus-in-47203-fcapi-classicality-audit.md,liberty-academy-columbus-in-47203-v*-fcapi-classicality-audit.pdf,elementary-intermediate,Private School,Private,0,,,,,,,,,,,,,,,,,,,,,,,,,,,,,,0,,0,0,0,0,0,0,0,liberty-academy-columbus-in-47203-fcapi-classicality-abstract.md,liberty-academy-columbus-in-47203-fcapi-classicality-audit.md,liberty-academy-columbus-in-47203-v*-fcapi-classicality-audit.pdf,,,0,0,0,0,1522,568
Acct1643,Liberty Christian Classical School,,,liberty-christian-classical-school-mi-49106,info.libertychristian@gmail.com,+1 269 405 2771,,https://www.libertychristianmi.org/,3555 West Shawnee Road,,Baroda,Berrien County,MI,49106,US,41.94375840,-86.53916000,classical,liberty-christian-classical-school-mi-49106-fcapi-classicality-abstract.md,liberty-christian-classical-school-mi-49106-fcapi-classicality-audit.md,liberty-christian-classical-school-mi-49106-v*-fcapi-classicality-audit.pdf,elementary-intermediate-secondary,Private School,Private,0,2024,,,,,,,,,,,,,,,,,,,,,,,,,,,,,0,,0,0,0,0,0,0,0,liberty-christian-classical-school-mi-49106-fcapi-classicality-abstract.md,liberty-christian-classical-school-mi-49106-fcapi-classicality-audit.md,liberty-christian-classical-school-mi-49106-v*-fcapi-classicality-audit.pdf,,,0,0,0,0,1524,641
Acct1646,Liberty Classical Academy,,,liberty-classical-academy-co-81647,classical@lca-co.com,(970) 984-0604,,https://www.lca-co.com/,5033 County Road 335,,New Castle,,CO,81647,US,39.56132660,-107.54829630,classical,liberty-classical-academy-co-81647-fcapi-classicality-abstract.md,liberty-classical-academy-co-81647-fcapi-classicality-audit.md,liberty-classical-academy-co-81647-v*-fcapi-classicality-audit.pdf,elementary-intermediate-secondary,Private School,Private School,0,1987,198,,,,,,,,,,,,,,,,,,,,,,,,,,,,1,"""\""\\\""""\\\\\\\""""\""""\\\\\\\\\\\\\\\""""\""""\\\""""\""""\\\\\\\\\\\\\\\\\\\\\\\\\\\\\\\""""\""""\\\""""\""""\\\\\\\""""\""""\\\""""\""""\\\\\\\\\\\\\\\\\\\\\\\\\\\\\\\\\\\\\\\\\\\\\\\\\\\\\\\\\\\\\\\""""\""""\\\""""\""""\\\\\\\""""\""""\\\""""\""""\\\\\\\\\\\\\\\""""\""""\\\""""\""""\\\\\\\""""\""""\\\""""\""""[\\\\\\\\\\\\\\\\\\\\\\\\\\\\\\\\\\\\\\\\\\\\\\\\\\\\\\\\\\\\\\\\\\\\\\\\\\\\\\\\\\\\\\\\\\\\\\\\\\\\\\\\\\\\\\\\\\\\\\\\\\\\\\\""""\""""\\\""""\""""\\\\\\\""""\""""\\\""""\""""\\\\\\\\\\\\\\\""""\""""\\\""""\""""\\\\\\\""""\""""\\\""""\""""\\\\\\\\\\\\\\\\\\\\\\\\\\\\\\\""""\""""\\\""""\""""\\\\\\\""""\""""\\\""""\""""\\\\\\\\\\\\\\\""""\""""\\\""""\""""\\\\\\\""""\""""\\\""""\""""Latin\\\\\\\\\\\\\\\\\\\\\\\\\\\\\\\\\\\\\\\\\\\\\\\\\\\\\\\\\\\\\\\\\\\\\\\\\\\\\\\\\\\\\\\\\\\\\\\\\\\\\\\\\\\\\\\\\\\\\\\\\\\\\\\""""\""""\\\""""\""""\\\\\\\""""\""""\\\""""\""""\\\\\\\\\\\\\\\""""\""""\\\""""\""""\\\\\\\""""\""""\\\""""\""""\\\\\\\\\\\\\\\\\\\\\\\\\\\\\\\""""\""""\\\""""\""""\\\\\\\""""\""""\\\""""\""""\\\\\\\\\\\\\\\""""\""""\\\""""\""""\\\\\\\""""\""""\\\""""\""""\\\\\\\\\\\\\\\\\\\\\\\\\\\\\\\\\\\\\\\\\\\\\\\\\\\\\\\\\\\\\\\""""\""""\\\""""\""""\\\\\\\""""\""""\\\""""\""""\\\\\\\\\\\\\\\""""\""""\\\""""\""""\\\\\\\""""\""""\\\""""\""""\\\\\\\\\\\\\\\\\\\\\\\\\\\\\\\""""\""""\\\""""\""""\\\\\\\""""\""""\\\""""\""""\\\\\\\\\\\\\\\""""\""""\\\""""\""""\\\\\\\""""\""""\\\""""\""""]\\\\\\\\\\\\\\\\\\\\\\\\\\\\\\\\\\\\\\\\\\\\\\\\\\\\\\\\\\\\\\\""""\""""\\\""""\""""\\\\\\\""""\""""\\\""""\""""\\\\\\\\\\\\\\\""""\""""\\\""""\""""\\\\\\\""""\""""\\\""""\""""\\\\\\\\\\\\\\\\\\\\\\\\\\\\\\\""""\""""\\\""""\""""\\\\\\\""""\""""\\\""""\""""\\\\\\\\\\\\\\\""""\""""\\\""""\""""\\\\\\\""""\""""\\\""""\""""\\\\\\\\\\\\\\\\\\\\\\\\\\\\\\\\\\\\\\\\\\\\\\\\\\\\\\\\\\\\\\\""""\""""\\\""""\""""\\\\\\\""""\""""\\\""""\""""\\\\\\\\\\\\\\\""""\""""\\\""""\""""\\\\\\\""""\""""\\\""""\""""\\\\\\\\\\\\\\\\\\\\\\\\\\\\\\\""""\""""\\\""""\""""\\\\\\\""""\""""\\\""""\""""\\\\\\\\\\\\\\\""""\""""\\\""""\""""\\\\\\\""""\""""\\\""""\""""\\\\\\\\\\\\\\\\\\\\\\\\\\\\\\\\\\\\\\\\\\\\\\\\\\\\\\\\\\\\\\\""""\""""\\\""""\""""\\\\\\\""""\""""\\\""""\""""\\\\\\\\\\\\\\\""""\""""\\\""""\""""\\\\\\\""""\""""\\\""""\""""\\\\\\\\\\\\\\\\\\\\\\\\\\\\\\\""""\""""\\\""""\""""\\\\\\\""""\""""\\\""""\""""\\\\\\\\\\\\\\\""""\""""\\\""""\""""\\\\\\\""""\""""\\\""""\""""\\\\\\\\\\\\\\\\\\\\\\\\\\\\\\\""""\""""\\\""""\""""\\\\\\\""""\""""\\\""""\""""\\\\\\\\\\\\\\\""""\""""\\\""""\""""\\\\\\\""""\""""\\\""""\""""\\\\\\\\\\\\\\\\\\\\\\\\\\\\\\\""""\""""\\\""""\""""\\\\\\\""""\""""\\\""""\""""\\\\\\\\\\\\\\\""""\""""\\\""""\""""\\\\\\\""""\""""\\\""""\""""\\\\\\\\\\\\\\\\\\\\\\\\\\\\\\\""""\""""\\\""""\""""\\\\\\\""""\""""\\\""""\""""\\\\\\\\\\\\\\\""""\""""\\\""""\""""\\\\\\\""""\""""\\\""""\""""\\\\\\\\\\\\\\\""""\""""\\\""""\""""\\\\\\\""""\""""\\\""""\""""\\\\\\\\\\\\\\\""""\""""\\\""""\""""\\\\\\\""""\""""\\\""""\""""\\\\\\\\\\\\\\\""""\""""\\\""""\""""\\\\\\\""""\""""\\\""""\""""\\\\\\\""""\""""\\\""""\""""\\\\\\\""""\""""\\\""""\""""\\\\\\\""""\""""\\\""""\""""\\\""""\""""\\\""""\""""\\\""""\""""\""""\""""\""""""""""",1,0,1,0,0,0,0,liberty-classical-academy-co-81647-fcapi-classicality-abstract.md,liberty-classical-academy-co-81647-fcapi-classicality-audit.md,liberty-classical-academy-co-81647-v*-fcapi-classicality-audit.pdf,,,0,0,0,0,1527,
,Liberty Classical Schools,,,liberty-classical-schools-ga-30082,,,,http://libertyclassicalschools.org,"400 Technology Court SE, Suite A",,Smyrna,,GA,30082,US,33.82473090,-84.50034850,classical,liberty-classical-schools-ga-30082-fcapi-classicality-abstract.md,liberty-classical-schools-ga-30082-fcapi-classicality-audit.md,liberty-classical-schools-ga-30082-v*-fcapi-classicality-audit.pdf,elementary-intermediate-secondary,,,0,,,,,,,,,,,,,,,,,,,,,,,,,,,,,,0,,0,0,0,0,0,0,0,liberty-classical-schools-ga-30082-fcapi-classicality-abstract.md,liberty-classical-schools-ga-30082-fcapi-classicality-audit.md,liberty-classical-schools-ga-30082-v*-fcapi-classicality-audit.pdf,,,0,0,0,0,5209,
Acct1652,Liberty Tree Academy,,,liberty-tree-academy-co-80831,theteam@ltaeagles.org,+1 719 559 8733,,https://ltaeagles.org/,8579 Eastonville Rd.,,Peyton,El Paso County,CO,80831,US,38.95973070,-104.58699040,classical,liberty-tree-academy-co-80831-fcapi-classicality-abstract.md,liberty-tree-academy-co-80831-fcapi-classicality-audit.md,liberty-tree-academy-co-80831-v*-fcapi-classicality-audit.pdf,elementary-intermediate-secondary,Charter,Public,0,,,,,,,,,,,,,,,,,,,,,,,,,,,,,,0,,0,0,0,0,0,0,0,liberty-tree-academy-co-80831-fcapi-classicality-abstract.md,liberty-tree-academy-co-80831-fcapi-classicality-audit.md,liberty-tree-academy-co-80831-v*-fcapi-classicality-audit.pdf,,,0,0,0,0,1530,2594
Acct1655,Life Challenge Academy,,,life-challenge-academy-tx-79762,lcacademy19@gmail.com,+1 432 363 5433,,https://www.lcodessa.org/,4500 North Grandview Avenue,,Odessa,Ector County,TX,79762,US,31.89833330,-102.35388890,classical,life-challenge-academy-tx-79762-fcapi-classicality-abstract.md,life-challenge-academy-tx-79762-fcapi-classicality-audit.md,life-challenge-academy-tx-79762-v*-fcapi-classicality-audit.pdf,elementary-intermediate-secondary,Private School,Private,0,2019,,,,,,,,,,,,,,,,,,,,,,,,,,,,,0,,0,0,0,0,0,0,0,life-challenge-academy-tx-79762-fcapi-classicality-abstract.md,life-challenge-academy-tx-79762-fcapi-classicality-audit.md,life-challenge-academy-tx-79762-v*-fcapi-classicality-audit.pdf,,,0,0,0,0,1532,1428
Acct1658,Light of Christ Academy,,,light-christ-academy-mi-49012,office@lightofchristacademy.org,+1 269 203 6808,,https://lightofchristacademy.org/,12648 East D Ave.,,Augusta,Kalamazoo County,MI,49012,US,42.37211750,-85.38341230,classical,light-christ-academy-mi-49012-fcapi-classicality-abstract.md,light-christ-academy-mi-49012-fcapi-classicality-audit.md,light-christ-academy-mi-49012-v*-fcapi-classicality-audit.pdf,elementary-intermediate,Private School,Private,0,,,,,,,,,,,,,,,,,,,,,,,,,,,,,,0,,0,0,0,0,0,0,0,light-christ-academy-mi-49012-fcapi-classicality-abstract.md,light-christ-academy-mi-49012-fcapi-classicality-audit.md,light-christ-academy-mi-49012-v*-fcapi-classicality-audit.pdf,,,0,0,0,0,1535,1866
Acct1660,Lighthouse Christian Academy,,,lighthouse-christian-academy-md-21666,k.guerra@lcacademy.org,+1 443 864 2125,,https://lcacademy.org/,931 Love Point Rd.,,Stevensville,Queen Anne's County,MD,21666,US,38.99302200,-76.31320000,classical,lighthouse-christian-academy-md-21666-fcapi-classicality-abstract.md,lighthouse-christian-academy-md-21666-fcapi-classicality-audit.md,lighthouse-christian-academy-md-21666-v*-fcapi-classicality-audit.pdf,elementary-intermediate,Private School,Private,0,2001,,,,,,,,,,,,,,,,,,,,,,,,,,,,,0,,0,0,0,0,0,0,0,lighthouse-christian-academy-md-21666-fcapi-classicality-abstract.md,lighthouse-christian-academy-md-21666-fcapi-classicality-audit.md,lighthouse-christian-academy-md-21666-v*-fcapi-classicality-audit.pdf,,,0,0,0,0,1537,2269
Acct1672,Lionheart Classical Academy,,,lionheart-classical-academy-nh-03458,,+1 603 602 1560,,https://lionheartclassical.org/,10 Sharon Rd.,,Peterborough,Hillsborough County,NH,3458,US,42.85408580,-71.96314990,classical,lionheart-classical-academy-nh-03458-fcapi-classicality-abstract.md,lionheart-classical-academy-nh-03458-fcapi-classicality-audit.md,lionheart-classical-academy-nh-03458-v*-fcapi-classicality-audit.pdf,elementary-intermediate-secondary,Charter,Public,0,,,,,,,,,,,,,,,,,,,,,,,,,,,,,,0,,0,0,0,0,0,0,0,lionheart-classical-academy-nh-03458-fcapi-classicality-abstract.md,lionheart-classical-academy-nh-03458-fcapi-classicality-audit.md,lionheart-classical-academy-nh-03458-v*-fcapi-classicality-audit.pdf,,,0,0,0,0,1547,1152
Acct1677,Live Oak Classical School,,,live-oak-classical-school-tx-76706,,+1 254 714 1007,,https://liveoakclassical.com/,400 S. 4th St.,,Waco,McLennan County,TX,76706,US,31.55503850,-97.12754130,classical,live-oak-classical-school-tx-76706-fcapi-classicality-abstract.md,live-oak-classical-school-tx-76706-fcapi-classicality-audit.md,live-oak-classical-school-tx-76706-v*-fcapi-classicality-audit.pdf,elementary-intermediate-secondary,Private School,Private,0,,,,,,,,,,,,,,,,,,,,,,,,,,,,,,0,,0,0,0,0,0,0,0,live-oak-classical-school-tx-76706-fcapi-classicality-abstract.md,live-oak-classical-school-tx-76706-fcapi-classicality-audit.md,live-oak-classical-school-tx-76706-v*-fcapi-classicality-audit.pdf,,,0,0,0,0,1551,1849
Acct1687,Logos Academy,,,logos-academy-pa-17102,,(972) 437-3493,,https://logoshbg.org/,2801 East President George Bush Highway,,Harrisburg,,PA,17102,US,,,classical,logos-academy-pa-17102-fcapi-classicality-abstract.md,logos-academy-pa-17102-fcapi-classicality-audit.md,logos-academy-pa-17102-v*-fcapi-classicality-audit.pdf,elementary,Private School,Private School,0,,100,,,,,,,,,,,,,,,,,,,,,,,,,,,,1,,0,0,0,0,0,0,0,logos-academy-pa-17102-fcapi-classicality-abstract.md,logos-academy-pa-17102-fcapi-classicality-audit.md,logos-academy-pa-17102-v*-fcapi-classicality-audit.pdf,,,0,0,0,0,1560,
Acct1688,Logos Academy,,,logos-academy-pa-17401,info@logosyork.org,+1 717 579 7731,,https://logosyork.org/,250 West King St.,,York,York County,PA,17401,US,39.95874560,-76.73323440,classical,logos-academy-pa-17401-fcapi-classicality-abstract.md,logos-academy-pa-17401-fcapi-classicality-audit.md,logos-academy-pa-17401-v*-fcapi-classicality-audit.pdf,elementary-intermediate-secondary,Private School,Private,0,,,,,,,,,,,,,,,,,,,,,,,,,,,,,,0,,0,0,0,0,0,0,0,logos-academy-pa-17401-fcapi-classicality-abstract.md,logos-academy-pa-17401-fcapi-classicality-audit.md,logos-academy-pa-17401-v*-fcapi-classicality-audit.pdf,,,0,0,0,0,1561,2721
Acct1689,Logos Christian Academy,,,logos-christian-academy-az-85122,office@logosclassical.org,(520) 421-1220,,https://logosclassical.org/,9745 North Trekell Road,,Casa Grande,Pinal County,AZ,85122,US,32.91100270,-111.77339020,classical,logos-christian-academy-az-85122-fcapi-classicality-abstract.md,logos-christian-academy-az-85122-fcapi-classicality-audit.md,logos-christian-academy-az-85122-v*-fcapi-classicality-audit.pdf,elementary-intermediate,Private School,Private School,0,2009,153,,,,,,,,,,,,,,,,,,,,,,,,,,,,1,,0,0,0,0,0,0,0,logos-christian-academy-az-85122-fcapi-classicality-abstract.md,logos-christian-academy-az-85122-fcapi-classicality-audit.md,logos-christian-academy-az-85122-v*-fcapi-classicality-audit.pdf,,,0,0,0,0,1562,
Acct1691,Logos Christian Academy,,,logos-christian-academy-nv-89406,office@logosfallon.org,+1 775 428 1825,,https://logosfallon.org/,665 Scheckler Rd.,,Fallon,Churchill County,NV,89406-9224,US,39.45942480,-118.79416240,classical,logos-christian-academy-nv-89406-fcapi-classicality-abstract.md,logos-christian-academy-nv-89406-fcapi-classicality-audit.md,logos-christian-academy-nv-89406-v*-fcapi-classicality-audit.pdf,elementary-intermediate,Private School,Private School,0,,67,,,,,,,,,,,,,,,,,,,,,,,,,,,,1,,0,0,0,0,0,0,0,logos-christian-academy-nv-89406-fcapi-classicality-abstract.md,logos-christian-academy-nv-89406-fcapi-classicality-audit.md,logos-christian-academy-nv-89406-v*-fcapi-classicality-audit.pdf,,,0,0,0,0,1564,
Acct1693,Logos Christian School,,,logos-christian-school-tx-75075,admin@logoschristianschool.org,+1 214 597 2904,,https://www.logoschristianschool.org/,3300 West Parker Road,,Plano,Collin County,TX,75075,US,33.04045140,-96.75669270,classical,logos-christian-school-tx-75075-fcapi-classicality-abstract.md,logos-christian-school-tx-75075-fcapi-classicality-audit.md,logos-christian-school-tx-75075-v*-fcapi-classicality-audit.pdf,elementary,Private School,Private,0,2022,,,,,,,,,,,,,,,,,,,,,,,,,,,,,0,,0,0,0,0,0,0,0,logos-christian-school-tx-75075-fcapi-classicality-abstract.md,logos-christian-school-tx-75075-fcapi-classicality-audit.md,logos-christian-school-tx-75075-v*-fcapi-classicality-audit.pdf,,,0,0,0,0,1565,160
,Logos Classical Academy,,,logos-classical-academy-ga-30809,scrawford@logosclassicalacademy.org,+1 706 901 7823,,https://logosclassicalacademy.org,Po Box 741,,Evans,Columbia County,GA,30809,US,33.53586270,-82.12836070,classical,logos-classical-academy-ga-30809-fcapi-classicality-abstract.md,logos-classical-academy-ga-30809-fcapi-classicality-audit.md,logos-classical-academy-ga-30809-v*-fcapi-classicality-audit.pdf,elementary-intermediate-secondary,,,0,2000,,,,,,,,,,,,,,,,,,,,,,,,,,,,,0,,0,0,0,0,0,0,0,logos-classical-academy-ga-30809-fcapi-classicality-abstract.md,logos-classical-academy-ga-30809-fcapi-classicality-audit.md,logos-classical-academy-ga-30809-v*-fcapi-classicality-audit.pdf,,,0,0,0,0,3222,
Acct1697,Logos Classical Christian School,,,logos-classical-christian-school-mi-48451,jcoldwell.logos@gmail.com,+1 810 516 0586,,https://www.logosclassicalchristian.com/,4518 Silver Lake Rd.,,Linden,Genesee County,MI,48451,US,42.81214520,-83.76456720,classical,logos-classical-christian-school-mi-48451-fcapi-classicality-abstract.md,logos-classical-christian-school-mi-48451-fcapi-classicality-audit.md,logos-classical-christian-school-mi-48451-v*-fcapi-classicality-audit.pdf,elementary-intermediate-secondary,Private School,Private,0,,,,,,,,,,,,,,,,,,,,,,,,,,,,,,0,,0,0,0,0,0,0,0,logos-classical-christian-school-mi-48451-fcapi-classicality-abstract.md,logos-classical-christian-school-mi-48451-fcapi-classicality-audit.md,logos-classical-christian-school-mi-48451-v*-fcapi-classicality-audit.pdf,,,0,0,0,0,1567,657
Acct1701,Logos School,,,logos-school-id-83843,mainoffice@logosschool.com,+1 208 882 1226,,https://logosschool.com/,110 Baker St.,,Moscow,Latah County,ID,83843,US,46.73407180,-117.01971540,classical,logos-school-id-83843-fcapi-classicality-abstract.md,logos-school-id-83843-fcapi-classicality-audit.md,logos-school-id-83843-v*-fcapi-classicality-audit.pdf,elementary-intermediate-secondary,Private School,Private,0,1981,,,,,,,,,,,,,,,,,,,,,,,,,,,,,0,,0,0,0,0,0,0,0,logos-school-id-83843-fcapi-classicality-abstract.md,logos-school-id-83843-fcapi-classicality-audit.md,logos-school-id-83843-v*-fcapi-classicality-audit.pdf,,,0,0,0,0,1570,2279
Acct1704,Lorien Wood School,,,lorien-wood-school-va-22182,office@lorienwood.org,+1 703 854 1640,,https://lorienwood.org/,8200 Bell Lane,,Vienna,Fairfax County,VA,22182,US,38.90179600,-77.22740300,classical,lorien-wood-school-va-22182-fcapi-classicality-abstract.md,lorien-wood-school-va-22182-fcapi-classicality-audit.md,lorien-wood-school-va-22182-v*-fcapi-classicality-audit.pdf,intermediate-secondary,Private School,Private,0,,,,,,,,,,,,,,,,,,,,,,,,,,,,,,0,,0,0,0,0,0,0,0,lorien-wood-school-va-22182-fcapi-classicality-abstract.md,lorien-wood-school-va-22182-fcapi-classicality-audit.md,lorien-wood-school-va-22182-v*-fcapi-classicality-audit.pdf,,,0,0,0,0,1573,2094
Acct1707,Loudoun Classical School,,,loudoun-classical-school-va-20132,admin@loudounclassicalschool.com,+1 703 915 3071,,https://loudounclassicalschool.com/,770 S 20th St,,Purcellville,Loudoun County,VA,20132,US,39.12875390,-77.71113550,classical,loudoun-classical-school-va-20132-fcapi-classicality-abstract.md,loudoun-classical-school-va-20132-fcapi-classicality-audit.md,loudoun-classical-school-va-20132-v*-fcapi-classicality-audit.pdf,intermediate-secondary,Private School,Private,0,,,,,,,,,,,,,,,,,,,,,,,,,,,,,,0,,0,0,0,0,0,0,0,loudoun-classical-school-va-20132-fcapi-classicality-abstract.md,loudoun-classical-school-va-20132-fcapi-classicality-audit.md,loudoun-classical-school-va-20132-v*-fcapi-classicality-audit.pdf,,,0,0,0,0,1576,2673
Acct1709,Loveland Classical School: Academy Campus,,,loveland-classical-school-academy-campus-co-80537,,+1 970 670 0527,,https://www.lovelandclassical.org/,3835 14th Street Southwest,,Loveland,Larimer County,CO,80537,US,40.37920230,-105.12978570,classical,loveland-classical-school-academy-campus-co-80537-fcapi-classicality-abstract.md,loveland-classical-school-academy-campus-co-80537-fcapi-classicality-audit.md,loveland-classical-school-academy-campus-co-80537-v*-fcapi-classicality-audit.pdf,elementary-intermediate-secondary,Charter,Public,0,,,,,,,,,,,,,,,,,,,,,,,,,,,,,,0,,0,0,0,0,0,0,0,loveland-classical-school-academy-campus-co-80537-fcapi-classicality-abstract.md,loveland-classical-school-academy-campus-co-80537-fcapi-classicality-audit.md,loveland-classical-school-academy-campus-co-80537-v*-fcapi-classicality-audit.pdf,,,0,0,0,0,202,1897
Acct1716,Lumen Christi Catholic School,,,lumen-christi-catholic-school-in-46203,,+1 317 440 4756,,https://lumenchristischool.org/,580 Stevens St.,,Indianapolis,Marion County,IN,46203,US,39.75810150,-86.14809680,classical,lumen-christi-catholic-school-in-46203-fcapi-classicality-abstract.md,lumen-christi-catholic-school-in-46203-fcapi-classicality-audit.md,lumen-christi-catholic-school-in-46203-v*-fcapi-classicality-audit.pdf,elementary-intermediate-secondary,Private School,Private,0,,,,,,,,,,,,,,,,,,,,,,,,,,,,,,0,,0,0,0,0,0,0,0,lumen-christi-catholic-school-in-46203-fcapi-classicality-abstract.md,lumen-christi-catholic-school-in-46203-fcapi-classicality-audit.md,lumen-christi-catholic-school-in-46203-v*-fcapi-classicality-audit.pdf,,,0,0,0,0,1582,2089
Acct1717,Lumen Gentium Academy,,,lumen-gentium-academy-nj-07005,,+1 973 996 4545,,https://www.lumengentium.academy/,513 Birch St.,,Boonton,Morris County,NJ,7005,US,40.90659200,-74.40983470,classical,lumen-gentium-academy-nj-07005-fcapi-classicality-abstract.md,lumen-gentium-academy-nj-07005-fcapi-classicality-audit.md,lumen-gentium-academy-nj-07005-v*-fcapi-classicality-audit.pdf,secondary,Private School,Private,0,,,,,,,,,,,,,,,,,,,,,,,,,,,,,,0,,0,0,0,0,0,0,0,lumen-gentium-academy-nj-07005-fcapi-classicality-abstract.md,lumen-gentium-academy-nj-07005-fcapi-classicality-audit.md,lumen-gentium-academy-nj-07005-v*-fcapi-classicality-audit.pdf,,,0,0,0,0,1583,1130
,Lutheran High School Association,,,lutheran-high-school-association-mi-48309,,+1 248 856 0240,,http://lhsa.com,1100 Bagley Ave.,,Rochester Hills,,MI,48309,US,42.64181850,-83.15484960,classical,lutheran-high-school-association-mi-48309-fcapi-classicality-abstract.md,lutheran-high-school-association-mi-48309-fcapi-classicality-audit.md,lutheran-high-school-association-mi-48309-v*-fcapi-classicality-audit.pdf,secondary,,,0,,,,,,,,,,,,,,,,,,,,,,,,,,,,,,0,,0,0,0,0,0,0,0,lutheran-high-school-association-mi-48309-fcapi-classicality-abstract.md,lutheran-high-school-association-mi-48309-fcapi-classicality-audit.md,lutheran-high-school-association-mi-48309-v*-fcapi-classicality-audit.pdf,,,0,0,0,0,5208,
Acct1722,Lux Classical Christian,,,lux-classical-christian-fl-32250,,+1 904 545 2770,,https://www.luxccs.org/,324 5th St N,,Jacksonville,Duval County,FL,32250,US,30.29118540,-81.39508450,classical,lux-classical-christian-fl-32250-fcapi-classicality-abstract.md,lux-classical-christian-fl-32250-fcapi-classicality-audit.md,lux-classical-christian-fl-32250-v*-fcapi-classicality-audit.pdf,elementary-intermediate,Private School,Private,0,,,,,,,,,,,,,,,,,,,,,,,,,,,,,,0,,0,0,0,0,0,0,0,lux-classical-christian-fl-32250-fcapi-classicality-abstract.md,lux-classical-christian-fl-32250-fcapi-classicality-audit.md,lux-classical-christian-fl-32250-v*-fcapi-classicality-audit.pdf,,,0,0,0,0,1588,615
Acct1728,Maeser Preparatory Academy,,,maeser-preparatory-academy-ut-84042,,+1 435 644 5821,,https://maeserprep.org/,320 West 600 South Street,,Lindon,Utah County,UT,84042,US,40.32725460,-111.72323700,classical,maeser-preparatory-academy-ut-84042-fcapi-classicality-abstract.md,maeser-preparatory-academy-ut-84042-fcapi-classicality-audit.md,maeser-preparatory-academy-ut-84042-v*-fcapi-classicality-audit.pdf,intermediate-secondary,Charter,Public,0,,,,,,,,,,,,,,,,,,,,,,,,,,,,,,0,,0,0,0,0,0,0,0,maeser-preparatory-academy-ut-84042-fcapi-classicality-abstract.md,maeser-preparatory-academy-ut-84042-fcapi-classicality-audit.md,maeser-preparatory-academy-ut-84042-v*-fcapi-classicality-audit.pdf,,,0,0,0,0,1592,1904
Acct1729,Magnolia Classical Academy,,,magnolia-classical-academy-ok-74701,info@mcadurant.com,(405) 517-5966,,https://mcadurant.com/,416 W Mulberry St,,Durant,Bryan County,OK,74701,US,33.99765600,-96.35895130,classical,magnolia-classical-academy-ok-74701-fcapi-classicality-abstract.md,magnolia-classical-academy-ok-74701-fcapi-classicality-audit.md,magnolia-classical-academy-ok-74701-v*-fcapi-classicality-audit.pdf,elementary-intermediate-secondary,Private School,Private,0,2021,,,,,,,,,,,,,,,,,,,,,,,,,,,,,0,,0,0,0,0,0,0,0,magnolia-classical-academy-ok-74701-fcapi-classicality-abstract.md,magnolia-classical-academy-ok-74701-fcapi-classicality-audit.md,magnolia-classical-academy-ok-74701-v*-fcapi-classicality-audit.pdf,,,0,0,0,0,1593,182
,Mansfield Classical Academy,,,mansfield-classical-academy-oh-44905,Mansfieldclassicalacademy@gmail.com,+1 419 512 1300,,https://www.mansfieldclassicalacademy.org/,1150 Rayfield Road,,Mansfield,,OH,44905,US,40.78160370,-82.47198680,classical,mansfield-classical-academy-oh-44905-fcapi-classicality-abstract.md,mansfield-classical-academy-oh-44905-fcapi-classicality-audit.md,mansfield-classical-academy-oh-44905-v*-fcapi-classicality-audit.pdf,elementary-intermediate-secondary,,,0,2021,,,,,,,,,,,,,,,,,,,,,,,,,,,,,0,,0,0,0,0,0,0,0,mansfield-classical-academy-oh-44905-fcapi-classicality-abstract.md,mansfield-classical-academy-oh-44905-fcapi-classicality-audit.md,mansfield-classical-academy-oh-44905-v*-fcapi-classicality-audit.pdf,,,0,0,0,0,3225,
Acct1732,Maranatha Academy,,,maranatha-academy-wi-54880,maracademy@gmail.com,+1 715 399 8757,,https://maranathachristian.academy/,4916 S State Rd. 35,,Superior,Douglas County,WI,54880,US,46.58566660,-92.11885830,classical,maranatha-academy-wi-54880-fcapi-classicality-abstract.md,maranatha-academy-wi-54880-fcapi-classicality-audit.md,maranatha-academy-wi-54880-v*-fcapi-classicality-audit.pdf,elementary-intermediate-secondary,Private School,Private,0,1982,,,,,,,,,,,,,,,,,,,,,,,,,,,,,0,,0,0,0,0,0,0,0,maranatha-academy-wi-54880-fcapi-classicality-abstract.md,maranatha-academy-wi-54880-fcapi-classicality-audit.md,maranatha-academy-wi-54880-v*-fcapi-classicality-audit.pdf,,,0,0,0,0,1596,1867
Acct1742,Mars Hill Academy,,,mars-hill-academy-oh-45040,info@marshill.edu,+1 513 770 3223,,https://marshill.edu/,4230 Aero Dr.,,Mason,Warren County,OH,45040,US,39.34159100,-84.29107970,classical,mars-hill-academy-oh-45040-fcapi-classicality-abstract.md,mars-hill-academy-oh-45040-fcapi-classicality-audit.md,mars-hill-academy-oh-45040-v*-fcapi-classicality-audit.pdf,elementary-intermediate-secondary,Private School,Private,0,1995,,,,,,,,,,,,,,,,,,,,,,,,,,,,,0,,0,0,0,0,0,0,0,mars-hill-academy-oh-45040-fcapi-classicality-abstract.md,mars-hill-academy-oh-45040-fcapi-classicality-audit.md,mars-hill-academy-oh-45040-v*-fcapi-classicality-audit.pdf,,,0,0,0,0,1605,2180
Acct1743,Martin Luther Grammar School,,,martin-luther-grammar-school-wy-82801,immanuellutheran82801@gmail.com,+1 307 461 7643,,https://wyoschool.faith/,1300 W 5th St,,Sheridan,Sheridan County,WY,82801,US,44.80657950,-106.97554370,classical,martin-luther-grammar-school-wy-82801-fcapi-classicality-abstract.md,martin-luther-grammar-school-wy-82801-fcapi-classicality-audit.md,martin-luther-grammar-school-wy-82801-v*-fcapi-classicality-audit.pdf,elementary-intermediate,Private School,Private,0,,,,,,,,,,,,,,,,,,,,,,,,,,,,,,0,,0,0,0,0,0,0,0,martin-luther-grammar-school-wy-82801-fcapi-classicality-abstract.md,martin-luther-grammar-school-wy-82801-fcapi-classicality-audit.md,martin-luther-grammar-school-wy-82801-v*-fcapi-classicality-audit.pdf,,,0,0,0,0,1606,1503
Acct1745,Martin Saints Classical High School,,,martin-saints-classical-high-school-pa-19403,info@martinsaintsclassical.org,+1 267 495 4865,,https://martinsaintsclassical.org/,3000 Keenwood Rd.,,East Norriton,Montgomery County,PA,19403,US,40.15188890,-75.33023480,classical,martin-saints-classical-high-school-pa-19403-fcapi-classicality-abstract.md,martin-saints-classical-high-school-pa-19403-fcapi-classicality-audit.md,martin-saints-classical-high-school-pa-19403-v*-fcapi-classicality-audit.pdf,secondary,Private School,Private,0,,,,,,,,,,,,,,,,,,,,,,,,,,,,,,0,,0,0,0,0,0,0,0,martin-saints-classical-high-school-pa-19403-fcapi-classicality-abstract.md,martin-saints-classical-high-school-pa-19403-fcapi-classicality-audit.md,martin-saints-classical-high-school-pa-19403-v*-fcapi-classicality-audit.pdf,,,0,0,0,0,1608,1905
Acct1749,Mary Seat of Wisdom Academy,,,mary-seat-wisdom-academy-ks-67213,,+1 316 444 8486,,https://www.mswwichita.org/,1840 West University Avenue,,Wichita,Sedgwick County,KS,67213,US,37.67824400,-97.36242700,classical,mary-seat-wisdom-academy-ks-67213-fcapi-classicality-abstract.md,mary-seat-wisdom-academy-ks-67213-fcapi-classicality-audit.md,mary-seat-wisdom-academy-ks-67213-v*-fcapi-classicality-audit.pdf,elementary-intermediate-secondary,Charter,Public,0,,,,,,,,,,,,,,,,,,,,,,,,,,,,,,0,,0,0,0,0,0,0,0,mary-seat-wisdom-academy-ks-67213-fcapi-classicality-abstract.md,mary-seat-wisdom-academy-ks-67213-fcapi-classicality-audit.md,mary-seat-wisdom-academy-ks-67213-v*-fcapi-classicality-audit.pdf,,,0,0,0,0,1611,626
Acct1190,Maryvale Preparatory Academy,,,maryvale-preparatory-academy-az-85031,,+1 616 295 0051,,https://maryvaleprep.greatheartsamerica.org/,4825 W Camelback Rd.,,Maryvale,Maricopa County,AZ,85031,US,33.50890790,-112.16318510,classical,maryvale-preparatory-academy-az-85031-fcapi-classicality-abstract.md,maryvale-preparatory-academy-az-85031-fcapi-classicality-audit.md,maryvale-preparatory-academy-az-85031-v*-fcapi-classicality-audit.pdf,elementary-intermediate-secondary,Charter,Public,0,,940,,,,,,,,,,,,,,,,,,,,,,,,,,,,1,"""\""\\\""""\\\\\\\""""\""""\\\\\\\\\\\\\\\""""\""""\\\""""\""""\\\\\\\\\\\\\\\\\\\\\\\\\\\\\\\""""\""""\\\""""\""""\\\\\\\""""\""""\\\""""\""""\\\\\\\\\\\\\\\\\\\\\\\\\\\\\\\\\\\\\\\\\\\\\\\\\\\\\\\\\\\\\\\""""\""""\\\""""\""""\\\\\\\""""\""""\\\""""\""""\\\\\\\\\\\\\\\""""\""""\\\""""\""""\\\\\\\""""\""""\\\""""\""""\\\\\\\\\\\\\\\\\\\\\\\\\\\\\\\\\\\\\\\\\\\\\\\\\\\\\\\\\\\\\\\\\\\\\\\\\\\\\\\\\\\\\\\\\\\\\\\\\\\\\\\\\\\\\\\\\\\\\\\\\\\\\\\""""\""""\\\""""\""""\\\\\\\""""\""""\\\""""\""""\\\\\\\\\\\\\\\""""\""""\\\""""\""""\\\\\\\""""\""""\\\""""\""""\\\\\\\\\\\\\\\\\\\\\\\\\\\\\\\""""\""""\\\""""\""""\\\\\\\""""\""""\\\""""\""""\\\\\\\\\\\\\\\""""\""""\\\""""\""""\\\\\\\""""\""""\\\""""\""""[\\\\\\\\\\\\\\\\\\\\\\\\\\\\\\\\\\\\\\\\\\\\\\\\\\\\\\\\\\\\\\\\\\\\\\\\\\\\\\\\\\\\\\\\\\\\\\\\\\\\\\\\\\\\\\\\\\\\\\\\\\\\\\\\\\\\\\\\\\\\\\\\\\\\\\\\\\\\\\\\\\\\\\\\\\\\\\\\\\\\\\\\\\\\\\\\\\\\\\\\\\\\\\\\\\\\\\\\\\\\\\\\\\\\\\\\\\\\\\\\\\\\\\\\\\\\\\\""""\""""\\\""""\""""\\\\\\\""""\""""\\\""""\""""\\\\\\\\\\\\\\\""""\""""\\\""""\""""\\\\\\\""""\""""\\\""""\""""\\\\\\\\\\\\\\\\\\\\\\\\\\\\\\\""""\""""\\\""""\""""\\\\\\\""""\""""\\\""""\""""\\\\\\\\\\\\\\\""""\""""\\\""""\""""\\\\\\\""""\""""\\\""""\""""\\\\\\\\\\\\\\\\\\\\\\\\\\\\\\\\\\\\\\\\\\\\\\\\\\\\\\\\\\\\\\\""""\""""\\\""""\""""\\\\\\\""""\""""\\\""""\""""\\\\\\\\\\\\\\\""""\""""\\\""""\""""\\\\\\\""""\""""\\\""""\""""\\\\\\\\\\\\\\\\\\\\\\\\\\\\\\\""""\""""\\\""""\""""\\\\\\\""""\""""\\\""""\""""\\\\\\\\\\\\\\\""""\""""\\\""""\""""\\\\\\\""""\""""\\\""""\""""Latin\\\\\\\\\\\\\\\\\\\\\\\\\\\\\\\\\\\\\\\\\\\\\\\\\\\\\\\\\\\\\\\\\\\\\\\\\\\\\\\\\\\\\\\\\\\\\\\\\\\\\\\\\\\\\\\\\\\\\\\\\\\\\\\\\\\\\\\\\\\\\\\\\\\\\\\\\\\\\\\\\\\\\\\\\\\\\\\\\\\\\\\\\\\\\\\\\\\\\\\\\\\\\\\\\\\\\\\\\\\\\\\\\\\\\\\\\\\\\\\\\\\\\\\\\\\\\\\""""\""""\\\""""\""""\\\\\\\""""\""""\\\""""\""""\\\\\\\\\\\\\\\""""\""""\\\""""\""""\\\\\\\""""\""""\\\""""\""""\\\\\\\\\\\\\\\\\\\\\\\\\\\\\\\""""\""""\\\""""\""""\\\\\\\""""\""""\\\""""\""""\\\\\\\\\\\\\\\""""\""""\\\""""\""""\\\\\\\""""\""""\\\""""\""""\\\\\\\\\\\\\\\\\\\\\\\\\\\\\\\\\\\\\\\\\\\\\\\\\\\\\\\\\\\\\\\""""\""""\\\""""\""""\\\\\\\""""\""""\\\""""\""""\\\\\\\\\\\\\\\""""\""""\\\""""\""""\\\\\\\""""\""""\\\""""\""""\\\\\\\\\\\\\\\\\\\\\\\\\\\\\\\""""\""""\\\""""\""""\\\\\\\""""\""""\\\""""\""""\\\\\\\\\\\\\\\""""\""""\\\""""\""""\\\\\\\""""\""""\\\""""\""""\\\\\\\\\\\\\\\\\\\\\\\\\\\\\\\\\\\\\\\\\\\\\\\\\\\\\\\\\\\\\\\\\\\\\\\\\\\\\\\\\\\\\\\\\\\\\\\\\\\\\\\\\\\\\\\\\\\\\\\\\\\\\\\""""\""""\\\""""\""""\\\\\\\""""\""""\\\""""\""""\\\\\\\\\\\\\\\""""\""""\\\""""\""""\\\\\\\""""\""""\\\""""\""""\\\\\\\\\\\\\\\\\\\\\\\\\\\\\\\""""\""""\\\""""\""""\\\\\\\""""\""""\\\""""\""""\\\\\\\\\\\\\\\""""\""""\\\""""\""""\\\\\\\""""\""""\\\""""\""""\\\\\\\\\\\\\\\\\\\\\\\\\\\\\\\\\\\\\\\\\\\\\\\\\\\\\\\\\\\\\\\""""\""""\\\""""\""""\\\\\\\""""\""""\\\""""\""""\\\\\\\\\\\\\\\""""\""""\\\""""\""""\\\\\\\""""\""""\\\""""\""""\\\\\\\\\\\\\\\\\\\\\\\\\\\\\\\""""\""""\\\""""\""""\\\\\\\""""\""""\\\""""\""""\\\\\\\\\\\\\\\""""\""""\\\""""\""""\\\\\\\""""\""""\\\""""\""""\\\\\\\\\\\\\\\\\\\\\\\\\\\\\\\\\\\\\\\\\\\\\\\\\\\\\\\\\\\\\\\""""\""""\\\""""\""""\\\\\\\""""\""""\\\""""\""""\\\\\\\\\\\\\\\""""\""""\\\""""\""""\\\\\\\""""\""""\\\""""\""""\\\\\\\\\\\\\\\\\\\\\\\\\\\\\\\""""\""""\\\""""\""""\\\\\\\""""\""""\\\""""\""""\\\\\\\\\\\\\\\""""\""""\\\""""\""""\\\\\\\""""\""""\\\""""\""""\\\\\\\\\\\\\\\\\\\\\\\\\\\\\\\\\\\\\\\\\\\\\\\\\\\\\\\\\\\\\\\""""\""""\\\""""\""""\\\\\\\""""\""""\\\""""\""""\\\\\\\\\\\\\\\""""\""""\\\""""\""""\\\\\\\""""\""""\\\""""\""""\\\\\\\\\\\\\\\\\\\\\\\\\\\\\\\""""\""""\\\""""\""""\\\\\\\""""\""""\\\""""\""""\\\\\\\\\\\\\\\""""\""""\\\""""\""""\\\\\\\""""\""""\\\""""\""""\\\\\\\\\\\\\\\\\\\\\\\\\\\\\\\\\\\\\\\\\\\\\\\\\\\\\\\\\\\\\\\""""\""""\\\""""\""""\\\\\\\""""\""""\\\""""\""""\\\\\\\\\\\\\\\""""\""""\\\""""\""""\\\\\\\""""\""""\\\""""\""""\\\\\\\\\\\\\\\\\\\\\\\\\\\\\\\""""\""""\\\""""\""""\\\\\\\""""\""""\\\""""\""""\\\\\\\\\\\\\\\""""\""""\\\""""\""""\\\\\\\""""\""""\\\""""\""""\\\\\\\\\\\\\\\\\\\\\\\\\\\\\\\""""\""""\\\""""\""""\\\\\\\""""\""""\\\""""\""""\\\\\\\\\\\\\\\""""\""""\\\""""\""""\\\\\\\""""\""""\\\""""\""""\\\\\\\\\\\\\\\\\\\\\\\\\\\\\\\""""\""""\\\""""\""""\\\\\\\""""\""""\\\""""\""""\\\\\\\\\\\\\\\""""\""""\\\""""\""""\\\\\\\""""\""""\\\""""\""""\\\\\\\\\\\\\\\\\\\\\\\\\\\\\\\""""\""""\\\""""\""""\\\\\\\""""\""""\\\""""\""""\\\\\\\\\\\\\\\""""\""""\\\""""\""""\\\\\\\""""\""""\\\""""\""""\\\\\\\\\\\\\\\""""\""""\\\""""\""""\\\\\\\""""\""""\\\""""\""""\\\\\\\\\\\\\\\""""\""""\\\""""\""""\\\\\\\""""\""""\\\""""\""""\\\\\\\\\\\\\\\""""\""""\\\""""\""""\\\\\\\""""\""""\\\""""\""""\\\\\\\""""\""""\\\""""\""""\\\\\\\""""\""""\\\""""\""""\\\\\\\""""\""""\\\""""\""""\\\""""\""""\\\""""\""""\\\""""\""""\""""\""""\""""""""""",1,1,0,0,1,0,0,maryvale-preparatory-academy-az-85031-fcapi-classicality-abstract.md,maryvale-preparatory-academy-az-85031-fcapi-classicality-audit.md,maryvale-preparatory-academy-az-85031-v*-fcapi-classicality-audit.pdf,,,0,0,0,0,174,2497
Acct1767,Master's Classical School,,,masters-classical-school-in-47882,,+1 812 638 2999,,https://www.mastersclassicalschool.com/,9 E Jackson St,,Sullivan,Sullivan County,IN,47882,US,39.09423310,-87.40669780,classical,masters-classical-school-in-47882-fcapi-classicality-abstract.md,masters-classical-school-in-47882-fcapi-classicality-audit.md,masters-classical-school-in-47882-v*-fcapi-classicality-audit.pdf,elementary-intermediate-secondary,Private School,Private,0,,,,,,,,,,,,,,,,,,,,,,,,,,,,,,0,,0,0,0,0,0,0,0,masters-classical-school-in-47882-fcapi-classicality-abstract.md,masters-classical-school-in-47882-fcapi-classicality-audit.md,masters-classical-school-in-47882-v*-fcapi-classicality-audit.pdf,,,0,0,0,0,1623,193
Acct1779,Mayflower Christian Academy,,,mayflower-christian-academy-va-24301,,+1 540 230 2584,,https://www.mayflowerswva.com/,995 Peppers Ferry Rd.,,Pulaski,Pulaski County,VA,24301,US,37.05638750,-80.76521770,classical,mayflower-christian-academy-va-24301-fcapi-classicality-abstract.md,mayflower-christian-academy-va-24301-fcapi-classicality-audit.md,mayflower-christian-academy-va-24301-v*-fcapi-classicality-audit.pdf,elementary-intermediate-secondary,Private School,Private,0,,,,,,,,,,,,,,,,,,,,,,,,,,,,,,0,,0,0,0,0,0,0,0,mayflower-christian-academy-va-24301-fcapi-classicality-abstract.md,mayflower-christian-academy-va-24301-fcapi-classicality-audit.md,mayflower-christian-academy-va-24301-v*-fcapi-classicality-audit.pdf,,,0,0,0,0,1633,2474
Acct1791,Memorial Lutheran School,,,memorial-lutheran-school-tx-77057,,+1 580 262 0806,,https://www.memoriallutheranschool.org/,5800 Westheimer Rd.,,Houston,Harris County,TX,77057,US,29.73887300,-95.48014900,classical,memorial-lutheran-school-tx-77057-fcapi-classicality-abstract.md,memorial-lutheran-school-tx-77057-fcapi-classicality-audit.md,memorial-lutheran-school-tx-77057-v*-fcapi-classicality-audit.pdf,elementary-intermediate-secondary,Private School,Private,0,,,,,,,,,,,,,,,,,,,,,,,,,,,,,,0,,0,0,0,0,0,0,0,memorial-lutheran-school-tx-77057-fcapi-classicality-abstract.md,memorial-lutheran-school-tx-77057-fcapi-classicality-audit.md,memorial-lutheran-school-tx-77057-v*-fcapi-classicality-audit.pdf,,,0,0,0,0,1645,2087
Acct1794,Mesquite Christian Academy,,,mesquite-christian-academy-nv-89027,info@mesquitechristianacademy.org,+1 702 613 5863,,https://mesquitechristianacademy.org/,70 N Yucca St,,Mesquite,Clark County,NV,89027,US,36.80945260,-114.10580030,classical,mesquite-christian-academy-nv-89027-fcapi-classicality-abstract.md,mesquite-christian-academy-nv-89027-fcapi-classicality-audit.md,mesquite-christian-academy-nv-89027-v*-fcapi-classicality-audit.pdf,elementary-intermediate,Private School,Private,0,,,,,,,,,,,,,,,,,,,,,,,,,,,,,,0,,0,0,0,0,0,0,0,mesquite-christian-academy-nv-89027-fcapi-classicality-abstract.md,mesquite-christian-academy-nv-89027-fcapi-classicality-audit.md,mesquite-christian-academy-nv-89027-v*-fcapi-classicality-audit.pdf,,,0,0,0,0,1648,1573
Acct1795,Messiah Lutheran Classical Academy,,,messiah-lutheran-classical-academy-tx-76248,schooloffice@mlcatexas.org,+1 817 431 5486,,https://mlcatexas.org/,1308 Whitley Rd.,,Keller,Tarrant County,TX,76248,US,32.91150850,-97.25380800,classical,messiah-lutheran-classical-academy-tx-76248-fcapi-classicality-abstract.md,messiah-lutheran-classical-academy-tx-76248-fcapi-classicality-audit.md,messiah-lutheran-classical-academy-tx-76248-v*-fcapi-classicality-audit.pdf,elementary-intermediate,Private School,Private,0,2000,,,,,,,,,,,,,,,,,,,,,,,,,,,,,0,,0,0,0,0,0,0,0,messiah-lutheran-classical-academy-tx-76248-fcapi-classicality-abstract.md,messiah-lutheran-classical-academy-tx-76248-fcapi-classicality-audit.md,messiah-lutheran-classical-academy-tx-76248-v*-fcapi-classicality-audit.pdf,,,0,0,0,0,1649,2693
Acct1808,Midland Classical Academy,,,midland-classical-academy-tx-79705,,+1 432 694 0995,,https://www.mcaknights.org/,5711 Whitman Dr.,,Midland,Midland County,TX,79705,US,32.05062500,-102.12623700,classical,midland-classical-academy-tx-79705-fcapi-classicality-abstract.md,midland-classical-academy-tx-79705-fcapi-classicality-audit.md,midland-classical-academy-tx-79705-v*-fcapi-classicality-audit.pdf,elementary-intermediate-secondary,Private School,Private,0,,,,,,,,,,,,,,,,,,,,,,,,,,,,,,0,,0,0,0,0,0,0,0,midland-classical-academy-tx-79705-fcapi-classicality-abstract.md,midland-classical-academy-tx-79705-fcapi-classicality-audit.md,midland-classical-academy-tx-79705-v*-fcapi-classicality-audit.pdf,,,0,0,0,0,1662,2460
Acct1809,Midway Covenant Christian School,,,midway-covenant-christian-school-ga-30127,,+1 770 590 1866,,https://www.midwayschool.org/,4635 Dallas Hwy,,Powder Springs,Cobb County,GA,30127,US,33.94365690,-84.68770610,classical,midway-covenant-christian-school-ga-30127-fcapi-classicality-abstract.md,midway-covenant-christian-school-ga-30127-fcapi-classicality-audit.md,midway-covenant-christian-school-ga-30127-v*-fcapi-classicality-audit.pdf,elementary-intermediate,Private School,Private,0,,,,,,,,,,,,,,,,,,,,,,,,,,,,,,0,,0,0,0,0,0,0,0,midway-covenant-christian-school-ga-30127-fcapi-classicality-abstract.md,midway-covenant-christian-school-ga-30127-fcapi-classicality-audit.md,midway-covenant-christian-school-ga-30127-v*-fcapi-classicality-audit.pdf,,,0,0,0,0,1663,2327
Acct1811,Mineral Christian School,,,mineral-christian-school-va-23117,juned344@gmail.com,+1 512 351 5117,,https://www.mineralchristianschool.org/,51 Louisa Ave.,,Mineral,Louisa County,VA,23117,US,38.01414810,-77.90739470,classical,mineral-christian-school-va-23117-fcapi-classicality-abstract.md,mineral-christian-school-va-23117-fcapi-classicality-audit.md,mineral-christian-school-va-23117-v*-fcapi-classicality-audit.pdf,elementary-intermediate-secondary,Private School,Private,0,2015,,,,,,,,,,,,,,,,,,,,,,,,,,,,,0,,0,0,0,0,0,0,0,mineral-christian-school-va-23117-fcapi-classicality-abstract.md,mineral-christian-school-va-23117-fcapi-classicality-audit.md,mineral-christian-school-va-23117-v*-fcapi-classicality-audit.pdf,,,0,0,0,0,1665,1572
Acct1814,Mirus Academy,,,mirus-academy-me-04605,office@mirusacademy.info,+1 207 664 4698,,https://mirusacademy.info/,460 High St.,,Ellsworth,Hancock County,ME,4605,US,44.51673830,-68.39428360,classical,mirus-academy-me-04605-fcapi-classicality-abstract.md,mirus-academy-me-04605-fcapi-classicality-audit.md,mirus-academy-me-04605-v*-fcapi-classicality-audit.pdf,elementary-intermediate-secondary,Private School,Private,0,2014,,,,,,,,,,,,,,,,,,,,,,,,,,,,,0,,0,0,0,0,0,0,0,mirus-academy-me-04605-fcapi-classicality-abstract.md,mirus-academy-me-04605-fcapi-classicality-audit.md,mirus-academy-me-04605-v*-fcapi-classicality-audit.pdf,,,0,0,0,0,1668,2368
Acct1836,Mount Olive Lutheran School,,,mount-olive-lutheran-school-mt-59102,,+1 406 656 6687,,https://mountoliveschool.org/,2336 Saint Johns Ave.,,Billings,Yellowstone County,MT,59102,US,45.77100910,-108.57562740,classical,mount-olive-lutheran-school-mt-59102-fcapi-classicality-abstract.md,mount-olive-lutheran-school-mt-59102-fcapi-classicality-audit.md,mount-olive-lutheran-school-mt-59102-v*-fcapi-classicality-audit.pdf,elementary-intermediate,Private School,Private,0,,,,,,,,,,,,,,,,,,,,,,,,,,,,,,0,,0,0,0,0,0,0,0,mount-olive-lutheran-school-mt-59102-fcapi-classicality-abstract.md,mount-olive-lutheran-school-mt-59102-fcapi-classicality-audit.md,mount-olive-lutheran-school-mt-59102-v*-fcapi-classicality-audit.pdf,,,0,0,0,0,1688,159
Acct1839,Mount Tabor School of the Liberal Arts,,,mount-tabor-school-liberal-arts-mo-64128,perpetualfelicity203@gmail.com,+1 423 227 3599,,https://mounttaborschool.org/,3015 Forest Ave.,,Kansas City,Jackson County,MO,64128,US,39.07170660,-94.56964650,classical,mount-tabor-school-liberal-arts-mo-64128-fcapi-classicality-abstract.md,mount-tabor-school-liberal-arts-mo-64128-fcapi-classicality-audit.md,mount-tabor-school-liberal-arts-mo-64128-v*-fcapi-classicality-audit.pdf,elementary-intermediate-secondary,Private School,Private,0,,,,,,,,,,,,,,,,,,,,,,,,,,,,,,0,,0,0,0,0,0,0,0,mount-tabor-school-liberal-arts-mo-64128-fcapi-classicality-abstract.md,mount-tabor-school-liberal-arts-mo-64128-fcapi-classicality-audit.md,mount-tabor-school-liberal-arts-mo-64128-v*-fcapi-classicality-audit.pdf,,,0,0,0,0,1691,2677
Acct1840,Mt Royal Academy,,,mt-royal-academy-nh-03782,,+1 603 763 9010,,https://www.mountroyalacademy.com/,26 Seven Hearths Lane,,Sunapee,Sullivan County,NH,3782,US,43.39999760,-72.08492320,classical,mt-royal-academy-nh-03782-fcapi-classicality-abstract.md,mt-royal-academy-nh-03782-fcapi-classicality-audit.md,mt-royal-academy-nh-03782-v*-fcapi-classicality-audit.pdf,elementary-intermediate-secondary,Private School,Private,0,,,,,,,,,,,,,,,,,,,,,,,,,,,,,,0,,0,0,0,0,0,0,0,mt-royal-academy-nh-03782-fcapi-classicality-abstract.md,mt-royal-academy-nh-03782-fcapi-classicality-audit.md,mt-royal-academy-nh-03782-v*-fcapi-classicality-audit.pdf,,,0,0,0,0,1692,1607
Acct1845,Naperville Christian Academy,,,naperville-christian-academy-il-60563,rruff@ncaclassical.org,+1 630 637 9622,,https://ncaclassical.org/,1451 Raymond Dr.,,Naperville,DuPage County,IL,60563,US,41.79308700,-88.18804160,classical,naperville-christian-academy-il-60563-fcapi-classicality-abstract.md,naperville-christian-academy-il-60563-fcapi-classicality-audit.md,naperville-christian-academy-il-60563-v*-fcapi-classicality-audit.pdf,elementary-intermediate-secondary,Private School,Private,0,2000,,,,,,,,,,,,,,,,,,,,,,,,,,,,,0,,0,0,0,0,0,0,0,naperville-christian-academy-il-60563-fcapi-classicality-abstract.md,naperville-christian-academy-il-60563-fcapi-classicality-audit.md,naperville-christian-academy-il-60563-v*-fcapi-classicality-audit.pdf,,,0,0,0,0,1697,2080
Acct1846,Naples Classical Academy,,,naples-classical-academy-fl-34120,,+1 239 449 8773,,https://www.naplesclassical.org/,10270 Immokalee Road,,Naples,Collier County,FL,34120,US,26.27151350,-81.66216240,classical,naples-classical-academy-fl-34120-fcapi-classicality-abstract.md,naples-classical-academy-fl-34120-fcapi-classicality-audit.md,naples-classical-academy-fl-34120-v*-fcapi-classicality-audit.pdf,elementary-intermediate-secondary,Charter,Public,0,,,,,,,,,,,,,,,,,,,,,,,,,,,,,,0,,0,0,0,0,0,0,0,naples-classical-academy-fl-34120-fcapi-classicality-abstract.md,naples-classical-academy-fl-34120-fcapi-classicality-audit.md,naples-classical-academy-fl-34120-v*-fcapi-classicality-audit.pdf,,,0,0,0,0,1698,2733
Acct1847,Nashville Classical Charter School,,,nashville-classical-charter-school-tn-37206,,+1 615 538 5841,,https://nashvillelatinschool.com/,2000 Greenwood Ave.,,Nashville,Davidson County,TN,37206,US,36.18825730,-86.73308380,classical,nashville-classical-charter-school-tn-37206-fcapi-classicality-abstract.md,nashville-classical-charter-school-tn-37206-fcapi-classicality-audit.md,nashville-classical-charter-school-tn-37206-v*-fcapi-classicality-audit.pdf,elementary-intermediate-secondary,Charter,Public,0,,,,,,,,,,,,,,,,,,,,,,,,,,,,,,0,,0,0,0,0,0,0,0,nashville-classical-charter-school-tn-37206-fcapi-classicality-abstract.md,nashville-classical-charter-school-tn-37206-fcapi-classicality-audit.md,nashville-classical-charter-school-tn-37206-v*-fcapi-classicality-audit.pdf,,,0,0,0,0,1699,1626
,Neighborhood Christian Schools,,,neighborhood-christian-schools-mo-65793,,+1 417 469 1117,,https://classicalncs.com,5098 County Road 2980,,Willow Springs,,MO,65793,US,36.96075670,-91.88254970,classical,neighborhood-christian-schools-mo-65793-fcapi-classicality-abstract.md,neighborhood-christian-schools-mo-65793-fcapi-classicality-audit.md,neighborhood-christian-schools-mo-65793-v*-fcapi-classicality-audit.pdf,elementary-intermediate-secondary,,,0,2020,,,,,,,,,,,,,,,,,,,,,,,,,,,,,0,,0,0,0,0,0,0,0,neighborhood-christian-schools-mo-65793-fcapi-classicality-abstract.md,neighborhood-christian-schools-mo-65793-fcapi-classicality-audit.md,neighborhood-christian-schools-mo-65793-v*-fcapi-classicality-audit.pdf,,,0,0,0,0,3228,
Acct1860,New Braunfels Christian Academy,,,new-braunfels-christian-academy-tx-78132,,+1 830 643 9926,,https://www.nbcatx.org/,220 Farm to Market Road 1863,,New Braunfels,Comal County,TX,78132,US,29.71898780,-98.18297140,classical,new-braunfels-christian-academy-tx-78132-fcapi-classicality-abstract.md,new-braunfels-christian-academy-tx-78132-fcapi-classicality-audit.md,new-braunfels-christian-academy-tx-78132-v*-fcapi-classicality-audit.pdf,elementary-intermediate-secondary,Private School,Private,0,,,,,,,,,,,,,,,,,,,,,,,,,,,,,,0,,0,0,0,0,0,0,0,new-braunfels-christian-academy-tx-78132-fcapi-classicality-abstract.md,new-braunfels-christian-academy-tx-78132-fcapi-classicality-audit.md,new-braunfels-christian-academy-tx-78132-v*-fcapi-classicality-audit.pdf,,,0,0,0,0,1713,1241
Acct1861,New City Classical Academy,,,new-city-classical-academy-ia-52722,info@newcityclassical.com,+1 563 343 0776,,https://www.newcityclassical.com/,1811 18th Street,,Bettendorf,Scott County,IA,52722,US,41.54116070,-90.50665900,classical,new-city-classical-academy-ia-52722-fcapi-classicality-abstract.md,new-city-classical-academy-ia-52722-fcapi-classicality-audit.md,new-city-classical-academy-ia-52722-v*-fcapi-classicality-audit.pdf,elementary-intermediate-secondary,Private School,Private,0,2023,,,,,,,,,,,,,,,,,,,,,,,,,,,,,0,,0,0,0,0,0,0,0,new-city-classical-academy-ia-52722-fcapi-classicality-abstract.md,new-city-classical-academy-ia-52722-fcapi-classicality-audit.md,new-city-classical-academy-ia-52722-v*-fcapi-classicality-audit.pdf,,,0,0,0,0,1714,53
Acct1865,New Covenant Christian Academy,,,new-covenant-christian-academy-ky-42048,siress@nccaky.org,+1 270 437 3170,,https://nccaky.org/,218 College St,,Hardin,Marshall County,KY,42048,US,36.76363400,-88.29679020,classical,new-covenant-christian-academy-ky-42048-fcapi-classicality-abstract.md,new-covenant-christian-academy-ky-42048-fcapi-classicality-audit.md,new-covenant-christian-academy-ky-42048-v*-fcapi-classicality-audit.pdf,elementary-intermediate-secondary,Private School,Private,0,2009,,,,,,,,,,,,,,,,,,,,,,,,,,,,,0,,0,0,0,0,0,0,0,new-covenant-christian-academy-ky-42048-fcapi-classicality-abstract.md,new-covenant-christian-academy-ky-42048-fcapi-classicality-audit.md,new-covenant-christian-academy-ky-42048-v*-fcapi-classicality-audit.pdf,,,0,0,0,0,1718,1822
Acct1867,New Covenant Christian School,,,new-covenant-christian-school-md-21009,nccs@nccsmd.org,+1 443 512 0771,,https://www.nccsmd.org/,128 Saint Marys Church Road,,Abingdon,Harford County,MD,21009,US,39.49018280,-76.31378290,classical,new-covenant-christian-school-md-21009-fcapi-classicality-abstract.md,new-covenant-christian-school-md-21009-fcapi-classicality-audit.md,new-covenant-christian-school-md-21009-v*-fcapi-classicality-audit.pdf,elementary-intermediate-secondary,Private School,Private,0,1999,,,,,,,,,,,,,,,,,,,,,,,,,,,,,0,,0,0,0,0,0,0,0,new-covenant-christian-school-md-21009-fcapi-classicality-abstract.md,new-covenant-christian-school-md-21009-fcapi-classicality-audit.md,new-covenant-christian-school-md-21009-v*-fcapi-classicality-audit.pdf,,,0,0,0,0,1720,344
Acct1868,New Covenant School,,,new-covenant-school-sc-29621,school@newcovschool.net,+1 864 224 5675,,https://newcovschool.net/,303 Simpson Rd.,,Anderson,Anderson County,SC,29621,US,34.53740410,-82.62582050,classical,new-covenant-school-sc-29621-fcapi-classicality-abstract.md,new-covenant-school-sc-29621-fcapi-classicality-audit.md,new-covenant-school-sc-29621-v*-fcapi-classicality-audit.pdf,elementary-intermediate-secondary,Private School,Private,0,1998,,,,,,,,,,,,,,,,,,,,,,,,,,,,,0,,0,0,0,0,0,0,0,new-covenant-school-sc-29621-fcapi-classicality-abstract.md,new-covenant-school-sc-29621-fcapi-classicality-audit.md,new-covenant-school-sc-29621-v*-fcapi-classicality-audit.pdf,,,0,0,0,0,1721,2469
Net1846,New Covenant Schools,,,new-covenant-schools-va-24501,kmosher@newcovenantschools.org,+1 434 847 8313,,https://newcovenantschools.org/,122 Fleetwood Dr.,,Lynchburg,,VA,24501,US,37.39611530,-79.20669380,classical,new-covenant-schools-va-24501-fcapi-classicality-abstract.md,new-covenant-schools-va-24501-fcapi-classicality-audit.md,new-covenant-schools-va-24501-v*-fcapi-classicality-audit.pdf,elementary-intermediate-secondary,Private School,Private,0,1991,,,,,,,,,,,,,,,,,,,,,,,,,,,,,0,,0,0,0,0,0,0,0,new-covenant-schools-va-24501-fcapi-classicality-abstract.md,new-covenant-schools-va-24501-fcapi-classicality-audit.md,new-covenant-schools-va-24501-v*-fcapi-classicality-audit.pdf,,,0,0,0,0,1722,2765
Acct1872,New Hope Academy,,,new-hope-academy-tn-37064,,+1 615 595 0324,,https://www.nhafranklin.org/,1820 Downs Blvd.,,Franklin,Williamson County,TN,37064,US,35.91777980,-86.89915430,classical,new-hope-academy-tn-37064-fcapi-classicality-abstract.md,new-hope-academy-tn-37064-fcapi-classicality-audit.md,new-hope-academy-tn-37064-v*-fcapi-classicality-audit.pdf,elementary-intermediate-secondary,Private School,Private,0,,,,,,,,,,,,,,,,,,,,,,,,,,,,,,0,,0,0,0,0,0,0,0,new-hope-academy-tn-37064-fcapi-classicality-abstract.md,new-hope-academy-tn-37064-fcapi-classicality-audit.md,new-hope-academy-tn-37064-v*-fcapi-classicality-audit.pdf,,,0,0,0,0,1725,2309
Acct1873,New Hope Christian Academy of Southern Illinois,,,new-hope-christian-academy-southern-illinois-il-62946,hello@nhcalions.org,+1 618 205 6707,,https://nhcalions.org/,1520 W Mchaney Rd.,,Harrisburg,Saline County,IL,62946,US,37.74134260,-88.52707150,classical,new-hope-christian-academy-southern-illinois-il-62946-fcapi-classicality-abstract.md,new-hope-christian-academy-southern-illinois-il-62946-fcapi-classicality-audit.md,new-hope-christian-academy-southern-illinois-il-62946-v*-fcapi-classicality-audit.pdf,elementary-intermediate-secondary,Private School,Private,0,,,,,,,,,,,,,,,,,,,,,,,,,,,,,,0,,0,0,0,0,0,0,0,new-hope-christian-academy-southern-illinois-il-62946-fcapi-classicality-abstract.md,new-hope-christian-academy-southern-illinois-il-62946-fcapi-classicality-audit.md,new-hope-christian-academy-southern-illinois-il-62946-v*-fcapi-classicality-audit.pdf,,,0,0,0,0,1726,1531
Acct1878,New Life Christian School,,,new-life-christian-school-wa-98823,nlcs@nlcs.us,+1 509 754 5558,,https://nlcs.us/,911 Division Avenue East,,Ephrata,Grant County,WA,98823,US,47.31926460,-119.53830760,classical,new-life-christian-school-wa-98823-fcapi-classicality-abstract.md,new-life-christian-school-wa-98823-fcapi-classicality-audit.md,new-life-christian-school-wa-98823-v*-fcapi-classicality-audit.pdf,elementary-intermediate-secondary,Private School,Private,0,1980,,,,,,,,,,,,,,,,,,,,,,,,,,,,,0,,0,0,0,0,0,0,0,new-life-christian-school-wa-98823-fcapi-classicality-abstract.md,new-life-christian-school-wa-98823-fcapi-classicality-audit.md,new-life-christian-school-wa-98823-v*-fcapi-classicality-audit.pdf,,,0,0,0,0,1730,2412
Acct1891,Nolan Catholic High School,,,nolan-catholic-high-school-tx-76103,ekeoughan@nchstx.org,+1 817 457 2920,,https://nchstx.org/,4501 Bridge St,,Fort Worth,Tarrant County,TX,76103,US,32.76145760,-97.25625510,classical,nolan-catholic-high-school-tx-76103-fcapi-classicality-abstract.md,nolan-catholic-high-school-tx-76103-fcapi-classicality-audit.md,nolan-catholic-high-school-tx-76103-v*-fcapi-classicality-audit.pdf,secondary,Private School,Private,0,,,,,,,,,,,,,,,,,,,,,,,,,,,,,,0,,0,0,0,0,0,0,0,nolan-catholic-high-school-tx-76103-fcapi-classicality-abstract.md,nolan-catholic-high-school-tx-76103-fcapi-classicality-audit.md,nolan-catholic-high-school-tx-76103-v*-fcapi-classicality-audit.pdf,,,0,0,0,0,1741,2496
Acct1893,North Hills Christian School,,,north-hills-christian-school-nc-28144,,+1 704 636 3005,,https://www.northhillschristian.com/,2970 West Innes St.,,Salisbury,Rowan County,NC,28144,US,35.70311540,-80.48183860,classical,north-hills-christian-school-nc-28144-fcapi-classicality-abstract.md,north-hills-christian-school-nc-28144-fcapi-classicality-audit.md,north-hills-christian-school-nc-28144-v*-fcapi-classicality-audit.pdf,elementary-intermediate-secondary,Private School,Private,0,,,,,,,,,,,,,,,,,,,,,,,,,,,,,,0,,0,0,0,0,0,0,0,north-hills-christian-school-nc-28144-fcapi-classicality-abstract.md,north-hills-christian-school-nc-28144-fcapi-classicality-audit.md,north-hills-christian-school-nc-28144-v*-fcapi-classicality-audit.pdf,,,0,0,0,0,1743,2163
Acct1899,North Phoenix Preparatory Academy,,,north-phoenix-preparatory-academy-az-85032,bsokolis@northphoenixprep.org,+1 602 438 7045,+1 602 996 4355,https://northphoenixprep.greatheartsamerica.org/,14100 North 32nd Street,,Phoenix,Maricopa County,AZ,85032,US,33.61615920,-112.01437120,classical,north-phoenix-preparatory-academy-az-85032-fcapi-classicality-abstract.md,north-phoenix-preparatory-academy-az-85032-fcapi-classicality-audit.md,north-phoenix-preparatory-academy-az-85032-v*-fcapi-classicality-audit.pdf,intermediate-secondary,,,0,,634,,,,,,,,,,,,,,,,,,,,,,,,,,,,0,,0,0,0,0,0,0,0,north-phoenix-preparatory-academy-az-85032-fcapi-classicality-abstract.md,north-phoenix-preparatory-academy-az-85032-fcapi-classicality-audit.md,north-phoenix-preparatory-academy-az-85032-v*-fcapi-classicality-audit.pdf,,,0,0,0,0,175,2753
Acct1901,North Star Classical Christian School,,,north-star-classical-christian-school-il-60030,kadjei@nsclassical.com,+1 847 915 0116,,https://nsclassical.com/,1350 -137,,Grayslake,Lake County,IL,60030,US,42.31919230,-88.00933840,classical,north-star-classical-christian-school-il-60030-fcapi-classicality-abstract.md,north-star-classical-christian-school-il-60030-fcapi-classicality-audit.md,north-star-classical-christian-school-il-60030-v*-fcapi-classicality-audit.pdf,elementary-intermediate-secondary,Private School,Private,0,2021,,,,,,,,,,,,,,,,,,,,,,,,,,,,,0,,0,0,0,0,0,0,0,north-star-classical-christian-school-il-60030-fcapi-classicality-abstract.md,north-star-classical-christian-school-il-60030-fcapi-classicality-audit.md,north-star-classical-christian-school-il-60030-v*-fcapi-classicality-audit.pdf,,,0,0,0,0,1749,1154
Acct1903,Northeast Ohio Classical Academy,,,northeast-ohio-classical-academy-oh-44321,info@NEOCAcademy.org,+1 330 331 4352,,https://neocacademy.org/,137 Heritage Woods Drive,,Copley,Summit County,OH,44321,US,41.13213660,-81.65811600,classical,northeast-ohio-classical-academy-oh-44321-fcapi-classicality-abstract.md,northeast-ohio-classical-academy-oh-44321-fcapi-classicality-audit.md,northeast-ohio-classical-academy-oh-44321-v*-fcapi-classicality-audit.pdf,elementary,Private School,Private,0,,,,,,,,,,,,,,,,,,,,,,,,,,,,,,0,,0,0,0,0,0,0,0,northeast-ohio-classical-academy-oh-44321-fcapi-classicality-abstract.md,northeast-ohio-classical-academy-oh-44321-fcapi-classicality-audit.md,northeast-ohio-classical-academy-oh-44321-v*-fcapi-classicality-audit.pdf,,,0,0,0,0,1751,454
Acct1904,Northern Colorado Christian Academy,,,northern-colorado-christian-academy-co-80615,,+1 970 703 6222,,https://www.nocochristian.org/,1561 Benjamin Dr.,,Eaton,Weld County,CO,80615,US,40.51711500,-104.73248600,classical,northern-colorado-christian-academy-co-80615-fcapi-classicality-abstract.md,northern-colorado-christian-academy-co-80615-fcapi-classicality-audit.md,northern-colorado-christian-academy-co-80615-v*-fcapi-classicality-audit.pdf,elementary-intermediate-secondary,Private School,Private,0,,,,,,,,,,,,,,,,,,,,,,,,,,,,,,0,,0,0,0,0,0,0,0,northern-colorado-christian-academy-co-80615-fcapi-classicality-abstract.md,northern-colorado-christian-academy-co-80615-fcapi-classicality-audit.md,northern-colorado-christian-academy-co-80615-v*-fcapi-classicality-audit.pdf,,,0,0,0,0,1752,1425
Acct1915,Northwest Classical Academy,,,northwest-classical-academy-ga-30152,,+1 470 502 9700,,https://www.nwclassical.org/,3010 Cobb Parkway North,,Kennesaw,Cobb County,GA,30152,US,34.02810530,-84.64105400,classical,northwest-classical-academy-ga-30152-fcapi-classicality-abstract.md,northwest-classical-academy-ga-30152-fcapi-classicality-audit.md,northwest-classical-academy-ga-30152-v*-fcapi-classicality-audit.pdf,elementary-intermediate-secondary,Charter,Public,0,,,,,,,,,,,,,,,,,,,,,,,,,,,,,,0,,0,0,0,0,0,0,0,northwest-classical-academy-ga-30152-fcapi-classicality-abstract.md,northwest-classical-academy-ga-30152-fcapi-classicality-audit.md,northwest-classical-academy-ga-30152-v*-fcapi-classicality-audit.pdf,,,0,0,0,0,1763,2756
Acct1916,Northwest Ohio Classical Academy,,,northwest-ohio-classical-academy-oh-43614,,+1 567 420 6180,,https://nocacademy.org/,5025 Glendale Ave.,,Toledo,Lucas County,OH,43614,US,41.60353440,-83.66031950,classical,northwest-ohio-classical-academy-oh-43614-fcapi-classicality-abstract.md,northwest-ohio-classical-academy-oh-43614-fcapi-classicality-audit.md,northwest-ohio-classical-academy-oh-43614-v*-fcapi-classicality-audit.pdf,elementary-intermediate-secondary,Charter,Public,0,,,,,,,,,,,,,,,,,,,,,,,,,,,,,,0,,0,0,0,0,0,0,0,northwest-ohio-classical-academy-oh-43614-fcapi-classicality-abstract.md,northwest-ohio-classical-academy-oh-43614-fcapi-classicality-audit.md,northwest-ohio-classical-academy-oh-43614-v*-fcapi-classicality-audit.pdf,,,0,0,0,0,1764,2557
Acct1917,Notre Dame Academy,,,notre-dame-academy-ca-92130,,+1 858 509 2300,,https://veritasacademyca.com/,4345 Del Mar Trails Rd.,,San Diego,San Diego County,CA,92130,US,32.94197170,-117.22099130,classical,notre-dame-academy-ca-92130-fcapi-classicality-abstract.md,notre-dame-academy-ca-92130-fcapi-classicality-audit.md,notre-dame-academy-ca-92130-v*-fcapi-classicality-audit.pdf,elementary-intermediate,Private School,Private,0,,,,,,,,,,,,,,,,,,,,,,,,,,,,,,0,,0,0,0,0,0,0,0,notre-dame-academy-ca-92130-fcapi-classicality-abstract.md,notre-dame-academy-ca-92130-fcapi-classicality-audit.md,notre-dame-academy-ca-92130-v*-fcapi-classicality-audit.pdf,,,0,0,0,0,1765,921
Acct1925,Oak Grove Christian Academy,,,oak-grove-christian-academy-nc-27932,,+1 252 642 9854,,https://www.oakgroveedenton.com/,131 Morristown Rd.,,Edenton,Chowan County,NC,27932,US,36.13135120,-76.66028600,classical,oak-grove-christian-academy-nc-27932-fcapi-classicality-abstract.md,oak-grove-christian-academy-nc-27932-fcapi-classicality-audit.md,oak-grove-christian-academy-nc-27932-v*-fcapi-classicality-audit.pdf,elementary-intermediate-secondary,Private School,Private,0,,,,,,,,,,,,,,,,,,,,,,,,,,,,,,0,,0,0,0,0,0,0,0,oak-grove-christian-academy-nc-27932-fcapi-classicality-abstract.md,oak-grove-christian-academy-nc-27932-fcapi-classicality-audit.md,oak-grove-christian-academy-nc-27932-v*-fcapi-classicality-audit.pdf,,,0,0,0,0,1773,171
Acct1930,Oak Hill Academy,,,oak-hill-academy-tx-75220,,+1 214 353 8804,,https://oakhillacademy.org/,9407 Midway Rd.,,Dallas,Dallas County,TX,75220,US,32.86765980,-96.83876180,classical,oak-hill-academy-tx-75220-fcapi-classicality-abstract.md,oak-hill-academy-tx-75220-fcapi-classicality-audit.md,oak-hill-academy-tx-75220-v*-fcapi-classicality-audit.pdf,elementary-intermediate-secondary,,,0,,,,,,,,,,,,,,,,,,,,,,,,,,,,,,0,,0,0,0,0,0,0,0,oak-hill-academy-tx-75220-fcapi-classicality-abstract.md,oak-hill-academy-tx-75220-fcapi-classicality-audit.md,oak-hill-academy-tx-75220-v*-fcapi-classicality-audit.pdf,,,0,0,0,0,1776,2581
Acct1932,Oak Hill Classical School,,,oak-hill-classical-school-ga-30019,info@oakhillclassical.org,+1 770 338 7945,,https://oakhillclassical.org/,2955 Old Fountain Rd.,,Dacula,Gwinnett County,GA,30019,US,34.03559760,-83.91216470,classical,oak-hill-classical-school-ga-30019-fcapi-classicality-abstract.md,oak-hill-classical-school-ga-30019-fcapi-classicality-audit.md,oak-hill-classical-school-ga-30019-v*-fcapi-classicality-audit.pdf,elementary-intermediate,Private School,Private,0,2006,,,,,,,,,,,,,,,,,,,,,,,,,,,,,0,,0,0,0,0,0,0,0,oak-hill-classical-school-ga-30019-fcapi-classicality-abstract.md,oak-hill-classical-school-ga-30019-fcapi-classicality-audit.md,oak-hill-classical-school-ga-30019-v*-fcapi-classicality-audit.pdf,,,0,0,0,0,1778,2505
Acct1936,Oakdale Academy,,,oakdale-academy-mi-48329,office@oakdaleacademy.com,+1 248 481 9039,,https://oakdaleacademy.com/,3200 Beacham Dr.,,Waterford,Oakland County,MI,48329,US,42.68513800,-83.32934890,classical,oakdale-academy-mi-48329-fcapi-classicality-abstract.md,oakdale-academy-mi-48329-fcapi-classicality-audit.md,oakdale-academy-mi-48329-v*-fcapi-classicality-audit.pdf,elementary-intermediate-secondary,Private School,Private,0,2011,,,,,,,,,,,,,,,,,,,,,,,,,,,,,0,,0,0,0,0,0,0,0,oakdale-academy-mi-48329-fcapi-classicality-abstract.md,oakdale-academy-mi-48329-fcapi-classicality-audit.md,oakdale-academy-mi-48329-v*-fcapi-classicality-audit.pdf,,,0,0,0,0,1782,2131
,Oaks Classical Academy,,,oaks-classical-academy-ca-92009,info@oaksclassicalacademy.com,+1 760 425 0206,,https://oaksclassicalacademy.com,2215 Calle Barcelona,,Carlsbad,,CA,92009,US,33.07340340,-117.25860970,classical,oaks-classical-academy-ca-92009-fcapi-classicality-abstract.md,oaks-classical-academy-ca-92009-fcapi-classicality-audit.md,oaks-classical-academy-ca-92009-v*-fcapi-classicality-audit.pdf,elementary-intermediate,,,0,2024,,,,,,,,,,,,,,,,,,,,,,,,,,,,,0,,0,0,0,0,0,0,0,oaks-classical-academy-ca-92009-fcapi-classicality-abstract.md,oaks-classical-academy-ca-92009-fcapi-classicality-audit.md,oaks-classical-academy-ca-92009-v*-fcapi-classicality-audit.pdf,,,0,0,0,0,3234,
Acct1947,Oakwell Academy,,,oakwell-academy-tx-77842,info@oakwellacademy.org,+1 979 324 8194,,https://oakwellacademy.org/,PO Box 11016,,College Station,Brazos County,TX,77842,US,30.62104820,-96.32550160,classical,oakwell-academy-tx-77842-fcapi-classicality-abstract.md,oakwell-academy-tx-77842-fcapi-classicality-audit.md,oakwell-academy-tx-77842-v*-fcapi-classicality-audit.pdf,elementary-intermediate-secondary,Private School,Private,0,,,,,,,,,,,,,,,,,,,,,,,,,,,,,,0,,0,0,0,0,0,0,0,oakwell-academy-tx-77842-fcapi-classicality-abstract.md,oakwell-academy-tx-77842-fcapi-classicality-audit.md,oakwell-academy-tx-77842-v*-fcapi-classicality-audit.pdf,,,0,0,0,0,1792,1823
Acct1969,Open Door Christian School,,,open-door-christian-school-tx-76450,,+1 940 549 2339,,https://www.odcs.org/,735 Oak St,,Graham,Young County,TX,76450,US,33.10300530,-98.59095230,classical,open-door-christian-school-tx-76450-fcapi-classicality-abstract.md,open-door-christian-school-tx-76450-fcapi-classicality-audit.md,open-door-christian-school-tx-76450-v*-fcapi-classicality-audit.pdf,elementary-intermediate-secondary,,,0,,,,,,,,,,,,,,,,,,,,,,,,,,,,,,0,,0,0,0,0,0,0,0,open-door-christian-school-tx-76450-fcapi-classicality-abstract.md,open-door-christian-school-tx-76450-fcapi-classicality-audit.md,open-door-christian-school-tx-76450-v*-fcapi-classicality-audit.pdf,,,0,0,0,0,1812,
Acct1975,Orange County Classical Academy,,,orange-county-classical-academy-ca-92869,info@orangecountyclassicalacademy.org,+1 657 223 9420,,https://orangecountyclassicalacademy.org/,4100 E Walnut Ave.,,Orange,Orange County,CA,92869,US,33.79455940,-117.80972290,classical,orange-county-classical-academy-ca-92869-fcapi-classicality-abstract.md,orange-county-classical-academy-ca-92869-fcapi-classicality-audit.md,orange-county-classical-academy-ca-92869-v*-fcapi-classicality-audit.pdf,elementary-intermediate,Charter,Public,0,,,,,,,,,,,,,,,,,,,,,,,,,,,,,,0,,0,0,0,0,0,0,0,orange-county-classical-academy-ca-92869-fcapi-classicality-abstract.md,orange-county-classical-academy-ca-92869-fcapi-classicality-audit.md,orange-county-classical-academy-ca-92869-v*-fcapi-classicality-audit.pdf,,,0,0,0,0,1818,2701
Acct1980,Ordo Amoris Classical Academy,,,ordo-amoris-classical-academy-mi-49617,info@oaclassical.org,+1 231 871 0704,,https://oaclassical.org/,7991 Worden Rd.,,Beulah,Benzie County,MI,49617,US,44.65327240,-86.07897330,classical,ordo-amoris-classical-academy-mi-49617-fcapi-classicality-abstract.md,ordo-amoris-classical-academy-mi-49617-fcapi-classicality-audit.md,ordo-amoris-classical-academy-mi-49617-v*-fcapi-classicality-audit.pdf,elementary-intermediate-secondary,,,0,2023,,,,,,,,,,,,,,,,,,,,,,,,,,,,,0,,0,0,0,0,0,0,0,ordo-amoris-classical-academy-mi-49617-fcapi-classicality-abstract.md,ordo-amoris-classical-academy-mi-49617-fcapi-classicality-audit.md,ordo-amoris-classical-academy-mi-49617-v*-fcapi-classicality-audit.pdf,,,0,0,0,0,1822,933
,Ordo Amoris Classical Academy,,,ordo-amoris-classical-academy-al-36532,,,,https://ordoamorisclassical.com/,10613 County Road 1,,Fairhope,Baldwin County,AL,36532,US,30.37860170,-87.85087010,classical,ordo-amoris-classical-academy-al-36532-fcapi-classicality-abstract.md,ordo-amoris-classical-academy-al-36532-fcapi-classicality-audit.md,ordo-amoris-classical-academy-al-36532-v*-fcapi-classicality-audit.pdf,elementary-intermediate-secondary,,,0,,,,,,,,,,,,,,,,,,,,,,,,,,,,,,0,,0,0,0,0,0,0,0,ordo-amoris-classical-academy-al-36532-fcapi-classicality-abstract.md,ordo-amoris-classical-academy-al-36532-fcapi-classicality-audit.md,ordo-amoris-classical-academy-al-36532-v*-fcapi-classicality-audit.pdf,,,0,0,0,0,5133,
Acct1989,Our Lady of Lourdes Catholic Classical School,,,our-lady-lourdes-catholic-classical-school-co-80210,office@lourdesclassical.org,+1 303 722 7525,,https://lourdesclassical.org/,2256 S. Logan St.,,Denver,Denver County,CO,80210,US,39.67579540,-104.98196710,classical,our-lady-lourdes-catholic-classical-school-co-80210-fcapi-classicality-abstract.md,our-lady-lourdes-catholic-classical-school-co-80210-fcapi-classicality-audit.md,our-lady-lourdes-catholic-classical-school-co-80210-v*-fcapi-classicality-audit.pdf,elementary-intermediate,Private School,Private,0,,,,,,,,,,,,,,,,,,,,,,,,,,,,,,0,,0,0,0,0,0,0,0,our-lady-lourdes-catholic-classical-school-co-80210-fcapi-classicality-abstract.md,our-lady-lourdes-catholic-classical-school-co-80210-fcapi-classicality-audit.md,our-lady-lourdes-catholic-classical-school-co-80210-v*-fcapi-classicality-audit.pdf,,,0,0,0,0,1831,2046
Acct1993,Our Lady of Mount Carmel School,,,our-lady-mount-carmel-school-nj-07005,,+1 973 334 2777,,https://olmc.academy/,205 Oak St,,Boonton,Morris County,NJ,7005,US,40.90825540,-74.41356400,classical,our-lady-mount-carmel-school-nj-07005-fcapi-classicality-abstract.md,our-lady-mount-carmel-school-nj-07005-fcapi-classicality-audit.md,our-lady-mount-carmel-school-nj-07005-v*-fcapi-classicality-audit.pdf,elementary-intermediate,Private School,Private,0,,,,,,,,,,,,,,,,,,,,,,,,,,,,,,0,,0,0,0,0,0,0,0,our-lady-mount-carmel-school-nj-07005-fcapi-classicality-abstract.md,our-lady-mount-carmel-school-nj-07005-fcapi-classicality-audit.md,our-lady-mount-carmel-school-nj-07005-v*-fcapi-classicality-audit.pdf,,,0,0,0,0,1834,458
Acct2002,Our Lady of the Rosary Catholic School,,,our-lady-rosary-catholic-school-sc-29605,,+1 864 277 5350,,https://olr.school/,2 James Dr.,,Greenville,Greenville County,SC,29605,US,34.79960320,-82.38084350,classical,our-lady-rosary-catholic-school-sc-29605-fcapi-classicality-abstract.md,our-lady-rosary-catholic-school-sc-29605-fcapi-classicality-audit.md,our-lady-rosary-catholic-school-sc-29605-v*-fcapi-classicality-audit.pdf,elementary-intermediate-secondary,Private School,Private,0,,,,,,,,,,,,,,,,,,,,,,,,,,,,,,0,,0,0,0,0,0,0,0,our-lady-rosary-catholic-school-sc-29605-fcapi-classicality-abstract.md,our-lady-rosary-catholic-school-sc-29605-fcapi-classicality-audit.md,our-lady-rosary-catholic-school-sc-29605-v*-fcapi-classicality-audit.pdf,,,0,0,0,0,1843,2365
Acct2003,Our Lady of the Sacred Heart Academy,,,our-lady-sacred-heart-academy-il-61101,,+1 815 597 0972,,https://olsha.org/,3445 Elmwood Rd.,,Rockford,Winnebago County,IL,61101,US,42.33307410,-89.10617500,classical,our-lady-sacred-heart-academy-il-61101-fcapi-classicality-abstract.md,our-lady-sacred-heart-academy-il-61101-fcapi-classicality-audit.md,our-lady-sacred-heart-academy-il-61101-v*-fcapi-classicality-audit.pdf,elementary-intermediate-secondary,Private School,Private,0,,,,,,,,,,,,,,,,,,,,,,,,,,,,,,0,,0,0,0,0,0,0,0,our-lady-sacred-heart-academy-il-61101-fcapi-classicality-abstract.md,our-lady-sacred-heart-academy-il-61101-fcapi-classicality-audit.md,our-lady-sacred-heart-academy-il-61101-v*-fcapi-classicality-audit.pdf,,,0,0,0,0,1844,1421
Acct2017,Our Savior Lutheran School,,,our-savior-lutheran-school-mi-49506,,+1 616 949 0710,,https://www.oslsgr.org/,1916 Ridgewood Avenue Southeast,,Grand Rapids,Kent County,MI,49506,US,42.92863140,-85.59644390,classical,our-savior-lutheran-school-mi-49506-fcapi-classicality-abstract.md,our-savior-lutheran-school-mi-49506-fcapi-classicality-audit.md,our-savior-lutheran-school-mi-49506-v*-fcapi-classicality-audit.pdf,elementary-intermediate-secondary,Private School,Private,0,,,,,,,,,,,,,,,,,,,,,,,,,,,,,,0,,0,0,0,0,0,0,0,our-savior-lutheran-school-mi-49506-fcapi-classicality-abstract.md,our-savior-lutheran-school-mi-49506-fcapi-classicality-audit.md,our-savior-lutheran-school-mi-49506-v*-fcapi-classicality-audit.pdf,,,0,0,0,0,1855,566
Acct2018,Our Savior Lutheran School,,,our-savior-lutheran-school-tx-77091,,7132908277,,https://www.oslschool.org/,5000 West Tidwell Road,,Houston,,TX,77091,US,29.85119300,-95.46682740,classical,our-savior-lutheran-school-tx-77091-fcapi-classicality-abstract.md,our-savior-lutheran-school-tx-77091-fcapi-classicality-audit.md,our-savior-lutheran-school-tx-77091-v*-fcapi-classicality-audit.pdf,elementary-intermediate,Private School,Private School,0,,323,,,,,,,,,,,,,,,,,,,,,,,,,,,,1,"""\""\\\""""\\\\\\\""""\""""\\\\\\\\\\\\\\\""""\""""\\\""""\""""\\\\\\\\\\\\\\\\\\\\\\\\\\\\\\\""""\""""\\\""""\""""\\\\\\\""""\""""\\\""""\""""\\\\\\\\\\\\\\\\\\\\\\\\\\\\\\\\\\\\\\\\\\\\\\\\\\\\\\\\\\\\\\\""""\""""\\\""""\""""\\\\\\\""""\""""\\\""""\""""\\\\\\\\\\\\\\\""""\""""\\\""""\""""\\\\\\\""""\""""\\\""""\""""[\\\\\\\\\\\\\\\\\\\\\\\\\\\\\\\\\\\\\\\\\\\\\\\\\\\\\\\\\\\\\\\\\\\\\\\\\\\\\\\\\\\\\\\\\\\\\\\\\\\\\\\\\\\\\\\\\\\\\\\\\\\\\\\""""\""""\\\""""\""""\\\\\\\""""\""""\\\""""\""""\\\\\\\\\\\\\\\""""\""""\\\""""\""""\\\\\\\""""\""""\\\""""\""""\\\\\\\\\\\\\\\\\\\\\\\\\\\\\\\""""\""""\\\""""\""""\\\\\\\""""\""""\\\""""\""""\\\\\\\\\\\\\\\""""\""""\\\""""\""""\\\\\\\""""\""""\\\""""\""""Latin\\\\\\\\\\\\\\\\\\\\\\\\\\\\\\\\\\\\\\\\\\\\\\\\\\\\\\\\\\\\\\\\\\\\\\\\\\\\\\\\\\\\\\\\\\\\\\\\\\\\\\\\\\\\\\\\\\\\\\\\\\\\\\\""""\""""\\\""""\""""\\\\\\\""""\""""\\\""""\""""\\\\\\\\\\\\\\\""""\""""\\\""""\""""\\\\\\\""""\""""\\\""""\""""\\\\\\\\\\\\\\\\\\\\\\\\\\\\\\\""""\""""\\\""""\""""\\\\\\\""""\""""\\\""""\""""\\\\\\\\\\\\\\\""""\""""\\\""""\""""\\\\\\\""""\""""\\\""""\""""\\\\\\\\\\\\\\\\\\\\\\\\\\\\\\\\\\\\\\\\\\\\\\\\\\\\\\\\\\\\\\\""""\""""\\\""""\""""\\\\\\\""""\""""\\\""""\""""\\\\\\\\\\\\\\\""""\""""\\\""""\""""\\\\\\\""""\""""\\\""""\""""\\\\\\\\\\\\\\\\\\\\\\\\\\\\\\\""""\""""\\\""""\""""\\\\\\\""""\""""\\\""""\""""\\\\\\\\\\\\\\\""""\""""\\\""""\""""\\\\\\\""""\""""\\\""""\""""]\\\\\\\\\\\\\\\\\\\\\\\\\\\\\\\\\\\\\\\\\\\\\\\\\\\\\\\\\\\\\\\""""\""""\\\""""\""""\\\\\\\""""\""""\\\""""\""""\\\\\\\\\\\\\\\""""\""""\\\""""\""""\\\\\\\""""\""""\\\""""\""""\\\\\\\\\\\\\\\\\\\\\\\\\\\\\\\""""\""""\\\""""\""""\\\\\\\""""\""""\\\""""\""""\\\\\\\\\\\\\\\""""\""""\\\""""\""""\\\\\\\""""\""""\\\""""\""""\\\\\\\\\\\\\\\\\\\\\\\\\\\\\\\\\\\\\\\\\\\\\\\\\\\\\\\\\\\\\\\""""\""""\\\""""\""""\\\\\\\""""\""""\\\""""\""""\\\\\\\\\\\\\\\""""\""""\\\""""\""""\\\\\\\""""\""""\\\""""\""""\\\\\\\\\\\\\\\\\\\\\\\\\\\\\\\""""\""""\\\""""\""""\\\\\\\""""\""""\\\""""\""""\\\\\\\\\\\\\\\""""\""""\\\""""\""""\\\\\\\""""\""""\\\""""\""""\\\\\\\\\\\\\\\\\\\\\\\\\\\\\\\\\\\\\\\\\\\\\\\\\\\\\\\\\\\\\\\""""\""""\\\""""\""""\\\\\\\""""\""""\\\""""\""""\\\\\\\\\\\\\\\""""\""""\\\""""\""""\\\\\\\""""\""""\\\""""\""""\\\\\\\\\\\\\\\\\\\\\\\\\\\\\\\""""\""""\\\""""\""""\\\\\\\""""\""""\\\""""\""""\\\\\\\\\\\\\\\""""\""""\\\""""\""""\\\\\\\""""\""""\\\""""\""""\\\\\\\\\\\\\\\\\\\\\\\\\\\\\\\""""\""""\\\""""\""""\\\\\\\""""\""""\\\""""\""""\\\\\\\\\\\\\\\""""\""""\\\""""\""""\\\\\\\""""\""""\\\""""\""""\\\\\\\\\\\\\\\\\\\\\\\\\\\\\\\""""\""""\\\""""\""""\\\\\\\""""\""""\\\""""\""""\\\\\\\\\\\\\\\""""\""""\\\""""\""""\\\\\\\""""\""""\\\""""\""""\\\\\\\\\\\\\\\\\\\\\\\\\\\\\\\""""\""""\\\""""\""""\\\\\\\""""\""""\\\""""\""""\\\\\\\\\\\\\\\""""\""""\\\""""\""""\\\\\\\""""\""""\\\""""\""""\\\\\\\\\\\\\\\""""\""""\\\""""\""""\\\\\\\""""\""""\\\""""\""""\\\\\\\\\\\\\\\""""\""""\\\""""\""""\\\\\\\""""\""""\\\""""\""""\\\\\\\\\\\\\\\""""\""""\\\""""\""""\\\\\\\""""\""""\\\""""\""""\\\\\\\""""\""""\\\""""\""""\\\\\\\""""\""""\\\""""\""""\\\\\\\""""\""""\\\""""\""""\\\""""\""""\\\""""\""""\\\""""\""""\""""\""""\""""""""""",0,0,0,0,0,1,0,our-savior-lutheran-school-tx-77091-fcapi-classicality-abstract.md,our-savior-lutheran-school-tx-77091-fcapi-classicality-audit.md,our-savior-lutheran-school-tx-77091-v*-fcapi-classicality-audit.pdf,,,0,0,0,0,1856,
Acct2019,Our Savior New American School,,,our-savior-new-american-school-ny-11720,wil.stelzer@osnas.org,+1 631 946 1373,,https://osnas.org/,140 Mark Tree Rd.,,Centereach,Suffolk County,NY,11720,US,40.86448380,-73.08392850,classical,our-savior-new-american-school-ny-11720-fcapi-classicality-abstract.md,our-savior-new-american-school-ny-11720-fcapi-classicality-audit.md,our-savior-new-american-school-ny-11720-v*-fcapi-classicality-audit.pdf,elementary-intermediate-secondary,Private School,Private,0,1992,,,,,,,,,,,,,,,,,,,,,,,,,,,,,0,,0,0,0,0,0,0,0,our-savior-new-american-school-ny-11720-fcapi-classicality-abstract.md,our-savior-new-american-school-ny-11720-fcapi-classicality-audit.md,our-savior-new-american-school-ny-11720-v*-fcapi-classicality-audit.pdf,,,0,0,0,0,1857,1423
Acct2021,Ovilla Christian School,,,ovilla-christian-school-tx-75154,,+1 972 617 1177,,https://www.ovillachristianschool.org/,3251 Rd.,,Ovilla,Ellis County,TX,75154,US,32.53077390,-96.88260190,classical,ovilla-christian-school-tx-75154-fcapi-classicality-abstract.md,ovilla-christian-school-tx-75154-fcapi-classicality-audit.md,ovilla-christian-school-tx-75154-v*-fcapi-classicality-audit.pdf,elementary-intermediate-secondary,Private School,Private,0,,,,,,,,,,,,,,,,,,,,,,,,,,,,,,0,,0,0,0,0,0,0,0,ovilla-christian-school-tx-75154-fcapi-classicality-abstract.md,ovilla-christian-school-tx-75154-fcapi-classicality-audit.md,ovilla-christian-school-tx-75154-v*-fcapi-classicality-audit.pdf,,,0,0,0,0,1859,2747
Acct2025,Ozark Catholic Academy,,,ozark-catholic-academy-ar-72762,,+1 785 432 2249,,https://www.ozarkcatholic.org/,192 E. Henri De Tonti Blvd.,,Tontitown,Washington County,AR,72762,US,36.17702380,-94.23312350,classical,ozark-catholic-academy-ar-72762-fcapi-classicality-abstract.md,ozark-catholic-academy-ar-72762-fcapi-classicality-audit.md,ozark-catholic-academy-ar-72762-v*-fcapi-classicality-audit.pdf,secondary,Private School,Private,0,,,,,,,,,,,,,,,,,,,,,,,,,,,,,,0,,0,0,0,0,0,0,0,ozark-catholic-academy-ar-72762-fcapi-classicality-abstract.md,ozark-catholic-academy-ar-72762-fcapi-classicality-audit.md,ozark-catholic-academy-ar-72762-v*-fcapi-classicality-audit.pdf,,,0,0,0,0,1863,2696
Acct2026,Ozarks Christian Academy,,,ozarks-christian-academy-mo-65775,ozarkschristianacademy@gmail.com,+1 920 469 6720,,https://www.ozarkschristianacademy.com/,210 Allen St,,West Plains,Howell County,MO,65775,US,36.72866820,-91.84052270,classical,ozarks-christian-academy-mo-65775-fcapi-classicality-abstract.md,ozarks-christian-academy-mo-65775-fcapi-classicality-audit.md,ozarks-christian-academy-mo-65775-v*-fcapi-classicality-audit.pdf,elementary-intermediate-secondary,Private School,Private,0,2006,,,,,,,,,,,,,,,,,,,,,,,,,,,,,0,,0,0,0,0,0,0,0,ozarks-christian-academy-mo-65775-fcapi-classicality-abstract.md,ozarks-christian-academy-mo-65775-fcapi-classicality-audit.md,ozarks-christian-academy-mo-65775-v*-fcapi-classicality-audit.pdf,,,0,0,0,0,1864,1518
Acct2037,Paideia Academy,,,paideia-academy-tn-37932,chale@paideiaknoxville.org,+1 865 670 0440,,https://paideiaknoxville.org/,10825 Yarnell Rd.,,Knoxville,Knox County,TN,37932,US,35.93238830,-84.15494100,classical,paideia-academy-tn-37932-fcapi-classicality-abstract.md,paideia-academy-tn-37932-fcapi-classicality-audit.md,paideia-academy-tn-37932-v*-fcapi-classicality-audit.pdf,elementary-intermediate-secondary,Private School,Private,0,2004,,,,,,,,,,,,,,,,,,,,,,,,,,,,,0,,0,0,0,0,0,0,0,paideia-academy-tn-37932-fcapi-classicality-abstract.md,paideia-academy-tn-37932-fcapi-classicality-audit.md,paideia-academy-tn-37932-v*-fcapi-classicality-audit.pdf,,,0,0,0,0,1873,2517
Acct2038,Paideia Christian Academy,,,paideia-christian-academy-nm-88210,info@paideiachristian.com,+1 575 746 2721,,https://www.paideiachristian.com/about,402 West Grand Avenue,,Artesia,Eddy County,NM,88210,US,32.83904420,-104.40145890,classical,paideia-christian-academy-nm-88210-fcapi-classicality-abstract.md,paideia-christian-academy-nm-88210-fcapi-classicality-audit.md,paideia-christian-academy-nm-88210-v*-fcapi-classicality-audit.pdf,elementary-intermediate-secondary,Private School,Private,0,2022,,,,,,,,,,,,,,,,,,,,,,,,,,,,,0,,0,0,0,0,0,0,0,paideia-christian-academy-nm-88210-fcapi-classicality-abstract.md,paideia-christian-academy-nm-88210-fcapi-classicality-audit.md,paideia-christian-academy-nm-88210-v*-fcapi-classicality-audit.pdf,,,0,0,0,0,1874,1043
Acct2039,Paideia Classical Academy,,,paideia-classical-academy-fl-33063,drweber@paideiaclassical.org,+1 954 974 1121,,https://paideiaclassical.org/,2370 Hammock Boulevard,,Coconut Creek,Broward County,FL,33063,US,26.25709930,-80.19096630,classical,paideia-classical-academy-fl-33063-fcapi-classicality-abstract.md,paideia-classical-academy-fl-33063-fcapi-classicality-audit.md,paideia-classical-academy-fl-33063-v*-fcapi-classicality-audit.pdf,elementary-intermediate-secondary,Private School,Private,0,2012,,,,,,,,,,,,,,,,,,,,,,,,,,,,,0,,0,0,0,0,0,0,0,paideia-classical-academy-fl-33063-fcapi-classicality-abstract.md,paideia-classical-academy-fl-33063-fcapi-classicality-audit.md,paideia-classical-academy-fl-33063-v*-fcapi-classicality-audit.pdf,,,0,0,0,0,1875,1420
Acct2045,Paideia Classical School,,,paideia-classical-school-wa-98250,paideiaschool@rockisland.com,+1 360 378 8322,,https://rockisland.com/,265 Price Street,,Friday Harbor,San Juan County,WA,98250,US,48.53372960,-123.02482040,classical,paideia-classical-school-wa-98250-fcapi-classicality-abstract.md,paideia-classical-school-wa-98250-fcapi-classicality-audit.md,paideia-classical-school-wa-98250-v*-fcapi-classicality-audit.pdf,elementary-intermediate-secondary,Private School,Private,0,,,,,,,,,,,,,,,,,,,,,,,,,,,,,,0,,0,0,0,0,0,0,0,paideia-classical-school-wa-98250-fcapi-classicality-abstract.md,paideia-classical-school-wa-98250-fcapi-classicality-audit.md,paideia-classical-school-wa-98250-v*-fcapi-classicality-audit.pdf,,,0,0,0,0,1878,1650
Acct2048,Paideia School of Tampa Bay,,,paideia-school-tampa-bay-fl-33617,headmaster@thepaideiaschool.org,+1 813 988 7700,,https://paideiatampa.org/,7834 N 56th Blvd.,,Tampa,Hillsborough County,FL,33617,US,28.01919660,-82.39506380,classical,paideia-school-tampa-bay-fl-33617-fcapi-classicality-abstract.md,paideia-school-tampa-bay-fl-33617-fcapi-classicality-audit.md,paideia-school-tampa-bay-fl-33617-v*-fcapi-classicality-audit.pdf,elementary-intermediate-secondary,Private School,Private,0,,,,,,,,,,,,,,,,,,,,,,,,,,,,,,0,,0,0,0,0,0,0,0,paideia-school-tampa-bay-fl-33617-fcapi-classicality-abstract.md,paideia-school-tampa-bay-fl-33617-fcapi-classicality-audit.md,paideia-school-tampa-bay-fl-33617-v*-fcapi-classicality-audit.pdf,,,0,0,0,0,1880,2597
Acct2052,Palm Beach Christian Academy,,,palm-beach-christian-academy-fl-33401,,+1 561 671 5795,,https://www.pbchristianacademy.org/,1101 South Flagler Dr.,,Lake Park,Palm Beach County,FL,33401,US,26.70408740,-80.05117840,classical,palm-beach-christian-academy-fl-33401-fcapi-classicality-abstract.md,palm-beach-christian-academy-fl-33401-fcapi-classicality-audit.md,palm-beach-christian-academy-fl-33401-v*-fcapi-classicality-audit.pdf,elementary-intermediate-secondary,Private School,Private,0,,,,,,,,,,,,,,,,,,,,,,,,,,,,,,0,,0,0,0,0,0,0,0,palm-beach-christian-academy-fl-33401-fcapi-classicality-abstract.md,palm-beach-christian-academy-fl-33401-fcapi-classicality-audit.md,palm-beach-christian-academy-fl-33401-v*-fcapi-classicality-audit.pdf,,,0,0,0,0,1883,2288
Acct2058,Pangaea Schoolhouse,,,pangaea-schoolhouse-az-85260,,+1 480 788 2672,,https://pangaeaschoolhouse.com/,9375 E. Shea Blvd.,Suite 100,Scottsdale,Maricopa County,AZ,85260,US,33.58125100,-111.87888990,classical,pangaea-schoolhouse-az-85260-fcapi-classicality-abstract.md,pangaea-schoolhouse-az-85260-fcapi-classicality-audit.md,pangaea-schoolhouse-az-85260-v*-fcapi-classicality-audit.pdf,elementary-intermediate-secondary,Private School,Private,0,,,,,,,,,,,,,,,,,,,,,,,,,,,,,,0,,0,0,0,0,0,0,0,pangaea-schoolhouse-az-85260-fcapi-classicality-abstract.md,pangaea-schoolhouse-az-85260-fcapi-classicality-audit.md,pangaea-schoolhouse-az-85260-v*-fcapi-classicality-audit.pdf,,,0,0,0,0,1885,64
Acct2081,Penobscot Christian School,,,penobscot-christian-school-me-04401,headmaster@penobscotchristian.org,+1 207 947 2704,,https://penobscotchristian.org/,1423 Ohio St,,Bangor,Penobscot County,ME,4401,US,44.83527410,-68.82155500,classical,penobscot-christian-school-me-04401-fcapi-classicality-abstract.md,penobscot-christian-school-me-04401-fcapi-classicality-audit.md,penobscot-christian-school-me-04401-v*-fcapi-classicality-audit.pdf,elementary-intermediate-secondary,Private School,Private,0,1980,,,,,,,,,,,,,,,,,,,,,,,,,,,,,0,,0,0,0,0,0,0,0,penobscot-christian-school-me-04401-fcapi-classicality-abstract.md,penobscot-christian-school-me-04401-fcapi-classicality-audit.md,penobscot-christian-school-me-04401-v*-fcapi-classicality-audit.pdf,,,0,0,0,0,1908,1879
Acct2087,Petra Academy,,,petra-academy-mt-59718,office@petraacademy.com,+1 406 582 8165,,https://petraacademy.com/,4720 Classical Way,,Bozeman,Gallatin County,MT,59718,US,45.68324870,-111.10561140,classical,petra-academy-mt-59718-fcapi-classicality-abstract.md,petra-academy-mt-59718-fcapi-classicality-audit.md,petra-academy-mt-59718-v*-fcapi-classicality-audit.pdf,elementary-intermediate-secondary,Private School,Private,0,1995,,,,,,,,,,,,,,,,,,,,,,,,,,,,,0,,0,0,0,0,0,0,0,petra-academy-mt-59718-fcapi-classicality-abstract.md,petra-academy-mt-59718-fcapi-classicality-audit.md,petra-academy-mt-59718-v*-fcapi-classicality-audit.pdf,,,0,0,0,0,1913,2452
Acct2088,Petra Christian Academy,,,petra-christian-academy-id-83713,admissions@petrachristian.org,+1 208 505 0066,,https://petrachristian.org/,3080 Wildwood St.,,Boise,Ada County,ID,83713,US,43.63273700,-116.32137030,classical,petra-christian-academy-id-83713-fcapi-classicality-abstract.md,petra-christian-academy-id-83713-fcapi-classicality-audit.md,petra-christian-academy-id-83713-v*-fcapi-classicality-audit.pdf,elementary-intermediate-secondary,Private School,Private,0,,,,,,,,,,,,,,,,,,,,,,,,,,,,,,0,,0,0,0,0,0,0,0,petra-christian-academy-id-83713-fcapi-classicality-abstract.md,petra-christian-academy-id-83713-fcapi-classicality-audit.md,petra-christian-academy-id-83713-v*-fcapi-classicality-audit.pdf,,,0,0,0,0,1914,1942
Acct2090,Philadelphia Classical School,,,philadelphia-classical-school-pa-19147,office@philaclassical.org,+1 267 990 2698,,https://philaclassical.org/,PO Box 2428,,Philadelphia,Philadelphia County,PA,19147,US,39.90997150,-75.18144660,classical,philadelphia-classical-school-pa-19147-fcapi-classicality-abstract.md,philadelphia-classical-school-pa-19147-fcapi-classicality-audit.md,philadelphia-classical-school-pa-19147-v*-fcapi-classicality-audit.pdf,elementary-intermediate-secondary,Private School,Private,0,2011,,,,,,,,,,,,,,,,,,,,,,,,,,,,,0,,0,0,0,0,0,0,0,philadelphia-classical-school-pa-19147-fcapi-classicality-abstract.md,philadelphia-classical-school-pa-19147-fcapi-classicality-audit.md,philadelphia-classical-school-pa-19147-v*-fcapi-classicality-audit.pdf,,,0,0,0,0,1916,1878
,Philos Classical Christian School,,,philos-classical-christian-school-tn-37034,,+1 615 308 8658,,https://philosclassicalchristian.org/,1982 Rolling Meadow Ln,,Chapel Hill,,TN,37034,US,35.63057420,-86.72576090,classical,philos-classical-christian-school-tn-37034-fcapi-classicality-abstract.md,philos-classical-christian-school-tn-37034-fcapi-classicality-audit.md,philos-classical-christian-school-tn-37034-v*-fcapi-classicality-audit.pdf,elementary,,,0,,,,,,,,,,,,,,,,,,,,,,,,,,,,,,0,,0,0,0,0,0,0,0,philos-classical-christian-school-tn-37034-fcapi-classicality-abstract.md,philos-classical-christian-school-tn-37034-fcapi-classicality-audit.md,philos-classical-christian-school-tn-37034-v*-fcapi-classicality-audit.pdf,,,0,0,0,0,5213,
,Pietas Classical Christian School: Melbourne,,,pietas-classical-christian-school-melbourne-fl-32940,info@pietasclassical.com,+1 321 432 4280,,https://pietasclassical.com,5995 N Wickam Rd,,Melbourne,,FL,32940,US,28.20797760,-80.66972500,classical,pietas-classical-christian-school-melbourne-fl-32940-fcapi-classicality-abstract.md,pietas-classical-christian-school-melbourne-fl-32940-fcapi-classicality-audit.md,pietas-classical-christian-school-melbourne-fl-32940-v*-fcapi-classicality-audit.pdf,elementary-intermediate-secondary,,,0,2021,,,,,,,,,,,,,,,,,,,,,,,,,,,,,0,,0,0,0,0,0,0,0,pietas-classical-christian-school-melbourne-fl-32940-fcapi-classicality-abstract.md,pietas-classical-christian-school-melbourne-fl-32940-fcapi-classicality-audit.md,pietas-classical-christian-school-melbourne-fl-32940-v*-fcapi-classicality-audit.pdf,,,0,0,0,0,3238,
Acct2100,Pineapple Cove Classical Academies,,,pineapple-cove-classical-academies-fl-32904,info@pineapplecoveclassicalacademy.com,+1 321 802 9500,,https://pineapplecoveclassicalacademy.com/,3455 Norfolk Pkwy.,,West Melbourne,Brevard County,FL,32904,US,28.04427020,-80.69397520,classical,pineapple-cove-classical-academies-fl-32904-fcapi-classicality-abstract.md,pineapple-cove-classical-academies-fl-32904-fcapi-classicality-audit.md,pineapple-cove-classical-academies-fl-32904-v*-fcapi-classicality-audit.pdf,elementary-intermediate-secondary,,,0,,,,,,,,,,,,,,,,,,,,,,,,,,,,,,0,,0,0,0,0,0,0,0,pineapple-cove-classical-academies-fl-32904-fcapi-classicality-abstract.md,pineapple-cove-classical-academies-fl-32904-fcapi-classicality-audit.md,pineapple-cove-classical-academies-fl-32904-v*-fcapi-classicality-audit.pdf,,,0,0,0,0,1925,691
Acct2105,Pinnacle Classical Academy,,,pinnacle-classical-academy-ar-72209,information@pinnacleclassical.com,(501) 240-9080,,https://www.pinnacleclassical.com/,10200 W 36th St.,,Little Rock,,AR,72209,US,,,classical,pinnacle-classical-academy-ar-72209-fcapi-classicality-abstract.md,pinnacle-classical-academy-ar-72209-fcapi-classicality-audit.md,pinnacle-classical-academy-ar-72209-v*-fcapi-classicality-audit.pdf,elementary-intermediate-secondary,Private School,Private School,0,2009,60,,,,,,,,,,,,,,,,,,,,,,,,,,,,1,"""\""\\\""""\\\\\\\""""\""""\\\\\\\\\\\\\\\""""\""""\\\""""\""""\\\\\\\\\\\\\\\\\\\\\\\\\\\\\\\""""\""""\\\""""\""""\\\\\\\""""\""""\\\""""\""""\\\\\\\\\\\\\\\\\\\\\\\\\\\\\\\\\\\\\\\\\\\\\\\\\\\\\\\\\\\\\\\""""\""""\\\""""\""""\\\\\\\""""\""""\\\""""\""""\\\\\\\\\\\\\\\""""\""""\\\""""\""""\\\\\\\""""\""""\\\""""\""""[\\\\\\\\\\\\\\\\\\\\\\\\\\\\\\\\\\\\\\\\\\\\\\\\\\\\\\\\\\\\\\\\\\\\\\\\\\\\\\\\\\\\\\\\\\\\\\\\\\\\\\\\\\\\\\\\\\\\\\\\\\\\\\\""""\""""\\\""""\""""\\\\\\\""""\""""\\\""""\""""\\\\\\\\\\\\\\\""""\""""\\\""""\""""\\\\\\\""""\""""\\\""""\""""\\\\\\\\\\\\\\\\\\\\\\\\\\\\\\\""""\""""\\\""""\""""\\\\\\\""""\""""\\\""""\""""\\\\\\\\\\\\\\\""""\""""\\\""""\""""\\\\\\\""""\""""\\\""""\""""Latin\\\\\\\\\\\\\\\\\\\\\\\\\\\\\\\\\\\\\\\\\\\\\\\\\\\\\\\\\\\\\\\\\\\\\\\\\\\\\\\\\\\\\\\\\\\\\\\\\\\\\\\\\\\\\\\\\\\\\\\\\\\\\\\""""\""""\\\""""\""""\\\\\\\""""\""""\\\""""\""""\\\\\\\\\\\\\\\""""\""""\\\""""\""""\\\\\\\""""\""""\\\""""\""""\\\\\\\\\\\\\\\\\\\\\\\\\\\\\\\""""\""""\\\""""\""""\\\\\\\""""\""""\\\""""\""""\\\\\\\\\\\\\\\""""\""""\\\""""\""""\\\\\\\""""\""""\\\""""\""""\\\\\\\\\\\\\\\\\\\\\\\\\\\\\\\\\\\\\\\\\\\\\\\\\\\\\\\\\\\\\\\""""\""""\\\""""\""""\\\\\\\""""\""""\\\""""\""""\\\\\\\\\\\\\\\""""\""""\\\""""\""""\\\\\\\""""\""""\\\""""\""""\\\\\\\\\\\\\\\\\\\\\\\\\\\\\\\""""\""""\\\""""\""""\\\\\\\""""\""""\\\""""\""""\\\\\\\\\\\\\\\""""\""""\\\""""\""""\\\\\\\""""\""""\\\""""\""""]\\\\\\\\\\\\\\\\\\\\\\\\\\\\\\\\\\\\\\\\\\\\\\\\\\\\\\\\\\\\\\\""""\""""\\\""""\""""\\\\\\\""""\""""\\\""""\""""\\\\\\\\\\\\\\\""""\""""\\\""""\""""\\\\\\\""""\""""\\\""""\""""\\\\\\\\\\\\\\\\\\\\\\\\\\\\\\\""""\""""\\\""""\""""\\\\\\\""""\""""\\\""""\""""\\\\\\\\\\\\\\\""""\""""\\\""""\""""\\\\\\\""""\""""\\\""""\""""\\\\\\\\\\\\\\\\\\\\\\\\\\\\\\\\\\\\\\\\\\\\\\\\\\\\\\\\\\\\\\\""""\""""\\\""""\""""\\\\\\\""""\""""\\\""""\""""\\\\\\\\\\\\\\\""""\""""\\\""""\""""\\\\\\\""""\""""\\\""""\""""\\\\\\\\\\\\\\\\\\\\\\\\\\\\\\\""""\""""\\\""""\""""\\\\\\\""""\""""\\\""""\""""\\\\\\\\\\\\\\\""""\""""\\\""""\""""\\\\\\\""""\""""\\\""""\""""\\\\\\\\\\\\\\\\\\\\\\\\\\\\\\\\\\\\\\\\\\\\\\\\\\\\\\\\\\\\\\\""""\""""\\\""""\""""\\\\\\\""""\""""\\\""""\""""\\\\\\\\\\\\\\\""""\""""\\\""""\""""\\\\\\\""""\""""\\\""""\""""\\\\\\\\\\\\\\\\\\\\\\\\\\\\\\\""""\""""\\\""""\""""\\\\\\\""""\""""\\\""""\""""\\\\\\\\\\\\\\\""""\""""\\\""""\""""\\\\\\\""""\""""\\\""""\""""\\\\\\\\\\\\\\\\\\\\\\\\\\\\\\\""""\""""\\\""""\""""\\\\\\\""""\""""\\\""""\""""\\\\\\\\\\\\\\\""""\""""\\\""""\""""\\\\\\\""""\""""\\\""""\""""\\\\\\\\\\\\\\\\\\\\\\\\\\\\\\\""""\""""\\\""""\""""\\\\\\\""""\""""\\\""""\""""\\\\\\\\\\\\\\\""""\""""\\\""""\""""\\\\\\\""""\""""\\\""""\""""\\\\\\\\\\\\\\\\\\\\\\\\\\\\\\\""""\""""\\\""""\""""\\\\\\\""""\""""\\\""""\""""\\\\\\\\\\\\\\\""""\""""\\\""""\""""\\\\\\\""""\""""\\\""""\""""\\\\\\\\\\\\\\\""""\""""\\\""""\""""\\\\\\\""""\""""\\\""""\""""\\\\\\\\\\\\\\\""""\""""\\\""""\""""\\\\\\\""""\""""\\\""""\""""\\\\\\\\\\\\\\\""""\""""\\\""""\""""\\\\\\\""""\""""\\\""""\""""\\\\\\\""""\""""\\\""""\""""\\\\\\\""""\""""\\\""""\""""\\\\\\\""""\""""\\\""""\""""\\\""""\""""\\\""""\""""\\\""""\""""\""""\""""\""""""""""",1,0,1,1,0,0,0,pinnacle-classical-academy-ar-72209-fcapi-classicality-abstract.md,pinnacle-classical-academy-ar-72209-fcapi-classicality-audit.md,pinnacle-classical-academy-ar-72209-v*-fcapi-classicality-audit.pdf,,,0,0,0,0,1928,
Acct2110,Plainview Classical Academy,,,plainview-classical-academy-tx-79072,,+1 806 296 6034,,https://www.plainviewclassical.com/,310 South Ennis Street,,Plainview,Hale County,TX,79072,US,34.17464060,-101.74207300,classical,plainview-classical-academy-tx-79072-fcapi-classicality-abstract.md,plainview-classical-academy-tx-79072-fcapi-classicality-audit.md,plainview-classical-academy-tx-79072-v*-fcapi-classicality-audit.pdf,elementary-intermediate-secondary,Charter,Public,0,,,,,,,,,,,,,,,,,,,,,,,,,,,,,,0,,0,0,0,0,0,0,0,plainview-classical-academy-tx-79072-fcapi-classicality-abstract.md,plainview-classical-academy-tx-79072-fcapi-classicality-audit.md,plainview-classical-academy-tx-79072-v*-fcapi-classicality-audit.pdf,,,0,0,0,0,1933,700
Acct2116,Point Christian Academy,,,point-christian-academy-tn-37415,info@pointacademy.org,+1 423 847 2919,,https://pointacademy.org/,4000 Dayton Boulevard,,Chattanooga,Hamilton County,TN,37415,US,35.12037590,-85.28824520,classical,point-christian-academy-tn-37415-fcapi-classicality-abstract.md,point-christian-academy-tn-37415-fcapi-classicality-audit.md,point-christian-academy-tn-37415-v*-fcapi-classicality-audit.pdf,elementary-intermediate-secondary,Private School,Private,0,2022,,,,,,,,,,,,,,,,,,,,,,,,,,,,,0,,0,0,0,0,0,0,0,point-christian-academy-tn-37415-fcapi-classicality-abstract.md,point-christian-academy-tn-37415-fcapi-classicality-audit.md,point-christian-academy-tn-37415-v*-fcapi-classicality-audit.pdf,,,0,0,0,0,1939,616
Acct2121,Portsmouth Christian Academy,,,portsmouth-christian-academy-va-23702,,+1 603 742 3617,,https://www.trinityclassicalva.com/,3214 Elliott Avenue,,Portsmouth,,VA,23702,US,36.81145680,-76.33929780,classical,portsmouth-christian-academy-va-23702-fcapi-classicality-abstract.md,portsmouth-christian-academy-va-23702-fcapi-classicality-audit.md,portsmouth-christian-academy-va-23702-v*-fcapi-classicality-audit.pdf,elementary-intermediate,Private School,Private,0,,,,,,,,,,,,,,,,,,,,,,,,,,,,,,0,,0,0,0,0,0,0,0,portsmouth-christian-academy-va-23702-fcapi-classicality-abstract.md,portsmouth-christian-academy-va-23702-fcapi-classicality-audit.md,portsmouth-christian-academy-va-23702-v*-fcapi-classicality-audit.pdf,,,0,0,0,0,1944,2021
Acct2122,Potomac Classical Conservatory,,,potomac-classical-conservatory-va-22305,info@classicalalexandria.org,+1 202 465 6659,,https://classicalalexandria.org/,3510 Cameron Mills Rd.,,Alexandria,,VA,22305,US,38.83796910,-77.07708640,classical,potomac-classical-conservatory-va-22305-fcapi-classicality-abstract.md,potomac-classical-conservatory-va-22305-fcapi-classicality-audit.md,potomac-classical-conservatory-va-22305-v*-fcapi-classicality-audit.pdf,elementary-intermediate-secondary,Private School,Private,0,2017,,,,,,,,,,,,,,,,,,,,,,,,,,,,,0,,0,0,0,0,0,0,0,potomac-classical-conservatory-va-22305-fcapi-classicality-abstract.md,potomac-classical-conservatory-va-22305-fcapi-classicality-audit.md,potomac-classical-conservatory-va-22305-v*-fcapi-classicality-audit.pdf,,,0,0,0,0,1945,2098
,Praise Academy at Lakeside,,,praise-academy-lakeside-la-71103,,+1 952 994 8142,,http://praiselakeside.org,1434 Yale Avenue,,Shreveport,,LA,71103,US,32.49774200,-93.77253000,classical,praise-academy-lakeside-la-71103-fcapi-classicality-abstract.md,praise-academy-lakeside-la-71103-fcapi-classicality-audit.md,praise-academy-lakeside-la-71103-v*-fcapi-classicality-audit.pdf,elementary-intermediate-secondary,,,0,,,,,,,,,,,,,,,,,,,,,,,,,,,,,,0,,0,0,0,0,0,0,0,praise-academy-lakeside-la-71103-fcapi-classicality-abstract.md,praise-academy-lakeside-la-71103-fcapi-classicality-audit.md,praise-academy-lakeside-la-71103-v*-fcapi-classicality-audit.pdf,,,0,0,0,0,5245,
Acct2136,Providence Academy,,,providence-academy-tn-37615,paknights@providenceacademy.com,+1 423 854 9819,,https://providenceacademy.com/,2788 Carroll Creek Rd.,,Johnson City,Washington County,TN,37615,US,36.33681950,-82.43545740,classical,providence-academy-tn-37615-fcapi-classicality-abstract.md,providence-academy-tn-37615-fcapi-classicality-audit.md,providence-academy-tn-37615-v*-fcapi-classicality-audit.pdf,elementary-intermediate-secondary,Private School,Private,0,1994,,,,,,,,,,,,,,,,,,,,,,,,,,,,,0,,0,0,0,0,0,0,0,providence-academy-tn-37615-fcapi-classicality-abstract.md,providence-academy-tn-37615-fcapi-classicality-audit.md,providence-academy-tn-37615-v*-fcapi-classicality-audit.pdf,,,0,0,0,0,1958,2385
Acct2137,Providence Academy,,,providence-academy-tx-75032,,+1 469 500 3150,,https://www.providencelions.org/,3021 Ridge Rd. A22,,Rockwall,Rockwall County,TX,75032,US,32.88746290,-96.47288900,classical,providence-academy-tx-75032-fcapi-classicality-abstract.md,providence-academy-tx-75032-fcapi-classicality-audit.md,providence-academy-tx-75032-v*-fcapi-classicality-audit.pdf,elementary-intermediate-secondary,Private School,Private,0,,,,,,,,,,,,,,,,,,,,,,,,,,,,,,0,,0,0,0,0,0,0,0,providence-academy-tx-75032-fcapi-classicality-abstract.md,providence-academy-tx-75032-fcapi-classicality-audit.md,providence-academy-tx-75032-v*-fcapi-classicality-audit.pdf,,,0,0,0,0,1959,1817
Acct2139,Providence Academy,,,providence-academy-wi-54303,info@providencegb.org,+1 920 265 1629,,https://providencegb.org/,3435 Shawano Ave.,,Green Bay,Brown County,WI,54303,US,44.56077390,-88.11763690,classical,providence-academy-wi-54303-fcapi-classicality-abstract.md,providence-academy-wi-54303-fcapi-classicality-audit.md,providence-academy-wi-54303-v*-fcapi-classicality-audit.pdf,elementary-intermediate-secondary,Private School,Private,0,1993,,,,,,,,,,,,,,,,,,,,,,,,,,,,,0,,0,0,0,0,0,0,0,providence-academy-wi-54303-fcapi-classicality-abstract.md,providence-academy-wi-54303-fcapi-classicality-audit.md,providence-academy-wi-54303-v*-fcapi-classicality-audit.pdf,,,0,0,0,0,1961,2044
Acct2142,Providence Christian Academy,,,providence-christian-academy-in-46311,info@providenceca.org,+1 219 588 9090,,https://providenceca.org/,14795 101St Ave.,,Dyer,Lake County,IN,46311,US,41.43497130,-87.51281220,classical,providence-christian-academy-in-46311-fcapi-classicality-abstract.md,providence-christian-academy-in-46311-fcapi-classicality-audit.md,providence-christian-academy-in-46311-v*-fcapi-classicality-audit.pdf,elementary-intermediate-secondary,Private School,Private,0,2009,,,,,,,,,,,,,,,,,,,,,,,,,,,,,0,,0,0,0,0,0,0,0,providence-christian-academy-in-46311-fcapi-classicality-abstract.md,providence-christian-academy-in-46311-fcapi-classicality-audit.md,providence-christian-academy-in-46311-v*-fcapi-classicality-audit.pdf,,,0,0,0,0,1963,1783
Acct2145,Providence Christian School,,,providence-christian-school-al-36303,info@prov-cs.net,(334) 702-8933,,https://www.providencechristianschool.com/,4847 Murphy Mill Rd.,,Dothan,,AL,36303,US,31.25820830,-85.47171900,classical,providence-christian-school-al-36303-fcapi-classicality-abstract.md,providence-christian-school-al-36303-fcapi-classicality-audit.md,providence-christian-school-al-36303-v*-fcapi-classicality-audit.pdf,elementary-intermediate-secondary,Private School,Private School,0,1995,859,,,,,,,,,,,,,,,,,,,,,,,,,,,,1,"""\""\\\""""\\\\\\\""""\""""\\\\\\\\\\\\\\\""""\""""\\\""""\""""\\\\\\\\\\\\\\\\\\\\\\\\\\\\\\\""""\""""\\\""""\""""\\\\\\\""""\""""\\\""""\""""\\\\\\\\\\\\\\\\\\\\\\\\\\\\\\\\\\\\\\\\\\\\\\\\\\\\\\\\\\\\\\\""""\""""\\\""""\""""\\\\\\\""""\""""\\\""""\""""\\\\\\\\\\\\\\\""""\""""\\\""""\""""\\\\\\\""""\""""\\\""""\""""[\\\\\\\\\\\\\\\\\\\\\\\\\\\\\\\\\\\\\\\\\\\\\\\\\\\\\\\\\\\\\\\\\\\\\\\\\\\\\\\\\\\\\\\\\\\\\\\\\\\\\\\\\\\\\\\\\\\\\\\\\\\\\\\""""\""""\\\""""\""""\\\\\\\""""\""""\\\""""\""""\\\\\\\\\\\\\\\""""\""""\\\""""\""""\\\\\\\""""\""""\\\""""\""""\\\\\\\\\\\\\\\\\\\\\\\\\\\\\\\""""\""""\\\""""\""""\\\\\\\""""\""""\\\""""\""""\\\\\\\\\\\\\\\""""\""""\\\""""\""""\\\\\\\""""\""""\\\""""\""""Latin\\\\\\\\\\\\\\\\\\\\\\\\\\\\\\\\\\\\\\\\\\\\\\\\\\\\\\\\\\\\\\\\\\\\\\\\\\\\\\\\\\\\\\\\\\\\\\\\\\\\\\\\\\\\\\\\\\\\\\\\\\\\\\\""""\""""\\\""""\""""\\\\\\\""""\""""\\\""""\""""\\\\\\\\\\\\\\\""""\""""\\\""""\""""\\\\\\\""""\""""\\\""""\""""\\\\\\\\\\\\\\\\\\\\\\\\\\\\\\\""""\""""\\\""""\""""\\\\\\\""""\""""\\\""""\""""\\\\\\\\\\\\\\\""""\""""\\\""""\""""\\\\\\\""""\""""\\\""""\""""\\\\\\\\\\\\\\\\\\\\\\\\\\\\\\\\\\\\\\\\\\\\\\\\\\\\\\\\\\\\\\\""""\""""\\\""""\""""\\\\\\\""""\""""\\\""""\""""\\\\\\\\\\\\\\\""""\""""\\\""""\""""\\\\\\\""""\""""\\\""""\""""\\\\\\\\\\\\\\\\\\\\\\\\\\\\\\\""""\""""\\\""""\""""\\\\\\\""""\""""\\\""""\""""\\\\\\\\\\\\\\\""""\""""\\\""""\""""\\\\\\\""""\""""\\\""""\""""]\\\\\\\\\\\\\\\\\\\\\\\\\\\\\\\\\\\\\\\\\\\\\\\\\\\\\\\\\\\\\\\""""\""""\\\""""\""""\\\\\\\""""\""""\\\""""\""""\\\\\\\\\\\\\\\""""\""""\\\""""\""""\\\\\\\""""\""""\\\""""\""""\\\\\\\\\\\\\\\\\\\\\\\\\\\\\\\""""\""""\\\""""\""""\\\\\\\""""\""""\\\""""\""""\\\\\\\\\\\\\\\""""\""""\\\""""\""""\\\\\\\""""\""""\\\""""\""""\\\\\\\\\\\\\\\\\\\\\\\\\\\\\\\\\\\\\\\\\\\\\\\\\\\\\\\\\\\\\\\""""\""""\\\""""\""""\\\\\\\""""\""""\\\""""\""""\\\\\\\\\\\\\\\""""\""""\\\""""\""""\\\\\\\""""\""""\\\""""\""""\\\\\\\\\\\\\\\\\\\\\\\\\\\\\\\""""\""""\\\""""\""""\\\\\\\""""\""""\\\""""\""""\\\\\\\\\\\\\\\""""\""""\\\""""\""""\\\\\\\""""\""""\\\""""\""""\\\\\\\\\\\\\\\\\\\\\\\\\\\\\\\\\\\\\\\\\\\\\\\\\\\\\\\\\\\\\\\""""\""""\\\""""\""""\\\\\\\""""\""""\\\""""\""""\\\\\\\\\\\\\\\""""\""""\\\""""\""""\\\\\\\""""\""""\\\""""\""""\\\\\\\\\\\\\\\\\\\\\\\\\\\\\\\""""\""""\\\""""\""""\\\\\\\""""\""""\\\""""\""""\\\\\\\\\\\\\\\""""\""""\\\""""\""""\\\\\\\""""\""""\\\""""\""""\\\\\\\\\\\\\\\\\\\\\\\\\\\\\\\""""\""""\\\""""\""""\\\\\\\""""\""""\\\""""\""""\\\\\\\\\\\\\\\""""\""""\\\""""\""""\\\\\\\""""\""""\\\""""\""""\\\\\\\\\\\\\\\\\\\\\\\\\\\\\\\""""\""""\\\""""\""""\\\\\\\""""\""""\\\""""\""""\\\\\\\\\\\\\\\""""\""""\\\""""\""""\\\\\\\""""\""""\\\""""\""""\\\\\\\\\\\\\\\\\\\\\\\\\\\\\\\""""\""""\\\""""\""""\\\\\\\""""\""""\\\""""\""""\\\\\\\\\\\\\\\""""\""""\\\""""\""""\\\\\\\""""\""""\\\""""\""""\\\\\\\\\\\\\\\""""\""""\\\""""\""""\\\\\\\""""\""""\\\""""\""""\\\\\\\\\\\\\\\""""\""""\\\""""\""""\\\\\\\""""\""""\\\""""\""""\\\\\\\\\\\\\\\""""\""""\\\""""\""""\\\\\\\""""\""""\\\""""\""""\\\\\\\""""\""""\\\""""\""""\\\\\\\""""\""""\\\""""\""""\\\\\\\""""\""""\\\""""\""""\\\""""\""""\\\""""\""""\\\""""\""""\""""\""""\""""""""""",0,0,1,0,0,1,0,providence-christian-school-al-36303-fcapi-classicality-abstract.md,providence-christian-school-al-36303-fcapi-classicality-audit.md,providence-christian-school-al-36303-v*-fcapi-classicality-audit.pdf,,,0,0,0,0,1966,
Acct2147,Providence Christian School of Texas,,,providence-christian-school-texas-tx-75209,,+1 214 302 2800,,https://www.pcstx.org/,5002 W Lovers Ln,,Dallas,Dallas County,TX,75209,US,32.85044600,-96.82546870,classical,providence-christian-school-texas-tx-75209-fcapi-classicality-abstract.md,providence-christian-school-texas-tx-75209-fcapi-classicality-audit.md,providence-christian-school-texas-tx-75209-v*-fcapi-classicality-audit.pdf,elementary-intermediate,Private School,Private,0,,,,,,,,,,,,,,,,,,,,,,,,,,,,,,0,,0,0,0,0,0,0,0,providence-christian-school-texas-tx-75209-fcapi-classicality-abstract.md,providence-christian-school-texas-tx-75209-fcapi-classicality-audit.md,providence-christian-school-texas-tx-75209-v*-fcapi-classicality-audit.pdf,,,0,0,0,0,1968,2037
Acct2148,Providence Classical Academy,,,providence-classical-academy-la-71111,contact@pcabossier.org,+1 318 820 9465,,https://pcabossier.org/,4525 Old Brownlee Rd.,,Bossier City,Bossier Parish,LA,71111,US,32.58536840,-93.72107890,classical,providence-classical-academy-la-71111-fcapi-classicality-abstract.md,providence-classical-academy-la-71111-fcapi-classicality-audit.md,providence-classical-academy-la-71111-v*-fcapi-classicality-audit.pdf,elementary-intermediate-secondary,Private School,Private,0,,,,,,,,,,,,,,,,,,,,,,,,,,,,,,0,,0,0,0,0,0,0,0,providence-classical-academy-la-71111-fcapi-classicality-abstract.md,providence-classical-academy-la-71111-fcapi-classicality-audit.md,providence-classical-academy-la-71111-v*-fcapi-classicality-audit.pdf,,,0,0,0,0,1969,1829
Acct2149,Providence Classical Academy,,,providence-classical-academy-ri-02888,luke@pcaconway.org,(318) 243-2187,,https://www.pvdclassicalacademy.com/,TBD,,Warwick,,RI,_02888,US,41.74751420,-71.41212500,classical,providence-classical-academy-ri-02888-fcapi-classicality-abstract.md,providence-classical-academy-ri-02888-fcapi-classicality-audit.md,providence-classical-academy-ri-02888-v*-fcapi-classicality-audit.pdf,elementary-intermediate,Private School,Private School,0,2024,30,,,,,,,,,,,,,,,,,,,,,,,,,,,,1,"""\""\\\""""\\\\\\\""""\""""\\\\\\\\\\\\\\\""""\""""\\\""""\""""\\\\\\\\\\\\\\\\\\\\\\\\\\\\\\\""""\""""\\\""""\""""\\\\\\\""""\""""\\\""""\""""\\\\\\\\\\\\\\\\\\\\\\\\\\\\\\\\\\\\\\\\\\\\\\\\\\\\\\\\\\\\\\\""""\""""\\\""""\""""\\\\\\\""""\""""\\\""""\""""\\\\\\\\\\\\\\\""""\""""\\\""""\""""\\\\\\\""""\""""\\\""""\""""\\\\\\\\\\\\\\\\\\\\\\\\\\\\\\\\\\\\\\\\\\\\\\\\\\\\\\\\\\\\\\\\\\\\\\\\\\\\\\\\\\\\\\\\\\\\\\\\\\\\\\\\\\\\\\\\\\\\\\\\\\\\\\\""""\""""\\\""""\""""\\\\\\\""""\""""\\\""""\""""\\\\\\\\\\\\\\\""""\""""\\\""""\""""\\\\\\\""""\""""\\\""""\""""\\\\\\\\\\\\\\\\\\\\\\\\\\\\\\\""""\""""\\\""""\""""\\\\\\\""""\""""\\\""""\""""\\\\\\\\\\\\\\\""""\""""\\\""""\""""\\\\\\\""""\""""\\\""""\""""[\\\\\\\\\\\\\\\\\\\\\\\\\\\\\\\\\\\\\\\\\\\\\\\\\\\\\\\\\\\\\\\\\\\\\\\\\\\\\\\\\\\\\\\\\\\\\\\\\\\\\\\\\\\\\\\\\\\\\\\\\\\\\\\\\\\\\\\\\\\\\\\\\\\\\\\\\\\\\\\\\\\\\\\\\\\\\\\\\\\\\\\\\\\\\\\\\\\\\\\\\\\\\\\\\\\\\\\\\\\\\\\\\\\\\\\\\\\\\\\\\\\\\\\\\\\\\\\""""\""""\\\""""\""""\\\\\\\""""\""""\\\""""\""""\\\\\\\\\\\\\\\""""\""""\\\""""\""""\\\\\\\""""\""""\\\""""\""""\\\\\\\\\\\\\\\\\\\\\\\\\\\\\\\""""\""""\\\""""\""""\\\\\\\""""\""""\\\""""\""""\\\\\\\\\\\\\\\""""\""""\\\""""\""""\\\\\\\""""\""""\\\""""\""""\\\\\\\\\\\\\\\\\\\\\\\\\\\\\\\\\\\\\\\\\\\\\\\\\\\\\\\\\\\\\\\""""\""""\\\""""\""""\\\\\\\""""\""""\\\""""\""""\\\\\\\\\\\\\\\""""\""""\\\""""\""""\\\\\\\""""\""""\\\""""\""""\\\\\\\\\\\\\\\\\\\\\\\\\\\\\\\""""\""""\\\""""\""""\\\\\\\""""\""""\\\""""\""""\\\\\\\\\\\\\\\""""\""""\\\""""\""""\\\\\\\""""\""""\\\""""\""""Latin\\\\\\\\\\\\\\\\\\\\\\\\\\\\\\\\\\\\\\\\\\\\\\\\\\\\\\\\\\\\\\\\\\\\\\\\\\\\\\\\\\\\\\\\\\\\\\\\\\\\\\\\\\\\\\\\\\\\\\\\\\\\\\\\\\\\\\\\\\\\\\\\\\\\\\\\\\\\\\\\\\\\\\\\\\\\\\\\\\\\\\\\\\\\\\\\\\\\\\\\\\\\\\\\\\\\\\\\\\\\\\\\\\\\\\\\\\\\\\\\\\\\\\\\\\\\\\\""""\""""\\\""""\""""\\\\\\\""""\""""\\\""""\""""\\\\\\\\\\\\\\\""""\""""\\\""""\""""\\\\\\\""""\""""\\\""""\""""\\\\\\\\\\\\\\\\\\\\\\\\\\\\\\\""""\""""\\\""""\""""\\\\\\\""""\""""\\\""""\""""\\\\\\\\\\\\\\\""""\""""\\\""""\""""\\\\\\\""""\""""\\\""""\""""\\\\\\\\\\\\\\\\\\\\\\\\\\\\\\\\\\\\\\\\\\\\\\\\\\\\\\\\\\\\\\\""""\""""\\\""""\""""\\\\\\\""""\""""\\\""""\""""\\\\\\\\\\\\\\\""""\""""\\\""""\""""\\\\\\\""""\""""\\\""""\""""\\\\\\\\\\\\\\\\\\\\\\\\\\\\\\\""""\""""\\\""""\""""\\\\\\\""""\""""\\\""""\""""\\\\\\\\\\\\\\\""""\""""\\\""""\""""\\\\\\\""""\""""\\\""""\""""\\\\\\\\\\\\\\\\\\\\\\\\\\\\\\\\\\\\\\\\\\\\\\\\\\\\\\\\\\\\\\\\\\\\\\\\\\\\\\\\\\\\\\\\\\\\\\\\\\\\\\\\\\\\\\\\\\\\\\\\\\\\\\\""""\""""\\\""""\""""\\\\\\\""""\""""\\\""""\""""\\\\\\\\\\\\\\\""""\""""\\\""""\""""\\\\\\\""""\""""\\\""""\""""\\\\\\\\\\\\\\\\\\\\\\\\\\\\\\\""""\""""\\\""""\""""\\\\\\\""""\""""\\\""""\""""\\\\\\\\\\\\\\\""""\""""\\\""""\""""\\\\\\\""""\""""\\\""""\""""\\\\\\\\\\\\\\\\\\\\\\\\\\\\\\\\\\\\\\\\\\\\\\\\\\\\\\\\\\\\\\\""""\""""\\\""""\""""\\\\\\\""""\""""\\\""""\""""\\\\\\\\\\\\\\\""""\""""\\\""""\""""\\\\\\\""""\""""\\\""""\""""\\\\\\\\\\\\\\\\\\\\\\\\\\\\\\\""""\""""\\\""""\""""\\\\\\\""""\""""\\\""""\""""\\\\\\\\\\\\\\\""""\""""\\\""""\""""\\\\\\\""""\""""\\\""""\""""]\\\\\\\\\\\\\\\\\\\\\\\\\\\\\\\\\\\\\\\\\\\\\\\\\\\\\\\\\\\\\\\\\\\\\\\\\\\\\\\\\\\\\\\\\\\\\\\\\\\\\\\\\\\\\\\\\\\\\\\\\\\\\\\""""\""""\\\""""\""""\\\\\\\""""\""""\\\""""\""""\\\\\\\\\\\\\\\""""\""""\\\""""\""""\\\\\\\""""\""""\\\""""\""""\\\\\\\\\\\\\\\\\\\\\\\\\\\\\\\""""\""""\\\""""\""""\\\\\\\""""\""""\\\""""\""""\\\\\\\\\\\\\\\""""\""""\\\""""\""""\\\\\\\""""\""""\\\""""\""""\\\\\\\\\\\\\\\\\\\\\\\\\\\\\\\\\\\\\\\\\\\\\\\\\\\\\\\\\\\\\\\""""\""""\\\""""\""""\\\\\\\""""\""""\\\""""\""""\\\\\\\\\\\\\\\""""\""""\\\""""\""""\\\\\\\""""\""""\\\""""\""""\\\\\\\\\\\\\\\\\\\\\\\\\\\\\\\""""\""""\\\""""\""""\\\\\\\""""\""""\\\""""\""""\\\\\\\\\\\\\\\""""\""""\\\""""\""""\\\\\\\""""\""""\\\""""\""""\\\\\\\\\\\\\\\\\\\\\\\\\\\\\\\\\\\\\\\\\\\\\\\\\\\\\\\\\\\\\\\\\\\\\\\\\\\\\\\\\\\\\\\\\\\\\\\\\\\\\\\\\\\\\\\\\\\\\\\\\\\\\\\""""\""""\\\""""\""""\\\\\\\""""\""""\\\""""\""""\\\\\\\\\\\\\\\""""\""""\\\""""\""""\\\\\\\""""\""""\\\""""\""""\\\\\\\\\\\\\\\\\\\\\\\\\\\\\\\""""\""""\\\""""\""""\\\\\\\""""\""""\\\""""\""""\\\\\\\\\\\\\\\""""\""""\\\""""\""""\\\\\\\""""\""""\\\""""\""""\\\\\\\\\\\\\\\\\\\\\\\\\\\\\\\\\\\\\\\\\\\\\\\\\\\\\\\\\\\\\\\""""\""""\\\""""\""""\\\\\\\""""\""""\\\""""\""""\\\\\\\\\\\\\\\""""\""""\\\""""\""""\\\\\\\""""\""""\\\""""\""""\\\\\\\\\\\\\\\\\\\\\\\\\\\\\\\""""\""""\\\""""\""""\\\\\\\""""\""""\\\""""\""""\\\\\\\\\\\\\\\""""\""""\\\""""\""""\\\\\\\""""\""""\\\""""\""""\\\\\\\\\\\\\\\\\\\\\\\\\\\\\\\\\\\\\\\\\\\\\\\\\\\\\\\\\\\\\\\\\\\\\\\\\\\\\\\\\\\\\\\\\\\\\\\\\\\\\\\\\\\\\\\\\\\\\\\\\\\\\\\""""\""""\\\""""\""""\\\\\\\""""\""""\\\""""\""""\\\\\\\\\\\\\\\""""\""""\\\""""\""""\\\\\\\""""\""""\\\""""\""""\\\\\\\\\\\\\\\\\\\\\\\\\\\\\\\""""\""""\\\""""\""""\\\\\\\""""\""""\\\""""\""""\\\\\\\\\\\\\\\""""\""""\\\""""\""""\\\\\\\""""\""""\\\""""\""""\\\\\\\\\\\\\\\\\\\\\\\\\\\\\\\\\\\\\\\\\\\\\\\\\\\\\\\\\\\\\\\""""\""""\\\""""\""""\\\\\\\""""\""""\\\""""\""""\\\\\\\\\\\\\\\""""\""""\\\""""\""""\\\\\\\""""\""""\\\""""\""""\\\\\\\\\\\\\\\\\\\\\\\\\\\\\\\""""\""""\\\""""\""""\\\\\\\""""\""""\\\""""\""""\\\\\\\\\\\\\\\""""\""""\\\""""\""""\\\\\\\""""\""""\\\""""\""""\\\\\\\\\\\\\\\\\\\\\\\\\\\\\\\\\\\\\\\\\\\\\\\\\\\\\\\\\\\\\\\""""\""""\\\""""\""""\\\\\\\""""\""""\\\""""\""""\\\\\\\\\\\\\\\""""\""""\\\""""\""""\\\\\\\""""\""""\\\""""\""""\\\\\\\\\\\\\\\\\\\\\\\\\\\\\\\""""\""""\\\""""\""""\\\\\\\""""\""""\\\""""\""""\\\\\\\\\\\\\\\""""\""""\\\""""\""""\\\\\\\""""\""""\\\""""\""""\\\\\\\\\\\\\\\\\\\\\\\\\\\\\\\\\\\\\\\\\\\\\\\\\\\\\\\\\\\\\\\""""\""""\\\""""\""""\\\\\\\""""\""""\\\""""\""""\\\\\\\\\\\\\\\""""\""""\\\""""\""""\\\\\\\""""\""""\\\""""\""""\\\\\\\\\\\\\\\\\\\\\\\\\\\\\\\""""\""""\\\""""\""""\\\\\\\""""\""""\\\""""\""""\\\\\\\\\\\\\\\""""\""""\\\""""\""""\\\\\\\""""\""""\\\""""\""""\\\\\\\\\\\\\\\\\\\\\\\\\\\\\\\\\\\\\\\\\\\\\\\\\\\\\\\\\\\\\\\""""\""""\\\""""\""""\\\\\\\""""\""""\\\""""\""""\\\\\\\\\\\\\\\""""\""""\\\""""\""""\\\\\\\""""\""""\\\""""\""""\\\\\\\\\\\\\\\\\\\\\\\\\\\\\\\""""\""""\\\""""\""""\\\\\\\""""\""""\\\""""\""""\\\\\\\\\\\\\\\""""\""""\\\""""\""""\\\\\\\""""\""""\\\""""\""""\\\\\\\\\\\\\\\\\\\\\\\\\\\\\\\""""\""""\\\""""\""""\\\\\\\""""\""""\\\""""\""""\\\\\\\\\\\\\\\""""\""""\\\""""\""""\\\\\\\""""\""""\\\""""\""""\\\\\\\\\\\\\\\\\\\\\\\\\\\\\\\""""\""""\\\""""\""""\\\\\\\""""\""""\\\""""\""""\\\\\\\\\\\\\\\""""\""""\\\""""\""""\\\\\\\""""\""""\\\""""\""""\\\\\\\\\\\\\\\\\\\\\\\\\\\\\\\""""\""""\\\""""\""""\\\\\\\""""\""""\\\""""\""""\\\\\\\\\\\\\\\""""\""""\\\""""\""""\\\\\\\""""\""""\\\""""\""""\\\\\\\\\\\\\\\""""\""""\\\""""\""""\\\\\\\""""\""""\\\""""\""""\\\\\\\\\\\\\\\""""\""""\\\""""\""""\\\\\\\""""\""""\\\""""\""""\\\\\\\\\\\\\\\""""\""""\\\""""\""""\\\\\\\""""\""""\\\""""\""""\\\\\\\""""\""""\\\""""\""""\\\\\\\""""\""""\\\""""\""""\\\\\\\""""\""""\\\""""\""""\\\""""\""""\\\""""\""""\\\""""\""""\""""\""""\""""""""""",1,0,1,1,0,0,0,providence-classical-academy-ri-02888-fcapi-classicality-abstract.md,providence-classical-academy-ri-02888-fcapi-classicality-audit.md,providence-classical-academy-ri-02888-v*-fcapi-classicality-audit.pdf,,,0,0,0,0,1970,
Acct2150,Providence Classical Christian Academy,,,providence-classical-christian-academy-ar-72758,admissions@providence-academy.com,+1 479 263 8861,,https://providence-academy.com/,2555 S 26th St.,,Rogers,Benton County,AR,72758,US,36.29657500,-94.15626920,classical,providence-classical-christian-academy-ar-72758-fcapi-classicality-abstract.md,providence-classical-christian-academy-ar-72758-fcapi-classicality-audit.md,providence-classical-christian-academy-ar-72758-v*-fcapi-classicality-audit.pdf,elementary-intermediate-secondary,Private School,Private,0,,,,,,,,,,,,,,,,,,,,,,,,,,,,,,0,,0,0,0,0,0,0,0,providence-classical-christian-academy-ar-72758-fcapi-classicality-abstract.md,providence-classical-christian-academy-ar-72758-fcapi-classicality-audit.md,providence-classical-christian-academy-ar-72758-v*-fcapi-classicality-audit.pdf,,,0,0,0,0,1971,2191
Acct2153,Providence Classical Christian School,,,providence-classical-christian-school-ga-30054,mainoffice@providenceclassicalchristian.org,(770) 788-6618,,https://www.providenceclassicalchristian.org/,252 Byrd Road,,Oxford,,GA,30054,US,33.65748620,-83.86685080,classical,providence-classical-christian-school-ga-30054-fcapi-classicality-abstract.md,providence-classical-christian-school-ga-30054-fcapi-classicality-audit.md,providence-classical-christian-school-ga-30054-v*-fcapi-classicality-audit.pdf,elementary-intermediate-secondary,Private School,Private School,0,2005,125,,,,,,,,,,,,,,,,,,,,,,,,,,,,1,"""\""\\\""""\\\\\\\""""\""""\\\\\\\\\\\\\\\""""\""""\\\""""\""""\\\\\\\\\\\\\\\\\\\\\\\\\\\\\\\""""\""""\\\""""\""""\\\\\\\""""\""""\\\""""\""""\\\\\\\\\\\\\\\\\\\\\\\\\\\\\\\\\\\\\\\\\\\\\\\\\\\\\\\\\\\\\\\""""\""""\\\""""\""""\\\\\\\""""\""""\\\""""\""""\\\\\\\\\\\\\\\""""\""""\\\""""\""""\\\\\\\""""\""""\\\""""\""""[\\\\\\\\\\\\\\\\\\\\\\\\\\\\\\\\\\\\\\\\\\\\\\\\\\\\\\\\\\\\\\\\\\\\\\\\\\\\\\\\\\\\\\\\\\\\\\\\\\\\\\\\\\\\\\\\\\\\\\\\\\\\\\\""""\""""\\\""""\""""\\\\\\\""""\""""\\\""""\""""\\\\\\\\\\\\\\\""""\""""\\\""""\""""\\\\\\\""""\""""\\\""""\""""\\\\\\\\\\\\\\\\\\\\\\\\\\\\\\\""""\""""\\\""""\""""\\\\\\\""""\""""\\\""""\""""\\\\\\\\\\\\\\\""""\""""\\\""""\""""\\\\\\\""""\""""\\\""""\""""Latin\\\\\\\\\\\\\\\\\\\\\\\\\\\\\\\\\\\\\\\\\\\\\\\\\\\\\\\\\\\\\\\\\\\\\\\\\\\\\\\\\\\\\\\\\\\\\\\\\\\\\\\\\\\\\\\\\\\\\\\\\\\\\\\""""\""""\\\""""\""""\\\\\\\""""\""""\\\""""\""""\\\\\\\\\\\\\\\""""\""""\\\""""\""""\\\\\\\""""\""""\\\""""\""""\\\\\\\\\\\\\\\\\\\\\\\\\\\\\\\""""\""""\\\""""\""""\\\\\\\""""\""""\\\""""\""""\\\\\\\\\\\\\\\""""\""""\\\""""\""""\\\\\\\""""\""""\\\""""\""""\\\\\\\\\\\\\\\\\\\\\\\\\\\\\\\\\\\\\\\\\\\\\\\\\\\\\\\\\\\\\\\""""\""""\\\""""\""""\\\\\\\""""\""""\\\""""\""""\\\\\\\\\\\\\\\""""\""""\\\""""\""""\\\\\\\""""\""""\\\""""\""""\\\\\\\\\\\\\\\\\\\\\\\\\\\\\\\""""\""""\\\""""\""""\\\\\\\""""\""""\\\""""\""""\\\\\\\\\\\\\\\""""\""""\\\""""\""""\\\\\\\""""\""""\\\""""\""""\\\\\\\\\\\\\\\\\\\\\\\\\\\\\\\""""\""""\\\""""\""""\\\\\\\""""\""""\\\""""\""""\\\\\\\\\\\\\\\""""\""""\\\""""\""""\\\\\\\""""\""""\\\""""\""""\\\\\\\\\\\\\\\\\\\\\\\\\\\\\\\""""\""""\\\""""\""""\\\\\\\""""\""""\\\""""\""""\\\\\\\\\\\\\\\""""\""""\\\""""\""""\\\\\\\""""\""""\\\""""\""""\\\\\\\\\\\\\\\\\\\\\\\\\\\\\\\""""\""""\\\""""\""""\\\\\\\""""\""""\\\""""\""""\\\\\\\\\\\\\\\""""\""""\\\""""\""""\\\\\\\""""\""""\\\""""\""""\\\\\\\\\\\\\\\""""\""""\\\""""\""""\\\\\\\""""\""""\\\""""\""""\\\\\\\\\\\\\\\""""\""""\\\""""\""""\\\\\\\""""\""""\\\""""\""""\\\\\\\\\\\\\\\""""\""""\\\""""\""""\\\\\\\""""\""""\\\""""\""""\\\\\\\""""\""""\\\""""\""""\\\\\\\""""\""""\\\""""\""""\\\\\\\""""\""""\\\""""\""""\\\""""\""""\\\""""\""""\\\""""\""""\""""\""""\""""""""""",1,1,0,0,1,0,0,providence-classical-christian-school-ga-30054-fcapi-classicality-abstract.md,providence-classical-christian-school-ga-30054-fcapi-classicality-audit.md,providence-classical-christian-school-ga-30054-v*-fcapi-classicality-audit.pdf,,,0,0,0,0,1974,
Acct2154,Providence Classical Christian School,,,providence-classical-christian-school-wa-98011,education@pccs.org,+1 360 481 7889,,https://pccs.org/,18943 120th Ave. Ne,,Bothell,King County,WA,98011,US,47.76450190,-122.18013730,classical,providence-classical-christian-school-wa-98011-fcapi-classicality-abstract.md,providence-classical-christian-school-wa-98011-fcapi-classicality-audit.md,providence-classical-christian-school-wa-98011-v*-fcapi-classicality-audit.pdf,elementary-intermediate-secondary,Private School,Private,0,1997,,,,,,,,,,,,,,,,,,,,,,,,,,,,,0,,0,0,0,0,0,0,0,providence-classical-christian-school-wa-98011-fcapi-classicality-abstract.md,providence-classical-christian-school-wa-98011-fcapi-classicality-audit.md,providence-classical-christian-school-wa-98011-v*-fcapi-classicality-audit.pdf,,,0,0,0,0,1975,2739
Acct2155,Providence Classical School,,,providence-classical-school-al-35801,pcsoffice@providenceclassical.org,+1 256 852 8884,,https://providenceclassical.org/,605 Clinton Ave. E,,Huntsville,Madison County,AL,35801,US,34.73561730,-86.57915070,classical,providence-classical-school-al-35801-fcapi-classicality-abstract.md,providence-classical-school-al-35801-fcapi-classicality-audit.md,providence-classical-school-al-35801-v*-fcapi-classicality-audit.pdf,elementary-intermediate-secondary,Private School,Private,0,1996,,,,,,,,,,,,,,,,,,,,,,,,,,,,,0,,0,0,0,0,0,0,0,providence-classical-school-al-35801-fcapi-classicality-abstract.md,providence-classical-school-al-35801-fcapi-classicality-audit.md,providence-classical-school-al-35801-v*-fcapi-classicality-audit.pdf,,,0,0,0,0,1976,1924
Acct2157,Providence Classical School,,,providence-classical-school-tx-77379,headmaster@pcsclassical.org,+1 281 320 0500,,https://pcsclassical.org/,18100 Stuebner Airline Rd.,,Spring,Harris County,TX,77379,US,30.03919210,-95.53039550,classical,providence-classical-school-tx-77379-fcapi-classicality-abstract.md,providence-classical-school-tx-77379-fcapi-classicality-audit.md,providence-classical-school-tx-77379-v*-fcapi-classicality-audit.pdf,elementary-intermediate-secondary,Private School,Private,0,2000,,,,,,,,,,,,,,,,,,,,,,,,,,,,,0,,0,0,0,0,0,0,0,providence-classical-school-tx-77379-fcapi-classicality-abstract.md,providence-classical-school-tx-77379-fcapi-classicality-audit.md,providence-classical-school-tx-77379-v*-fcapi-classicality-audit.pdf,,,0,0,0,0,1978,2192
,Providence Hybrid Academy,,,providence-hybrid-academy-pa-18036,,,,http://www.providencehybridacademy.org,6782 N. Main St.,,Coopersburg,,PA,18036,US,40.51747460,-75.39112920,classical,providence-hybrid-academy-pa-18036-fcapi-classicality-abstract.md,providence-hybrid-academy-pa-18036-fcapi-classicality-audit.md,providence-hybrid-academy-pa-18036-v*-fcapi-classicality-audit.pdf,elementary-intermediate-secondary,,,0,,,,,,,,,,,,,,,,,,,,,,,,,,,,,,0,,0,0,0,0,0,0,0,providence-hybrid-academy-pa-18036-fcapi-classicality-abstract.md,providence-hybrid-academy-pa-18036-fcapi-classicality-audit.md,providence-hybrid-academy-pa-18036-v*-fcapi-classicality-audit.pdf,,,0,0,0,0,5180,
Acct2160,Providence Preparatory Academy,,,providence-preparatory-academy-nc-28403,info@providencewilmington.com,+1 910 232 5590,,https://providencewilmington.com/,702 Eastwood Road,,Wilmington,New Hanover County,NC,28403,US,34.24027200,-77.85606920,classical,providence-preparatory-academy-nc-28403-fcapi-classicality-abstract.md,providence-preparatory-academy-nc-28403-fcapi-classicality-audit.md,providence-preparatory-academy-nc-28403-v*-fcapi-classicality-audit.pdf,elementary-intermediate-secondary,Private School,Private,0,2013,,,,,,,,,,,,,,,,,,,,,,,,,,,,,0,,0,0,0,0,0,0,0,providence-preparatory-academy-nc-28403-fcapi-classicality-abstract.md,providence-preparatory-academy-nc-28403-fcapi-classicality-audit.md,providence-preparatory-academy-nc-28403-v*-fcapi-classicality-audit.pdf,,,0,0,0,0,1981,2437
Acct2161,Providence Preparatory School,,,providence-preparatory-school-tx-76513,info@provprep.org,+1 254 319 0210,,https://provprep.org/,2608 N Main St,,Belton,Bell County,TX,76513,US,31.06183570,-97.46192320,classical,providence-preparatory-school-tx-76513-fcapi-classicality-abstract.md,providence-preparatory-school-tx-76513-fcapi-classicality-audit.md,providence-preparatory-school-tx-76513-v*-fcapi-classicality-audit.pdf,elementary-intermediate-secondary,Private School,Private,0,2011,,,,,,,,,,,,,,,,,,,,,,,,,,,,,0,,0,0,0,0,0,0,0,providence-preparatory-school-tx-76513-fcapi-classicality-abstract.md,providence-preparatory-school-tx-76513-fcapi-classicality-audit.md,providence-preparatory-school-tx-76513-v*-fcapi-classicality-audit.pdf,,,0,0,0,0,1982,1917
Acct2162,Providence School,,,providence-school-ca-93103,,+1 805 962 4400,,https://providencesb.org/search/,630 East Canon Perdido Street,,Santa Barbara,Santa Barbara County,CA,93103,US,34.42717320,-119.69317420,classical,providence-school-ca-93103-fcapi-classicality-abstract.md,providence-school-ca-93103-fcapi-classicality-audit.md,providence-school-ca-93103-v*-fcapi-classicality-audit.pdf,elementary-intermediate-secondary,Private School,Private,0,,,,,,,,,,,,,,,,,,,,,,,,,,,,,,0,,0,0,0,0,0,0,0,providence-school-ca-93103-fcapi-classicality-abstract.md,providence-school-ca-93103-fcapi-classicality-audit.md,providence-school-ca-93103-v*-fcapi-classicality-audit.pdf,,,0,0,0,0,1983,180
Acct2164,Providence School of Tifton,,,providence-school-tifton-ga-31794,vharris@providencetift.com,+1 229 445 8180,,https://providencetift.com/,2222 Murray Ave.,,Tifton,Tift County,GA,31794,US,31.45006600,-83.50899180,classical,providence-school-tifton-ga-31794-fcapi-classicality-abstract.md,providence-school-tifton-ga-31794-fcapi-classicality-audit.md,providence-school-tifton-ga-31794-v*-fcapi-classicality-audit.pdf,elementary-intermediate-secondary,Private School,Private,0,2000,,,,,,,,,,,,,,,,,,,,,,,,,,,,,0,,0,0,0,0,0,0,0,providence-school-tifton-ga-31794-fcapi-classicality-abstract.md,providence-school-tifton-ga-31794-fcapi-classicality-audit.md,providence-school-tifton-ga-31794-v*-fcapi-classicality-audit.pdf,,,0,0,0,0,1985,2447
Acct2165,Prudentia Classical Academy,,,prudentia-classical-academy-la-70605,admin@prudentiaacademy.com,(337) 263-1372,,https://www.prudentiaacademy.com/,2040 E MCNEESE ST,,Lake Chales,,LA,70605,US,,,classical,prudentia-classical-academy-la-70605-fcapi-classicality-abstract.md,prudentia-classical-academy-la-70605-fcapi-classicality-audit.md,prudentia-classical-academy-la-70605-v*-fcapi-classicality-audit.pdf,elementary-intermediate,Private School,Private School,0,2020,17,,,,,,,,,,,,,,,,,,,,,,,,,,,,1,"""\""\\\""""\\\\\\\""""\""""\\\\\\\\\\\\\\\""""\""""\\\""""\""""\\\\\\\\\\\\\\\\\\\\\\\\\\\\\\\""""\""""\\\""""\""""\\\\\\\""""\""""\\\""""\""""\\\\\\\\\\\\\\\\\\\\\\\\\\\\\\\\\\\\\\\\\\\\\\\\\\\\\\\\\\\\\\\""""\""""\\\""""\""""\\\\\\\""""\""""\\\""""\""""\\\\\\\\\\\\\\\""""\""""\\\""""\""""\\\\\\\""""\""""\\\""""\""""\\\\\\\\\\\\\\\\\\\\\\\\\\\\\\\\\\\\\\\\\\\\\\\\\\\\\\\\\\\\\\\\\\\\\\\\\\\\\\\\\\\\\\\\\\\\\\\\\\\\\\\\\\\\\\\\\\\\\\\\\\\\\\\""""\""""\\\""""\""""\\\\\\\""""\""""\\\""""\""""\\\\\\\\\\\\\\\""""\""""\\\""""\""""\\\\\\\""""\""""\\\""""\""""\\\\\\\\\\\\\\\\\\\\\\\\\\\\\\\""""\""""\\\""""\""""\\\\\\\""""\""""\\\""""\""""\\\\\\\\\\\\\\\""""\""""\\\""""\""""\\\\\\\""""\""""\\\""""\""""[\\\\\\\\\\\\\\\\\\\\\\\\\\\\\\\\\\\\\\\\\\\\\\\\\\\\\\\\\\\\\\\\\\\\\\\\\\\\\\\\\\\\\\\\\\\\\\\\\\\\\\\\\\\\\\\\\\\\\\\\\\\\\\\\\\\\\\\\\\\\\\\\\\\\\\\\\\\\\\\\\\\\\\\\\\\\\\\\\\\\\\\\\\\\\\\\\\\\\\\\\\\\\\\\\\\\\\\\\\\\\\\\\\\\\\\\\\\\\\\\\\\\\\\\\\\\\\\""""\""""\\\""""\""""\\\\\\\""""\""""\\\""""\""""\\\\\\\\\\\\\\\""""\""""\\\""""\""""\\\\\\\""""\""""\\\""""\""""\\\\\\\\\\\\\\\\\\\\\\\\\\\\\\\""""\""""\\\""""\""""\\\\\\\""""\""""\\\""""\""""\\\\\\\\\\\\\\\""""\""""\\\""""\""""\\\\\\\""""\""""\\\""""\""""\\\\\\\\\\\\\\\\\\\\\\\\\\\\\\\\\\\\\\\\\\\\\\\\\\\\\\\\\\\\\\\""""\""""\\\""""\""""\\\\\\\""""\""""\\\""""\""""\\\\\\\\\\\\\\\""""\""""\\\""""\""""\\\\\\\""""\""""\\\""""\""""\\\\\\\\\\\\\\\\\\\\\\\\\\\\\\\""""\""""\\\""""\""""\\\\\\\""""\""""\\\""""\""""\\\\\\\\\\\\\\\""""\""""\\\""""\""""\\\\\\\""""\""""\\\""""\""""Latin\\\\\\\\\\\\\\\\\\\\\\\\\\\\\\\\\\\\\\\\\\\\\\\\\\\\\\\\\\\\\\\\\\\\\\\\\\\\\\\\\\\\\\\\\\\\\\\\\\\\\\\\\\\\\\\\\\\\\\\\\\\\\\\\\\\\\\\\\\\\\\\\\\\\\\\\\\\\\\\\\\\\\\\\\\\\\\\\\\\\\\\\\\\\\\\\\\\\\\\\\\\\\\\\\\\\\\\\\\\\\\\\\\\\\\\\\\\\\\\\\\\\\\\\\\\\\\\""""\""""\\\""""\""""\\\\\\\""""\""""\\\""""\""""\\\\\\\\\\\\\\\""""\""""\\\""""\""""\\\\\\\""""\""""\\\""""\""""\\\\\\\\\\\\\\\\\\\\\\\\\\\\\\\""""\""""\\\""""\""""\\\\\\\""""\""""\\\""""\""""\\\\\\\\\\\\\\\""""\""""\\\""""\""""\\\\\\\""""\""""\\\""""\""""\\\\\\\\\\\\\\\\\\\\\\\\\\\\\\\\\\\\\\\\\\\\\\\\\\\\\\\\\\\\\\\""""\""""\\\""""\""""\\\\\\\""""\""""\\\""""\""""\\\\\\\\\\\\\\\""""\""""\\\""""\""""\\\\\\\""""\""""\\\""""\""""\\\\\\\\\\\\\\\\\\\\\\\\\\\\\\\""""\""""\\\""""\""""\\\\\\\""""\""""\\\""""\""""\\\\\\\\\\\\\\\""""\""""\\\""""\""""\\\\\\\""""\""""\\\""""\""""\\\\\\\\\\\\\\\\\\\\\\\\\\\\\\\\\\\\\\\\\\\\\\\\\\\\\\\\\\\\\\\\\\\\\\\\\\\\\\\\\\\\\\\\\\\\\\\\\\\\\\\\\\\\\\\\\\\\\\\\\\\\\\\""""\""""\\\""""\""""\\\\\\\""""\""""\\\""""\""""\\\\\\\\\\\\\\\""""\""""\\\""""\""""\\\\\\\""""\""""\\\""""\""""\\\\\\\\\\\\\\\\\\\\\\\\\\\\\\\""""\""""\\\""""\""""\\\\\\\""""\""""\\\""""\""""\\\\\\\\\\\\\\\""""\""""\\\""""\""""\\\\\\\""""\""""\\\""""\""""\\\\\\\\\\\\\\\\\\\\\\\\\\\\\\\\\\\\\\\\\\\\\\\\\\\\\\\\\\\\\\\""""\""""\\\""""\""""\\\\\\\""""\""""\\\""""\""""\\\\\\\\\\\\\\\""""\""""\\\""""\""""\\\\\\\""""\""""\\\""""\""""\\\\\\\\\\\\\\\\\\\\\\\\\\\\\\\""""\""""\\\""""\""""\\\\\\\""""\""""\\\""""\""""\\\\\\\\\\\\\\\""""\""""\\\""""\""""\\\\\\\""""\""""\\\""""\""""]\\\\\\\\\\\\\\\\\\\\\\\\\\\\\\\\\\\\\\\\\\\\\\\\\\\\\\\\\\\\\\\\\\\\\\\\\\\\\\\\\\\\\\\\\\\\\\\\\\\\\\\\\\\\\\\\\\\\\\\\\\\\\\\""""\""""\\\""""\""""\\\\\\\""""\""""\\\""""\""""\\\\\\\\\\\\\\\""""\""""\\\""""\""""\\\\\\\""""\""""\\\""""\""""\\\\\\\\\\\\\\\\\\\\\\\\\\\\\\\""""\""""\\\""""\""""\\\\\\\""""\""""\\\""""\""""\\\\\\\\\\\\\\\""""\""""\\\""""\""""\\\\\\\""""\""""\\\""""\""""\\\\\\\\\\\\\\\\\\\\\\\\\\\\\\\\\\\\\\\\\\\\\\\\\\\\\\\\\\\\\\\""""\""""\\\""""\""""\\\\\\\""""\""""\\\""""\""""\\\\\\\\\\\\\\\""""\""""\\\""""\""""\\\\\\\""""\""""\\\""""\""""\\\\\\\\\\\\\\\\\\\\\\\\\\\\\\\""""\""""\\\""""\""""\\\\\\\""""\""""\\\""""\""""\\\\\\\\\\\\\\\""""\""""\\\""""\""""\\\\\\\""""\""""\\\""""\""""\\\\\\\\\\\\\\\\\\\\\\\\\\\\\\\\\\\\\\\\\\\\\\\\\\\\\\\\\\\\\\\\\\\\\\\\\\\\\\\\\\\\\\\\\\\\\\\\\\\\\\\\\\\\\\\\\\\\\\\\\\\\\\\""""\""""\\\""""\""""\\\\\\\""""\""""\\\""""\""""\\\\\\\\\\\\\\\""""\""""\\\""""\""""\\\\\\\""""\""""\\\""""\""""\\\\\\\\\\\\\\\\\\\\\\\\\\\\\\\""""\""""\\\""""\""""\\\\\\\""""\""""\\\""""\""""\\\\\\\\\\\\\\\""""\""""\\\""""\""""\\\\\\\""""\""""\\\""""\""""\\\\\\\\\\\\\\\\\\\\\\\\\\\\\\\\\\\\\\\\\\\\\\\\\\\\\\\\\\\\\\\""""\""""\\\""""\""""\\\\\\\""""\""""\\\""""\""""\\\\\\\\\\\\\\\""""\""""\\\""""\""""\\\\\\\""""\""""\\\""""\""""\\\\\\\\\\\\\\\\\\\\\\\\\\\\\\\""""\""""\\\""""\""""\\\\\\\""""\""""\\\""""\""""\\\\\\\\\\\\\\\""""\""""\\\""""\""""\\\\\\\""""\""""\\\""""\""""\\\\\\\\\\\\\\\\\\\\\\\\\\\\\\\\\\\\\\\\\\\\\\\\\\\\\\\\\\\\\\\\\\\\\\\\\\\\\\\\\\\\\\\\\\\\\\\\\\\\\\\\\\\\\\\\\\\\\\\\\\\\\\\""""\""""\\\""""\""""\\\\\\\""""\""""\\\""""\""""\\\\\\\\\\\\\\\""""\""""\\\""""\""""\\\\\\\""""\""""\\\""""\""""\\\\\\\\\\\\\\\\\\\\\\\\\\\\\\\""""\""""\\\""""\""""\\\\\\\""""\""""\\\""""\""""\\\\\\\\\\\\\\\""""\""""\\\""""\""""\\\\\\\""""\""""\\\""""\""""\\\\\\\\\\\\\\\\\\\\\\\\\\\\\\\\\\\\\\\\\\\\\\\\\\\\\\\\\\\\\\\""""\""""\\\""""\""""\\\\\\\""""\""""\\\""""\""""\\\\\\\\\\\\\\\""""\""""\\\""""\""""\\\\\\\""""\""""\\\""""\""""\\\\\\\\\\\\\\\\\\\\\\\\\\\\\\\""""\""""\\\""""\""""\\\\\\\""""\""""\\\""""\""""\\\\\\\\\\\\\\\""""\""""\\\""""\""""\\\\\\\""""\""""\\\""""\""""\\\\\\\\\\\\\\\\\\\\\\\\\\\\\\\\\\\\\\\\\\\\\\\\\\\\\\\\\\\\\\\""""\""""\\\""""\""""\\\\\\\""""\""""\\\""""\""""\\\\\\\\\\\\\\\""""\""""\\\""""\""""\\\\\\\""""\""""\\\""""\""""\\\\\\\\\\\\\\\\\\\\\\\\\\\\\\\""""\""""\\\""""\""""\\\\\\\""""\""""\\\""""\""""\\\\\\\\\\\\\\\""""\""""\\\""""\""""\\\\\\\""""\""""\\\""""\""""\\\\\\\\\\\\\\\\\\\\\\\\\\\\\\\\\\\\\\\\\\\\\\\\\\\\\\\\\\\\\\\""""\""""\\\""""\""""\\\\\\\""""\""""\\\""""\""""\\\\\\\\\\\\\\\""""\""""\\\""""\""""\\\\\\\""""\""""\\\""""\""""\\\\\\\\\\\\\\\\\\\\\\\\\\\\\\\""""\""""\\\""""\""""\\\\\\\""""\""""\\\""""\""""\\\\\\\\\\\\\\\""""\""""\\\""""\""""\\\\\\\""""\""""\\\""""\""""\\\\\\\\\\\\\\\\\\\\\\\\\\\\\\\\\\\\\\\\\\\\\\\\\\\\\\\\\\\\\\\""""\""""\\\""""\""""\\\\\\\""""\""""\\\""""\""""\\\\\\\\\\\\\\\""""\""""\\\""""\""""\\\\\\\""""\""""\\\""""\""""\\\\\\\\\\\\\\\\\\\\\\\\\\\\\\\""""\""""\\\""""\""""\\\\\\\""""\""""\\\""""\""""\\\\\\\\\\\\\\\""""\""""\\\""""\""""\\\\\\\""""\""""\\\""""\""""\\\\\\\\\\\\\\\\\\\\\\\\\\\\\\\""""\""""\\\""""\""""\\\\\\\""""\""""\\\""""\""""\\\\\\\\\\\\\\\""""\""""\\\""""\""""\\\\\\\""""\""""\\\""""\""""\\\\\\\\\\\\\\\\\\\\\\\\\\\\\\\""""\""""\\\""""\""""\\\\\\\""""\""""\\\""""\""""\\\\\\\\\\\\\\\""""\""""\\\""""\""""\\\\\\\""""\""""\\\""""\""""\\\\\\\\\\\\\\\\\\\\\\\\\\\\\\\""""\""""\\\""""\""""\\\\\\\""""\""""\\\""""\""""\\\\\\\\\\\\\\\""""\""""\\\""""\""""\\\\\\\""""\""""\\\""""\""""\\\\\\\\\\\\\\\""""\""""\\\""""\""""\\\\\\\""""\""""\\\""""\""""\\\\\\\\\\\\\\\""""\""""\\\""""\""""\\\\\\\""""\""""\\\""""\""""\\\\\\\\\\\\\\\""""\""""\\\""""\""""\\\\\\\""""\""""\\\""""\""""\\\\\\\""""\""""\\\""""\""""\\\\\\\""""\""""\\\""""\""""\\\\\\\""""\""""\\\""""\""""\\\""""\""""\\\""""\""""\\\""""\""""\""""\""""\""""""""""",0,0,1,1,0,0,0,prudentia-classical-academy-la-70605-fcapi-classicality-abstract.md,prudentia-classical-academy-la-70605-fcapi-classicality-audit.md,prudentia-classical-academy-la-70605-v*-fcapi-classicality-audit.pdf,,,0,0,0,0,1986,
Acct2172,Queen of Peace Catholic School,,,queen-peace-catholic-school-mn-55720,,+1 218 879 8516,,https://queenofpeaceschool.org/,102 4th St.,,Cloquet,Carlton County,MN,55720,US,46.71897100,-92.45906300,classical,queen-peace-catholic-school-mn-55720-fcapi-classicality-abstract.md,queen-peace-catholic-school-mn-55720-fcapi-classicality-audit.md,queen-peace-catholic-school-mn-55720-v*-fcapi-classicality-audit.pdf,elementary-intermediate,Private School,Private,0,,,,,,,,,,,,,,,,,,,,,,,,,,,,,,0,,0,0,0,0,0,0,0,queen-peace-catholic-school-mn-55720-fcapi-classicality-abstract.md,queen-peace-catholic-school-mn-55720-fcapi-classicality-audit.md,queen-peace-catholic-school-mn-55720-v*-fcapi-classicality-audit.pdf,,,0,0,0,0,1994,2172
Acct2194,Redeemer Classical Academy,,,redeemer-classical-academy-tn-37128,amanda.bell@redeemerclassicalacademy.com,+1 615 904 0350,,https://redeemerclassicalacademy.com/,4232 Veterans Parkway,,Murfreesboro,Rutherford County,TN,37128,US,35.83918920,-86.49263010,classical,redeemer-classical-academy-tn-37128-fcapi-classicality-abstract.md,redeemer-classical-academy-tn-37128-fcapi-classicality-audit.md,redeemer-classical-academy-tn-37128-v*-fcapi-classicality-audit.pdf,elementary-intermediate-secondary,Private School,Private,0,2013,,,,,,,,,,,,,,,,,,,,,,,,,,,,,0,,0,0,0,0,0,0,0,redeemer-classical-academy-tn-37128-fcapi-classicality-abstract.md,redeemer-classical-academy-tn-37128-fcapi-classicality-audit.md,redeemer-classical-academy-tn-37128-v*-fcapi-classicality-audit.pdf,,,0,0,0,0,2008,1779
Acct2195,Redeemer Classical Christian School,,,redeemer-classical-christian-school-md-21087,info@rccs.org,+1 410 592 9625,,https://rccs.org/,6415 Mt Vista Rd.,,Kingsville,Baltimore County,MD,21087,US,39.45796390,-76.45367800,classical,redeemer-classical-christian-school-md-21087-fcapi-classicality-abstract.md,redeemer-classical-christian-school-md-21087-fcapi-classicality-audit.md,redeemer-classical-christian-school-md-21087-v*-fcapi-classicality-audit.pdf,elementary-intermediate-secondary,Private School,Private,0,,,,,,,,,,,,,,,,,,,,,,,,,,,,,,0,,0,0,0,0,0,0,0,redeemer-classical-christian-school-md-21087-fcapi-classicality-abstract.md,redeemer-classical-christian-school-md-21087-fcapi-classicality-audit.md,redeemer-classical-christian-school-md-21087-v*-fcapi-classicality-audit.pdf,,,0,0,0,0,2009,1906
Acct2196,Redeemer Classical School,,,redeemer-classical-school-ga-30269,info@redeemerclassicalschool.com,+1 912 704 8822,,https://www.redeemerclassicalschool.com/,PO Box 2023,,Fayetteville,Fayette County,GA,30269,US,33.39972880,-84.58275860,classical,redeemer-classical-school-ga-30269-fcapi-classicality-abstract.md,redeemer-classical-school-ga-30269-fcapi-classicality-audit.md,redeemer-classical-school-ga-30269-v*-fcapi-classicality-audit.pdf,elementary-intermediate,Private School,Private,0,2024,,,,,,,,,,,,,,,,,,,,,,,,,,,,,0,,0,0,0,0,0,0,0,redeemer-classical-school-ga-30269-fcapi-classicality-abstract.md,redeemer-classical-school-ga-30269-fcapi-classicality-audit.md,redeemer-classical-school-ga-30269-v*-fcapi-classicality-audit.pdf,,,0,0,0,0,2010,354
Acct2197,Redeemer Classical School,,,redeemer-classical-school-in-46807,redeemerclassicalschool@gmail.com,+1 316 650 1402,,https://fortwayneclassical.com/,202 W Rudisill Blvd.,,Fort Wayne,Allen County,IN,46807,US,41.05035880,-85.13936320,classical,redeemer-classical-school-in-46807-fcapi-classicality-abstract.md,redeemer-classical-school-in-46807-fcapi-classicality-audit.md,redeemer-classical-school-in-46807-v*-fcapi-classicality-audit.pdf,elementary-intermediate-secondary,Private School,Private,0,,,,,,,,,,,,,,,,,,,,,,,,,,,,,,0,,0,0,0,0,0,0,0,redeemer-classical-school-in-46807-fcapi-classicality-abstract.md,redeemer-classical-school-in-46807-fcapi-classicality-audit.md,redeemer-classical-school-in-46807-v*-fcapi-classicality-audit.pdf,,,0,0,0,0,2011,2158
Acct2198,Redeemer Classical School,,,redeemer-classical-school-va-22832,info@redeemerclassical.org,+1 540 271 8144,,https://redeemerclassical.org/,PO Box 737,,Keezletown,Rockingham County,VA,22832,US,38.41576900,-78.80179120,classical,redeemer-classical-school-va-22832-fcapi-classicality-abstract.md,redeemer-classical-school-va-22832-fcapi-classicality-audit.md,redeemer-classical-school-va-22832-v*-fcapi-classicality-audit.pdf,elementary-intermediate-secondary,,,0,2004,,,,,,,,,,,,,,,,,,,,,,,,,,,,,0,,0,0,0,0,0,0,0,redeemer-classical-school-va-22832-fcapi-classicality-abstract.md,redeemer-classical-school-va-22832-fcapi-classicality-audit.md,redeemer-classical-school-va-22832-v*-fcapi-classicality-audit.pdf,,,0,0,0,0,2012,
Acct2208,Regent Preparatory School of Oklahoma,,,regent-preparatory-school-oklahoma-ok-74133,agilbert@rpsok.org,+1 217 317 9227,,https://rpsok.org/,8621 S Memorial Dr.,,Tulsa,Tulsa County,OK,74133,US,36.03786950,-95.88518470,classical,regent-preparatory-school-oklahoma-ok-74133-fcapi-classicality-abstract.md,regent-preparatory-school-oklahoma-ok-74133-fcapi-classicality-audit.md,regent-preparatory-school-oklahoma-ok-74133-v*-fcapi-classicality-audit.pdf,elementary-intermediate-secondary,Private School,Private,0,,,,,,,,,,,,,,,,,,,,,,,,,,,,,,0,,0,0,0,0,0,0,0,regent-preparatory-school-oklahoma-ok-74133-fcapi-classicality-abstract.md,regent-preparatory-school-oklahoma-ok-74133-fcapi-classicality-audit.md,regent-preparatory-school-oklahoma-ok-74133-v*-fcapi-classicality-audit.pdf,,,0,0,0,0,2021,2102
Acct2209,Regents Academy,,,regents-academy-tx-75961,office@regentsacademy.com,+1 936 559 7343,,https://regentsacademy.com/,200 NE Stallings Dr.,,Nacogdoches,Nacogdoches County,TX,75961,US,31.59395410,-94.61578540,classical,regents-academy-tx-75961-fcapi-classicality-abstract.md,regents-academy-tx-75961-fcapi-classicality-audit.md,regents-academy-tx-75961-v*-fcapi-classicality-audit.pdf,elementary-intermediate-secondary,Private School,Private,0,2001,,,,,,,,,,,,,,,,,,,,,,,,,,,,,0,,0,0,0,0,0,0,0,regents-academy-tx-75961-fcapi-classicality-abstract.md,regents-academy-tx-75961-fcapi-classicality-audit.md,regents-academy-tx-75961-v*-fcapi-classicality-audit.pdf,,,0,0,0,0,2022,1838
Acct2210,Regents Classical School,,,regents-classical-school-tn-37411,headmaster@regentsclassical.com,+1 646 580 3456,,https://www.regentschattanooga.org/,104 McBrien Rd.,C/O Anglican Church Of The Redeemer,Chattanooga,Hamilton County,TN,37411,US,35.00871050,-85.22390280,classical,regents-classical-school-tn-37411-fcapi-classicality-abstract.md,regents-classical-school-tn-37411-fcapi-classicality-audit.md,regents-classical-school-tn-37411-v*-fcapi-classicality-audit.pdf,elementary-intermediate-secondary,Private School,Private,0,2024,,,,,,,,,,,,,,,,,,,,,,,,,,,,,0,,0,0,0,0,0,0,0,regents-classical-school-tn-37411-fcapi-classicality-abstract.md,regents-classical-school-tn-37411-fcapi-classicality-audit.md,regents-classical-school-tn-37411-v*-fcapi-classicality-audit.pdf,,,0,0,0,0,2023,497
Acct2211,Regents School of Austin,,,regents-school-austin-tx-78735,info@regentsaustin.org,+1 512 899 8095,,https://regentsaustin.org/,3230 Travis Country Circle,,Austin,Travis County,TX,78735,US,30.25452800,-97.84535850,classical,regents-school-austin-tx-78735-fcapi-classicality-abstract.md,regents-school-austin-tx-78735-fcapi-classicality-audit.md,regents-school-austin-tx-78735-v*-fcapi-classicality-audit.pdf,elementary-intermediate-secondary,Private School,Private,0,1992,,,,,,,,,,,,,,,,,,,,,,,,,,,,,0,,0,0,0,0,0,0,0,regents-school-austin-tx-78735-fcapi-classicality-abstract.md,regents-school-austin-tx-78735-fcapi-classicality-audit.md,regents-school-austin-tx-78735-v*-fcapi-classicality-audit.pdf,,,0,0,0,0,2024,2099
Acct2212,Regents School of Charlottesville,,,regents-school-charlottesville-va-22903,cpalumbo@regents-school.org,+1 434 293 0633,,https://regents-school.org/,200 Bob Finley Way,,Charlottesville,Santa Clara County,VA,22903,US,37.42266030,-122.07671930,classical,regents-school-charlottesville-va-22903-fcapi-classicality-abstract.md,regents-school-charlottesville-va-22903-fcapi-classicality-audit.md,regents-school-charlottesville-va-22903-v*-fcapi-classicality-audit.pdf,elementary-intermediate-secondary,Private School,Private,0,2010,,,,,,,,,,,,,,,,,,,,,,,,,,,,,0,,0,0,0,0,0,0,0,regents-school-charlottesville-va-22903-fcapi-classicality-abstract.md,regents-school-charlottesville-va-22903-fcapi-classicality-audit.md,regents-school-charlottesville-va-22903-v*-fcapi-classicality-audit.pdf,,,0,0,0,0,2025,2783
Acct2215,Regina Academy at St. John the Baptist,,,regina-academy-st-john-baptist-pa-18942,,+1 610 847 5523,,https://www.rasjb.org/,4040 Durham Road,,Ottsville,Bucks County,PA,18942,US,40.49571860,-75.17910800,classical,regina-academy-st-john-baptist-pa-18942-fcapi-classicality-abstract.md,regina-academy-st-john-baptist-pa-18942-fcapi-classicality-audit.md,regina-academy-st-john-baptist-pa-18942-v*-fcapi-classicality-audit.pdf,elementary-intermediate,Private School,Private,0,,,,,,,,,,,,,,,,,,,,,,,,,,,,,,0,,0,0,0,0,0,0,0,regina-academy-st-john-baptist-pa-18942-fcapi-classicality-abstract.md,regina-academy-st-john-baptist-pa-18942-fcapi-classicality-audit.md,regina-academy-st-john-baptist-pa-18942-v*-fcapi-classicality-audit.pdf,,,0,0,0,0,219,2270
Acct2216,Regina Angelorum Academy,,,regina-angelorum-academy-pa-19003,,+1 484 587 0379,,https://reginaangelorumacademy.org/,105 Argyle Road,,Ardmore,Montgomery County,PA,19003,US,40.00577460,-75.28812410,classical,regina-angelorum-academy-pa-19003-fcapi-classicality-abstract.md,regina-angelorum-academy-pa-19003-fcapi-classicality-audit.md,regina-angelorum-academy-pa-19003-v*-fcapi-classicality-audit.pdf,elementary-intermediate,Private School,Private,0,,,,,,,,,,,,,,,,,,,,,,,,,,,,,,0,,0,0,0,0,0,0,0,regina-angelorum-academy-pa-19003-fcapi-classicality-abstract.md,regina-angelorum-academy-pa-19003-fcapi-classicality-audit.md,regina-angelorum-academy-pa-19003-v*-fcapi-classicality-audit.pdf,,,0,0,0,0,220,1633
Acct2250,Regina Coeli Academy,,,regina-coeli-academy-pa-19001,,+1 215 277 1386,,https://reginacoeliacademy.com/,1525 Marian Road,,Abington,Montgomery County,PA,19001,US,40.12636710,-75.11453390,classical,regina-coeli-academy-pa-19001-fcapi-classicality-abstract.md,regina-coeli-academy-pa-19001-fcapi-classicality-audit.md,regina-coeli-academy-pa-19001-v*-fcapi-classicality-audit.pdf,elementary-intermediate,Private School,Private,0,,,,,,,,,,,,,,,,,,,,,,,,,,,,,,0,,0,0,0,0,0,0,0,regina-coeli-academy-pa-19001-fcapi-classicality-abstract.md,regina-coeli-academy-pa-19001-fcapi-classicality-audit.md,regina-coeli-academy-pa-19001-v*-fcapi-classicality-audit.pdf,,,0,0,0,0,221,854
Acct2263,Renaissance Classical Christian Academy,,,renaissance-classical-christian-academy-nc-28314,hendrickson.ray@mindspring.com,+1 910 221 0400,,https://mindspring.com/,6427 Cliffdale Road,,Fayetteville,Cumberland County,NC,28314,US,35.05753810,-78.99385270,classical,renaissance-classical-christian-academy-nc-28314-fcapi-classicality-abstract.md,renaissance-classical-christian-academy-nc-28314-fcapi-classicality-audit.md,renaissance-classical-christian-academy-nc-28314-v*-fcapi-classicality-audit.pdf,elementary-intermediate-secondary,Private School,Private,0,2008,,,,,,,,,,,,,,,,,,,,,,,,,,,,,0,,0,0,0,0,0,0,0,renaissance-classical-christian-academy-nc-28314-fcapi-classicality-abstract.md,renaissance-classical-christian-academy-nc-28314-fcapi-classicality-audit.md,renaissance-classical-christian-academy-nc-28314-v*-fcapi-classicality-audit.pdf,,,0,0,0,0,2038,2244
,Revive Academy,,,revive-academy-ak-99603,admin@reviveacademyak.org,+1 616 212 7149,,https://reviveacademyak.org,818 Smoky Bay Way,,Homer,,AK,99603,US,59.64641300,-151.52119050,classical,revive-academy-ak-99603-fcapi-classicality-abstract.md,revive-academy-ak-99603-fcapi-classicality-audit.md,revive-academy-ak-99603-v*-fcapi-classicality-audit.pdf,elementary-intermediate,,,0,2025,,,,,,,,,,,,,,,,,,,,,,,,,,,,,0,,0,0,0,0,0,0,0,revive-academy-ak-99603-fcapi-classicality-abstract.md,revive-academy-ak-99603-fcapi-classicality-audit.md,revive-academy-ak-99603-v*-fcapi-classicality-audit.pdf,,,0,0,0,0,3247,
Net2174,Ridgeview Classical Schools,,,ridgeview-classical-schools-co-80525,info@ridgeviewclassical.com,+1 970 494 4620,,https://ridgeviewclassical.org/,1800 South Lemay Ave.,,Fort Collins,Larimer County,CO,80525,US,40.56282560,-105.05741090,classical,ridgeview-classical-schools-co-80525-fcapi-classicality-abstract.md,ridgeview-classical-schools-co-80525-fcapi-classicality-audit.md,ridgeview-classical-schools-co-80525-v*-fcapi-classicality-audit.pdf,elementary-intermediate-secondary,Charter,Public,0,,735,,,,,,,,,,,,,,,,,,,,,,,,,,,,1,,0,1,0,0,1,0,0,ridgeview-classical-schools-co-80525-fcapi-classicality-abstract.md,ridgeview-classical-schools-co-80525-fcapi-classicality-audit.md,ridgeview-classical-schools-co-80525-v*-fcapi-classicality-audit.pdf,,,0,0,0,0,2050,2626
,Rivendell Academy,,,rivendell-academy-ga-31907,frontdesk@rivendellacademyga.org,+1 706 223 0877,,https://rivendellacademyga.org,8303 Whitesville Rd,,Columbus,,GA,31907,US,32.57027480,-84.96988810,classical,rivendell-academy-ga-31907-fcapi-classicality-abstract.md,rivendell-academy-ga-31907-fcapi-classicality-audit.md,rivendell-academy-ga-31907-v*-fcapi-classicality-audit.pdf,elementary-intermediate-secondary,,,0,2024,,,,,,,,,,,,,,,,,,,,,,,,,,,,,0,,0,0,0,0,0,0,0,rivendell-academy-ga-31907-fcapi-classicality-abstract.md,rivendell-academy-ga-31907-fcapi-classicality-audit.md,rivendell-academy-ga-31907-v*-fcapi-classicality-audit.pdf,,,0,0,0,0,3248,
Acct2285,Riverbend Academy,,,riverbend-academy-fl-32174,aglenfield@riverbendacademy.org,+1 386 615 0986,,https://riverbendacademy.org/,2080 W. Granada Blvd.,,Ormond Beach,Volusia County,FL,32174,US,29.24991140,-81.13488230,classical,riverbend-academy-fl-32174-fcapi-classicality-abstract.md,riverbend-academy-fl-32174-fcapi-classicality-audit.md,riverbend-academy-fl-32174-v*-fcapi-classicality-audit.pdf,elementary-intermediate-secondary,Private School,Private,0,2000,,,,,,,,,,,,,,,,,,,,,,,,,,,,,0,,0,0,0,0,0,0,0,riverbend-academy-fl-32174-fcapi-classicality-abstract.md,riverbend-academy-fl-32174-fcapi-classicality-audit.md,riverbend-academy-fl-32174-v*-fcapi-classicality-audit.pdf,,,0,0,0,0,2058,2645
Acct2290,Riverstone Classical Academy,,,riverstone-classical-academy-fl-34209,,+1 813 245 4998,,https://www.riverstoneclassicalacademy.com/,1616 59th Street West,,Bradenton,Manatee County,FL,34209,US,27.48599460,-82.62141550,classical,riverstone-classical-academy-fl-34209-fcapi-classicality-abstract.md,riverstone-classical-academy-fl-34209-fcapi-classicality-audit.md,riverstone-classical-academy-fl-34209-v*-fcapi-classicality-audit.pdf,elementary-intermediate,Private School,Private,0,,,,,,,,,,,,,,,,,,,,,,,,,,,,,,0,,0,0,0,0,0,0,0,riverstone-classical-academy-fl-34209-fcapi-classicality-abstract.md,riverstone-classical-academy-fl-34209-fcapi-classicality-audit.md,riverstone-classical-academy-fl-34209-v*-fcapi-classicality-audit.pdf,,,0,0,0,0,2063,585
,Rivertree Academy,,,rivertree-academy-tx-76107,,+1 817 420 9310,,http://rivertreeacademy.org,5548 Kilpatrick Ave.,,Fort Worth,,TX,76107,US,32.72327980,-97.40424240,classical,rivertree-academy-tx-76107-fcapi-classicality-abstract.md,rivertree-academy-tx-76107-fcapi-classicality-audit.md,rivertree-academy-tx-76107-v*-fcapi-classicality-audit.pdf,elementary-intermediate-secondary,,,0,,,,,,,,,,,,,,,,,,,,,,,,,,,,,,0,,0,0,0,0,0,0,0,rivertree-academy-tx-76107-fcapi-classicality-abstract.md,rivertree-academy-tx-76107-fcapi-classicality-audit.md,rivertree-academy-tx-76107-v*-fcapi-classicality-audit.pdf,,,0,0,0,0,5270,
Acct2292,Riverwood Classical School,,,riverwood-classical-school-al-35406,secretary@riverwoodclassical.org,+1 205 758 5502,,https://riverwoodclassical.org/,501 Rice Valley Rd. N,,Tuscaloosa,Tuscaloosa County,AL,35406,US,33.24130500,-87.54217390,classical,riverwood-classical-school-al-35406-fcapi-classicality-abstract.md,riverwood-classical-school-al-35406-fcapi-classicality-audit.md,riverwood-classical-school-al-35406-v*-fcapi-classicality-audit.pdf,elementary-intermediate-secondary,Private School,Private,0,,,,,,,,,,,,,,,,,,,,,,,,,,,,,,0,,0,0,0,0,0,0,0,riverwood-classical-school-al-35406-fcapi-classicality-abstract.md,riverwood-classical-school-al-35406-fcapi-classicality-audit.md,riverwood-classical-school-al-35406-v*-fcapi-classicality-audit.pdf,,,0,0,0,0,2065,1928
Acct2294,Rochester Classical Academy,,,rochester-classical-academy-ny-14610,info@rochesterclassicalacademy.org,+1 585 935 1211,,https://rochesterclassicalacademy.org/,1775 East Ave.,,Rochester,Monroe County,NY,14610,US,43.14537560,-77.55708130,classical,rochester-classical-academy-ny-14610-fcapi-classicality-abstract.md,rochester-classical-academy-ny-14610-fcapi-classicality-audit.md,rochester-classical-academy-ny-14610-v*-fcapi-classicality-audit.pdf,elementary-intermediate,Private School,Private,0,2019,,,,,,,,,,,,,,,,,,,,,,,,,,,,,0,,0,0,0,0,0,0,0,rochester-classical-academy-ny-14610-fcapi-classicality-abstract.md,rochester-classical-academy-ny-14610-fcapi-classicality-audit.md,rochester-classical-academy-ny-14610-v*-fcapi-classicality-audit.pdf,,,0,0,0,0,2067,1889
Acct2299,Rockbridge Academy,,,rockbridge-academy-md-21032,learning@rockbridge.org,(410) 923-1171,,https://www.rockbridge.org/,680 Evergreen Road,,Crownsville,,MD,21032,US,39.06511960,-76.60697210,classical,rockbridge-academy-md-21032-fcapi-classicality-abstract.md,rockbridge-academy-md-21032-fcapi-classicality-audit.md,rockbridge-academy-md-21032-v*-fcapi-classicality-audit.pdf,elementary-intermediate-secondary,Private School,Private School,0,1995,423,,,,,,,,,,,,,,,,,,,,,,,,,,,,1,"""\""\\\""""\\\\\\\""""\""""\\\\\\\\\\\\\\\""""\""""\\\""""\""""\\\\\\\\\\\\\\\\\\\\\\\\\\\\\\\""""\""""\\\""""\""""\\\\\\\""""\""""\\\""""\""""\\\\\\\\\\\\\\\\\\\\\\\\\\\\\\\\\\\\\\\\\\\\\\\\\\\\\\\\\\\\\\\""""\""""\\\""""\""""\\\\\\\""""\""""\\\""""\""""\\\\\\\\\\\\\\\""""\""""\\\""""\""""\\\\\\\""""\""""\\\""""\""""\\\\\\\\\\\\\\\\\\\\\\\\\\\\\\\\\\\\\\\\\\\\\\\\\\\\\\\\\\\\\\\\\\\\\\\\\\\\\\\\\\\\\\\\\\\\\\\\\\\\\\\\\\\\\\\\\\\\\\\\\\\\\\\""""\""""\\\""""\""""\\\\\\\""""\""""\\\""""\""""\\\\\\\\\\\\\\\""""\""""\\\""""\""""\\\\\\\""""\""""\\\""""\""""\\\\\\\\\\\\\\\\\\\\\\\\\\\\\\\""""\""""\\\""""\""""\\\\\\\""""\""""\\\""""\""""\\\\\\\\\\\\\\\""""\""""\\\""""\""""\\\\\\\""""\""""\\\""""\""""[\\\\\\\\\\\\\\\\\\\\\\\\\\\\\\\\\\\\\\\\\\\\\\\\\\\\\\\\\\\\\\\\\\\\\\\\\\\\\\\\\\\\\\\\\\\\\\\\\\\\\\\\\\\\\\\\\\\\\\\\\\\\\\\\\\\\\\\\\\\\\\\\\\\\\\\\\\\\\\\\\\\\\\\\\\\\\\\\\\\\\\\\\\\\\\\\\\\\\\\\\\\\\\\\\\\\\\\\\\\\\\\\\\\\\\\\\\\\\\\\\\\\\\\\\\\\\\\""""\""""\\\""""\""""\\\\\\\""""\""""\\\""""\""""\\\\\\\\\\\\\\\""""\""""\\\""""\""""\\\\\\\""""\""""\\\""""\""""\\\\\\\\\\\\\\\\\\\\\\\\\\\\\\\""""\""""\\\""""\""""\\\\\\\""""\""""\\\""""\""""\\\\\\\\\\\\\\\""""\""""\\\""""\""""\\\\\\\""""\""""\\\""""\""""\\\\\\\\\\\\\\\\\\\\\\\\\\\\\\\\\\\\\\\\\\\\\\\\\\\\\\\\\\\\\\\""""\""""\\\""""\""""\\\\\\\""""\""""\\\""""\""""\\\\\\\\\\\\\\\""""\""""\\\""""\""""\\\\\\\""""\""""\\\""""\""""\\\\\\\\\\\\\\\\\\\\\\\\\\\\\\\""""\""""\\\""""\""""\\\\\\\""""\""""\\\""""\""""\\\\\\\\\\\\\\\""""\""""\\\""""\""""\\\\\\\""""\""""\\\""""\""""Latin\\\\\\\\\\\\\\\\\\\\\\\\\\\\\\\\\\\\\\\\\\\\\\\\\\\\\\\\\\\\\\\\\\\\\\\\\\\\\\\\\\\\\\\\\\\\\\\\\\\\\\\\\\\\\\\\\\\\\\\\\\\\\\\\\\\\\\\\\\\\\\\\\\\\\\\\\\\\\\\\\\\\\\\\\\\\\\\\\\\\\\\\\\\\\\\\\\\\\\\\\\\\\\\\\\\\\\\\\\\\\\\\\\\\\\\\\\\\\\\\\\\\\\\\\\\\\\\""""\""""\\\""""\""""\\\\\\\""""\""""\\\""""\""""\\\\\\\\\\\\\\\""""\""""\\\""""\""""\\\\\\\""""\""""\\\""""\""""\\\\\\\\\\\\\\\\\\\\\\\\\\\\\\\""""\""""\\\""""\""""\\\\\\\""""\""""\\\""""\""""\\\\\\\\\\\\\\\""""\""""\\\""""\""""\\\\\\\""""\""""\\\""""\""""\\\\\\\\\\\\\\\\\\\\\\\\\\\\\\\\\\\\\\\\\\\\\\\\\\\\\\\\\\\\\\\""""\""""\\\""""\""""\\\\\\\""""\""""\\\""""\""""\\\\\\\\\\\\\\\""""\""""\\\""""\""""\\\\\\\""""\""""\\\""""\""""\\\\\\\\\\\\\\\\\\\\\\\\\\\\\\\""""\""""\\\""""\""""\\\\\\\""""\""""\\\""""\""""\\\\\\\\\\\\\\\""""\""""\\\""""\""""\\\\\\\""""\""""\\\""""\""""\\\\\\\\\\\\\\\\\\\\\\\\\\\\\\\\\\\\\\\\\\\\\\\\\\\\\\\\\\\\\\\\\\\\\\\\\\\\\\\\\\\\\\\\\\\\\\\\\\\\\\\\\\\\\\\\\\\\\\\\\\\\\\\""""\""""\\\""""\""""\\\\\\\""""\""""\\\""""\""""\\\\\\\\\\\\\\\""""\""""\\\""""\""""\\\\\\\""""\""""\\\""""\""""\\\\\\\\\\\\\\\\\\\\\\\\\\\\\\\""""\""""\\\""""\""""\\\\\\\""""\""""\\\""""\""""\\\\\\\\\\\\\\\""""\""""\\\""""\""""\\\\\\\""""\""""\\\""""\""""\\\\\\\\\\\\\\\\\\\\\\\\\\\\\\\\\\\\\\\\\\\\\\\\\\\\\\\\\\\\\\\""""\""""\\\""""\""""\\\\\\\""""\""""\\\""""\""""\\\\\\\\\\\\\\\""""\""""\\\""""\""""\\\\\\\""""\""""\\\""""\""""\\\\\\\\\\\\\\\\\\\\\\\\\\\\\\\""""\""""\\\""""\""""\\\\\\\""""\""""\\\""""\""""\\\\\\\\\\\\\\\""""\""""\\\""""\""""\\\\\\\""""\""""\\\""""\""""]\\\\\\\\\\\\\\\\\\\\\\\\\\\\\\\\\\\\\\\\\\\\\\\\\\\\\\\\\\\\\\\\\\\\\\\\\\\\\\\\\\\\\\\\\\\\\\\\\\\\\\\\\\\\\\\\\\\\\\\\\\\\\\\""""\""""\\\""""\""""\\\\\\\""""\""""\\\""""\""""\\\\\\\\\\\\\\\""""\""""\\\""""\""""\\\\\\\""""\""""\\\""""\""""\\\\\\\\\\\\\\\\\\\\\\\\\\\\\\\""""\""""\\\""""\""""\\\\\\\""""\""""\\\""""\""""\\\\\\\\\\\\\\\""""\""""\\\""""\""""\\\\\\\""""\""""\\\""""\""""\\\\\\\\\\\\\\\\\\\\\\\\\\\\\\\\\\\\\\\\\\\\\\\\\\\\\\\\\\\\\\\""""\""""\\\""""\""""\\\\\\\""""\""""\\\""""\""""\\\\\\\\\\\\\\\""""\""""\\\""""\""""\\\\\\\""""\""""\\\""""\""""\\\\\\\\\\\\\\\\\\\\\\\\\\\\\\\""""\""""\\\""""\""""\\\\\\\""""\""""\\\""""\""""\\\\\\\\\\\\\\\""""\""""\\\""""\""""\\\\\\\""""\""""\\\""""\""""\\\\\\\\\\\\\\\\\\\\\\\\\\\\\\\\\\\\\\\\\\\\\\\\\\\\\\\\\\\\\\\\\\\\\\\\\\\\\\\\\\\\\\\\\\\\\\\\\\\\\\\\\\\\\\\\\\\\\\\\\\\\\\\""""\""""\\\""""\""""\\\\\\\""""\""""\\\""""\""""\\\\\\\\\\\\\\\""""\""""\\\""""\""""\\\\\\\""""\""""\\\""""\""""\\\\\\\\\\\\\\\\\\\\\\\\\\\\\\\""""\""""\\\""""\""""\\\\\\\""""\""""\\\""""\""""\\\\\\\\\\\\\\\""""\""""\\\""""\""""\\\\\\\""""\""""\\\""""\""""\\\\\\\\\\\\\\\\\\\\\\\\\\\\\\\\\\\\\\\\\\\\\\\\\\\\\\\\\\\\\\\""""\""""\\\""""\""""\\\\\\\""""\""""\\\""""\""""\\\\\\\\\\\\\\\""""\""""\\\""""\""""\\\\\\\""""\""""\\\""""\""""\\\\\\\\\\\\\\\\\\\\\\\\\\\\\\\""""\""""\\\""""\""""\\\\\\\""""\""""\\\""""\""""\\\\\\\\\\\\\\\""""\""""\\\""""\""""\\\\\\\""""\""""\\\""""\""""\\\\\\\\\\\\\\\\\\\\\\\\\\\\\\\\\\\\\\\\\\\\\\\\\\\\\\\\\\\\\\\\\\\\\\\\\\\\\\\\\\\\\\\\\\\\\\\\\\\\\\\\\\\\\\\\\\\\\\\\\\\\\\\""""\""""\\\""""\""""\\\\\\\""""\""""\\\""""\""""\\\\\\\\\\\\\\\""""\""""\\\""""\""""\\\\\\\""""\""""\\\""""\""""\\\\\\\\\\\\\\\\\\\\\\\\\\\\\\\""""\""""\\\""""\""""\\\\\\\""""\""""\\\""""\""""\\\\\\\\\\\\\\\""""\""""\\\""""\""""\\\\\\\""""\""""\\\""""\""""\\\\\\\\\\\\\\\\\\\\\\\\\\\\\\\\\\\\\\\\\\\\\\\\\\\\\\\\\\\\\\\""""\""""\\\""""\""""\\\\\\\""""\""""\\\""""\""""\\\\\\\\\\\\\\\""""\""""\\\""""\""""\\\\\\\""""\""""\\\""""\""""\\\\\\\\\\\\\\\\\\\\\\\\\\\\\\\""""\""""\\\""""\""""\\\\\\\""""\""""\\\""""\""""\\\\\\\\\\\\\\\""""\""""\\\""""\""""\\\\\\\""""\""""\\\""""\""""\\\\\\\\\\\\\\\\\\\\\\\\\\\\\\\\\\\\\\\\\\\\\\\\\\\\\\\\\\\\\\\""""\""""\\\""""\""""\\\\\\\""""\""""\\\""""\""""\\\\\\\\\\\\\\\""""\""""\\\""""\""""\\\\\\\""""\""""\\\""""\""""\\\\\\\\\\\\\\\\\\\\\\\\\\\\\\\""""\""""\\\""""\""""\\\\\\\""""\""""\\\""""\""""\\\\\\\\\\\\\\\""""\""""\\\""""\""""\\\\\\\""""\""""\\\""""\""""\\\\\\\\\\\\\\\\\\\\\\\\\\\\\\\\\\\\\\\\\\\\\\\\\\\\\\\\\\\\\\\""""\""""\\\""""\""""\\\\\\\""""\""""\\\""""\""""\\\\\\\\\\\\\\\""""\""""\\\""""\""""\\\\\\\""""\""""\\\""""\""""\\\\\\\\\\\\\\\\\\\\\\\\\\\\\\\""""\""""\\\""""\""""\\\\\\\""""\""""\\\""""\""""\\\\\\\\\\\\\\\""""\""""\\\""""\""""\\\\\\\""""\""""\\\""""\""""\\\\\\\\\\\\\\\\\\\\\\\\\\\\\\\\\\\\\\\\\\\\\\\\\\\\\\\\\\\\\\\""""\""""\\\""""\""""\\\\\\\""""\""""\\\""""\""""\\\\\\\\\\\\\\\""""\""""\\\""""\""""\\\\\\\""""\""""\\\""""\""""\\\\\\\\\\\\\\\\\\\\\\\\\\\\\\\""""\""""\\\""""\""""\\\\\\\""""\""""\\\""""\""""\\\\\\\\\\\\\\\""""\""""\\\""""\""""\\\\\\\""""\""""\\\""""\""""\\\\\\\\\\\\\\\\\\\\\\\\\\\\\\\""""\""""\\\""""\""""\\\\\\\""""\""""\\\""""\""""\\\\\\\\\\\\\\\""""\""""\\\""""\""""\\\\\\\""""\""""\\\""""\""""\\\\\\\\\\\\\\\\\\\\\\\\\\\\\\\""""\""""\\\""""\""""\\\\\\\""""\""""\\\""""\""""\\\\\\\\\\\\\\\""""\""""\\\""""\""""\\\\\\\""""\""""\\\""""\""""\\\\\\\\\\\\\\\\\\\\\\\\\\\\\\\""""\""""\\\""""\""""\\\\\\\""""\""""\\\""""\""""\\\\\\\\\\\\\\\""""\""""\\\""""\""""\\\\\\\""""\""""\\\""""\""""\\\\\\\\\\\\\\\""""\""""\\\""""\""""\\\\\\\""""\""""\\\""""\""""\\\\\\\\\\\\\\\""""\""""\\\""""\""""\\\\\\\""""\""""\\\""""\""""\\\\\\\\\\\\\\\""""\""""\\\""""\""""\\\\\\\""""\""""\\\""""\""""\\\\\\\""""\""""\\\""""\""""\\\\\\\""""\""""\\\""""\""""\\\\\\\""""\""""\\\""""\""""\\\""""\""""\\\""""\""""\\\""""\""""\""""\""""\""""""""""",1,0,1,1,0,0,0,rockbridge-academy-md-21032-fcapi-classicality-abstract.md,rockbridge-academy-md-21032-fcapi-classicality-audit.md,rockbridge-academy-md-21032-v*-fcapi-classicality-audit.pdf,,,0,0,0,0,2071,
,Rocky Bayou Christian School: Niceville,,,rocky-bayou-christian-school-niceville-fl-32578,,+1 850 729 7227,,http://rbcs.org,2101 N Partin Dr.,,Niceville,,FL,32578,US,30.52719120,-86.46205400,classical,rocky-bayou-christian-school-niceville-fl-32578-fcapi-classicality-abstract.md,rocky-bayou-christian-school-niceville-fl-32578-fcapi-classicality-audit.md,rocky-bayou-christian-school-niceville-fl-32578-v*-fcapi-classicality-audit.pdf,elementary-intermediate-secondary,,,0,,,,,,,,,,,,,,,,,,,,,,,,,,,,,,0,,0,0,0,0,0,0,0,rocky-bayou-christian-school-niceville-fl-32578-fcapi-classicality-abstract.md,rocky-bayou-christian-school-niceville-fl-32578-fcapi-classicality-audit.md,rocky-bayou-christian-school-niceville-fl-32578-v*-fcapi-classicality-audit.pdf,,,0,0,0,0,5233,
Acct2310,Runnels Academy,,,runnels-academy-tx-79720,jbryans27@hotmail.com,+1 432 270 6075,,https://www.runnelsacademy.org/,102 E. 10th St.,,Big Spring,Howard County,TX,79720,US,32.24611060,-101.47163410,classical,runnels-academy-tx-79720-fcapi-classicality-abstract.md,runnels-academy-tx-79720-fcapi-classicality-audit.md,runnels-academy-tx-79720-v*-fcapi-classicality-audit.pdf,elementary-intermediate-secondary,Private School,Private,0,2018,,,,,,,,,,,,,,,,,,,,,,,,,,,,,0,,0,0,0,0,0,0,0,runnels-academy-tx-79720-fcapi-classicality-abstract.md,runnels-academy-tx-79720-fcapi-classicality-audit.md,runnels-academy-tx-79720-v*-fcapi-classicality-audit.pdf,,,0,0,0,0,2082,1622
Acct2452,SOAR Academy,,,soar-academy-ga-30907,,+1 970 481 1939,,https://soaracademy.net/,119 Pleasant Home Road,,Monument,Richmond County,GA,30907,US,33.51385090,-82.07163310,classical,soar-academy-ga-30907-fcapi-classicality-abstract.md,soar-academy-ga-30907-fcapi-classicality-audit.md,soar-academy-ga-30907-v*-fcapi-classicality-audit.pdf,elementary-intermediate-secondary,Private School,Private,0,,,,,,,,,,,,,,,,,,,,,,,,,,,,,,0,,0,0,0,0,0,0,0,soar-academy-ga-30907-fcapi-classicality-abstract.md,soar-academy-ga-30907-fcapi-classicality-audit.md,soar-academy-ga-30907-v*-fcapi-classicality-audit.pdf,,,0,0,0,0,2209,569
Acct2312,Sacred Heart Academy,,,sacred-heart-academy-mi-49504,,+1 616 459 0948,,https://shgr.org/,1200 Dayton St. Sw,,Grand Rapids,Kent County,MI,49504,US,42.96091350,-85.69773470,classical,sacred-heart-academy-mi-49504-fcapi-classicality-abstract.md,sacred-heart-academy-mi-49504-fcapi-classicality-audit.md,sacred-heart-academy-mi-49504-v*-fcapi-classicality-audit.pdf,elementary-intermediate-secondary,Private School,Private,0,,,,,,,,,,,,,,,,,,,,,,,,,,,,,,0,,0,0,0,0,0,0,0,sacred-heart-academy-mi-49504-fcapi-classicality-abstract.md,sacred-heart-academy-mi-49504-fcapi-classicality-audit.md,sacred-heart-academy-mi-49504-v*-fcapi-classicality-audit.pdf,,,0,0,0,0,2084,2706
Acct2326,Sager Classical Academy,,,sager-classical-academy-ar-72761,carrie.eben@sageracademy.com,+1 918 289 5981,,https://sageracademy.com/,101 S Prospect St,,Siloam Springs,Benton County,AR,72761,US,36.18068760,-94.52748470,classical,sager-classical-academy-ar-72761-fcapi-classicality-abstract.md,sager-classical-academy-ar-72761-fcapi-classicality-audit.md,sager-classical-academy-ar-72761-v*-fcapi-classicality-audit.pdf,elementary-intermediate-secondary,Private School,Private,0,,,,,,,,,,,,,,,,,,,,,,,,,,,,,,0,,0,0,0,0,0,0,0,sager-classical-academy-ar-72761-fcapi-classicality-abstract.md,sager-classical-academy-ar-72761-fcapi-classicality-audit.md,sager-classical-academy-ar-72761-v*-fcapi-classicality-audit.pdf,,,0,0,0,0,2096,2731
Acct2328,Saint Abraham's Classical Christian Academy,,,saint-abrahams-classical-christian-academy-ca-95003,office@stabrahams.com,+1 831 239 4657,,https://stabrahams.com/,1940 Bonita Dr.,,Aptos,Santa Cruz County,CA,95003,US,36.95815720,-121.86458680,classical,saint-abrahams-classical-christian-academy-ca-95003-fcapi-classicality-abstract.md,saint-abrahams-classical-christian-academy-ca-95003-fcapi-classicality-audit.md,saint-abrahams-classical-christian-academy-ca-95003-v*-fcapi-classicality-audit.pdf,elementary-intermediate-secondary,Private School,Private,0,,,,,,,,,,,,,,,,,,,,,,,,,,,,,,0,,0,0,0,0,0,0,0,saint-abrahams-classical-christian-academy-ca-95003-fcapi-classicality-abstract.md,saint-abrahams-classical-christian-academy-ca-95003-fcapi-classicality-audit.md,saint-abrahams-classical-christian-academy-ca-95003-v*-fcapi-classicality-audit.pdf,,,0,0,0,0,2098,2622
Acct2331,Saint Andrew Catholic School,,,saint-andrew-catholic-school-tx-76109,Paul.Vanasse@standrewsch.org,+1 817 924 8917,,https://standrewsch.org/,3304 Dr.yden Rd.,,Fort Worth,Tarrant County,TX,76109,US,32.69494950,-97.36325650,classical,saint-andrew-catholic-school-tx-76109-fcapi-classicality-abstract.md,saint-andrew-catholic-school-tx-76109-fcapi-classicality-audit.md,saint-andrew-catholic-school-tx-76109-v*-fcapi-classicality-audit.pdf,elementary-intermediate,Private School,Private,0,,,,,,,,,,,,,,,,,,,,,,,,,,,,,,0,,0,0,0,0,0,0,0,saint-andrew-catholic-school-tx-76109-fcapi-classicality-abstract.md,saint-andrew-catholic-school-tx-76109-fcapi-classicality-audit.md,saint-andrew-catholic-school-tx-76109-v*-fcapi-classicality-audit.pdf,,,0,0,0,0,2101,2636
Acct2334,Saint Augustine School,,,saint-augustine-school-ms-39157,office@augustinems.com,+1 601 953 9230,,https://augustinems.com/,1202 Highland Colony Parkway,,Ridgeland,Madison County,MS,39157,US,43.20833950,-88.28205860,classical,saint-augustine-school-ms-39157-fcapi-classicality-abstract.md,saint-augustine-school-ms-39157-fcapi-classicality-audit.md,saint-augustine-school-ms-39157-v*-fcapi-classicality-audit.pdf,elementary-intermediate-secondary,Private School,Private,0,2014,,,,,,,,,,,,,,,,,,,,,,,,,,,,,0,,0,0,0,0,0,0,0,saint-augustine-school-ms-39157-fcapi-classicality-abstract.md,saint-augustine-school-ms-39157-fcapi-classicality-audit.md,saint-augustine-school-ms-39157-v*-fcapi-classicality-audit.pdf,,,0,0,0,0,2104,2575
,Saint Benedict Catholic School,,,saint-benedict-catholic-school-va-23221,,+1 804 254 8850,,http://saintbenedictschool.org,3100 Grove Avenue,,Richmond,,VA,23221,US,37.55671850,-77.47821060,classical,saint-benedict-catholic-school-va-23221-fcapi-classicality-abstract.md,saint-benedict-catholic-school-va-23221-fcapi-classicality-audit.md,saint-benedict-catholic-school-va-23221-v*-fcapi-classicality-audit.pdf,elementary-intermediate-secondary,,,0,,,,,,,,,,,,,,,,,,,,,,,,,,,,,,0,,0,0,0,0,0,0,0,saint-benedict-catholic-school-va-23221-fcapi-classicality-abstract.md,saint-benedict-catholic-school-va-23221-fcapi-classicality-audit.md,saint-benedict-catholic-school-va-23221-v*-fcapi-classicality-audit.pdf,,,0,0,0,0,2275,
Acct2341,Saint Constantine School,,,saint-constantine-school-tx-77036,info@saintconstantine.org,+1 832 774 1944,,https://saintconstantine.org/,6000 Dale Carnegie Ln.,,Houston,Harris County,TX,77036,US,29.71501290,-95.50711600,classical,saint-constantine-school-tx-77036-fcapi-classicality-abstract.md,saint-constantine-school-tx-77036-fcapi-classicality-audit.md,saint-constantine-school-tx-77036-v*-fcapi-classicality-audit.pdf,elementary-intermediate-secondary,,,0,,,,,,,,,,,,,,,,,,,,,,,,,,,,,,0,,0,0,0,0,0,0,0,saint-constantine-school-tx-77036-fcapi-classicality-abstract.md,saint-constantine-school-tx-77036-fcapi-classicality-audit.md,saint-constantine-school-tx-77036-v*-fcapi-classicality-audit.pdf,,,0,0,0,0,2110,
Acct2351,Saint John Bosco Academy,,,saint-john-bosco-academy-ga-30040,,+1 404 915 0119,,https://www.sjbacademy.org/,4708 Shiloh Road,,Cumming,Forsyth County,GA,30040,US,34.14309810,-84.20427490,classical,saint-john-bosco-academy-ga-30040-fcapi-classicality-abstract.md,saint-john-bosco-academy-ga-30040-fcapi-classicality-audit.md,saint-john-bosco-academy-ga-30040-v*-fcapi-classicality-audit.pdf,elementary-intermediate-secondary,Private School,Private,0,,,,,,,,,,,,,,,,,,,,,,,,,,,,,,0,,0,0,0,0,0,0,0,saint-john-bosco-academy-ga-30040-fcapi-classicality-abstract.md,saint-john-bosco-academy-ga-30040-fcapi-classicality-audit.md,saint-john-bosco-academy-ga-30040-v*-fcapi-classicality-audit.pdf,,,0,0,0,0,2120,552
Acct2355,Saint John Paul the Great Catholic High School,,,saint-john-paul-great-catholic-high-school-co-80210,,+1 720 881 0395,,https://www.jpthegreatdenver.org/,2330 S. Sherman St.,,Denver,Denver County,CO,80210,US,39.67416180,-104.98443090,classical,saint-john-paul-great-catholic-high-school-co-80210-fcapi-classicality-abstract.md,saint-john-paul-great-catholic-high-school-co-80210-fcapi-classicality-audit.md,saint-john-paul-great-catholic-high-school-co-80210-v*-fcapi-classicality-audit.pdf,elementary-intermediate-secondary,Private School,Private,0,,,,,,,,,,,,,,,,,,,,,,,,,,,,,,0,,0,0,0,0,0,0,0,saint-john-paul-great-catholic-high-school-co-80210-fcapi-classicality-abstract.md,saint-john-paul-great-catholic-high-school-co-80210-fcapi-classicality-audit.md,saint-john-paul-great-catholic-high-school-co-80210-v*-fcapi-classicality-audit.pdf,,,0,0,0,0,2123,718
Acct2362,Saint Mary School,,,saint-mary-school-nj-07748,,+1 732 671 0129,,https://stmaryes.org/,538 Church Street,,Middletown,Monmouth County,NJ,7748,US,40.41384100,-74.10186410,classical,saint-mary-school-nj-07748-fcapi-classicality-abstract.md,saint-mary-school-nj-07748-fcapi-classicality-audit.md,saint-mary-school-nj-07748-v*-fcapi-classicality-audit.pdf,elementary-intermediate,Private School,Private School,0,,,,,,,,,,,,,,,,,,,,,,,,,,,,,,0,,0,0,0,0,0,0,0,saint-mary-school-nj-07748-fcapi-classicality-abstract.md,saint-mary-school-nj-07748-fcapi-classicality-audit.md,saint-mary-school-nj-07748-v*-fcapi-classicality-audit.pdf,,,0,0,0,0,2130,477
Acct2706,Saint Paul's Classical School,,,saint-pauls-classical-school-fl-32940,office@saintpaulsmelbourne.org,+1 321 775 3339,,https://saintpaulsmelbourne.org/,7200 N Wickham Rd.,,Melbourne,Brevard County,FL,32940,US,28.23077950,-80.68183820,classical,saint-pauls-classical-school-fl-32940-fcapi-classicality-abstract.md,saint-pauls-classical-school-fl-32940-fcapi-classicality-audit.md,saint-pauls-classical-school-fl-32940-v*-fcapi-classicality-audit.pdf,elementary-intermediate-secondary,Private School,Private,0,,,,,,,,,,,,,,,,,,,,,,,,,,,,,,0,,0,0,0,0,0,0,0,saint-pauls-classical-school-fl-32940-fcapi-classicality-abstract.md,saint-pauls-classical-school-fl-32940-fcapi-classicality-audit.md,saint-pauls-classical-school-fl-32940-v*-fcapi-classicality-audit.pdf,,,0,0,0,0,2439,2202
Acct2369,Saint Raphael Catholic School,,,saint-raphael-catholic-school-mn-55428,,+1 763 504 9450,,https://school.saintraphaelcrystal.org/,7301 Bass Lake Rd.,,Crystal,Hennepin County,MN,55428,US,35.86029480,-78.61996900,classical,saint-raphael-catholic-school-mn-55428-fcapi-classicality-abstract.md,saint-raphael-catholic-school-mn-55428-fcapi-classicality-audit.md,saint-raphael-catholic-school-mn-55428-v*-fcapi-classicality-audit.pdf,elementary-intermediate,Private School,Private,0,,,,,,,,,,,,,,,,,,,,,,,,,,,,,,0,,0,0,0,0,0,0,0,saint-raphael-catholic-school-mn-55428-fcapi-classicality-abstract.md,saint-raphael-catholic-school-mn-55428-fcapi-classicality-audit.md,saint-raphael-catholic-school-mn-55428-v*-fcapi-classicality-audit.pdf,,,0,0,0,0,2136,492
Acct2373,Saint Rita Catholic School,,,saint-rita-catholic-school-va-22305,jcunningham@saintrita-school.org,+1 703 548 1888,,https://saintrita-school.org/,3801 Russell Rd.,,Alexandria,Tarrant County,VA,22305,US,32.73688680,-97.23457500,classical,saint-rita-catholic-school-va-22305-fcapi-classicality-abstract.md,saint-rita-catholic-school-va-22305-fcapi-classicality-audit.md,saint-rita-catholic-school-va-22305-v*-fcapi-classicality-audit.pdf,elementary-intermediate,Private School,Private,0,,,,,,,,,,,,,,,,,,,,,,,,,,,,,,0,,0,0,0,0,0,0,0,saint-rita-catholic-school-va-22305-fcapi-classicality-abstract.md,saint-rita-catholic-school-va-22305-fcapi-classicality-audit.md,saint-rita-catholic-school-va-22305-v*-fcapi-classicality-audit.pdf,,,0,0,0,0,2140,2679
Acct2374,Saint Sophia Classical,,,saint-sophia-classical-ok-73072,,+1 405 701 6887,,https://saintsophiaclassical.com/,4600 36th Avenue Northwest,,Norman,Cleveland County,OK,73072,US,35.27402070,-97.49607750,classical,saint-sophia-classical-ok-73072-fcapi-classicality-abstract.md,saint-sophia-classical-ok-73072-fcapi-classicality-audit.md,saint-sophia-classical-ok-73072-v*-fcapi-classicality-audit.pdf,elementary-intermediate,Private School,Private,0,,,,,,,,,,,,,,,,,,,,,,,,,,,,,,0,,0,0,0,0,0,0,0,saint-sophia-classical-ok-73072-fcapi-classicality-abstract.md,saint-sophia-classical-ok-73072-fcapi-classicality-audit.md,saint-sophia-classical-ok-73072-v*-fcapi-classicality-audit.pdf,,,0,0,0,0,2141,689
Acct2376,Saint Theresa Catholic School,,,saint-theresa-catholic-school-tx-77498,,+1 281 494 1157,,https://sttheresacatholicschool.org/,705 St. Theresa Blvd.,,Sugar Land,Fort Bend County,TX,77498,US,29.62881790,-95.63212660,classical,saint-theresa-catholic-school-tx-77498-fcapi-classicality-abstract.md,saint-theresa-catholic-school-tx-77498-fcapi-classicality-audit.md,saint-theresa-catholic-school-tx-77498-v*-fcapi-classicality-audit.pdf,elementary-intermediate,Private School,Private,0,,,,,,,,,,,,,,,,,,,,,,,,,,,,,,0,,0,0,0,0,0,0,0,saint-theresa-catholic-school-tx-77498-fcapi-classicality-abstract.md,saint-theresa-catholic-school-tx-77498-fcapi-classicality-audit.md,saint-theresa-catholic-school-tx-77498-v*-fcapi-classicality-audit.pdf,,,0,0,0,0,2143,1770
Acct2382,Samuel Fuller School,,,samuel-fuller-school-ma-02346,info@samuelfullerschool.org,+1 508 947 3217,,https://samuelfullerschool.org/,6 Plympton St #1602,,Middleborough,Plymouth County,MA,2346,US,41.90872540,-70.88482740,classical,samuel-fuller-school-ma-02346-fcapi-classicality-abstract.md,samuel-fuller-school-ma-02346-fcapi-classicality-audit.md,samuel-fuller-school-ma-02346-v*-fcapi-classicality-audit.pdf,elementary-intermediate-secondary,Private School,Private,0,2007,,,,,,,,,,,,,,,,,,,,,,,,,,,,,0,,0,0,0,0,0,0,0,samuel-fuller-school-ma-02346-fcapi-classicality-abstract.md,samuel-fuller-school-ma-02346-fcapi-classicality-audit.md,samuel-fuller-school-ma-02346-v*-fcapi-classicality-audit.pdf,,,0,0,0,0,2149,1913
Acct2387,San Luis Obispo Classical Academy,,,san-luis-obispo-classical-academy-ca-93405,,+1 916 580 9348,,https://sloclassical.org/,165 Grand Avenue,,San Luis Obispo,San Luis Obispo County,CA,93405,US,35.29537990,-120.65365610,classical,san-luis-obispo-classical-academy-ca-93405-fcapi-classicality-abstract.md,san-luis-obispo-classical-academy-ca-93405-fcapi-classicality-audit.md,san-luis-obispo-classical-academy-ca-93405-v*-fcapi-classicality-audit.pdf,elementary-intermediate-secondary,Private School,Private,0,,,,,,,,,,,,,,,,,,,,,,,,,,,,,,0,,0,0,0,0,0,0,0,san-luis-obispo-classical-academy-ca-93405-fcapi-classicality-abstract.md,san-luis-obispo-classical-academy-ca-93405-fcapi-classicality-audit.md,san-luis-obispo-classical-academy-ca-93405-v*-fcapi-classicality-audit.pdf,,,0,0,0,0,2153,2411
Acct2388,San Marcos Academy,,,san-marcos-academy-tx-78666,,+1 512 753 8040,,https://www.smabears.org/,2801 Ranch Rd. 12,,San Marcos,Hays County,TX,78666,US,29.90335760,-97.99158760,classical,san-marcos-academy-tx-78666-fcapi-classicality-abstract.md,san-marcos-academy-tx-78666-fcapi-classicality-audit.md,san-marcos-academy-tx-78666-v*-fcapi-classicality-audit.pdf,elementary-intermediate-secondary,Private School,Private,0,,,,,,,,,,,,,,,,,,,,,,,,,,,,,,0,,0,0,0,0,0,0,0,san-marcos-academy-tx-78666-fcapi-classicality-abstract.md,san-marcos-academy-tx-78666-fcapi-classicality-audit.md,san-marcos-academy-tx-78666-v*-fcapi-classicality-audit.pdf,,,0,0,0,0,2154,2095
Acct2394,Sardis Classical Christian Community,,,sardis-classical-christian-community-ga-30622,admin@sardisccc.org,+1 706 410 3366,,https://www.sardisccc.org/,2150 Lexington Road,,Bogart,Oconee County,GA,30622,US,33.94928100,-83.53460800,classical,sardis-classical-christian-community-ga-30622-fcapi-classicality-abstract.md,sardis-classical-christian-community-ga-30622-fcapi-classicality-audit.md,sardis-classical-christian-community-ga-30622-v*-fcapi-classicality-audit.pdf,elementary-intermediate-secondary,Private School,Private,0,2022,,,,,,,,,,,,,,,,,,,,,,,,,,,,,0,,0,0,0,0,0,0,0,sardis-classical-christian-community-ga-30622-fcapi-classicality-abstract.md,sardis-classical-christian-community-ga-30622-fcapi-classicality-audit.md,sardis-classical-christian-community-ga-30622-v*-fcapi-classicality-audit.pdf,,,0,0,0,0,2160,1217
Acct2398,Schaeffer Academy,,,schaeffer-academy-mn-55902,info@schaefferacademy.org,+1 507 286 1050,,https://www.schaefferacademy.org/,2700 Schaeffer Lane NE,,Rochester,Olmsted County,MN,55902,US,44.05215940,-92.41531320,classical,schaeffer-academy-mn-55902-fcapi-classicality-abstract.md,schaeffer-academy-mn-55902-fcapi-classicality-audit.md,schaeffer-academy-mn-55902-v*-fcapi-classicality-audit.pdf,elementary-intermediate-secondary,Private School,Private,0,1993,,,,,,,,,,,,,,,,,,,,,,,,,,,,,0,,0,0,0,0,0,0,0,schaeffer-academy-mn-55902-fcapi-classicality-abstract.md,schaeffer-academy-mn-55902-fcapi-classicality-audit.md,schaeffer-academy-mn-55902-v*-fcapi-classicality-audit.pdf,,,0,0,0,0,2164,2057
Acct2412,Seacoast Classical Academy,,,seacoast-classical-academy-nh-03833,,+1 603 303 3111,,https://seacoastclassical.org/,53 Carlton E Sockwell Way,,Exeter,Rockingham County,NH,3833,US,42.86312730,-71.06648880,classical,seacoast-classical-academy-nh-03833-fcapi-classicality-abstract.md,seacoast-classical-academy-nh-03833-fcapi-classicality-audit.md,seacoast-classical-academy-nh-03833-v*-fcapi-classicality-audit.pdf,elementary-intermediate,Charter,Public,0,,,,,,,,,,,,,,,,,,,,,,,,,,,,,,0,,0,0,0,0,0,0,0,seacoast-classical-academy-nh-03833-fcapi-classicality-abstract.md,seacoast-classical-academy-nh-03833-fcapi-classicality-audit.md,seacoast-classical-academy-nh-03833-v*-fcapi-classicality-audit.pdf,,,0,0,0,0,2175,534
Acct2415,Second Baptist School,,,second-baptist-school-tx-77057,,+1 713 365 2310,,https://www.secondbaptistschool.org/,6410 Woodway Drive,,Houston,Harris County,TX,77057,US,29.75837880,-95.49876650,classical,second-baptist-school-tx-77057-fcapi-classicality-abstract.md,second-baptist-school-tx-77057-fcapi-classicality-audit.md,second-baptist-school-tx-77057-v*-fcapi-classicality-audit.pdf,elementary-intermediate-secondary,Private School,Private,0,,,,,,,,,,,,,,,,,,,,,,,,,,,,,,0,,0,0,0,0,0,0,0,second-baptist-school-tx-77057-fcapi-classicality-abstract.md,second-baptist-school-tx-77057-fcapi-classicality-audit.md,second-baptist-school-tx-77057-v*-fcapi-classicality-audit.pdf,,,0,0,0,0,2178,9
Acct0813,Second Baptist School University Model North,,,second-baptist-school-university-model-north-tx-77339,,+1 281 359 1090,,https://www.sbsum-north.org/,1711 Hamblen Rd.,,Kingwood,Harris County,TX,77339,US,35.20647110,-79.39265140,classical,second-baptist-school-university-model-north-tx-77339-fcapi-classicality-abstract.md,second-baptist-school-university-model-north-tx-77339-fcapi-classicality-audit.md,second-baptist-school-university-model-north-tx-77339-v*-fcapi-classicality-audit.pdf,elementary-intermediate-secondary,Private School,Private,0,,,,,,,,,,,,,,,,,,,,,,,,,,,,,,0,,0,0,0,0,0,0,0,second-baptist-school-university-model-north-tx-77339-fcapi-classicality-abstract.md,second-baptist-school-university-model-north-tx-77339-fcapi-classicality-audit.md,second-baptist-school-university-model-north-tx-77339-v*-fcapi-classicality-audit.pdf,,,0,0,0,0,873,2618
Acct2422,Sequitur Classical Academy,,,sequitur-classical-academy-la-70808,sequitur@sequiturbr.com,+1 225 242 9737,,https://www.sequiturbr.com/,2037 Quail Drive,,Baton Rouge,East Baton Rouge Parish,LA,70808,US,30.39747870,-91.13034310,classical,sequitur-classical-academy-la-70808-fcapi-classicality-abstract.md,sequitur-classical-academy-la-70808-fcapi-classicality-audit.md,sequitur-classical-academy-la-70808-v*-fcapi-classicality-audit.pdf,elementary-intermediate-secondary,Private School,Private,0,2012,,,,,,,,,,,,,,,,,,,,,,,,,,,,,0,,0,0,0,0,0,0,0,sequitur-classical-academy-la-70808-fcapi-classicality-abstract.md,sequitur-classical-academy-la-70808-fcapi-classicality-audit.md,sequitur-classical-academy-la-70808-v*-fcapi-classicality-audit.pdf,,,0,0,0,0,2185,1067
Acct2426,Seton-La Salle Catholic High School,,,seton-la-salle-catholic-high-school-pa-15226,,+1 412 225 0440,,https://www.slshs.org/,1000 McNeilly Road,,Pittsburgh,Allegheny County,PA,15226,US,40.38744570,-80.02677520,classical,seton-la-salle-catholic-high-school-pa-15226-fcapi-classicality-abstract.md,seton-la-salle-catholic-high-school-pa-15226-fcapi-classicality-audit.md,seton-la-salle-catholic-high-school-pa-15226-v*-fcapi-classicality-audit.pdf,secondary,Private School,Private,0,,,,,,,,,,,,,,,,,,,,,,,,,,,,,,0,,0,0,0,0,0,0,0,seton-la-salle-catholic-high-school-pa-15226-fcapi-classicality-abstract.md,seton-la-salle-catholic-high-school-pa-15226-fcapi-classicality-audit.md,seton-la-salle-catholic-high-school-pa-15226-v*-fcapi-classicality-audit.pdf,,,0,0,0,0,2189,1220
Acct2435,Sheridan Hills Christian School,,,sheridan-hills-christian-school-fl-33021,admissions@shcssharks.com,+1 954 966 7995,,https://shcssharks.com/,3751 Sheridan St.,,Hollywood,Broward County,FL,33021,US,26.03340530,-80.18064880,classical,sheridan-hills-christian-school-fl-33021-fcapi-classicality-abstract.md,sheridan-hills-christian-school-fl-33021-fcapi-classicality-audit.md,sheridan-hills-christian-school-fl-33021-v*-fcapi-classicality-audit.pdf,elementary-intermediate-secondary,Private School,Private,0,1966,,,,,,,,,,,,,,,,,,,,,,,,,,,,,0,,0,0,0,0,0,0,0,sheridan-hills-christian-school-fl-33021-fcapi-classicality-abstract.md,sheridan-hills-christian-school-fl-33021-fcapi-classicality-audit.md,sheridan-hills-christian-school-fl-33021-v*-fcapi-classicality-audit.pdf,,,0,0,0,0,2197,1940
Acct2437,Shiloh Christian Academy,,,shiloh-christian-academy-ok-73065,info@shilohca.org,+1 405 387 2387,,https://www.shilohca.org/,313 S Highway 76 73065,,Newcastle,McClain County,OK,73065,US,35.24418250,-97.65438840,classical,shiloh-christian-academy-ok-73065-fcapi-classicality-abstract.md,shiloh-christian-academy-ok-73065-fcapi-classicality-audit.md,shiloh-christian-academy-ok-73065-v*-fcapi-classicality-audit.pdf,elementary-intermediate,Private School,Private,0,2018,,,,,,,,,,,,,,,,,,,,,,,,,,,,,0,,0,0,0,0,0,0,0,shiloh-christian-academy-ok-73065-fcapi-classicality-abstract.md,shiloh-christian-academy-ok-73065-fcapi-classicality-audit.md,shiloh-christian-academy-ok-73065-v*-fcapi-classicality-audit.pdf,,,0,0,0,0,2199,1054
Acct2449,Smith Preparatory Academy,,,smith-preparatory-academy-fl-32752,office@smithprep.com,+1 407 260 0157,,https://www.smithprep.com/,PO Box 521522,,Casselberry,Seminole County,FL,32752,US,28.66801750,-81.33847490,classical,smith-preparatory-academy-fl-32752-fcapi-classicality-abstract.md,smith-preparatory-academy-fl-32752-fcapi-classicality-audit.md,smith-preparatory-academy-fl-32752-v*-fcapi-classicality-audit.pdf,elementary-intermediate-secondary,Private School,Private,0,1995,,,,,,,,,,,,,,,,,,,,,,,,,,,,,0,,0,0,0,0,0,0,0,smith-preparatory-academy-fl-32752-fcapi-classicality-abstract.md,smith-preparatory-academy-fl-32752-fcapi-classicality-audit.md,smith-preparatory-academy-fl-32752-v*-fcapi-classicality-audit.pdf,,,0,0,0,0,2206,1912
Acct2471,Southeast Ohio Classical Academy,,,southeast-ohio-classical-academy-oh-43138,,+1 740 823 7622,,https://www.socacademy.org/,15663 -595,,Logan,Hocking County,OH,43138,US,39.49583730,-82.32912800,classical,southeast-ohio-classical-academy-oh-43138-fcapi-classicality-abstract.md,southeast-ohio-classical-academy-oh-43138-fcapi-classicality-audit.md,southeast-ohio-classical-academy-oh-43138-v*-fcapi-classicality-audit.pdf,elementary-intermediate,Charter,Public,0,,,,,,,,,,,,,,,,,,,,,,,,,,,,,,0,,0,0,0,0,0,0,0,southeast-ohio-classical-academy-oh-43138-fcapi-classicality-abstract.md,southeast-ohio-classical-academy-oh-43138-fcapi-classicality-audit.md,southeast-ohio-classical-academy-oh-43138-v*-fcapi-classicality-audit.pdf,,,0,0,0,0,2225,433
Acct2485,Spokane Classical Christian School,,,spokane-classical-christian-school-wa-99214,spokaneclassical@gmail.com,+1 509 325 2252,,https://www.spokaneclassical.com/,2000 N Standard St.,,Spokane,Spokane County,WA,99214,US,47.67588070,-117.40030490,classical,spokane-classical-christian-school-wa-99214-fcapi-classicality-abstract.md,spokane-classical-christian-school-wa-99214-fcapi-classicality-audit.md,spokane-classical-christian-school-wa-99214-v*-fcapi-classicality-audit.pdf,elementary-intermediate-secondary,Private School,Private,0,2015,,,,,,,,,,,,,,,,,,,,,,,,,,,,,0,,0,0,0,0,0,0,0,spokane-classical-christian-school-wa-99214-fcapi-classicality-abstract.md,spokane-classical-christian-school-wa-99214-fcapi-classicality-audit.md,spokane-classical-christian-school-wa-99214-v*-fcapi-classicality-audit.pdf,,,0,0,0,0,2240,1489
Acct2498,St. Agnes School,,,st-agnes-school-mn-55103,,+1 651 964 5597,,https://www.saintagnesschool.org/,530 Lafond Avenue,,St Paul,Ramsey County,MN,55103,US,44.95996170,-93.12230680,classical,st-agnes-school-mn-55103-fcapi-classicality-abstract.md,st-agnes-school-mn-55103-fcapi-classicality-audit.md,st-agnes-school-mn-55103-v*-fcapi-classicality-audit.pdf,elementary-intermediate-secondary,Private School,Private,0,,,,,,,,,,,,,,,,,,,,,,,,,,,,,,0,,0,0,0,0,0,0,0,st-agnes-school-mn-55103-fcapi-classicality-abstract.md,st-agnes-school-mn-55103-fcapi-classicality-audit.md,st-agnes-school-mn-55103-v*-fcapi-classicality-audit.pdf,,,0,0,0,0,2252,2140
Acct2500,St. Ambrose Academy,,,st-ambrose-academy-wi-53719,,+1 608 827 5863,,https://ambroseacademy.org/,3 Point Place Ste. 150,,Madison,Dane County,WI,53719,US,43.05148830,-89.52219310,classical,st-ambrose-academy-wi-53719-fcapi-classicality-abstract.md,st-ambrose-academy-wi-53719-fcapi-classicality-audit.md,st-ambrose-academy-wi-53719-v*-fcapi-classicality-audit.pdf,intermediate-secondary,Private School,Private,0,,,,,,,,,,,,,,,,,,,,,,,,,,,,,,0,,0,0,0,0,0,0,0,st-ambrose-academy-wi-53719-fcapi-classicality-abstract.md,st-ambrose-academy-wi-53719-fcapi-classicality-audit.md,st-ambrose-academy-wi-53719-v*-fcapi-classicality-audit.pdf,,,0,0,0,0,2254,1796
Net2455,St. John Bosco Schools,,,st-john-bosco-schools-ny-14445,,+1 585 771 0081,,https://www.johnboscoschools.com/,501 Garfield St.,,East Rochester,Monroe County,NY,14445,US,43.11172890,-77.48955810,classical,st-john-bosco-schools-ny-14445-fcapi-classicality-abstract.md,st-john-bosco-schools-ny-14445-fcapi-classicality-audit.md,st-john-bosco-schools-ny-14445-v*-fcapi-classicality-audit.pdf,elementary-intermediate,Private School,Private,0,,,,,,,,,,,,,,,,,,,,,,,,,,,,,,0,,0,0,0,0,0,0,0,st-john-bosco-schools-ny-14445-fcapi-classicality-abstract.md,st-john-bosco-schools-ny-14445-fcapi-classicality-audit.md,st-john-bosco-schools-ny-14445-v*-fcapi-classicality-audit.pdf,,,0,0,0,0,2329,2182
Acct2595,St. John Paul II Classical School,,,st-john-paul-ii-classical-school-wi-54304,,+1 920 617 9542,,https://sjpclassicalschoolgreenbay.org/,320 Victoria St.,,Green Bay,Brown County,WI,54304,US,44.49887380,-87.98339600,classical,st-john-paul-ii-classical-school-wi-54304-fcapi-classicality-abstract.md,st-john-paul-ii-classical-school-wi-54304-fcapi-classicality-audit.md,st-john-paul-ii-classical-school-wi-54304-v*-fcapi-classicality-audit.pdf,elementary-intermediate-secondary,Private School,Private,0,,,,,,,,,,,,,,,,,,,,,,,,,,,,,,0,,0,0,0,0,0,0,0,st-john-paul-ii-classical-school-wi-54304-fcapi-classicality-abstract.md,st-john-paul-ii-classical-school-wi-54304-fcapi-classicality-audit.md,st-john-paul-ii-classical-school-wi-54304-v*-fcapi-classicality-audit.pdf,,,0,0,0,0,97,1486
,St. Philip’s Academy,,,st-philips-academy-sc-29401,,,,http://www.stphilipschurchsc.org/st-philips-academy,142 Church St.,,Charleston,,SC,29401,US,32.77900930,-79.92925230,classical,st-philips-academy-sc-29401-fcapi-classicality-abstract.md,st-philips-academy-sc-29401-fcapi-classicality-audit.md,st-philips-academy-sc-29401-v*-fcapi-classicality-audit.pdf,elementary-intermediate-secondary,,,0,,,,,,,,,,,,,,,,,,,,,,,,,,,,,,0,,0,0,0,0,0,0,0,st-philips-academy-sc-29401-fcapi-classicality-abstract.md,st-philips-academy-sc-29401-fcapi-classicality-audit.md,st-philips-academy-sc-29401-v*-fcapi-classicality-audit.pdf,,,0,0,0,0,5194,
Parent23692,Summit Christian Academies,,,summit-christian-academies-va-23692,upper@scaschools.org,+1 757 599 9424,,https://scaschools.org/,5440 George Washington Memorial Hwy,,Yorktown,,VA,23692,US,37.16026560,-76.46173130,classical,summit-christian-academies-va-23692-fcapi-classicality-abstract.md,summit-christian-academies-va-23692-fcapi-classicality-audit.md,summit-christian-academies-va-23692-v*-fcapi-classicality-audit.pdf,elementary-intermediate-secondary,,,0,,,,,,,,,,,,,,,,,,,,,,,,,,,,,,0,,0,0,0,0,0,0,0,summit-christian-academies-va-23692-fcapi-classicality-abstract.md,summit-christian-academies-va-23692-fcapi-classicality-audit.md,summit-christian-academies-va-23692-v*-fcapi-classicality-audit.pdf,,,0,0,0,0,237,
,Sycamore Christian Academy,,,sycamore-christian-academy-oh-45013,brad.tamplin@sycamorechristian.org,+1 513 470 2132,,https://sycamorechristian.org,66 McKinley Ave.,,Hamilton,,OH,45013,US,39.41574370,-84.58209990,classical,sycamore-christian-academy-oh-45013-fcapi-classicality-abstract.md,sycamore-christian-academy-oh-45013-fcapi-classicality-audit.md,sycamore-christian-academy-oh-45013-v*-fcapi-classicality-audit.pdf,elementary-intermediate-secondary,,,0,2025,,,,,,,,,,,,,,,,,,,,,,,,,,,,,0,,0,0,0,0,0,0,0,sycamore-christian-academy-oh-45013-fcapi-classicality-abstract.md,sycamore-christian-academy-oh-45013-fcapi-classicality-audit.md,sycamore-christian-academy-oh-45013-v*-fcapi-classicality-audit.pdf,,,0,0,0,0,3264,
Acct2839,Thales Academy Raleigh,,,thales-academy-raleigh-nc-27616,,,,https://www.thalesacademy.org/,8151 Town Dr.,,Raleigh,,NC,27616,US,35.87744090,-78.55472830,classical,thales-academy-raleigh-nc-27616-fcapi-classicality-abstract.md,thales-academy-raleigh-nc-27616-fcapi-classicality-audit.md,thales-academy-raleigh-nc-27616-v*-fcapi-classicality-audit.pdf,elementary-intermediate,Private School,Private School,0,,495,,,,,,,,,,,,,,,,,,,,,,,,,,,,1,"""\""\\\""""\\\\\\\""""\""""\\\\\\\\\\\\\\\""""\""""\\\""""\""""\\\\\\\\\\\\\\\\\\\\\\\\\\\\\\\""""\""""\\\""""\""""\\\\\\\""""\""""\\\""""\""""\\\\\\\\\\\\\\\\\\\\\\\\\\\\\\\\\\\\\\\\\\\\\\\\\\\\\\\\\\\\\\\""""\""""\\\""""\""""\\\\\\\""""\""""\\\""""\""""\\\\\\\\\\\\\\\""""\""""\\\""""\""""\\\\\\\""""\""""\\\""""\""""[\\\\\\\\\\\\\\\\\\\\\\\\\\\\\\\\\\\\\\\\\\\\\\\\\\\\\\\\\\\\\\\\\\\\\\\\\\\\\\\\\\\\\\\\\\\\\\\\\\\\\\\\\\\\\\\\\\\\\\\\\\\\\\\""""\""""\\\""""\""""\\\\\\\""""\""""\\\""""\""""\\\\\\\\\\\\\\\""""\""""\\\""""\""""\\\\\\\""""\""""\\\""""\""""\\\\\\\\\\\\\\\\\\\\\\\\\\\\\\\""""\""""\\\""""\""""\\\\\\\""""\""""\\\""""\""""\\\\\\\\\\\\\\\""""\""""\\\""""\""""\\\\\\\""""\""""\\\""""\""""Latin\\\\\\\\\\\\\\\\\\\\\\\\\\\\\\\\\\\\\\\\\\\\\\\\\\\\\\\\\\\\\\\\\\\\\\\\\\\\\\\\\\\\\\\\\\\\\\\\\\\\\\\\\\\\\\\\\\\\\\\\\\\\\\\""""\""""\\\""""\""""\\\\\\\""""\""""\\\""""\""""\\\\\\\\\\\\\\\""""\""""\\\""""\""""\\\\\\\""""\""""\\\""""\""""\\\\\\\\\\\\\\\\\\\\\\\\\\\\\\\""""\""""\\\""""\""""\\\\\\\""""\""""\\\""""\""""\\\\\\\\\\\\\\\""""\""""\\\""""\""""\\\\\\\""""\""""\\\""""\""""\\\\\\\\\\\\\\\\\\\\\\\\\\\\\\\\\\\\\\\\\\\\\\\\\\\\\\\\\\\\\\\""""\""""\\\""""\""""\\\\\\\""""\""""\\\""""\""""\\\\\\\\\\\\\\\""""\""""\\\""""\""""\\\\\\\""""\""""\\\""""\""""\\\\\\\\\\\\\\\\\\\\\\\\\\\\\\\""""\""""\\\""""\""""\\\\\\\""""\""""\\\""""\""""\\\\\\\\\\\\\\\""""\""""\\\""""\""""\\\\\\\""""\""""\\\""""\""""]\\\\\\\\\\\\\\\\\\\\\\\\\\\\\\\\\\\\\\\\\\\\\\\\\\\\\\\\\\\\\\\""""\""""\\\""""\""""\\\\\\\""""\""""\\\""""\""""\\\\\\\\\\\\\\\""""\""""\\\""""\""""\\\\\\\""""\""""\\\""""\""""\\\\\\\\\\\\\\\\\\\\\\\\\\\\\\\""""\""""\\\""""\""""\\\\\\\""""\""""\\\""""\""""\\\\\\\\\\\\\\\""""\""""\\\""""\""""\\\\\\\""""\""""\\\""""\""""\\\\\\\\\\\\\\\\\\\\\\\\\\\\\\\\\\\\\\\\\\\\\\\\\\\\\\\\\\\\\\\""""\""""\\\""""\""""\\\\\\\""""\""""\\\""""\""""\\\\\\\\\\\\\\\""""\""""\\\""""\""""\\\\\\\""""\""""\\\""""\""""\\\\\\\\\\\\\\\\\\\\\\\\\\\\\\\""""\""""\\\""""\""""\\\\\\\""""\""""\\\""""\""""\\\\\\\\\\\\\\\""""\""""\\\""""\""""\\\\\\\""""\""""\\\""""\""""\\\\\\\\\\\\\\\\\\\\\\\\\\\\\\\\\\\\\\\\\\\\\\\\\\\\\\\\\\\\\\\""""\""""\\\""""\""""\\\\\\\""""\""""\\\""""\""""\\\\\\\\\\\\\\\""""\""""\\\""""\""""\\\\\\\""""\""""\\\""""\""""\\\\\\\\\\\\\\\\\\\\\\\\\\\\\\\""""\""""\\\""""\""""\\\\\\\""""\""""\\\""""\""""\\\\\\\\\\\\\\\""""\""""\\\""""\""""\\\\\\\""""\""""\\\""""\""""\\\\\\\\\\\\\\\\\\\\\\\\\\\\\\\""""\""""\\\""""\""""\\\\\\\""""\""""\\\""""\""""\\\\\\\\\\\\\\\""""\""""\\\""""\""""\\\\\\\""""\""""\\\""""\""""\\\\\\\\\\\\\\\\\\\\\\\\\\\\\\\""""\""""\\\""""\""""\\\\\\\""""\""""\\\""""\""""\\\\\\\\\\\\\\\""""\""""\\\""""\""""\\\\\\\""""\""""\\\""""\""""\\\\\\\\\\\\\\\\\\\\\\\\\\\\\\\""""\""""\\\""""\""""\\\\\\\""""\""""\\\""""\""""\\\\\\\\\\\\\\\""""\""""\\\""""\""""\\\\\\\""""\""""\\\""""\""""\\\\\\\\\\\\\\\""""\""""\\\""""\""""\\\\\\\""""\""""\\\""""\""""\\\\\\\\\\\\\\\""""\""""\\\""""\""""\\\\\\\""""\""""\\\""""\""""\\\\\\\\\\\\\\\""""\""""\\\""""\""""\\\\\\\""""\""""\\\""""\""""\\\\\\\""""\""""\\\""""\""""\\\\\\\""""\""""\\\""""\""""\\\\\\\""""\""""\\\""""\""""\\\""""\""""\\\""""\""""\\\""""\""""\""""\""""\""""""""""",1,0,0,1,0,0,1,thales-academy-raleigh-nc-27616-fcapi-classicality-abstract.md,thales-academy-raleigh-nc-27616-fcapi-classicality-audit.md,thales-academy-raleigh-nc-27616-v*-fcapi-classicality-audit.pdf,,,0,0,0,0,240,1323
,The Bridge Christian School,,,bridge-christian-school-va-24579,nbchristianfellowship@gmail.com,+1 540 291 2332,,https://www.thebridgechristianacademy.org/,21 Gilmores Mill Rd,,Natural Bridge,,VA,24579,US,37.62243430,-79.50762940,classical,bridge-christian-school-va-24579-fcapi-classicality-abstract.md,bridge-christian-school-va-24579-fcapi-classicality-audit.md,bridge-christian-school-va-24579-v*-fcapi-classicality-audit.pdf,elementary-intermediate,,,0,2024,,,,,,,,,,,,,,,,,,,,,,,,,,,,,0,,0,0,0,0,0,0,0,bridge-christian-school-va-24579-fcapi-classicality-abstract.md,bridge-christian-school-va-24579-fcapi-classicality-audit.md,bridge-christian-school-va-24579-v*-fcapi-classicality-audit.pdf,,,0,0,0,0,3268,
,The Bridge Christian School,,,bridge-christian-school-wi-54872,,+1 715 566 1230,,https://sirencovenantchurch.com/the-bridge-christian-school/,7686 Lofty Pines Dr,,Siren,,WI,54872,US,45.77917750,-92.37918810,classical,bridge-christian-school-wi-54872-fcapi-classicality-abstract.md,bridge-christian-school-wi-54872-fcapi-classicality-audit.md,bridge-christian-school-wi-54872-v*-fcapi-classicality-audit.pdf,elementary-intermediate-secondary,,,0,,,,,,,,,,,,,,,,,,,,,,,,,,,,,,0,,0,0,0,0,0,0,0,bridge-christian-school-wi-54872-fcapi-classicality-abstract.md,bridge-christian-school-wi-54872-fcapi-classicality-audit.md,bridge-christian-school-wi-54872-v*-fcapi-classicality-audit.pdf,,,0,0,0,0,5351,
Acct0403,The Cambridge School of Dallas,,,cambridge-school-dallas-tx-75229,wmesser@cambridgedallas.org,+1 214 357 2995,,https://cambridgedallas.org/,PO Box 59895-1895,,Dallas,Dallas County,TX,75229,US,32.77666420,-96.79698790,classical,cambridge-school-dallas-tx-75229-fcapi-classicality-abstract.md,cambridge-school-dallas-tx-75229-fcapi-classicality-audit.md,cambridge-school-dallas-tx-75229-v*-fcapi-classicality-audit.pdf,intermediate-secondary,Private School,Private,0,,,,,,,,,,,,,,,,,,,,,,,,,,,,,,0,,0,0,0,0,0,0,0,cambridge-school-dallas-tx-75229-fcapi-classicality-abstract.md,cambridge-school-dallas-tx-75229-fcapi-classicality-audit.md,cambridge-school-dallas-tx-75229-v*-fcapi-classicality-audit.pdf,,,0,0,0,0,581,2177
Acct0630,The City School Fairmount,,,city-school-fairmount-pa-19130,,+1 215 769 5363,,https://cityschool.org/,860 N 24th St,,Philadelphia,Philadelphia County,PA,19130,US,39.97163540,-75.17638770,classical,city-school-fairmount-pa-19130-fcapi-classicality-abstract.md,city-school-fairmount-pa-19130-fcapi-classicality-audit.md,city-school-fairmount-pa-19130-v*-fcapi-classicality-audit.pdf,elementary,Private School,Private,0,,,,,,,,,,,,,,,,,,,,,,,,,,,,,,0,,0,0,0,0,0,0,0,city-school-fairmount-pa-19130-fcapi-classicality-abstract.md,city-school-fairmount-pa-19130-fcapi-classicality-audit.md,city-school-fairmount-pa-19130-v*-fcapi-classicality-audit.pdf,,,0,0,0,0,722,1992
Acct0630,The City School Poplar,,,city-school-poplar-pa-19123,,+1 215 731 1930,,https://cityschool.org/,910 N 6th St,,Philadelphia,Philadelphia County,PA,19123,US,39.96827940,-75.14742380,classical,city-school-poplar-pa-19123-fcapi-classicality-abstract.md,city-school-poplar-pa-19123-fcapi-classicality-audit.md,city-school-poplar-pa-19123-v*-fcapi-classicality-audit.pdf,intermediate-secondary,Private School,Private,0,,,,,,,,,,,,,,,,,,,,,,,,,,,,,,0,,0,0,0,0,0,0,0,city-school-poplar-pa-19123-fcapi-classicality-abstract.md,city-school-poplar-pa-19123-fcapi-classicality-audit.md,city-school-poplar-pa-19123-v*-fcapi-classicality-audit.pdf,,,0,0,0,0,5385,1992
Acct0638,The Classical Academy,,,classical-academy-ca-92025,info@classicalacademy.com,+1 760 546 0101,,https://www.classicalacademy.com/locations/the-classical-academy,2950 S. Bear Valley Pkwy.,,Escondido,San Diego County,CA,92025,US,33.08399500,-117.05544220,classical,classical-academy-ca-92025-fcapi-classicality-abstract.md,classical-academy-ca-92025-fcapi-classicality-audit.md,classical-academy-ca-92025-v*-fcapi-classicality-audit.pdf,elementary-intermediate-secondary,,,0,2018,,,,,,,,,,,,,,,,,,,,,,,,,,,,,0,,0,0,0,0,0,0,0,classical-academy-ca-92025-fcapi-classicality-abstract.md,classical-academy-ca-92025-fcapi-classicality-audit.md,classical-academy-ca-92025-v*-fcapi-classicality-audit.pdf,,,0,0,0,0,109,1594
,The Covenant School,,,covenant-school-ca-22902,,+1 434 220 7302,,http://covenantschool.org,175 Hickory Street,,Charlottesville,,CA,22902,US,38.00153800,-78.51890570,classical,covenant-school-ca-22902-fcapi-classicality-abstract.md,covenant-school-ca-22902-fcapi-classicality-audit.md,covenant-school-ca-22902-v*-fcapi-classicality-audit.pdf,elementary-intermediate-secondary,,,0,,,,,,,,,,,,,,,,,,,,,,,,,,,,,,0,,0,0,0,0,0,0,0,covenant-school-ca-22902-fcapi-classicality-abstract.md,covenant-school-ca-22902-fcapi-classicality-audit.md,covenant-school-ca-22902-v*-fcapi-classicality-audit.pdf,,,0,0,0,0,5166,
Acct1096,The Geneva School,,,geneva-school-fl-32707,lmmeyer@genevaschool.org,+1 407 332 6363,,https://genevaschool.org/,1775 Seminola Blvd,,Casselberry,Seminole County,FL,32707,US,28.67397690,-81.29954060,classical,geneva-school-fl-32707-fcapi-classicality-abstract.md,geneva-school-fl-32707-fcapi-classicality-audit.md,geneva-school-fl-32707-v*-fcapi-classicality-audit.pdf,elementary-intermediate-secondary,Private School,Private,0,1993,685,,,,,,,,,,,,,,,,,,,,,,,,,,,,1,,1,0,1,1,0,1,0,geneva-school-fl-32707-fcapi-classicality-abstract.md,geneva-school-fl-32707-fcapi-classicality-audit.md,geneva-school-fl-32707-v*-fcapi-classicality-audit.pdf,,,0,0,0,0,1112,2082
Acct1223,The Habersham School,,,habersham-school-ga-31404,cfields@thehabershamschool.org,+1 912 509 0540,,https://thehabershamschool.org/,4700 Skidaway Road,,Savannah,Chatham County,GA,31404,US,32.04104260,-81.09379620,classical,habersham-school-ga-31404-fcapi-classicality-abstract.md,habersham-school-ga-31404-fcapi-classicality-audit.md,habersham-school-ga-31404-v*-fcapi-classicality-audit.pdf,elementary-intermediate-secondary,Private School,Private,0,,,,,,,,,,,,,,,,,,,,,,,,,,,,,,0,,0,0,0,0,0,0,0,habersham-school-ga-31404-fcapi-classicality-abstract.md,habersham-school-ga-31404-fcapi-classicality-audit.md,habersham-school-ga-31404-v*-fcapi-classicality-audit.pdf,,,0,0,0,0,1196,2612
Acct1422,The IMAGO School,,,imago-school-ma-01754,imago@imagoschool.org,+1 978 857 0549,,https://imagoschool.org/,1 Percival St.,,Maynard,Middlesex County,MA,1754,US,42.42767830,-71.45997270,classical,imago-school-ma-01754-fcapi-classicality-abstract.md,imago-school-ma-01754-fcapi-classicality-audit.md,imago-school-ma-01754-v*-fcapi-classicality-audit.pdf,elementary-intermediate,Private School,Private,0,,,,,,,,,,,,,,,,,,,,,,,,,,,,,,0,,0,0,0,0,0,0,0,imago-school-ma-01754-fcapi-classicality-abstract.md,imago-school-ma-01754-fcapi-classicality-audit.md,imago-school-ma-01754-v*-fcapi-classicality-audit.pdf,,,0,0,0,0,1346,2457
Acct1766,The Master's Academy,,,masters-academy-nc-28043,office@tmalions.com,+1 828 229 3172,,https://tmalions.com,120 School Dr.,,Forest City,Rutherford County,NC,28043,US,35.30922390,-81.85766320,classical,masters-academy-nc-28043-fcapi-classicality-abstract.md,masters-academy-nc-28043-fcapi-classicality-audit.md,masters-academy-nc-28043-v*-fcapi-classicality-audit.pdf,elementary-intermediate-secondary,Private School,Private,0,,,,,,,,,,,,,,,,,,,,,,,,,,,,,,0,,0,0,0,0,0,0,0,masters-academy-nc-28043-fcapi-classicality-abstract.md,masters-academy-nc-28043-fcapi-classicality-audit.md,masters-academy-nc-28043-v*-fcapi-classicality-audit.pdf,,,0,0,0,0,1622,2303
,The Oaks Academy,,,oaks-academy-il-62321,theoakscarthage@gmail.com,+1 217 430 3780,,https://www.theoaksacademyil.org/,409 S Madison St,,Carthage,,IL,62321,US,40.40809100,-91.13605910,classical,oaks-academy-il-62321-fcapi-classicality-abstract.md,oaks-academy-il-62321-fcapi-classicality-audit.md,oaks-academy-il-62321-v*-fcapi-classicality-audit.pdf,elementary-intermediate,,,0,2025,,,,,,,,,,,,,,,,,,,,,,,,,,,,,0,,0,0,0,0,0,0,0,oaks-academy-il-62321-fcapi-classicality-abstract.md,oaks-academy-il-62321-fcapi-classicality-audit.md,oaks-academy-il-62321-v*-fcapi-classicality-audit.pdf,,,0,0,0,0,3278,
Acct2845,The Oaks Classical Cottage School,,,oaks-classical-cottage-school-al-36109,,+1 334 356 8549,,https://www.theoaksccs.org/,125 Calhoun Road,,Montgomery,,AL,36109,US,32.38816300,-86.26749910,classical,oaks-classical-cottage-school-al-36109-fcapi-classicality-abstract.md,oaks-classical-cottage-school-al-36109-fcapi-classicality-audit.md,oaks-classical-cottage-school-al-36109-v*-fcapi-classicality-audit.pdf,elementary-intermediate-secondary,Private School,Private School,0,,52,,,,,,,,,,,,,,,,,,,,,,,,,,,,1,,1,0,0,0,0,1,0,oaks-classical-cottage-school-al-36109-fcapi-classicality-abstract.md,oaks-classical-cottage-school-al-36109-fcapi-classicality-audit.md,oaks-classical-cottage-school-al-36109-v*-fcapi-classicality-audit.pdf,,,0,0,0,0,2556,
Acct1946,The Oaks Tutorials,,,oaks-tutorials-tx-76107,admin@theoakstutorials.net,+1 704 996 4758,,https://theoakstutorials.net/,4629 Bryce Ave.,,Fort Worth,Tarrant County,TX,76107,US,32.73917670,-97.38913410,classical,oaks-tutorials-tx-76107-fcapi-classicality-abstract.md,oaks-tutorials-tx-76107-fcapi-classicality-audit.md,oaks-tutorials-tx-76107-v*-fcapi-classicality-audit.pdf,elementary-intermediate-secondary,Private School,Private,0,,,,,,,,,,,,,,,,,,,,,,,,,,,,,,0,,0,0,0,0,0,0,0,oaks-tutorials-tx-76107-fcapi-classicality-abstract.md,oaks-tutorials-tx-76107-fcapi-classicality-audit.md,oaks-tutorials-tx-76107-v*-fcapi-classicality-audit.pdf,,,0,0,0,0,1791,1055
Acct1938,The Oaks: A Classical Christian Academy,,,oaks-classical-christian-academy-wa-99214,office@theoakscca.org,+1 509 536 5955,,https://theoakscca.org/,11711 E 24th Ave. Valley,,Spokane,Spokane County,WA,99214-1146,US,47.63591940,-117.24731580,classical,oaks-classical-christian-academy-wa-99214-fcapi-classicality-abstract.md,oaks-classical-christian-academy-wa-99214-fcapi-classicality-audit.md,oaks-classical-christian-academy-wa-99214-v*-fcapi-classicality-audit.pdf,elementary-intermediate-secondary,Private School,Private,0,,,,,,,,,,,,,,,,,,,,,,,,,,,,,,0,,0,0,0,0,0,0,0,oaks-classical-christian-academy-wa-99214-fcapi-classicality-abstract.md,oaks-classical-christian-academy-wa-99214-fcapi-classicality-audit.md,oaks-classical-christian-academy-wa-99214-v*-fcapi-classicality-audit.pdf,,,0,0,0,0,1784,2101
,The Potter’s House,,,potters-house-mi-49509,,+1 616 241 5202,,http://tphgr.org,810 Van Raalte Drive Southwest,,Grand Rapids,,MI,49509,US,42.93699700,-85.68674400,classical,potters-house-mi-49509-fcapi-classicality-abstract.md,potters-house-mi-49509-fcapi-classicality-audit.md,potters-house-mi-49509-v*-fcapi-classicality-audit.pdf,elementary-intermediate-secondary,,,0,,,,,,,,,,,,,,,,,,,,,,,,,,,,,,0,,0,0,0,0,0,0,0,potters-house-mi-49509-fcapi-classicality-abstract.md,potters-house-mi-49509-fcapi-classicality-audit.md,potters-house-mi-49509-v*-fcapi-classicality-audit.pdf,,,0,0,0,0,5223,
,The River Academy,,,river-academy-wa-98801,theriver@theriveracademy.org,+1 509 665 2415,,https://theriveracademy.org,650 Crawford  Avenue,,Wenatchee,Chelan County,WA,98801,US,47.40471840,-120.31479340,classical,river-academy-wa-98801-fcapi-classicality-abstract.md,river-academy-wa-98801-fcapi-classicality-audit.md,river-academy-wa-98801-v*-fcapi-classicality-audit.pdf,elementary-intermediate-secondary,,,0,1997,,,,,,,,,,,,,,,,,,,,,,,,,,,,,0,,0,0,0,0,0,0,0,river-academy-wa-98801-fcapi-classicality-abstract.md,river-academy-wa-98801-fcapi-classicality-audit.md,river-academy-wa-98801-v*-fcapi-classicality-audit.pdf,,,0,0,0,0,3282,
Net2691,Toledo Christian Schools,,,toledo-christian-schools-oh-43614,info@toledochristian.com,+1 419 389 8700,,https://toledochristian.com/,2303 Brookford Dr.,,Toledo,Lucas County,OH,43614,US,41.60044030,-83.60083220,classical,toledo-christian-schools-oh-43614-fcapi-classicality-abstract.md,toledo-christian-schools-oh-43614-fcapi-classicality-audit.md,toledo-christian-schools-oh-43614-v*-fcapi-classicality-audit.pdf,elementary-intermediate-secondary,Private School,Private,0,1975,,,,,,,,,,,,,,,,,,,,,,,,,,,,,0,,0,0,0,0,0,0,0,toledo-christian-schools-oh-43614-fcapi-classicality-abstract.md,toledo-christian-schools-oh-43614-fcapi-classicality-audit.md,toledo-christian-schools-oh-43614-v*-fcapi-classicality-audit.pdf,,,0,0,0,0,2567,2130
Acct2915,Trinity Classical School,,,trinity-classical-school-tx-77024,info@tcshouston.org,+1 281 656 1880,,https://tcshouston.org/,7941 Katy Freeway #110,,Houston,Harris County,TX,77024,US,29.78291150,-95.47601980,classical,trinity-classical-school-tx-77024-fcapi-classicality-abstract.md,trinity-classical-school-tx-77024-fcapi-classicality-audit.md,trinity-classical-school-tx-77024-v*-fcapi-classicality-audit.pdf,elementary-intermediate-secondary,Private School,Private,0,,,,,,,,,,,,,,,,,,,,,,,,,,,,,,0,,0,0,0,0,0,0,0,trinity-classical-school-tx-77024-fcapi-classicality-abstract.md,trinity-classical-school-tx-77024-fcapi-classicality-audit.md,trinity-classical-school-tx-77024-v*-fcapi-classicality-audit.pdf,,,0,0,0,0,2619,2055
Net2763,Trinity Schools at Greenlawn,,,trinity-schools-greenlawn-in-46617,,+1 574 287 5590,,https://trinitygreenlawn.org/,107 South Greenlawn Ave.,,South Bend,St. Joseph County,IN,46617,US,41.67573220,-86.22134650,classical,trinity-schools-greenlawn-in-46617-fcapi-classicality-abstract.md,trinity-schools-greenlawn-in-46617-fcapi-classicality-audit.md,trinity-schools-greenlawn-in-46617-v*-fcapi-classicality-audit.pdf,intermediate-secondary,Private School,Private,0,,,,,,,,,,,,,,,,,,,,,,,,,,,,,,0,,0,0,0,0,0,0,0,trinity-schools-greenlawn-in-46617-fcapi-classicality-abstract.md,trinity-schools-greenlawn-in-46617-fcapi-classicality-audit.md,trinity-schools-greenlawn-in-46617-v*-fcapi-classicality-audit.pdf,,,0,0,0,0,2639,1320
Acct2944,Trivium Preparatory Academy,,,trivium-preparatory-academy-az-85395,dschutten@triviumprep.org,+1 623 866 4730,,https://triviumprep.org/,2001 North Bullard Avenue,,Goodyear,Maricopa County,AZ,85395,US,33.46939050,-112.37474700,classical,trivium-preparatory-academy-az-85395-fcapi-classicality-abstract.md,trivium-preparatory-academy-az-85395-fcapi-classicality-audit.md,trivium-preparatory-academy-az-85395-v*-fcapi-classicality-audit.pdf,intermediate-secondary,Charter,Public,0,,,,,,,,,,,,,,,,,,,,,,,,,,,,,,0,,0,0,0,0,0,0,0,trivium-preparatory-academy-az-85395-fcapi-classicality-abstract.md,trivium-preparatory-academy-az-85395-fcapi-classicality-audit.md,trivium-preparatory-academy-az-85395-v*-fcapi-classicality-audit.pdf,,,0,0,0,0,2644,2267
,Tyndale Classical Institute,,,tyndale-classical-institute-ms-39440,jerod.culpepper1014@gmail.com,+1 601 422 9981,,https://www.tyndaleclassical.org/,748 W 13th St.,,Laurel,,MS,39440,US,31.70519570,-89.13798590,classical,tyndale-classical-institute-ms-39440-fcapi-classicality-abstract.md,tyndale-classical-institute-ms-39440-fcapi-classicality-audit.md,tyndale-classical-institute-ms-39440-v*-fcapi-classicality-audit.pdf,elementary-intermediate-secondary,,,0,2025,,,,,,,,,,,,,,,,,,,,,,,,,,,,,0,,0,0,0,0,0,0,0,tyndale-classical-institute-ms-39440-fcapi-classicality-abstract.md,tyndale-classical-institute-ms-39440-fcapi-classicality-audit.md,tyndale-classical-institute-ms-39440-v*-fcapi-classicality-audit.pdf,,,0,0,0,0,3299,
,Upstate Classical Christian Academy,,,upstate-classical-christian-academy-sc-29651,info@upstateclassical.com,+1 864 336 3547,,https://upstateclassical.com,4899 Jordan Rd.,,Greer,,SC,29651,US,35.06386280,-82.28637020,classical,upstate-classical-christian-academy-sc-29651-fcapi-classicality-abstract.md,upstate-classical-christian-academy-sc-29651-fcapi-classicality-audit.md,upstate-classical-christian-academy-sc-29651-v*-fcapi-classicality-audit.pdf,elementary,,,0,2025,,,,,,,,,,,,,,,,,,,,,,,,,,,,,0,,0,0,0,0,0,0,0,upstate-classical-christian-academy-sc-29651-fcapi-classicality-abstract.md,upstate-classical-christian-academy-sc-29651-fcapi-classicality-audit.md,upstate-classical-christian-academy-sc-29651-v*-fcapi-classicality-audit.pdf,,,0,0,0,0,3300,
Net2799,Valley Christian Schools,,,valley-christian-schools-ca-95111,,+1 408 513 2400,,https://www.vcschools.org/,100 Skyway Dr.,,San Jose,Santa Clara County,CA,95111,US,37.27615700,-121.82627810,classical,valley-christian-schools-ca-95111-fcapi-classicality-abstract.md,valley-christian-schools-ca-95111-fcapi-classicality-audit.md,valley-christian-schools-ca-95111-v*-fcapi-classicality-audit.pdf,elementary-intermediate-secondary,,,0,,,,,,,,,,,,,,,,,,,,,,,,,,,,,,0,,0,0,0,0,0,0,0,valley-christian-schools-ca-95111-fcapi-classicality-abstract.md,valley-christian-schools-ca-95111-fcapi-classicality-audit.md,valley-christian-schools-ca-95111-v*-fcapi-classicality-audit.pdf,,,0,0,0,0,2675,2034
Acct2988,Valor Education,,,valor-education-tx-78745,,+1 512 646 4170,,https://www.valoreducation.org/,220 Foremost Dr.,,Austin,Travis County,TX,78745,US,30.17929710,-97.77985070,classical,valor-education-tx-78745-fcapi-classicality-abstract.md,valor-education-tx-78745-fcapi-classicality-audit.md,valor-education-tx-78745-v*-fcapi-classicality-audit.pdf,elementary-intermediate-secondary,Charter,Public,0,,,,,,,,,,,,,,,,,,,,,,,,,,,,,,0,,0,0,0,0,0,0,0,valor-education-tx-78745-fcapi-classicality-abstract.md,valor-education-tx-78745-fcapi-classicality-audit.md,valor-education-tx-78745-v*-fcapi-classicality-audit.pdf,,,0,0,0,0,2686,796
Acct3031,Veritas Classical School,,,veritas-classical-school-fl-32084,office@veritasclassicalschool.org,+1 904 810 1050,,https://veritasclassicalschool.org/,169 Martin Luther King Avenue,,St. Augustine,St. Johns County,FL,32084,US,29.88104760,-81.31264790,classical,veritas-classical-school-fl-32084-fcapi-classicality-abstract.md,veritas-classical-school-fl-32084-fcapi-classicality-audit.md,veritas-classical-school-fl-32084-v*-fcapi-classicality-audit.pdf,elementary-intermediate-secondary,Private School,Private,0,2017,,,,,,,,,,,,,,,,,,,,,,,,,,,,,0,,0,0,0,0,0,0,0,veritas-classical-school-fl-32084-fcapi-classicality-abstract.md,veritas-classical-school-fl-32084-fcapi-classicality-audit.md,veritas-classical-school-fl-32084-v*-fcapi-classicality-audit.pdf,,,0,0,0,0,245,2714
Acct1200,Veritas Preparatory Academy,,,veritas-preparatory-academy-az-85018,,+1 602 263 1128,,https://veritasprep.greatheartsamerica.org/,3102 North 56th Street,,Phoenix,Maricopa County,AZ,85018,US,33.48410950,-111.96172660,classical,veritas-preparatory-academy-az-85018-fcapi-classicality-abstract.md,veritas-preparatory-academy-az-85018-fcapi-classicality-audit.md,veritas-preparatory-academy-az-85018-v*-fcapi-classicality-audit.pdf,intermediate-secondary,Charter,Public,0,,,,,,,,,,,,,,,,,,,,,,,,,,,,,,0,,0,0,0,0,0,0,0,veritas-preparatory-academy-az-85018-fcapi-classicality-abstract.md,veritas-preparatory-academy-az-85018-fcapi-classicality-audit.md,veritas-preparatory-academy-az-85018-v*-fcapi-classicality-audit.pdf,,,0,0,0,0,172,1174
,Waterloo School,,,waterloo-school-tx-78704,learn@waterlooaustin.org,+1 512 758 4445,,http://waterlooaustin.org,1511 South Congress Avenue,,Austin,,TX,78704,US,30.24842300,-97.74964910,classical,waterloo-school-tx-78704-fcapi-classicality-abstract.md,waterloo-school-tx-78704-fcapi-classicality-audit.md,waterloo-school-tx-78704-v*-fcapi-classicality-audit.pdf,elementary-intermediate-secondary,,,0,,,,,,,,,,,,,,,,,,,,,,,,,,,,,,0,,0,0,0,0,0,0,0,waterloo-school-tx-78704-fcapi-classicality-abstract.md,waterloo-school-tx-78704-fcapi-classicality-audit.md,waterloo-school-tx-78704-v*-fcapi-classicality-audit.pdf,,,0,0,0,0,5278,
,Wellmont Academy,,,wellmont-academy-fl-33710,office@wellmontacademy.com,+1 727 300 1870,,http://wellmontacademy.com,6000 38th Ave. N St.,,Saint Petersburg,,FL,33710,US,27.80568790,-82.71690050,classical,wellmont-academy-fl-33710-fcapi-classicality-abstract.md,wellmont-academy-fl-33710-fcapi-classicality-audit.md,wellmont-academy-fl-33710-v*-fcapi-classicality-audit.pdf,elementary-intermediate-secondary,,,0,,,,,,,,,,,,,,,,,,,,,,,,,,,,,,0,,0,0,0,0,0,0,0,wellmont-academy-fl-33710-fcapi-classicality-abstract.md,wellmont-academy-fl-33710-fcapi-classicality-audit.md,wellmont-academy-fl-33710-v*-fcapi-classicality-audit.pdf,,,0,0,0,0,5237,
,White Horse Academy,,,white-horse-academy-il-61761,Info@whitehorseclassical.org,+1 309 306 1405,,https://whitehorseclassical.org,404 N Prarie St,,Bloomington,Monroe County,IL,61761,US,40.48138400,-88.99188700,classical,white-horse-academy-il-61761-fcapi-classicality-abstract.md,white-horse-academy-il-61761-fcapi-classicality-audit.md,white-horse-academy-il-61761-v*-fcapi-classicality-audit.pdf,elementary,,,0,2024,,,,,,,,,,,,,,,,,,,,,,,,,,,,,0,,0,0,0,0,0,0,0,white-horse-academy-il-61761-fcapi-classicality-abstract.md,white-horse-academy-il-61761-fcapi-classicality-audit.md,white-horse-academy-il-61761-v*-fcapi-classicality-audit.pdf,,,0,0,0,0,3313,636
,Wilson Hill Academy,,,wilson-hill-academy-tx-78703,info@wilsonhillacademy.com,+1 512 655 9421,,https://wilsonhillacademy.com/,1300 West Lynn St,Suite 210,Austin,,TX,78703,US,30.28104600,-97.75879610,classical,wilson-hill-academy-tx-78703-fcapi-classicality-abstract.md,wilson-hill-academy-tx-78703-fcapi-classicality-audit.md,wilson-hill-academy-tx-78703-v*-fcapi-classicality-audit.pdf,elementary-intermediate-secondary,,,0,2013,,,,,,,,,,,,,,,,,,,,,,,,,,,,,0,,0,0,0,0,0,0,0,wilson-hill-academy-tx-78703-fcapi-classicality-abstract.md,wilson-hill-academy-tx-78703-fcapi-classicality-audit.md,wilson-hill-academy-tx-78703-v*-fcapi-classicality-audit.pdf,,,0,0,0,0,251,1871