salesforce_account_id,name,parent_sf_account_id,parent_name,name_state_zip_slug,email,"phone",phone2,website,street,street_2,city,county,state_province,"postal_code",country,latitude,longitude,classical_status,classical_abstract_md_file,classical_report_md_file,classical_report_pdf_file,school_type,operating_model,private_public,church_governed,date_founded,student_population,facility_size,facility_nature,facility_lease_own,educator_certificates_degrees,educator_classes,educator_curriculums,student_curriculums,athletics,co_curricular_programs,classcon_programs,description,admissions_description,admissions_process,accreditations_description,accreditations_bullets,programs_description,programs_bullets,specialties_description,specialties_bullets,tuition_description,parent_id,head_contact_id,ambassador_contact_id,worldview,affiliations,school_awards,school_college_acceptances,liberal_arts,classical_language,great_books,low_tech,memory_work,socratic_method,etiquette,house_system,common_arts,featured_image_url,featured_image_2_jpgfile,show_classical_tab,show_campus_tab,show_tab_3,show_tab_4,account_id,cap_orig_sort,grades,grades_offered
001V400000tPKC2,Abelard School,,,abelard-school-on-ca-m4y2e2,,"+1 416 944 0661",,https://abelardschool.org/,557 Church St.,4th Floor,Toronto,Toronto,ON,"M4Y 2E2",CA,43.66723100,-79.38125500,somewhat-classical,abelard-school-on-ca-m4y2e2-fcapi-classicality-abstract.md,abelard-school-on-ca-m4y2e2-fcapi-classicality-audit.md,abelard-school-on-ca-m4y2e2-fcapi-classicality-audit.pdf,elementary-intermediate-secondary,Private School,Private,0,,,,,,,,,,,,,,,,,,,,,,,,,,,,,,0,,0,0,0,0,0,0,0,placeholders/placeholder-elementary-7.png,,0,0,0,0,270,,K-12,"K, 1st, 2nd, 3rd, 4th, 5th, 6th, 7th, 8th, 9th, 10th, 11th, 12th"
001V400000tP5BM,Abiding Savior Academy,,,abiding-savior-academy-sd-57103,info@abidingacademy.org,"+1 605 371 1876",,https://abidingacademy.org/,4100 S. Bahnson Ave.,,Sioux Falls,Minnehaha County,SD,"57103",US,43.50706960,-96.68066760,classical,abiding-savior-academy-sd-57103-fcapi-classicality-abstract.md,abiding-savior-academy-sd-57103-fcapi-classicality-audit.md,abiding-savior-academy-sd-57103-fcapi-classicality-audit.pdf,elementary-intermediate-secondary,Private School,Private,0,,,,,,,,,,,,,,,,,,,,,,,,,,,,,,0,,0,0,0,0,0,0,0,placeholders/placeholder-elementary-8.png,,0,0,0,0,271,,PK-12,"Pre-K, K, 1st, 2nd, 3rd, 4th, 5th, 6th, 7th, 8th, 9th, 10th, 11th, 12th"
001V400000tP5BN,Abilene Classical Academy,,,abilene-classical-academy-tx-79602,office@abileneclassical.com,"+1 402 753 5192",,https://www.abileneclassical.com/,2002 S 27th St,,Abilene,,TX,"79602",US,32.32498630,-99.65640920,classical,abilene-classical-academy-tx-79602-fcapi-classicality-abstract.md,abilene-classical-academy-tx-79602-fcapi-classicality-audit.md,abilene-classical-academy-tx-79602-fcapi-classicality-audit.pdf,elementary-intermediate,Private School,Private School,0,,123,,,,,,,,,,,,,,,,,,,,,,,,,,,,1,,1,0,0,0,0,0,0,placeholders/placeholder-elementary-9.png,,0,0,0,0,272,,K-9,"K, 1st, 2nd, 3rd, 4th, 5th, 6th, 7th, 8th, 9th"
001V400000tP5BO,Abington Christian Academy,,,abington-christian-academy-pa-18452,,"+1 570 586 5270",,https://abingtonchristianacademy.com/,3364 Scranton Carbondale Blvd.,,Blakely,Lackawanna County,PA,"18452",US,41.47780050,-75.67633750,classical,abington-christian-academy-pa-18452-fcapi-classicality-abstract.md,abington-christian-academy-pa-18452-fcapi-classicality-audit.md,abington-christian-academy-pa-18452-fcapi-classicality-audit.pdf,elementary-intermediate-secondary,Private School,Private,0,,,,,,,,,,,,,,,,,,,,,,,,,,,,,,0,,0,0,0,0,0,0,0,placeholders/placeholder-elementary-0.png,,0,0,0,0,273,,K-12,"K, 1st, 2nd, 3rd, 4th, 5th, 6th, 7th, 8th, 9th, 10th, 11th, 12th"
001V400000tP5BP,Acacia Academy,,,acacia-academy-in-46902,acacia@acaciaacademy.org,"+1 765 457 5545",,https://acaciaacademy.org/,1476 County Road E 400 South,,Kokomo,Howard County,IN,"46902",US,40.41982980,-86.09906390,classical,acacia-academy-in-46902-fcapi-classicality-abstract.md,acacia-academy-in-46902-fcapi-classicality-audit.md,acacia-academy-in-46902-fcapi-classicality-audit.pdf,elementary-intermediate,Private School,Private,0,,,,,,,,,,,,,,,,,,,,,,,,,,,,,,0,,0,0,0,0,0,0,0,placeholders/placeholder-elementary-5.png,,0,0,0,0,278,,K-8,"K, 1st, 2nd, 3rd, 4th, 5th, 6th, 7th, 8th"
001V400000tP5BQ,Acacia Classical Academy,,,acacia-classical-academy-ca-95628,info@acaciaclassicalacademy.com,"+1 916 545 5110",,https://acaciaclassicalacademy.com,8130 Niessen Way,,Fair Oaks,,CA,"95628",US,38.66922930,-121.26051470,classical,acacia-classical-academy-ca-95628-fcapi-classicality-abstract.md,acacia-classical-academy-ca-95628-fcapi-classicality-audit.md,acacia-classical-academy-ca-95628-fcapi-classicality-audit.pdf,elementary-intermediate-secondary,,,0,,,,,,,,,,,,,,,,,,,,,,,,,,,,,,0,,0,0,0,0,0,0,0,placeholders/placeholder-elementary-6.png,,0,0,0,0,5302,,,
001V400000tP5BR,Academy Charter School,,,academy-charter-school-ak-99645,,"+1 907 841 9452",,https://acc.matsuk12.us/,801 East Arctic Avenue,,Palmer,Matanuska-Susitna Borough,AK,"99645",US,61.60726430,-149.09444160,classical,academy-charter-school-ak-99645-fcapi-classicality-abstract.md,academy-charter-school-ak-99645-fcapi-classicality-audit.md,academy-charter-school-ak-99645-fcapi-classicality-audit.pdf,elementary-intermediate-secondary,Charter,Public,0,,,,,,,,,,,,,,,,,,,,,,,,,,,,,,0,,0,0,0,0,0,0,0,placeholders/placeholder-elementary-9.png,,0,0,0,0,280,,K-12,"K, 1st, 2nd, 3rd, 4th, 5th, 6th, 7th, 8th, 9th, 10th, 11th, 12th"
001V400000tP5BS,Academy of Classical Christian Studies,,,academy-classical-christian-studies-ok-73131,info@theacademyok.org,"+1 405 478 2077",,https://theacademyok.org/,1120 E Hefner Rd.,,Oklahoma City,Oklahoma County,OK,"73131",US,35.57945880,-97.49263920,classical,academy-classical-christian-studies-ok-73131-fcapi-classicality-abstract.md,academy-classical-christian-studies-ok-73131-fcapi-classicality-audit.md,academy-classical-christian-studies-ok-73131-fcapi-classicality-audit.pdf,elementary-intermediate-secondary,Private School,Private,0,,,,,,,,,,,,,,,,,,,,,,,,,,,,,,0,,0,0,0,0,0,0,0,placeholders/placeholder-elementary-6.png,,0,0,0,0,286,,PK-12,"Pre-K, K, 1st, 2nd, 3rd, 4th, 5th, 6th, 7th, 8th, 9th, 10th, 11th, 12th"
001V400000tPKCH,Academy of Our Lady of Mercy Lauralton Hall,,,academy-our-lady-mercy-lauralton-hall-ct-06460,,"+1 203 877 2786",,https://lauraltonhall.org/,200 High Street,,Milford,South Central Connecticut Planning Region,CT,"06460",US,41.22302390,-73.06486700,somewhat-classical,academy-our-lady-mercy-lauralton-hall-ct-06460-fcapi-classicality-abstract.md,academy-our-lady-mercy-lauralton-hall-ct-06460-fcapi-classicality-audit.md,academy-our-lady-mercy-lauralton-hall-ct-06460-fcapi-classicality-audit.pdf,elementary-intermediate-secondary,Private School,Private,0,,,,,,,,,,,,,,,,,,,,,,,,,,,,,,0,,0,0,0,0,0,0,0,placeholders/placeholder-elementary-8.png,,0,0,0,0,289,,K-12,"K, 1st, 2nd, 3rd, 4th, 5th, 6th, 7th, 8th, 9th, 10th, 11th, 12th"
001V400000tP5BX,Academy of Our Lady of Mount Carmel,,,academy-our-lady-mount-carmel-nj-07670,,"+1 201 567 6491",,https://academyolmc.org/,10 County Rd,,Tenafly,,NJ,"07670",US,40.92370560,-73.96392140,classical,academy-our-lady-mount-carmel-nj-07670-fcapi-classicality-abstract.md,academy-our-lady-mount-carmel-nj-07670-fcapi-classicality-audit.md,academy-our-lady-mount-carmel-nj-07670-fcapi-classicality-audit.pdf,elementary-intermediate,Private School,Private,0,,,,,,,,,,,,,,,,,,,,,,,,,,,,,,0,,0,0,0,0,0,0,0,placeholders/placeholder-virtual-1.png,,0,0,0,0,5438,,PK-8,"Pre-K, K, 1st, 2nd, 3rd, 4th, 5th, 6th, 7th, 8th"
001V400000tPCf1,Acts Community School,,,acts-community-school-tx-77536,,"+1 281 888 8888",,https://www.actscommunitychurches.com,7347 Temperance Lane,,Deer Park,,TX,"77536",US,29.67087630,-95.11999340,classical,acts-community-school-tx-77536-fcapi-classicality-abstract.md,acts-community-school-tx-77536-fcapi-classicality-audit.md,acts-community-school-tx-77536-fcapi-classicality-audit.pdf,elementary-intermediate-secondary,,,0,,,,,,,,,,,,,,,,,,,,,,,,,,,,,,0,,0,0,0,0,0,0,0,placeholders/placeholder-elementary-1.png,,0,0,0,0,5264,,K-12,"K, 1st, 2nd, 3rd, 4th, 5th, 6th, 7th, 8th, 9th, 10th, 11th, 12th"
001V400000tPCf3,Ad Fontes Academy,,,ad-fontes-academy-va-22030,dluckenbaugh@adfontes.com,"+1 571 762 2431",,https://adfontes.com/,15450 Lee Hwy,,Centreville,Fairfax County,VA,"22030",US,38.82886410,-77.48255330,classical,ad-fontes-academy-va-22030-fcapi-classicality-abstract.md,ad-fontes-academy-va-22030-fcapi-classicality-audit.md,ad-fontes-academy-va-22030-fcapi-classicality-audit.pdf,elementary-intermediate-secondary,Private School,Private,0,,,,,,,,,,,,,,,,,,,,,,,,,,,,,,0,,0,0,0,0,0,0,0,placeholders/placeholder-elementary-2.png,,0,0,0,0,293,,K-12,"K, 1st, 2nd, 3rd, 4th, 5th, 6th, 7th, 8th, 9th, 10th, 11th, 12th"
001V400000tPCf4,Ad Meliora Classical Scholé Academy,001V400000tOZKD,Schole Communities,ad-meliora-classical-schole-academy-leawood-ks,admelioraclassical@gmail.com,"",,https://www.facebook.com/profile.php?id=61556783746762,,,Leawood,,KS,"",US,38.96667300,-94.61690120,classical,ad-meliora-classical-schole-academy-leawood-ks-fcapi-classicality-abstract.md,ad-meliora-classical-schole-academy-leawood-ks-fcapi-classicality-audit.md,ad-meliora-classical-schole-academy-leawood-ks-fcapi-classicality-audit.pdf,elementary-intermediate-secondary,,,0,,,,,,,,,,,,,,,,,,,,,,,5479,,,,,,,0,,0,0,0,0,0,0,0,placeholders/placeholder-schole-1.png,,0,0,0,0,5514,,,
001V400000tPKCK,Adams-Young Elementary,001V400000tOZJq,Cornerstone Education Group,adams-young-elementary-mi-48235,,"+1 313 395 8990",,https://cornerstoneschools.org/school/adams-young-academy/,13130 Grove Street,,Detroit,Wayne County,MI,"48235",US,42.41481160,-83.17455330,somewhat-classical,adams-young-elementary-mi-48235-fcapi-classicality-abstract.md,adams-young-elementary-mi-48235-fcapi-classicality-audit.md,adams-young-elementary-mi-48235-fcapi-classicality-audit.pdf,elementary-intermediate-secondary,,,0,,,,,,,,,,,,,,,,,,,,,,,119,,,,,,,0,,0,0,0,0,0,0,0,placeholders/placeholder-elementary-3.png,,0,0,0,0,13,,,
001V400000tPCf5,Addenbrooke Classical Academy,,,addenbrooke-classical-academy-co-80235,,"+1 608 469 6798",,https://www.addenbrooke.org,3940 S. Teller St.,,Lakeview,Jefferson County,CO,"80235",US,39.64417420,-105.07556810,classical,addenbrooke-classical-academy-co-80235-fcapi-classicality-abstract.md,addenbrooke-classical-academy-co-80235-fcapi-classicality-audit.md,addenbrooke-classical-academy-co-80235-fcapi-classicality-audit.pdf,elementary-intermediate-secondary,Charter,Public,0,,,,,,,,,,,,,,,,,,,,,,,,,,,,,,0,,0,0,0,0,0,0,0,placeholders/placeholder-elementary-4.png,,0,0,0,0,294,,PK-12,"Pre-K, K, 1st, 2nd, 3rd, 4th, 5th, 6th, 7th, 8th, 9th, 10th, 11th, 12th"
001V400000tPCf6,Adel Classical Academy,,,adel-classical-academy-ia-50003,adelclassicalacademy@gmail.com,"+1 515 612 4414",,https://www.adelclassicalacademy.org/,25712 U.S. 6,,Adel,Dallas County,IA,"50003",US,41.61303990,-93.97696140,classical,adel-classical-academy-ia-50003-fcapi-classicality-abstract.md,adel-classical-academy-ia-50003-fcapi-classicality-audit.md,adel-classical-academy-ia-50003-fcapi-classicality-audit.pdf,elementary-intermediate,Private School,Private,0,,,,,,,,,,,,,,,,,,,,,,,,,,,,,,0,,0,0,0,0,0,0,0,placeholders/placeholder-elementary-5.png,,0,0,0,0,295,,K-8,"K, 1st, 2nd, 3rd, 4th, 5th, 6th, 7th, 8th"
001V400000tPCf7,Adelphia Classical Christian Academy,,,adelphia-classical-christian-academy-ca-92866,,"+1 714 677 2594",,https://www.adelphiaclassical.com/,710 South Cambridge Street,,Orange,Orange County,CA,"92866",US,33.77663570,-117.84529300,classical,adelphia-classical-christian-academy-ca-92866-fcapi-classicality-abstract.md,adelphia-classical-christian-academy-ca-92866-fcapi-classicality-audit.md,adelphia-classical-christian-academy-ca-92866-fcapi-classicality-audit.pdf,elementary-intermediate-secondary,Private School,Private,0,,,,,,,,,,,,,,,,,,,,,,,,,,,,,,0,,0,0,0,0,0,0,0,placeholders/placeholder-elementary-6.png,,0,0,0,0,296,,K-12,"K, 1st, 2nd, 3rd, 4th, 5th, 6th, 7th, 8th, 9th, 10th, 11th, 12th"
001V400000tPCf8,Adolesco Preparatory Academy,,,adolesco-preparatory-academy-la-70466,admin@adolescoprep.org,"+1 337 281 1726",,https://adolescoprep.org/,48024 Parsonage Rd,,Tickfaw,Tangipahoa Parish,LA,"70466",US,30.57724030,-90.48349700,classical,adolesco-preparatory-academy-la-70466-fcapi-classicality-abstract.md,adolesco-preparatory-academy-la-70466-fcapi-classicality-audit.md,adolesco-preparatory-academy-la-70466-fcapi-classicality-audit.pdf,elementary-intermediate,Private School,Private,0,,,,,,,,,,,,,,,,,,,,,,,,,,,,,,0,,0,0,0,0,0,0,0,placeholders/placeholder-elementary-7.png,,0,0,0,0,297,,PK-9,"Pre-K, K, 1st, 2nd, 3rd, 4th, 5th, 6th, 7th, 8th, 9th"
001V400000tPCf9,Advent Evangelical Lutheran Church & School,,,advent-evangelical-lutheran-church-school-in-46077,,"+1 317 873 6318",,http://adventlutheran.org,11250 North Michigan Road,,Zionsville,,IN,"46077",US,39.94943570,-86.24172050,classical,advent-evangelical-lutheran-church-school-in-46077-fcapi-classicality-abstract.md,advent-evangelical-lutheran-church-school-in-46077-fcapi-classicality-audit.md,advent-evangelical-lutheran-church-school-in-46077-fcapi-classicality-audit.pdf,elementary-intermediate-secondary,,,0,,,,,,,,,,,,,,,,,,,,,,,,,,,,,,0,,0,0,0,0,0,0,0,placeholders/placeholder-k12-2.png,,0,0,0,0,5211,,,
001V400000tPKCN,Advent Evangelical Lutheran School,,,advent-evangelical-lutheran-school-in-46077,,"+1 317 873 6318",,https://www.adventlutheran.org/,11250 N Michigan Rd,,Zionsville,Boone County,IN,"46077",US,39.95004330,-86.27889480,somewhat-classical,advent-evangelical-lutheran-school-in-46077-fcapi-classicality-abstract.md,advent-evangelical-lutheran-school-in-46077-fcapi-classicality-audit.md,advent-evangelical-lutheran-school-in-46077-fcapi-classicality-audit.pdf,elementary-intermediate-secondary,Private School,Private,0,,,,,,,,,,,,,,,,,,,,,,,,,,,,,,0,,0,0,0,0,0,0,0,placeholders/placeholder-elementary-8.png,,0,0,0,0,299,,K-12,"K, 1st, 2nd, 3rd, 4th, 5th, 6th, 7th, 8th, 9th, 10th, 11th, 12th"
001V400000tPCfA,Agape Christi Academy,,,agape-christi-academy-mn-55344,info@agapechristi.com,"+1 952 856 0103",,https://agapechristi.com/,9957 Valley View Rd.,,Eden Prairie,Hennepin County,MN,"55344",US,44.87130130,-93.40321290,classical,agape-christi-academy-mn-55344-fcapi-classicality-abstract.md,agape-christi-academy-mn-55344-fcapi-classicality-audit.md,agape-christi-academy-mn-55344-fcapi-classicality-audit.pdf,elementary-intermediate-secondary,Private School,Private,0,,,,,,,,,,,,,,,,,,,,,,,,,,,,,,0,,0,0,0,0,0,0,0,placeholders/placeholder-elementary-1.png,,0,0,0,0,302,,K-12,"K, 1st, 2nd, 3rd, 4th, 5th, 6th, 7th, 8th, 9th, 10th, 11th, 12th"
001V400000tPCfE,Agape Montessori Christian Academy,,,agape-montessori-christian-academy-ms-39183,4godskidz@gmail.com,"+1 601 634 0092",,https://4godskidz.wixsite.com/mysite-1/,822 Main St.,,Vicksburg,Warren County,MS,"39183",US,32.35361360,-90.87931110,classical,agape-montessori-christian-academy-ms-39183-fcapi-classicality-abstract.md,agape-montessori-christian-academy-ms-39183-fcapi-classicality-audit.md,agape-montessori-christian-academy-ms-39183-fcapi-classicality-audit.pdf,elementary-intermediate-secondary,Private School,Private,0,,,,,,,,,,,,,,,,,,,,,,,,,,,,,,0,,0,0,0,0,0,0,0,placeholders/placeholder-elementary-5.png,,0,0,0,0,305,,K-12,"K, 1st, 2nd, 3rd, 4th, 5th, 6th, 7th, 8th, 9th, 10th, 11th, 12th"
001V400000tPCfF,Agathos Classical School,,,agathos-classical-school-tn-38401,office@agathosschool.com,"+1 931 388 0556",,https://agathosschool.com/,1201 Mapleash Ave.,,Columbia,Maury County,TN,"38401",US,35.60460740,-87.01391430,classical,agathos-classical-school-tn-38401-fcapi-classicality-abstract.md,agathos-classical-school-tn-38401-fcapi-classicality-audit.md,agathos-classical-school-tn-38401-fcapi-classicality-audit.pdf,elementary-intermediate-secondary,Private School,Private,0,,,,,,,,,,,,,,,,,,,,,,,,,,,,,,0,,0,0,0,0,0,0,0,placeholders/placeholder-elementary-6.png,,0,0,0,0,306,,PK-12,"Pre-K, K, 1st, 2nd, 3rd, 4th, 5th, 6th, 7th, 8th, 9th, 10th, 11th, 12th"
001V400000tPKCU,Alachua Learning Academy,,,alachua-learning-academy-fl-32615,info@ourala.org,"+1 386 418 2080",,https://ourala.org/,11100 West State Road 235,,Alachua,Alachua County,FL,"32615",US,29.81363560,-82.46473440,somewhat-classical,alachua-learning-academy-fl-32615-fcapi-classicality-abstract.md,alachua-learning-academy-fl-32615-fcapi-classicality-audit.md,alachua-learning-academy-fl-32615-fcapi-classicality-audit.pdf,elementary-intermediate-secondary,Charter,Public,0,,,,,,,,,,,,,,,,,,,,,,,,,,,,,,0,,0,0,0,0,0,0,0,placeholders/placeholder-elementary-9.png,,0,0,0,0,309,,K-12,"K, 1st, 2nd, 3rd, 4th, 5th, 6th, 7th, 8th, 9th, 10th, 11th, 12th"
001V400000tPCfH,Aletheia Christian School of Peoria,,,aletheia-christian-school-peoria-il-61604,info@peoriaclassical.org,"+1 309 635 9809",,https://peoriaclassical.org/,7229 N. Knoxville Ave.,,Peoria,Peoria County,IL,"61604",US,40.77563880,-89.60472720,classical,aletheia-christian-school-peoria-il-61604-fcapi-classicality-abstract.md,aletheia-christian-school-peoria-il-61604-fcapi-classicality-audit.md,aletheia-christian-school-peoria-il-61604-fcapi-classicality-audit.pdf,elementary-intermediate,Private School,Private,0,,,,,,,,,,,,,,,,,,,,,,,,,,,,,,0,,0,0,0,0,0,0,0,placeholders/placeholder-elementary-2.png,,0,0,0,0,312,,PK-8,"Pre-K, K, 1st, 2nd, 3rd, 4th, 5th, 6th, 7th, 8th"
001V400000tPCfI,Aletheia United Academy,,,aletheia-united-academy-va-22902,,"+1 434 207 2170",,https://aletheiaunitedacademy.org/,981 2nd Street Southeast,,Charlottesville,,VA,"22902",US,38.02410300,-78.48365200,classical,aletheia-united-academy-va-22902-fcapi-classicality-abstract.md,aletheia-united-academy-va-22902-fcapi-classicality-audit.md,aletheia-united-academy-va-22902-fcapi-classicality-audit.pdf,elementary-intermediate-secondary,Private School,Private,0,,,,,,,,,,,,,,,,,,,,,,,,,,,,,,0,,0,0,0,0,0,0,0,placeholders/placeholder-elementary-3.png,,0,0,0,0,313,,K-12,"K, 1st, 2nd, 3rd, 4th, 5th, 6th, 7th, 8th, 9th, 10th, 11th, 12th"
001V400000tPCfJ,Alexandria Classical Christian Academy,,,alexandria-classical-christian-academy-va-22302,katherine.kramer@accacademy.org,"+1 571 206 1604",,https://www.accacademy.org/,2932 King St,,Alexandria,,VA,"22302",US,38.81944740,-77.07884100,classical,alexandria-classical-christian-academy-va-22302-fcapi-classicality-abstract.md,alexandria-classical-christian-academy-va-22302-fcapi-classicality-audit.md,alexandria-classical-christian-academy-va-22302-fcapi-classicality-audit.pdf,elementary,Private School,Private,0,,,,,,,,,,,,,,,,,,,,,,,,,,,,,,0,,0,0,0,0,0,0,0,placeholders/placeholder-elementary-4.png,,0,0,0,0,314,,PK-5,"Pre-K, K, 1st, 2nd, 3rd, 4th, 5th"
001V400000tPCfK,Aliso Viejo Christian School,,,aliso-viejo-christian-school-ca-92656,,"+1 949 389 0300",,https://alisoviejochristianschool.org,1 Orion,,Aliso Viejo,Orange County,CA,"92656",US,33.55796430,-117.72719570,classical,aliso-viejo-christian-school-ca-92656-fcapi-classicality-abstract.md,aliso-viejo-christian-school-ca-92656-fcapi-classicality-audit.md,aliso-viejo-christian-school-ca-92656-fcapi-classicality-audit.pdf,secondary,Private School,Private,0,,,,,,,,,,,,,,,,,,,,,,,,,,,,,,0,,0,0,0,0,0,0,0,placeholders/placeholder-secondary-1.png,,0,0,0,0,315,,9-12,"9th, 10th, 11th, 12th"
001V400000tPKCX,All Hallows High School,,,all-hallows-high-school-ny-10452,,"+1 718 293 4545",,https://sites.google.com/a/mhbx.org/mott-hall-bronx-high-school/,111 East 164th St.,,Bronx,Bronx County,NY,"10452",US,40.83009450,-73.92211410,somewhat-classical,all-hallows-high-school-ny-10452-fcapi-classicality-abstract.md,all-hallows-high-school-ny-10452-fcapi-classicality-audit.md,all-hallows-high-school-ny-10452-fcapi-classicality-audit.pdf,secondary,Private School,Private,0,,,,,,,,,,,,,,,,,,,,,,,,,,,,,,0,,0,0,0,0,0,0,0,placeholders/placeholder-secondary-2.png,,0,0,0,0,316,,9-12,"9th, 10th, 11th, 12th"
001V400000tPCfL,All Saints Academy,,,all-saints-academy-wa-98383,info@allsaintsacademy.com,"+1 360 776 1700",,https://allsaintsclassical.com/,3450 NW Carlton St,,Silverdalw,,WA,"98383",US,47.64634130,-122.69631620,classical,all-saints-academy-wa-98383-fcapi-classicality-abstract.md,all-saints-academy-wa-98383-fcapi-classicality-audit.md,all-saints-academy-wa-98383-fcapi-classicality-audit.pdf,elementary-intermediate-secondary,Private School,Private School,0,,,,,,,,,,,,,,,,,,,,,,,,,,,,,,1,,1,0,0,0,1,0,0,placeholders/placeholder-elementary-5.png,,0,0,0,0,317,,K-12,"K, 1st, 2nd, 3rd, 4th, 5th, 6th, 7th, 8th, 9th, 10th, 11th, 12th"
001V400000tPCfM,All Saints Catholic School: Ft. Worth,,,all-saints-catholic-school-ft-worth-tx-76164,,"+1 817 624 2670",,https://www.ascsfw.org/,2006 North Houston Street,,Fort Worth,Tarrant County,TX,"76164",US,32.78187400,-97.35130880,classical,all-saints-catholic-school-ft-worth-tx-76164-fcapi-classicality-abstract.md,all-saints-catholic-school-ft-worth-tx-76164-fcapi-classicality-audit.md,all-saints-catholic-school-ft-worth-tx-76164-fcapi-classicality-audit.pdf,elementary-intermediate,Private School,Private,0,,,,,,,,,,,,,,,,,,,,,,,,,,,,,,0,,0,0,0,0,0,0,0,placeholders/placeholder-elementary-7.png,,0,0,0,0,319,,PK-8,"Pre-K, K, 1st, 2nd, 3rd, 4th, 5th, 6th, 7th, 8th"
001V400000tPCfN,All Saints Christian Academy,,,all-saints-christian-academy-nc-27376,allsaints2019@gmail.com,"+1 201 417 0481",,https://allsaintsnc.com/,384 Hillmon Grove Rd,,Cameron,Moore County,NC,"28326",US,35.27710440,-79.11886560,classical,all-saints-christian-academy-nc-27376-fcapi-classicality-abstract.md,all-saints-christian-academy-nc-27376-fcapi-classicality-audit.md,all-saints-christian-academy-nc-27376-fcapi-classicality-audit.pdf,elementary-intermediate-secondary,Private School,Private,0,,,,,,,,,,,,,,,,,,,,,,,,,,,,,,0,,0,0,0,0,0,0,0,placeholders/placeholder-elementary-8.png,,0,0,0,0,321,,K-12,"K, 1st, 2nd, 3rd, 4th, 5th, 6th, 7th, 8th, 9th, 10th, 11th, 12th"
001V400000tPCfO,All Saints Christian Academy…A Schole Community,001V400000tOZKD,Schole Communities,all-saints-christian-academy-schole-community-cameron-nc,allsaints2019@gmail.com,"",,https://www.facebook.com/allsaints2019,,,Cameron,,NC,"",US,35.32682260,-79.25530300,classical,all-saints-christian-academy-schole-community-cameron-nc-fcapi-classicality-abstract.md,all-saints-christian-academy-schole-community-cameron-nc-fcapi-classicality-audit.md,all-saints-christian-academy-schole-community-cameron-nc-fcapi-classicality-audit.pdf,elementary-intermediate-secondary,,,0,,,,,,,,,,,,,,,,,,,,,,,5479,,,,,,,0,,0,0,0,0,0,0,0,placeholders/placeholder-schole-1.png,,0,0,0,0,5529,,,
001V400000tPCfP,Alliance Christian Academy and Little Sprouts,,,alliance-christian-academy-little-sprouts-tx,,"+1 817 439 8425",,http://acaknights.com,13105 Harmon Rd,,Fort Worth,,TX,"76177",US,32.93934910,-97.32482210,classical,alliance-christian-academy-little-sprouts-tx-fcapi-classicality-abstract.md,alliance-christian-academy-little-sprouts-tx-fcapi-classicality-audit.md,alliance-christian-academy-little-sprouts-tx-fcapi-classicality-audit.pdf,elementary-intermediate-secondary,,,0,,,,,,,,,,,,,,,,,,,,,,,,,,,,,,0,,0,0,0,0,0,0,0,placeholders/placeholder-k12-6.png,,0,0,0,0,5267,,,
001V400000tPCfR,Alpha Omega Academy,,,alpha-omega-academy-tx-77340,office@alphaomegaacademy.org,"+1 936 438 8833",,https://alphaomegaacademy.org/,3891 State Hwy. 30 West,,Huntsville,Walker County,TX,"77340-8419",US,30.70049320,-95.61239730,classical,alpha-omega-academy-tx-77340-fcapi-classicality-abstract.md,alpha-omega-academy-tx-77340-fcapi-classicality-audit.md,alpha-omega-academy-tx-77340-fcapi-classicality-audit.pdf,elementary-intermediate-secondary,Private School,Private,0,,,,,,,,,,,,,,,,,,,,,,,,,,,,,,0,,0,0,0,0,0,0,0,placeholders/placeholder-elementary-4.png,,0,0,0,0,326,,PK-12,"Pre-K, K, 1st, 2nd, 3rd, 4th, 5th, 6th, 7th, 8th, 9th, 10th, 11th, 12th"
001V400000tPCfS,Alpine Christian School,,,alpine-christian-school-tx-79830,Admin10@AlpineChristianSchool.com,"+1 432 837 5757",,https://alpinechristianschool.com/,402 East Sul Ross Avenue,,Alpine,Brewster County,TX,"79830",US,30.36009750,-103.65881090,classical,alpine-christian-school-tx-79830-fcapi-classicality-abstract.md,alpine-christian-school-tx-79830-fcapi-classicality-audit.md,alpine-christian-school-tx-79830-fcapi-classicality-audit.pdf,elementary-intermediate-secondary,Private School,Private,0,,,,,,,,,,,,,,,,,,,,,,,,,,,,,,0,,0,0,0,0,0,0,0,placeholders/placeholder-elementary-5.png,,0,0,0,0,327,,K-12,"K, 1st, 2nd, 3rd, 4th, 5th, 6th, 7th, 8th, 9th, 10th, 11th, 12th"
001V400000tPKCg,Amarillo Collegiate Academy,,,amarillo-collegiate-academy-tx-79118,,"+1 806 352 0171",,https://responsiveed.com/campus/amarillo-collegiate-academy/,6000 S. Georgia St,,Amarillo,Randall County,TX,"79118",US,35.14730000,-101.86715340,somewhat-classical,amarillo-collegiate-academy-tx-79118-fcapi-classicality-abstract.md,amarillo-collegiate-academy-tx-79118-fcapi-classicality-audit.md,amarillo-collegiate-academy-tx-79118-fcapi-classicality-audit.pdf,elementary-intermediate-secondary,Charter,Public,0,,,,,,,,,,,,,,,,,,,,,,,,,,,,,,0,,0,0,0,0,0,0,0,placeholders/placeholder-elementary-7.png,,0,0,0,0,229,,K-12,"K, 1st, 2nd, 3rd, 4th, 5th, 6th, 7th, 8th, 9th, 10th, 11th, 12th"
001V400000tPCfV,Amazing Grace Academy,,,amazing-grace-academy-id-83301,christianott1977@gmail.com,"+1 208 948 3321",,https://amazinggrace.academy/,1061 Eastland Drive North,,Twin Falls,Twin Falls County,ID,"83301",US,42.58128380,-114.44142550,classical,amazing-grace-academy-id-83301-fcapi-classicality-abstract.md,amazing-grace-academy-id-83301-fcapi-classicality-audit.md,amazing-grace-academy-id-83301-fcapi-classicality-audit.pdf,elementary-intermediate,Private School,Private,0,,,,,,,,,,,,,,,,,,,,,,,,,,,,,,0,,0,0,0,0,0,0,0,placeholders/placeholder-elementary-9.png,,0,0,0,0,329,,K-9,"K, 1st, 2nd, 3rd, 4th, 5th, 6th, 7th, 8th, 9th"
001V400000tPCfW,Ambassador Christian Academy,,,ambassador-christian-academy-nj-08720,aca@ambassadorchristian.org,"+1 732 341 0860",,https://ambassadorchristian.org/,4041 Squankum-Allenwood Rd.,,Allenwood,Monmouth County,NJ,"08720",US,40.13583450,-74.12961570,classical,ambassador-christian-academy-nj-08720-fcapi-classicality-abstract.md,ambassador-christian-academy-nj-08720-fcapi-classicality-audit.md,ambassador-christian-academy-nj-08720-fcapi-classicality-audit.pdf,elementary-intermediate-secondary,Charter,Public,0,,,,,,,,,,,,,,,,,,,,,,,,,,,,,,0,,0,0,0,0,0,0,0,placeholders/placeholder-elementary-0.png,,0,0,0,0,331,,K-12,"K, 1st, 2nd, 3rd, 4th, 5th, 6th, 7th, 8th, 9th, 10th, 11th, 12th"
001V400000tPCfX,Ambrose Academy,,,ambrose-academy-ks-66503,jon@ambroseclassical.com,"+1 913 620 2198",,https://ambroseclassical.com,2845 Greenwood Dr.,,Ogden,,KS,"66503",US,39.12316060,-96.69866040,classical,ambrose-academy-ks-66503-fcapi-classicality-abstract.md,ambrose-academy-ks-66503-fcapi-classicality-audit.md,ambrose-academy-ks-66503-fcapi-classicality-audit.pdf,elementary-intermediate-secondary,,,0,,,,,,,,,,,,,,,,,,,,,,,,,,,,,,0,,0,0,0,0,0,0,0,placeholders/placeholder-virtual-1.png,,0,0,0,0,3119,,,"K, 1st, 2nd"
001V400000tPCfZ,American Christian Academy,,,american-christian-academy-al-35404,,"+1 205 553 5963",,https://www.acacademy.com/,2300 Veterans Memorial Parkway,,Tuscaloosa,Tuscaloosa County,AL,"35404",US,33.19946040,-87.50798940,classical,american-christian-academy-al-35404-fcapi-classicality-abstract.md,american-christian-academy-al-35404-fcapi-classicality-audit.md,american-christian-academy-al-35404-fcapi-classicality-audit.pdf,elementary-intermediate-secondary,Private School,Private,0,,,,,,,,,,,,,,,,,,,,,,,,,,,,,,0,,0,0,0,0,0,0,0,placeholders/placeholder-elementary-6.png,,0,0,0,0,339,,K-12,"K, 1st, 2nd, 3rd, 4th, 5th, 6th, 7th, 8th, 9th, 10th, 11th, 12th"
001V400000tPCfa,American Christian School,,,american-christian-school-nj-07876,admin@acs-nj.org,"+1 973 328 1352",,https://acs-nj.org/,126 S. Hillside Ave.,,Succasunna,Morris County,NJ,"07876",US,40.85777380,-74.65976490,classical,american-christian-school-nj-07876-fcapi-classicality-abstract.md,american-christian-school-nj-07876-fcapi-classicality-audit.md,american-christian-school-nj-07876-fcapi-classicality-audit.pdf,elementary-intermediate-secondary,Private School,Private,0,,,,,,,,,,,,,,,,,,,,,,,,,,,,,,0,,0,0,0,0,0,0,0,placeholders/placeholder-k12-9.png,,0,0,0,0,340,,PK-12,"Pre-K, K, 1st, 2nd, 3rd, 4th, 5th, 6th, 7th, 8th, 9th, 10th, 11th, 12th"
001V400000tPCfb,American Classical Academy Rutherford,,,american-classical-academy-rutherford-tn-37086,,"+1 615 675 0498",,https://rutherfordclassical.org/,2 Ingram Blvd.,,Rutherford,Rutherford County,TN,"37086",US,35.99969960,-86.58842320,classical,american-classical-academy-rutherford-tn-37086-fcapi-classicality-abstract.md,american-classical-academy-rutherford-tn-37086-fcapi-classicality-audit.md,american-classical-academy-rutherford-tn-37086-fcapi-classicality-audit.pdf,elementary,Charter,Public,0,,,,,,,,,,,,,,,,,,,,,,,,,,,,,,0,,0,0,0,0,0,0,0,placeholders/placeholder-elementary-7.png,,0,0,0,0,341,,K-5,"K, 1st, 2nd, 3rd, 4th, 5th"
001V400000tPCfc,American Classical Charter Academy,,,american-classical-charter-academy-fl,,"",,http://accaschools.org,2395 Hickory Tree Rd,,Saint Cloud,,FL,"34772",US,28.23746910,-81.24570610,classical,american-classical-charter-academy-fl-fcapi-classicality-abstract.md,american-classical-charter-academy-fl-fcapi-classicality-audit.md,american-classical-charter-academy-fl-fcapi-classicality-audit.pdf,elementary-intermediate-secondary,,,0,,,,,,,,,,,,,,,,,,,,,,,,,,,,,,0,,0,0,0,0,0,0,0,placeholders/placeholder-k12-0.png,,0,0,0,0,5231,,,
001V400000tPCfd,American Heritage Academy,,,american-heritage-academy-nv-89014,,"+1 702 949 5614",,https://ahalv.org/,2100 Olympic Ave.,,Henderson,Clark County,NV,"89014",US,36.07387490,-115.07810690,classical,american-heritage-academy-nv-89014-fcapi-classicality-abstract.md,american-heritage-academy-nv-89014-fcapi-classicality-audit.md,american-heritage-academy-nv-89014-fcapi-classicality-audit.pdf,elementary-intermediate-secondary,Private School,Private,0,,,,,,,,,,,,,,,,,,,,,,,,,,,,,,0,,0,0,0,0,0,0,0,placeholders/placeholder-elementary-9.png,,0,0,0,0,344,,K-12,"K, 1st, 2nd, 3rd, 4th, 5th, 6th, 7th, 8th, 9th, 10th, 11th, 12th"
001V400000tPCff,American Heritage School,,,american-heritage-school-ut-84003,,"+1 801 642 0055",,https://af.americanheritageschool.org/,736 North 1100 East,,American Fork,Utah County,UT,"84003",US,40.39301480,-111.76780080,classical,american-heritage-school-ut-84003-fcapi-classicality-abstract.md,american-heritage-school-ut-84003-fcapi-classicality-audit.md,american-heritage-school-ut-84003-fcapi-classicality-audit.pdf,elementary-intermediate-secondary,Private School,Private,0,,,,,,,,,,,,,,,,,,,,,,,,,,,,,,0,,0,0,0,0,0,0,0,placeholders/placeholder-elementary-0.png,,0,0,0,0,345,,K-12,"K, 1st, 2nd, 3rd, 4th, 5th, 6th, 7th, 8th, 9th, 10th, 11th, 12th"
001V400000tPKCr,American Leadership Academy,,,american-leadership-academy-az-85212,,"+1 480 420 2101",,https://www.alaschools.org/,6913 E. Rembrandt Ave.,Suite #2,Mesa,Maricopa County,AZ,"85212",US,33.34092590,-111.68376090,somewhat-classical,american-leadership-academy-az-85212-fcapi-classicality-abstract.md,american-leadership-academy-az-85212-fcapi-classicality-audit.md,american-leadership-academy-az-85212-fcapi-classicality-audit.pdf,elementary-intermediate-secondary,Charter,Public,0,,,,,,,,,,,,,,,,,,,,,,,,,,,,,,0,,0,0,0,0,0,0,0,placeholders/placeholder-elementary-1.png,,0,0,0,0,347,,K-12,"K, 1st, 2nd, 3rd, 4th, 5th, 6th, 7th, 8th, 9th, 10th, 11th, 12th"
001V400000tPCfg,American Legacy Academy,,,american-legacy-academy-co-80550,,"+1 970 460 6057",,https://www.american-legacy.org/,1870 Marina Drive,,Windsor,Weld County,CO,"80550",US,40.44884430,-104.90265900,classical,american-legacy-academy-co-80550-fcapi-classicality-abstract.md,american-legacy-academy-co-80550-fcapi-classicality-audit.md,american-legacy-academy-co-80550-fcapi-classicality-audit.pdf,elementary-intermediate,Charter,Public,0,,,,,,,,,,,,,,,,,,,,,,,,,,,,,,0,,0,0,0,0,0,0,0,placeholders/placeholder-elementary-2.png,,0,0,0,0,348,,K-8,"K, 1st, 2nd, 3rd, 4th, 5th, 6th, 7th, 8th"
001V400000tPKCs,American Preparatory Academy: Cedar City,001V400000tOZJe,American Preparatory Academies,american-preparatory-academy-cedar-city-ut-84020,,"+1 801 553 8500",,https://cedarcity.americanprep.org/,12894 S. Pony Express Rd. #400,,Cedar City,Salt Lake County,UT,"84020",US,40.49339910,-111.83301060,somewhat-classical,american-preparatory-academy-cedar-city-ut-84020-fcapi-classicality-abstract.md,american-preparatory-academy-cedar-city-ut-84020-fcapi-classicality-audit.md,american-preparatory-academy-cedar-city-ut-84020-fcapi-classicality-audit.pdf,elementary-intermediate-secondary,Charter,Public,0,,,,,,,,,,,,,,,,,,,,,,,5445,,,,,,,0,,0,0,0,0,0,0,0,placeholders/placeholder-elementary-3.png,,0,0,0,0,19,,K-12,"K, 1st, 2nd, 3rd, 4th, 5th, 6th, 7th, 8th, 9th, 10th, 11th, 12th"
001V400000tPKCt,American Preparatory Academy: Draper 1,001V400000tOZJe,American Preparatory Academies,american-preparatory-academy-draper-1-ut-84020,,"+1 801 553 8500",,https://draper1.americanprep.org/,12892 South Pony Express Rd.,,Draper,Salt Lake County,UT,"84020",US,40.51654920,-111.89472480,somewhat-classical,american-preparatory-academy-draper-1-ut-84020-fcapi-classicality-abstract.md,american-preparatory-academy-draper-1-ut-84020-fcapi-classicality-audit.md,american-preparatory-academy-draper-1-ut-84020-fcapi-classicality-audit.pdf,elementary-intermediate-secondary,Charter,Public,0,,,,,,,,,,,,,,,,,,,,,,,5445,,,,,,,0,,0,0,0,0,0,0,0,placeholders/placeholder-elementary-4.png,,0,0,0,0,20,,K-12,"K, 1st, 2nd, 3rd, 4th, 5th, 6th, 7th, 8th, 9th, 10th, 11th, 12th"
001V400000tPKCy,American Preparatory Academy: West Valley 1,001V400000tOZJe,American Preparatory Academies,american-preparatory-academy-west-valley-1-ut-84119,,"+1 801 839 3613",,https://westvalley1.americanprep.org/,1255 W Crystal Ave.,,West Valley City,Salt Lake County,UT,"84119",US,40.71320280,-111.92821540,somewhat-classical,american-preparatory-academy-west-valley-1-ut-84119-fcapi-classicality-abstract.md,american-preparatory-academy-west-valley-1-ut-84119-fcapi-classicality-audit.md,american-preparatory-academy-west-valley-1-ut-84119-fcapi-classicality-audit.pdf,elementary-intermediate-secondary,Charter,Public,0,,,,,,,,,,,,,,,,,,,,,,,5445,,,,,,,0,,0,0,0,0,0,0,0,placeholders/placeholder-elementary-9.png,,0,0,0,0,23,,K-12,"K, 1st, 2nd, 3rd, 4th, 5th, 6th, 7th, 8th, 9th, 10th, 11th, 12th"
001V400000tPKCz,American Preparatory Academy: West Valley 2 & 3,001V400000tOZJe,American Preparatory Academies,american-preparatory-academy-west-valley-2-3-ut-84119,,"+1 385 351 3090",,https://westvalley2.americanprep.org/,3636 W. 3100 S.,,West Valley City,Salt Lake County,UT,"84119",US,40.70484790,-111.97787890,somewhat-classical,american-preparatory-academy-west-valley-2-3-ut-84119-fcapi-classicality-abstract.md,american-preparatory-academy-west-valley-2-3-ut-84119-fcapi-classicality-audit.md,american-preparatory-academy-west-valley-2-3-ut-84119-fcapi-classicality-audit.pdf,elementary-intermediate-secondary,Charter,Public,0,,,,,,,,,,,,,,,,,,,,,,,5445,,,,,,,0,,0,0,0,0,0,0,0,placeholders/placeholder-elementary-0.png,,0,0,0,0,24,,K-12,"K, 1st, 2nd, 3rd, 4th, 5th, 6th, 7th, 8th, 9th, 10th, 11th, 12th"
001V400000tPCfi,Amicis Classical Scholé Community,001V400000tOZKD,Schole Communities,amicis-classical-schole-community-centerville-oh,amicisclassicalcommunity@gmail.com,"",,https://www.facebook.com/amiciscommunity?mibextid=LQQJ4d,,,Centerville,,OH,"",US,39.62839280,-84.15938180,classical,amicis-classical-schole-community-centerville-oh-fcapi-classicality-abstract.md,amicis-classical-schole-community-centerville-oh-fcapi-classicality-audit.md,amicis-classical-schole-community-centerville-oh-fcapi-classicality-audit.pdf,elementary-intermediate-secondary,,,0,,,,,,,,,,,,,,,,,,,,,,,5479,,,,,,,0,,0,0,0,0,0,0,0,placeholders/placeholder-schole-1.png,,0,0,0,0,5532,,,
001V400000tPCfj,Ancient Paths Christian & Classical Academy,,,ancient-paths-christian-classical-academy-oh-43228,josh.lister@ancientpathsclassicalacademy.com,"+1 614 735 1459",,https://ancientpathsclassicalacademy.com,3750 Sullivant Ave,,Columbus,Franklin County,OH,"43228",US,39.94289550,-83.09927000,classical,ancient-paths-christian-classical-academy-oh-43228-fcapi-classicality-abstract.md,ancient-paths-christian-classical-academy-oh-43228-fcapi-classicality-audit.md,ancient-paths-christian-classical-academy-oh-43228-fcapi-classicality-audit.pdf,elementary,,,0,,,,,,,,,,,,,,,,,,,,,,,,,,,,,,0,,0,0,0,0,0,0,0,placeholders/placeholder-elementary-6.png,,0,0,0,0,3122,,K-5,"K, 1st, 2nd, 3rd, 4th, 5th"
001V400000tPCfk,Andrean High School,,,andrean-high-school-in-46410,,"+1 219 887 5959",,https://andreanhs.org/,5959 Broadway,,Merrillville,Lake County,IN,"46410",US,41.51020090,-87.33372970,classical,andrean-high-school-in-46410-fcapi-classicality-abstract.md,andrean-high-school-in-46410-fcapi-classicality-audit.md,andrean-high-school-in-46410-fcapi-classicality-audit.pdf,secondary,Private School,Private,0,,,,,,,,,,,,,,,,,,,,,,,,,,,,,,0,,0,0,0,0,0,0,0,placeholders/placeholder-secondary-3.png,,0,0,0,0,356,,9-12,"9th, 10th, 11th, 12th"
001V400000tPKD7,Angelus Academy,,,angelus-academy-va-22153,,"+1 703 924 3996",,https://angelusacademy.org/,7644 Dynatech Court,,Springfield,Fairfax County,VA,"22153",US,38.74132800,-77.20386800,somewhat-classical,angelus-academy-va-22153-fcapi-classicality-abstract.md,angelus-academy-va-22153-fcapi-classicality-audit.md,angelus-academy-va-22153-fcapi-classicality-audit.pdf,elementary-intermediate,Private School,Private,0,,,,,,,,,,,,,,,,,,,,,,,,,,,,,,0,,0,0,0,0,0,0,0,placeholders/placeholder-elementary-9.png,,0,0,0,0,358,,K-8,"K, 1st, 2nd, 3rd, 4th, 5th, 6th, 7th, 8th"
001V400000tPCfm,Ann Arbor Orthodox Classical Academy,,,ann-arbor-orthodox-classical-academy-mi-48130,info@a2oca.org,"+1 734 475 4590",,https://www.a2oca.org/,9900 Jackson Rd.,,Dexter,,MI,"48130",US,42.29505490,-83.92626030,classical,ann-arbor-orthodox-classical-academy-mi-48130-fcapi-classicality-abstract.md,ann-arbor-orthodox-classical-academy-mi-48130-fcapi-classicality-audit.md,ann-arbor-orthodox-classical-academy-mi-48130-fcapi-classicality-audit.pdf,elementary,Private School,Private School,0,,4,,,,,,,,,,,,,,,,,,,,,,,,,,,,1,,0,0,0,1,0,0,0,placeholders/placeholder-elementary-0.png,,0,0,0,0,359,,PK-2,"Pre-K, K, 1st, 2nd"
001V400000tPCfn,Annapolis Christian Academy,,,annapolis-christian-academy-tx-78411,academy@aca-cc.org,"+1 361 991 6004",,https://aca-cc.org/,3875 South Staples Street,,Corpus Christi,Nueces County,TX,"78411",US,27.73588090,-97.38641010,classical,annapolis-christian-academy-tx-78411-fcapi-classicality-abstract.md,annapolis-christian-academy-tx-78411-fcapi-classicality-audit.md,annapolis-christian-academy-tx-78411-fcapi-classicality-audit.pdf,elementary-intermediate-secondary,Private School,Private,0,,,,,,,,,,,,,,,,,,,,,,,,,,,,,,0,,0,0,0,0,0,0,0,placeholders/placeholder-elementary-2.png,,0,0,0,0,361,,K-12,"K, 1st, 2nd, 3rd, 4th, 5th, 6th, 7th, 8th, 9th, 10th, 11th, 12th"
001V400000tPCfo,Annunciation High School,,,chesterton-academy-annunciation-md-21788,,"+1 301 660 5313",,https://annunciationhs.org/,PO Box 325,,Thurmont,Frederick County,MD,"21788",US,39.62370940,-77.41082010,classical,chesterton-academy-annunciation-md-21788-fcapi-classicality-abstract.md,chesterton-academy-annunciation-md-21788-fcapi-classicality-audit.md,chesterton-academy-annunciation-md-21788-fcapi-classicality-audit.pdf,secondary,Private School,Private,0,,,,,,,,,,,,,,,,,,,,,,,,,,,,,,0,,0,0,0,0,0,0,0,placeholders/placeholder-secondary-8.png,,0,0,0,0,105,,9-12,"9th, 10th, 11th, 12th"
001V400000tPCfp,Anthem Classical Academy,,,anthem-classical-academy-ar-72702,info@anthemclassical.org,"+1 508 918 0653",,https://anthemclassical.org/,PO Box 3013,,Fayetteville,Washington County,AR,"72702",US,36.06894130,-94.16468560,classical,anthem-classical-academy-ar-72702-fcapi-classicality-abstract.md,anthem-classical-academy-ar-72702-fcapi-classicality-audit.md,anthem-classical-academy-ar-72702-fcapi-classicality-audit.pdf,elementary-intermediate,Private School,Private,0,,,,,,,,,,,,,,,,,,,,,,,,,,,,,,0,,0,0,0,0,0,0,0,placeholders/placeholder-elementary-6.png,,0,0,0,0,366,,K-8,"K, 1st, 2nd, 3rd, 4th, 5th, 6th, 7th, 8th"
001V400000tPCfq,Anthem Preparatory Academy,001V400000tOBYR,Great Hearts America,anthem-preparatory-academy-az-85086,jsylvester@anthemprep.org,"+1 480 424 1790",,https://anthem.greatheartsamerica.org/,39808 N Gavilan Peak Parkway,,Anthem,Maricopa County,AZ,"85086",US,33.84505740,-112.13743260,classical,anthem-preparatory-academy-az-85086-fcapi-classicality-abstract.md,anthem-preparatory-academy-az-85086-fcapi-classicality-audit.md,anthem-preparatory-academy-az-85086-fcapi-classicality-audit.pdf,elementary-intermediate-secondary,Charter,Public,0,,,,,,,,,,,,,,,,,,,,,,,157,,,,,,,0,,0,0,0,0,0,0,0,placeholders/placeholder-elementary-7.png,,0,0,0,0,153,,K-12,"K, 1st, 2nd, 3rd, 4th, 5th, 6th, 7th, 8th, 9th, 10th, 11th, 12th"
001V400000tPCfs,Appalachian Christian School,,,appalachian-christian-school-va-22980,,"+1 540 456 6853",,https://www.acstrailblazers.com/,320 Maple Ave.,,Waynesboro,,VA,"22980",US,38.06761910,-78.89376300,classical,appalachian-christian-school-va-22980-fcapi-classicality-abstract.md,appalachian-christian-school-va-22980-fcapi-classicality-audit.md,appalachian-christian-school-va-22980-fcapi-classicality-audit.pdf,elementary-intermediate-secondary,Private School,Private,0,,,,,,,,,,,,,,,,,,,,,,,,,,,,,,0,,0,0,0,0,0,0,0,placeholders/placeholder-elementary-0.png,,0,0,0,0,369,,K-12,"K, 1st, 2nd, 3rd, 4th, 5th, 6th, 7th, 8th, 9th, 10th, 11th, 12th"
001V400000tPCft,Appomattox Christian Academy,,,appomattox-christian-academy-va-24522,office.aca@appomattoxchristianacademy.com,"+1 434 352 7373",,https://appomattoxchristianacademy.com/,1916 Redfields Rd.,,Appomattox,Appomattox County,VA,"24522",US,37.34906380,-78.81678000,classical,appomattox-christian-academy-va-24522-fcapi-classicality-abstract.md,appomattox-christian-academy-va-24522-fcapi-classicality-audit.md,appomattox-christian-academy-va-24522-fcapi-classicality-audit.pdf,elementary-intermediate-secondary,Private School,Private,0,,,,,,,,,,,,,,,,,,,,,,,,,,,,,,0,,0,0,0,0,0,0,0,placeholders/placeholder-elementary-4.png,,0,0,0,0,373,,K-12,"K, 1st, 2nd, 3rd, 4th, 5th, 6th, 7th, 8th, 9th, 10th, 11th, 12th"
001V400000tPKDJ,Aquinas Academy,,,aquinas-academy-de-19701,,"+1 302 383 3626",,https://www.aquinasacademy.net/,2370 Red Lion Rd.,,Bear,New Castle County,DE,"19701",US,39.57221850,-75.69551780,somewhat-classical,aquinas-academy-de-19701-fcapi-classicality-abstract.md,aquinas-academy-de-19701-fcapi-classicality-audit.md,aquinas-academy-de-19701-fcapi-classicality-audit.pdf,elementary-intermediate-secondary,Private School,Private,0,,,,,,,,,,,,,,,,,,,,,,,,,,,,,,0,,0,0,0,0,0,0,0,placeholders/placeholder-elementary-6.png,,0,0,0,0,375,,K-12,"K, 1st, 2nd, 3rd, 4th, 5th, 6th, 7th, 8th, 9th, 10th, 11th, 12th"
001V400000tPKDK,Aquinas Academy,,,aquinas-academy-wi-53051,,"+1 262 502 1540",,https://aquinasacademy.com/,N72W15935 Good Hope Road,,Menomonee Falls,Waukesha County,WI,"53051",US,43.14787780,-88.10855140,somewhat-classical,aquinas-academy-wi-53051-fcapi-classicality-abstract.md,aquinas-academy-wi-53051-fcapi-classicality-audit.md,aquinas-academy-wi-53051-fcapi-classicality-audit.pdf,elementary-intermediate,Private School,Private,0,,,,,,,,,,,,,,,,,,,,,,,,,,,,,,0,,0,0,0,0,0,0,0,placeholders/placeholder-elementary-7.png,,0,0,0,0,377,,PK-8,"Pre-K, K, 1st, 2nd, 3rd, 4th, 5th, 6th, 7th, 8th"
001V400000tPCfu,Aquinas Academy of Pittsburgh,,,aquinas-academy-pittsburgh-pa-15044,,"+1 724 444 0722",,https://www.aquinasacademy-pittsburgh.org/,2308 West Hardies Road,,Gibsonia,Allegheny County,PA,"15044",US,40.59779100,-79.96788500,classical,aquinas-academy-pittsburgh-pa-15044-fcapi-classicality-abstract.md,aquinas-academy-pittsburgh-pa-15044-fcapi-classicality-audit.md,aquinas-academy-pittsburgh-pa-15044-fcapi-classicality-audit.pdf,elementary-intermediate-secondary,Private School,Private,0,,,,,,,,,,,,,,,,,,,,,,,,,,,,,,0,,0,0,0,0,0,0,0,placeholders/placeholder-elementary-8.png,,0,0,0,0,376,,PK-12,"Pre-K, K, 1st, 2nd, 3rd, 4th, 5th, 6th, 7th, 8th, 9th, 10th, 11th, 12th"
001V400000tPCfv,Aquinas Classical Academy,,,aquinas-classical-academy-wa-98332,,"+1 360 552 0805",,https://www.aquinasclassicalacademy.com/,11010 Harbor Hill Dr. Ste B203,,Gig Harbor,Pierce County,WA,"98332",US,47.35895520,-122.60189880,classical,aquinas-classical-academy-wa-98332-fcapi-classicality-abstract.md,aquinas-classical-academy-wa-98332-fcapi-classicality-audit.md,aquinas-classical-academy-wa-98332-fcapi-classicality-audit.pdf,secondary,Private School,Private,0,,,,,,,,,,,,,,,,,,,,,,,,,,,,,,0,,0,0,0,0,0,0,0,placeholders/placeholder-secondary-4.png,,0,0,0,0,378,,9-12,"9th, 10th, 11th, 12th"
001V400000tPCfw,Arbores Classical Homeschool Community,001V400000tOZKD,Schole Communities,arbores-classical-homeschool-community-newberg-or,info@arborescommunity.org,"",,https://www.arboresclassicalcommunity.org/,,,Newberg,,OR,"",US,45.30032680,-122.97613180,classical,arbores-classical-homeschool-community-newberg-or-fcapi-classicality-abstract.md,arbores-classical-homeschool-community-newberg-or-fcapi-classicality-audit.md,arbores-classical-homeschool-community-newberg-or-fcapi-classicality-audit.pdf,elementary-intermediate-secondary,,,0,,,,,,,,,,,,,,,,,,,,,,,5479,,,,,,,0,,0,0,0,0,0,0,0,placeholders/placeholder-schole-1.png,,0,0,0,0,5535,,,
001V400000tPCfx,Arcadia Christian School,,,arcadia-christian-school-ca-91006,acsoffice@acslions.com,"+1 626 574 8229",,https://arcadiachristianschool.org/,1900 S. Santa Anita Ave.,,Arcadia,Los Angeles County,CA,"91006",US,34.11731460,-118.03048440,classical,arcadia-christian-school-ca-91006-fcapi-classicality-abstract.md,arcadia-christian-school-ca-91006-fcapi-classicality-audit.md,arcadia-christian-school-ca-91006-fcapi-classicality-audit.pdf,elementary-intermediate-secondary,Private School,Private,0,,,,,,,,,,,,,,,,,,,,,,,,,,,,,,0,,0,0,0,0,0,0,0,placeholders/placeholder-elementary-0.png,,0,0,0,0,380,,K-12,"K, 1st, 2nd, 3rd, 4th, 5th, 6th, 7th, 8th, 9th, 10th, 11th, 12th"
001V400000tPKDM,Archangels Academy,,,archangels-academy-il-60180,,"+1 513 482 9229",,https://www.thearchangelsacademy.com/,6506 National Street,,Union,McHenry County,IL,"60180",US,42.23416560,-88.53743430,somewhat-classical,archangels-academy-il-60180-fcapi-classicality-abstract.md,archangels-academy-il-60180-fcapi-classicality-audit.md,archangels-academy-il-60180-fcapi-classicality-audit.pdf,elementary-intermediate-secondary,Private School,Private,0,,,,,,,,,,,,,,,,,,,,,,,,,,,,,,0,,0,0,0,0,0,0,0,placeholders/placeholder-elementary-1.png,,0,0,0,0,381,,PK-12,"Pre-K, K, 1st, 2nd, 3rd, 4th, 5th, 6th, 7th, 8th, 9th, 10th, 11th, 12th"
001V400000tPCfy,Archbishop Carroll F Carroll High School,,,archbishop-carroll-f-carroll-high-school-fl-33196,,"+1 305 388 6700",,https://www.archbishopcolemancarroll.org/,10300 SW 167th Ave.,,Miami,Miami-Dade County,FL,"33196",US,25.67074480,-80.46680390,classical,archbishop-carroll-f-carroll-high-school-fl-33196-fcapi-classicality-abstract.md,archbishop-carroll-f-carroll-high-school-fl-33196-fcapi-classicality-audit.md,archbishop-carroll-f-carroll-high-school-fl-33196-fcapi-classicality-audit.pdf,secondary,Private School,Private,0,,,,,,,,,,,,,,,,,,,,,,,,,,,,,,0,,0,0,0,0,0,0,0,placeholders/placeholder-secondary-5.png,,0,0,0,0,382,,9-12,"9th, 10th, 11th, 12th"
001V400000tPKDO,Archbishop McCarthy High School,,,archbishop-mccarthy-high-school-fl-33330,,"+1 954 434 8820",,https://www.mccarthyhigh.net/,5451 S. Flamingo Rd.,,Southwest Ranches,Broward County,FL,"33330",US,26.05134640,-80.31455130,somewhat-classical,archbishop-mccarthy-high-school-fl-33330-fcapi-classicality-abstract.md,archbishop-mccarthy-high-school-fl-33330-fcapi-classicality-audit.md,archbishop-mccarthy-high-school-fl-33330-fcapi-classicality-audit.pdf,secondary,Private School,Private,0,,,,,,,,,,,,,,,,,,,,,,,,,,,,,,0,,0,0,0,0,0,0,0,placeholders/placeholder-secondary-7.png,,0,0,0,0,384,,9-12,"9th, 10th, 11th, 12th"
001V400000tPCfz,Archbishop Rummel High School,,,archbishop-rummel-high-school-la-70001,,"+1 504 834 5592",,https://www.rummelraiders.com/,1901 Severn Ave.,,Metairie,Jefferson Parish,LA,"70001",US,29.99002430,-90.15932230,classical,archbishop-rummel-high-school-la-70001-fcapi-classicality-abstract.md,archbishop-rummel-high-school-la-70001-fcapi-classicality-audit.md,archbishop-rummel-high-school-la-70001-fcapi-classicality-audit.pdf,secondary,Private School,Private,0,,,,,,,,,,,,,,,,,,,,,,,,,,,,,,0,,0,0,0,0,0,0,0,placeholders/placeholder-secondary-8.png,,0,0,0,0,385,,9-12,"9th, 10th, 11th, 12th"
001V400000tPCg0,Arche Classical Academy,,,arche-classical-academy-pa-17013,office@archeclassicalacademy.com,"+1 717 996 4379",,https://archeclassicalacademy.com,705 Glendale St.,,Carlisle,Cumberland County,PA,"17013",US,40.18965940,-77.20695970,classical,arche-classical-academy-pa-17013-fcapi-classicality-abstract.md,arche-classical-academy-pa-17013-fcapi-classicality-audit.md,arche-classical-academy-pa-17013-fcapi-classicality-audit.pdf,elementary-intermediate,,,0,,,,,,,,,,,,,,,,,,,,,,,,,,,,,,0,,0,0,0,0,0,0,0,placeholders/placeholder-elementary-5.png,,0,0,0,0,3124,,PK-9,"Pre-K, K, 1st, 2nd, 3rd, 4th, 5th, 6th, 7th, 8th, 9th"
001V400000tPCg1,Archway Classical Academy - Arete,001V400000tOBYR,Great Hearts America,archway-classical-academy-arete-az-85234,cmacias@areteprepacademy.org,"+1 480 222 4233",,https://archwayarete.greatheartsamerica.org/,4525 East Baseline Rd.,23276 North 83rd Avenue,Gilbert,Maricopa County,AZ,"85234",US,33.37870340,-111.73638370,classical,archway-classical-academy-arete-az-85234-fcapi-classicality-abstract.md,archway-classical-academy-arete-az-85234-fcapi-classicality-audit.md,archway-classical-academy-arete-az-85234-fcapi-classicality-audit.pdf,elementary,Charter,Public,0,,,,,,,,,,,,,,,,,,,,,,,157,,,,,,,0,,0,0,0,0,0,0,0,placeholders/placeholder-elementary-7.png,,0,0,0,0,143,,K-5,"K, 1st, 2nd, 3rd, 4th, 5th"
001V400000tPCg2,Archway Classical Academy - Arlington,001V400000tOBYR,Great Hearts America,archway-classical-academy-arlington-tx-76001,,"+1 817 260 0890",,https://arlington.greatheartsamerica.org/,6701 S Cooper St,,Arlington,Tarrant County,TX,"76001",US,32.63584930,-97.13425510,classical,archway-classical-academy-arlington-tx-76001-fcapi-classicality-abstract.md,archway-classical-academy-arlington-tx-76001-fcapi-classicality-audit.md,archway-classical-academy-arlington-tx-76001-fcapi-classicality-audit.pdf,elementary-intermediate,Charter,Public,0,,,,,,,,,,,,,,,,,,,,,,,157,,,,,,,0,,0,0,0,0,0,0,0,placeholders/placeholder-elementary-8.png,,0,0,0,0,154,,K-9,"K, 1st, 2nd, 3rd, 4th, 5th, 6th, 7th, 8th, 9th"
001V400000tPCg3,Archway Classical Academy - Chandler,001V400000tOBYR,Great Hearts America,archway-classical-academy-chandler-az-85224,enrollment@archwaychandler.org,"+1 480 855 6474",,https://archwaychandler.greatheartsamerica.org/,1951 N. Alma School Rd.,,Chandler,Maricopa County,AZ,"85224",US,33.33403910,-111.85712840,classical,archway-classical-academy-chandler-az-85224-fcapi-classicality-abstract.md,archway-classical-academy-chandler-az-85224-fcapi-classicality-audit.md,archway-classical-academy-chandler-az-85224-fcapi-classicality-audit.pdf,elementary,Charter,Public,0,,525,,,,,,,,,,,,,,,,,,,,,157,,,,,,,0,,0,0,0,0,0,0,0,placeholders/placeholder-elementary-9.png,,0,0,0,0,144,,K-5,"K, 1st, 2nd, 3rd, 4th, 5th"
001V400000tPCg4,Archway Classical Academy - Cicero,001V400000tOBYR,Great Hearts America,archway-classical-academy-cicero-az-85250,lbuchanan@ciceroprep.org,"+1 480 424 1790",,https://archwaycicero.greatheartsamerica.org/,7205 N. Pima Rd.,,Cicero,Cook County,AZ,"85250",US,33.54173210,-111.89090690,classical,archway-classical-academy-cicero-az-85250-fcapi-classicality-abstract.md,archway-classical-academy-cicero-az-85250-fcapi-classicality-audit.md,archway-classical-academy-cicero-az-85250-fcapi-classicality-audit.pdf,elementary,Charter,,0,,427,,,,,,,,,,,,,,,,,,,,,157,,,,,,,0,,1,0,0,1,0,0,0,placeholders/placeholder-elementary-0.png,,0,0,0,0,145,,K-5,"K, 1st, 2nd, 3rd, 4th, 5th"
001V400000tPCg5,Archway Classical Academy - Glendale,001V400000tOBYR,Great Hearts America,archway-classical-academy-glendale-az-85383,,"+1 623 866 4710",,https://archwayglendale.greatheartsamerica.org/,23276 N 83rd Ave,,Peoria,,AZ,"85383",US,33.69509440,-112.23862070,classical,archway-classical-academy-glendale-az-85383-fcapi-classicality-abstract.md,archway-classical-academy-glendale-az-85383-fcapi-classicality-audit.md,archway-classical-academy-glendale-az-85383-fcapi-classicality-audit.pdf,elementary,,,0,,,,,,,,,,,,,,,,,,,,,,,157,,,,,,,0,,0,0,0,0,0,0,0,placeholders/placeholder-elementary-1.png,,0,0,0,0,5155,,K-5,"K, 1st, 2nd, 3rd, 4th, 5th"
001V400000tPCg6,Archway Classical Academy - Lincoln,001V400000tOBYR,Great Hearts America,archway-classical-academy-lincoln-az-85286,,"+1 480 424 1798",,https://archwaylincoln.greatheartsamerica.org/,2250 S. Gilbert Rd,,Chandler,,AZ,"85286",US,33.27404490,-111.79239430,classical,archway-classical-academy-lincoln-az-85286-fcapi-classicality-abstract.md,archway-classical-academy-lincoln-az-85286-fcapi-classicality-audit.md,archway-classical-academy-lincoln-az-85286-fcapi-classicality-audit.pdf,elementary,,,0,,,,,,,,,,,,,,,,,,,,,,,157,,,,,,,0,,0,0,0,0,0,0,0,placeholders/placeholder-elementary-2.png,,0,0,0,0,5156,,K-5,"K, 1st, 2nd, 3rd, 4th, 5th"
001V400000tPCg7,Archway Classical Academy - North Phoenix,001V400000tOBYR,Great Hearts America,archway-classical-academy-north-phoenix-az-85032,vwilliams@archwaynorthphoenix.org,"+1 602 996 4355",,https://archwaynorthphoenix.greatheartsamerica.org/,14100 N 32nd St.,,Phoenix,Maricopa County,AZ,"85032",US,33.61634220,-112.01447520,classical,archway-classical-academy-north-phoenix-az-85032-fcapi-classicality-abstract.md,archway-classical-academy-north-phoenix-az-85032-fcapi-classicality-audit.md,archway-classical-academy-north-phoenix-az-85032-fcapi-classicality-audit.pdf,elementary,Charter,Public,0,,712,,,,,,,,,,,,,,,,,,,,,157,,,,,,,0,,1,0,0,1,0,0,0,placeholders/placeholder-elementary-3.png,,0,0,0,0,147,,K-5,"K, 1st, 2nd, 3rd, 4th, 5th"
001V400000tPCg8,Archway Classical Academy - Scottsdale,001V400000tOBYR,Great Hearts America,archway-classical-academy-scottsdale-az-85260,,"+1 480 776 0413",,https://archwayscottsdale.greatheartsamerica.org/,16648 N. 94th Street,,Scottsdale,,AZ,"85260",US,33.63547930,-111.88014750,classical,archway-classical-academy-scottsdale-az-85260-fcapi-classicality-abstract.md,archway-classical-academy-scottsdale-az-85260-fcapi-classicality-audit.md,archway-classical-academy-scottsdale-az-85260-fcapi-classicality-audit.pdf,elementary,,,0,,,,,,,,,,,,,,,,,,,,,,,157,,,,,,,0,,0,0,0,0,0,0,0,placeholders/placeholder-elementary-4.png,,0,0,0,0,5153,,K-5,"K, 1st, 2nd, 3rd, 4th, 5th"
001V400000tPCg9,Archway Classical Academy - Trivium West,001V400000tOBYR,Great Hearts America,archway-classical-academy-trivium-west-az-85395,karchambault@archwaytrivium.org,"+1 623 414 4883",,https://archwaytrivium.greatheartsamerica.org/,2001 N. Bullard Ave.,,Goodyear,Maricopa County,AZ,"85395",US,33.46982120,-112.37422020,classical,archway-classical-academy-trivium-west-az-85395-fcapi-classicality-abstract.md,archway-classical-academy-trivium-west-az-85395-fcapi-classicality-audit.md,archway-classical-academy-trivium-west-az-85395-fcapi-classicality-audit.pdf,elementary,Charter,Public,0,,883,,,,,,,,,,,,,,,,,,,,,157,,,,,,,0,,1,0,0,1,0,0,0,placeholders/placeholder-elementary-5.png,,0,0,0,0,148,,K-5,"K, 1st, 2nd, 3rd, 4th, 5th"
001V400000tPCgA,Archway Classical Academy - Veritas,001V400000tOBYR,Great Hearts America,archway-classical-academy-veritas-az-85018,pdelduca@archwayveritas.org,"+1 480 381 1030",,https://archwayveritas.greatheartsamerica.org/,3102 North 56th Street,,Phoenix,Maricopa County,AZ,"85018",US,33.48422130,-111.96226800,classical,archway-classical-academy-veritas-az-85018-fcapi-classicality-abstract.md,archway-classical-academy-veritas-az-85018-fcapi-classicality-audit.md,archway-classical-academy-veritas-az-85018-fcapi-classicality-audit.pdf,elementary,Charter,Public,0,,715,,,,,,,,,,,,,,,,,,,,,157,,,,,,,0,,0,0,0,0,0,0,0,placeholders/placeholder-elementary-6.png,,0,0,0,0,149,,K-5,"K, 1st, 2nd, 3rd, 4th, 5th"
001V400000tPKDY,Arete Preparatory,001V400000tOBYR,Great Hearts America,arete-preparatory-az-85234,,"+1 480 222 4233",,https://areteprepacademy.greatheartsamerica.org/,4525 E. Baseline Rd,,Gilbert,,AZ,"85234",US,33.37870340,-111.73638370,classical,arete-preparatory-az-85234-fcapi-classicality-abstract.md,arete-preparatory-az-85234-fcapi-classicality-audit.md,arete-preparatory-az-85234-fcapi-classicality-audit.pdf,intermediate-secondary,,,0,,,,,,,,,,,,,,,,,,,,,,,157,,,,,,,0,,0,0,0,0,0,0,0,placeholders/placeholder-intermediate-4.png,,0,0,0,0,5151,,6-12,"6th, 7th, 8th, 9th, 10th, 11th, 12th"
001V400000tPCgB,Arise Classical Academy,,,arise-classical-academy-pa-15143,headofschool@ariseclassicalacademy.com,"+1 412 600 3579",,https://ariseclassicalacademy.com/,327 Broad St.,,Sewickley,Allegheny County,PA,"15143",US,40.53888370,-80.18251270,classical,arise-classical-academy-pa-15143-fcapi-classicality-abstract.md,arise-classical-academy-pa-15143-fcapi-classicality-audit.md,arise-classical-academy-pa-15143-fcapi-classicality-audit.pdf,secondary,Private School,Private,0,,,,,,,,,,,,,,,,,,,,,,,,,,,,,,0,,0,0,0,0,0,0,0,placeholders/placeholder-elementary-1.png,,0,0,0,0,396,,9-11,"9th, 10th, 11th"
001V400000tPCgC,Aristoi Classical Academy,,,aristoi-classical-academy-tx-77493,,"+1 281 391 5003",,http://aristoiclassical.org,5610 Morton Road,,Katy,,TX,"77493",US,29.81849590,-95.81593630,classical,aristoi-classical-academy-tx-77493-fcapi-classicality-abstract.md,aristoi-classical-academy-tx-77493-fcapi-classicality-audit.md,aristoi-classical-academy-tx-77493-fcapi-classicality-audit.pdf,elementary-intermediate-secondary,,,0,,,,,,,,,,,,,,,,,,,,,,,,,,,,,,0,,0,0,0,0,0,0,0,placeholders/placeholder-elementary-2.png,,0,0,0,0,5272,,,
001V400000tPKwk,Aristoi Classical Academy of Cypress,,,aristoi-classical-academy-cypress-tx-77070,,"",,https://www.aristoiclassical.org/ac/,12332 Perry Road,,Houston,Harris County,TX,"77070",US,29.95230550,-95.56361540,somewhat-classical,aristoi-classical-academy-cypress-tx-77070-fcapi-classicality-abstract.md,aristoi-classical-academy-cypress-tx-77070-fcapi-classicality-audit.md,aristoi-classical-academy-cypress-tx-77070-fcapi-classicality-audit.pdf,elementary-intermediate,,,0,,,,,,,,,,,,,,,,,,,,,,,,,,,,,,0,,0,0,0,0,0,0,0,placeholders/placeholder-elementary-3.png,,0,0,0,0,5119,,K-8,"K, 1st, 2nd, 3rd, 4th, 5th, 6th, 7th, 8th"
001V400000tPCgH,Arlington Classics Academy,,,arlington-classics-academy-tx-76016,,"+1 817 987 1819",,https://www.acaedu.net/,2800 West Arkansas Lane,,Arlington,Tarrant County,TX,"76016",US,32.70654170,-97.15342660,classical,arlington-classics-academy-tx-76016-fcapi-classicality-abstract.md,arlington-classics-academy-tx-76016-fcapi-classicality-audit.md,arlington-classics-academy-tx-76016-fcapi-classicality-audit.pdf,elementary-intermediate,Charter,Public,0,,,,,,,,,,,,,,,,,,,,,,,,,,,,,,0,,0,0,0,0,0,0,0,placeholders/placeholder-elementary-7.png,,0,0,0,0,398,,K-8,"K, 1st, 2nd, 3rd, 4th, 5th, 6th, 7th, 8th"
001V400000tPCgI,Arma Dei Academy,,,arma-dei-academy-co-80126,communications@armadeiacademy.com,"+1 303 346 4523",,https://armadeiacademy.com/,345 E Wildcat Reserve Pkwy,,Highlands Ranch,Douglas County,CO,"80126",US,39.52818960,-104.98582400,classical,arma-dei-academy-co-80126-fcapi-classicality-abstract.md,arma-dei-academy-co-80126-fcapi-classicality-audit.md,arma-dei-academy-co-80126-fcapi-classicality-audit.pdf,elementary-intermediate-secondary,Private School,Private,0,,,,,,,,,,,,,,,,,,,,,,,,,,,,,,0,,0,0,0,0,0,0,0,placeholders/placeholder-elementary-8.png,,0,0,0,0,399,,PK-12,"Pre-K, K, 1st, 2nd, 3rd, 4th, 5th, 6th, 7th, 8th, 9th, 10th, 11th, 12th"
001V400000tPCgJ,Armis Dei Classical Christian Academy,,,armis-dei-classical-christian-academy-wi-54501,armisdeischool@gmail.com,"+1 920 602 4740",,https://www.armisdeiacademy.org/,1360 N Stevens St,,Rhinelander,,WI,"54501",US,45.63662280,-89.41207530,classical,armis-dei-classical-christian-academy-wi-54501-fcapi-classicality-abstract.md,armis-dei-classical-christian-academy-wi-54501-fcapi-classicality-audit.md,armis-dei-classical-christian-academy-wi-54501-fcapi-classicality-audit.pdf,elementary-intermediate,Private School,Private School,0,,38,,,,,,,,,,,,,,,,,,,,,,,,,,,,1,,1,0,0,0,0,0,0,placeholders/placeholder-elementary-9.png,,0,0,0,0,400,,PK-8,"Pre-K, K, 1st, 2nd, 3rd, 4th, 5th, 6th, 7th, 8th"
001V400000tPCgK,"Arrow Classical Academy, A Scholé Community",001V400000tOZKD,Schole Communities,arrow-classical-academy-schole-community-dacula-ga,arrowclassical@gmail.com,"",,https://www.facebook.com/arrowclassical?mibextid=LQQJ4d,,,Dacula,,GA,"",US,33.98871650,-83.89795730,classical,arrow-classical-academy-schole-community-dacula-ga-fcapi-classicality-abstract.md,arrow-classical-academy-schole-community-dacula-ga-fcapi-classicality-audit.md,arrow-classical-academy-schole-community-dacula-ga-fcapi-classicality-audit.pdf,elementary-intermediate-secondary,,,0,,,,,,,,,,,,,,,,,,,,,,,5479,,,,,,,0,,0,0,0,0,0,0,0,placeholders/placeholder-schole-1.png,,0,0,0,0,5510,,,
001V400000tPCgL,Arrow Classical Education,,,arrow-classical-education-ky-42420,info@fbchenderson.org,"+1 270 826 2332",,https://fbchenderson.org/ministries/arrow-classical-education,307 Center St,,Henderson,,KY,"42420",US,37.83816940,-87.59105450,classical,arrow-classical-education-ky-42420-fcapi-classicality-abstract.md,arrow-classical-education-ky-42420-fcapi-classicality-audit.md,arrow-classical-education-ky-42420-fcapi-classicality-audit.pdf,elementary,Private School,Private School,0,,30,,,,,,,,,,,,,,,,,,,,,,,,,,,,1,,1,0,1,0,0,0,0,placeholders/placeholder-elementary-1.png,,0,0,0,0,402,,K-3,"K, 1st, 2nd, 3rd"
001V400000tPCgM,Arrows Christian Academy,,,arrows-christian-academy-az-85286,,"+1 480 313 1559",,https://arrowschristian.org,11530 East Queen Creek Road,,Chandler,Maricopa County,AZ,"85286",US,33.26301150,-111.83403520,classical,arrows-christian-academy-az-85286-fcapi-classicality-abstract.md,arrows-christian-academy-az-85286-fcapi-classicality-audit.md,arrows-christian-academy-az-85286-fcapi-classicality-audit.pdf,intermediate-secondary,Private School,Private,0,,,,,,,,,,,,,,,,,,,,,,,,,,,,,,0,,0,0,0,0,0,0,0,placeholders/placeholder-intermediate-5.png,,0,0,0,0,403,,6-12,"6th, 7th, 8th, 9th, 10th, 11th, 12th"
001V400000tPCgN,Artesia Classical Academy,,,artesia-classical-academy-nm-88210,info@artesiaclassicalacademy.org,"+1 575 988 3240",,https://artesiaclassicalacademy.org/,2512 W Bush Ave,,Artesia,Eddy County,NM,"88210",US,32.85051600,-104.42810300,classical,artesia-classical-academy-nm-88210-fcapi-classicality-abstract.md,artesia-classical-academy-nm-88210-fcapi-classicality-audit.md,artesia-classical-academy-nm-88210-fcapi-classicality-audit.pdf,elementary-intermediate,Private School,Private,0,,,,,,,,,,,,,,,,,,,,,,,,,,,,,,0,,0,0,0,0,0,0,0,placeholders/placeholder-elementary-2.png,,0,0,0,0,404,,K-7,"K, 1st, 2nd, 3rd, 4th, 5th, 6th, 7th"
001V400000tPCgP,Asbury Classical School,,,asbury-classical-school-ok,,"+1 918 392 1128",,https://www.asburyclassical.org/,6767 S Mingo Rd,,Tulsa,,OK,"74133",US,36.06622610,-95.86638080,classical,asbury-classical-school-ok-fcapi-classicality-abstract.md,asbury-classical-school-ok-fcapi-classicality-audit.md,asbury-classical-school-ok-fcapi-classicality-audit.pdf,elementary,,,0,,,,,,,,,,,,,,,,,,,,,,,,,,,,,,0,,0,0,0,0,0,0,0,placeholders/placeholder-elementary-4.png,,0,0,0,0,3126,,K-3,"K, 1st, 2nd, 3rd"
001V400000tPCgQ,Ascension Classical School,,,ascension-classical-school-la-71105,dhoward.acsshreveport@gmail.com,"+1 318 946 8089",,https://www.ascensionclassicalschool.org/,10540 Norris Ferry Road,,Shreveport,Caddo Parish,LA,"71105",US,32.35367860,-93.71453970,classical,ascension-classical-school-la-71105-fcapi-classicality-abstract.md,ascension-classical-school-la-71105-fcapi-classicality-audit.md,ascension-classical-school-la-71105-fcapi-classicality-audit.pdf,elementary-intermediate-secondary,Private School,Private,0,,,,,,,,,,,,,,,,,,,,,,,,,,,,,,0,,0,0,0,0,0,0,0,placeholders/placeholder-elementary-5.png,,0,0,0,0,406,,K-10,"K, 1st, 2nd, 3rd, 4th, 5th, 6th, 7th, 8th, 9th, 10th"
001V400000tPCgR,Ascension Evangelical Lutheran School,,,ascension-evangelical-lutheran-school-in,office@alcsfw.org,"+1 260 486 2226",,https://alcsfw.org,8811 Saint Joe Rd,,Fort Wayne,,IN,"46835",US,41.16725210,-85.06555630,classical,ascension-evangelical-lutheran-school-in-fcapi-classicality-abstract.md,ascension-evangelical-lutheran-school-in-fcapi-classicality-audit.md,ascension-evangelical-lutheran-school-in-fcapi-classicality-audit.pdf,elementary-intermediate,,,0,,,,,,,,,,,,,,,,,,,,,,,,,,,,,,0,,0,0,0,0,0,0,0,placeholders/placeholder-elementary-6.png,,0,0,0,0,3127,,PK-8,"Pre-K, K, 1st, 2nd, 3rd, 4th, 5th, 6th, 7th, 8th"
001V400000tPCgS,Ascent Classical Academy of Fort Mill,001V400000tOZJg,Ascent Classical Academies,ascent-classical-academy-fort-mill-sc-29730,,"+1 839 293 6550",,https://fortmill.ascentclassicalsc.org/,505 University Dr,,Rock Hill,York County,SC,"29730",US,34.94407990,-81.00407160,classical,ascent-classical-academy-fort-mill-sc-29730-fcapi-classicality-abstract.md,ascent-classical-academy-fort-mill-sc-29730-fcapi-classicality-audit.md,ascent-classical-academy-fort-mill-sc-29730-fcapi-classicality-audit.pdf,elementary-intermediate-secondary,Charter,Public,0,,,,,,,,,,,,,,,,,,,,,,,5325,,,,,,,0,,0,0,0,0,0,0,0,placeholders/placeholder-elementary-9.png,,0,0,0,0,30,,K-12,"K, 1st, 2nd, 3rd, 4th, 5th, 6th, 7th, 8th, 9th, 10th, 11th, 12th"
001V400000tPCgV,Ascent Colorado Classical School of Douglas County,001V400000tOBYM,Ascent Colorado Classical Schools,ascent-colorado-classical-school-douglas-county-co-80124,dougco.office@ascentcolorado.org,"+1 720 531 8775",,https://dc.ascentcolorado.org/,10004 Park Meadows Dr.,,Lone Tree,Douglas County,CO,"80124",US,39.55163760,-104.87341370,classical,ascent-colorado-classical-school-douglas-county-co-80124-fcapi-classicality-abstract.md,ascent-colorado-classical-school-douglas-county-co-80124-fcapi-classicality-audit.md,ascent-colorado-classical-school-douglas-county-co-80124-fcapi-classicality-audit.pdf,elementary-intermediate-secondary,,,0,,,,,,,,,,,,,,,,,,,,,,,36,,,,,,,0,,0,0,0,0,0,0,0,placeholders/placeholder-elementary-1.png,,0,0,0,0,408,,K-12,"K, 1st, 2nd, 3rd, 4th, 5th, 6th, 7th, 8th, 9th, 10th, 11th, 12th"
001V400000tPCgW,Ascent Colorado Classical School of Grand Junction,001V400000tOBYM,Ascent Colorado Classical Schools,ascent-colorado-classical-school-grand-junction-co-81504,,"+1 970 812 0202",,https://gj.ascentcolorado.org/,545 31 Road,,Grand Junction,Mesa County,CO,"81504",US,39.08319660,-108.47968650,classical,ascent-colorado-classical-school-grand-junction-co-81504-fcapi-classicality-abstract.md,ascent-colorado-classical-school-grand-junction-co-81504-fcapi-classicality-audit.md,ascent-colorado-classical-school-grand-junction-co-81504-fcapi-classicality-audit.pdf,elementary-intermediate,Charter,Public,0,,,,,,,,,,,,,,,,,,,,,,,36,,,,,,,0,,0,0,0,0,0,0,0,placeholders/placeholder-elementary-2.png,,0,0,0,0,34,,K-9,"K, 1st, 2nd, 3rd, 4th, 5th, 6th, 7th, 8th, 9th"
001V400000tPCgX,Ascent Colorado Classical School of Northern Colorado,001V400000tOBYM,Ascent Colorado Classical Schools,ascent-colorado-classical-school-northern-colorado-co-80525,noco.info@ascentcolorado.org,"+1 970 545 6650",,https://nc.ascentcolorado.org/,2700 S Lemay Ave.,,Windsor,Larimer County,CO,"80525",US,40.55089490,-105.05501080,classical,ascent-colorado-classical-school-northern-colorado-co-80525-fcapi-classicality-abstract.md,ascent-colorado-classical-school-northern-colorado-co-80525-fcapi-classicality-audit.md,ascent-colorado-classical-school-northern-colorado-co-80525-fcapi-classicality-audit.pdf,elementary-intermediate-secondary,,,0,,,,,,,,,,,,,,,,,,,,,,,36,,,,,,,0,,0,0,0,0,0,0,0,placeholders/placeholder-elementary-3.png,,0,0,0,0,409,,K-12,"K, 1st, 2nd, 3rd, 4th, 5th, 6th, 7th, 8th, 9th, 10th, 11th, 12th"
001V400000tPKwr,Ascent Colorado Classical School of Northern Denver,001V400000tOBYM,Ascent Colorado Classical Schools,ascent-colorado-classical-school-northern-denver-co-80602,,"+1 720 501 5005",,https://nd.ascentcolorado.org/,5061 East 160th Avenue,,Brighton,Adams County,CO,"80602",US,39.98927050,-104.92755630,classical,ascent-colorado-classical-school-northern-denver-co-80602-fcapi-classicality-abstract.md,ascent-colorado-classical-school-northern-denver-co-80602-fcapi-classicality-audit.md,ascent-colorado-classical-school-northern-denver-co-80602-fcapi-classicality-audit.pdf,elementary-intermediate,Charter,Public,0,,,,,,,,,,,,,,,,,,,,,,,36,,,,,,,0,,0,0,0,0,0,0,0,placeholders/placeholder-elementary-4.png,,0,0,0,0,35,,K-8,"K, 1st, 2nd, 3rd, 4th, 5th, 6th, 7th, 8th"
001V400000tPCgZ,Aspen Academy,,,aspen-academy-mn-55378,office@aspenacademymn.org,"+1 952 226 5940",,https://aspenacademymn.org/,14825 Zinran Ave.,,Savage,Scott County,MN,"55378",US,44.73457170,-93.38470720,classical,aspen-academy-mn-55378-fcapi-classicality-abstract.md,aspen-academy-mn-55378-fcapi-classicality-audit.md,aspen-academy-mn-55378-fcapi-classicality-audit.pdf,elementary-intermediate-secondary,Charter,Public,0,,,,,,,,,,,,,,,,,,,,,,,,,,,,,,0,,0,0,0,0,0,0,0,placeholders/placeholder-elementary-6.png,,0,0,0,0,410,,K-12,"K, 1st, 2nd, 3rd, 4th, 5th, 6th, 7th, 8th, 9th, 10th, 11th, 12th"
001V400000tPKwv,Assumption Catholic School,,,assumption-catholic-school-wi-54494,azacher@assumptioncatholicschools.org,"+1 715 422 0902",,https://assumptioncatholicschools.org/,445 Chestnut St,,Wisconsin Rapids,Wood County,WI,"54494",US,44.38420100,-89.82525070,somewhat-classical,assumption-catholic-school-wi-54494-fcapi-classicality-abstract.md,assumption-catholic-school-wi-54494-fcapi-classicality-audit.md,assumption-catholic-school-wi-54494-fcapi-classicality-audit.pdf,elementary-intermediate-secondary,Private School,Private,0,,,,,,,,,,,,,,,,,,,,,,,,,,,,,,0,,0,0,0,0,0,0,0,placeholders/placeholder-elementary-8.png,,0,0,0,0,414,,K-12,"K, 1st, 2nd, 3rd, 4th, 5th, 6th, 7th, 8th, 9th, 10th, 11th, 12th"
001V400000tPCga,Atlanta Classical Academy,,Liberty Classical Schools,atlanta-classical-academy-ga-30305,info@atlantaclassical.org,"+1 404 369 3500",,https://atlantaclassical.org/,3260 Northside Dr.,,Atlanta,Fulton County,GA,"30305",US,33.84356240,-84.40789640,classical,atlanta-classical-academy-ga-30305-fcapi-classicality-abstract.md,atlanta-classical-academy-ga-30305-fcapi-classicality-audit.md,atlanta-classical-academy-ga-30305-fcapi-classicality-audit.pdf,elementary-intermediate-secondary,Charter,Public,0,,,,,,,,,,,,,,,,,,,,,,,,,,,,,,0,,0,0,0,0,0,0,0,placeholders/placeholder-elementary-0.png,,0,0,0,0,416,,K-12,"K, 1st, 2nd, 3rd, 4th, 5th, 6th, 7th, 8th, 9th, 10th, 11th, 12th"
001V400000tPCgb,Atlanta Youth Academy,,,atlanta-youth-academy-ga-30315,,"+1 404 370 1960",,https://www.atlantayouthacademy.com/,2120 Forrest Park Rd.,,Atlanta,Fulton County,GA,"30315",US,33.69531690,-84.35882010,classical,atlanta-youth-academy-ga-30315-fcapi-classicality-abstract.md,atlanta-youth-academy-ga-30315-fcapi-classicality-audit.md,atlanta-youth-academy-ga-30315-fcapi-classicality-audit.pdf,elementary-intermediate-secondary,Private School,Private,0,,,,,,,,,,,,,,,,,,,,,,,,,,,,,,0,,0,0,0,0,0,0,0,placeholders/placeholder-elementary-1.png,,0,0,0,0,417,,K-12,"K, 1st, 2nd, 3rd, 4th, 5th, 6th, 7th, 8th, 9th, 10th, 11th, 12th"
001V400000tPCgc,Atonement Academy,,,atonement-academy-pa-19144,info@atonementacademy.org,"+1 267 389 0350",,https://atonementacademy.org/,6100 Greene Street,,Philadelphia,Philadelphia County,PA,"19144",US,40.03745820,-75.18239620,classical,atonement-academy-pa-19144-fcapi-classicality-abstract.md,atonement-academy-pa-19144-fcapi-classicality-audit.md,atonement-academy-pa-19144-fcapi-classicality-audit.pdf,elementary-intermediate-secondary,Private School,Private,0,,,,,,,,,,,,,,,,,,,,,,,,,,,,,,0,,0,0,0,0,0,0,0,placeholders/placeholder-elementary-4.png,,0,0,0,0,420,,K-12,"K, 1st, 2nd, 3rd, 4th, 5th, 6th, 7th, 8th, 9th, 10th, 11th, 12th"
001V400000tPCgd,Auburn Classical Academy,,,auburn-classical-academy-al-36801,,"+1 334 821 7081",,https://www.auburnclassicalacademy.com/,1901 B Waverly Parkway,,Opelika,Lee County,AL,"36801",US,32.64722690,-85.40276610,classical,auburn-classical-academy-al-36801-fcapi-classicality-abstract.md,auburn-classical-academy-al-36801-fcapi-classicality-audit.md,auburn-classical-academy-al-36801-fcapi-classicality-audit.pdf,elementary-intermediate,Private School,Private,0,,,,,,,,,,,,,,,,,,,,,,,,,,,,,,0,,0,0,0,0,0,0,0,placeholders/placeholder-elementary-6.png,,0,0,0,0,422,,K-8,"K, 1st, 2nd, 3rd, 4th, 5th, 6th, 7th, 8th"
001V400000tPCge,Augustine Christian Academy,,,augustine-christian-academy-ok-74114,office@acatulsa.org,"+1 918 832 4600",,https://acatulsa.org/,6310 E 30th St.,,Tulsa,Tulsa County,OK,"74114",US,36.12086230,-95.90550830,classical,augustine-christian-academy-ok-74114-fcapi-classicality-abstract.md,augustine-christian-academy-ok-74114-fcapi-classicality-audit.md,augustine-christian-academy-ok-74114-fcapi-classicality-audit.pdf,elementary-intermediate-secondary,Private School,Private,0,,,,,,,,,,,,,,,,,,,,,,,,,,,,,,0,,0,0,0,0,0,0,0,placeholders/placeholder-elementary-9.png,,0,0,0,0,425,,K-12,"K, 1st, 2nd, 3rd, 4th, 5th, 6th, 7th, 8th, 9th, 10th, 11th, 12th"
001V400000tPCgf,Augustine Classical Academy,,,augustine-classical-academy-ny-12118,admin@augustineca.org,"+1 518 687 0468",,https://augustineca.org/,7 North Main St.,,Mechanicville,Saratoga County,NY,"12118",US,42.90354150,-73.68684380,classical,augustine-classical-academy-ny-12118-fcapi-classicality-abstract.md,augustine-classical-academy-ny-12118-fcapi-classicality-audit.md,augustine-classical-academy-ny-12118-fcapi-classicality-audit.pdf,elementary-intermediate-secondary,Private School,Private,0,,,,,,,,,,,,,,,,,,,,,,,,,,,,,,0,,0,0,0,0,0,0,0,placeholders/placeholder-elementary-0.png,,0,0,0,0,426,,K-12,"K, 1st, 2nd, 3rd, 4th, 5th, 6th, 7th, 8th, 9th, 10th, 11th, 12th"
001V400000tPCgg,Augustine Classical Academy,,,augustine-classical-academy-co-80226,info@augustineclassical.org,"+1 720 446 6286",,https://augustineclassical.org,480 S. Kipling Street,,Lakewood,,CO,"80226",US,39.70759350,-105.10867390,classical,augustine-classical-academy-co-80226-fcapi-classicality-abstract.md,augustine-classical-academy-co-80226-fcapi-classicality-audit.md,augustine-classical-academy-co-80226-fcapi-classicality-audit.pdf,elementary-intermediate-secondary,,,0,,,,,,,,,,,,,,,,,,,,,,,,,,,,,,0,,0,0,0,0,0,0,0,placeholders/placeholder-elementary-1.png,,0,0,0,0,3128,,PK-12,"Pre-K, K, 1st, 2nd, 3rd, 4th, 5th, 6th, 7th, 8th, 9th, 10th, 11th, 12th"
001V400000tPCgi,Augustine School,,,augustine-school-tn-38305,dnelson@augustineschool.com,"+1 731 414 4401",,https://augustineschool.com/,1171 Old Humboldt Rd.,,Jackson,Madison County,TN,"38305",US,35.72007020,-88.86267990,classical,augustine-school-tn-38305-fcapi-classicality-abstract.md,augustine-school-tn-38305-fcapi-classicality-audit.md,augustine-school-tn-38305-fcapi-classicality-audit.pdf,elementary-intermediate-secondary,Private School,Private,0,,,,,,,,,,,,,,,,,,,,,,,,,,,,,,0,,0,0,0,0,0,0,0,placeholders/placeholder-elementary-2.png,,0,0,0,0,427,,PK-12,"Pre-K, K, 1st, 2nd, 3rd, 4th, 5th, 6th, 7th, 8th, 9th, 10th, 11th, 12th"
001V400000tPCgj,Austin Classical School,,,austin-classical-school-tx-78720,info@austinclassical.org,"+1 830 237 2937",,https://austinclassical.org/,PO Box 200490,,Austin,Travis County,TX,"78720",US,30.39924880,-97.75185610,classical,austin-classical-school-tx-78720-fcapi-classicality-abstract.md,austin-classical-school-tx-78720-fcapi-classicality-audit.md,austin-classical-school-tx-78720-fcapi-classicality-audit.pdf,elementary-intermediate-secondary,Private School,Private,0,,,,,,,,,,,,,,,,,,,,,,,,,,,,,,0,,0,0,0,0,0,0,0,placeholders/placeholder-elementary-4.png,,0,0,0,0,429,,K-12,"K, 1st, 2nd, 3rd, 4th, 5th, 6th, 7th, 8th, 9th, 10th, 11th, 12th"
001V400000tPCgk,Awakening Academy,,,awakening-academy-ri-02917,,"",,https://awakeningacademy.com/,1 New England Way,,Smithfield,,RI,"02917",US,41.91253340,-71.51379300,classical,awakening-academy-ri-02917-fcapi-classicality-abstract.md,awakening-academy-ri-02917-fcapi-classicality-audit.md,awakening-academy-ri-02917-fcapi-classicality-audit.pdf,elementary-intermediate,Private School,Private School,0,,,,,,,,,,,,,,,,,,,,,,,,,,,,,,1,,1,0,1,1,0,0,0,placeholders/placeholder-elementary-9.png,,0,0,0,0,434,,K-6,"K, 1st, 2nd, 3rd, 4th, 5th, 6th"
001V400000tPCgl,Axiom Christian Classical School,,,axiom-christian-classical-school-nm-87106,stacy.irvine@axiomclassical.org,"+1 505 948 3022",,https://www.axiomclassical.org/,1404 Lead Avenue Southeast,,Albuquerque,Bernalillo County,NM,"87106",US,35.07866220,-106.63159920,classical,axiom-christian-classical-school-nm-87106-fcapi-classicality-abstract.md,axiom-christian-classical-school-nm-87106-fcapi-classicality-audit.md,axiom-christian-classical-school-nm-87106-fcapi-classicality-audit.pdf,elementary-intermediate-secondary,Private School,Private,0,,,,,,,,,,,,,,,,,,,,,,,,,,,,,,0,,0,0,0,0,0,0,0,placeholders/placeholder-elementary-1.png,,0,0,0,0,436,,K-12,"K, 1st, 2nd, 3rd, 4th, 5th, 6th, 7th, 8th, 9th, 10th, 11th, 12th"
001V400000tPCgn,BRAVE Academy,,,brave-academy-co-80113,info@braveacademy.org,"+1 720 740 2424",,https://braveacademy.online/ba/,3651 S Colorado Blvd.,,Englewood,Arapahoe County,CO,"80113",US,39.65000510,-104.94263350,classical,brave-academy-co-80113-fcapi-classicality-abstract.md,brave-academy-co-80113-fcapi-classicality-audit.md,brave-academy-co-80113-fcapi-classicality-audit.pdf,elementary-intermediate-secondary,Private School,Private,0,,,,,,,,,,,,,,,,,,,,,,,,,,,,,,0,,0,0,0,0,0,0,0,placeholders/placeholder-elementary-5.png,,0,0,0,0,530,,K-12,"K, 1st, 2nd, 3rd, 4th, 5th, 6th, 7th, 8th, 9th, 10th, 11th, 12th"
001V400000tPCgo,Back Creek Christian Academy,,,back-creek-christian-academy-nc-28215,,"+1 704 549 4101",,http://bccaschool.org,10132-A Harrisburg Rd,,Charlotte,,NC,"28215",US,35.24448220,-80.65997260,classical,back-creek-christian-academy-nc-28215-fcapi-classicality-abstract.md,back-creek-christian-academy-nc-28215-fcapi-classicality-audit.md,back-creek-christian-academy-nc-28215-fcapi-classicality-audit.pdf,elementary-intermediate-secondary,,,0,,,,,,,,,,,,,,,,,,,,,,,,,,,,,,0,,0,0,0,0,0,0,0,placeholders/placeholder-elementary-6.png,,0,0,0,0,5182,,,
001V400000tPCgp,Bakersfield Christian High School,,,bakersfield-christian-high-school-ca-93314,admissions@bakersfieldchristian.com,"+1 661 410 7000",,https://bakersfieldchristian.com/,12775 Stockdale Highway,,Bakersfield,Kern County,CA,"93314",US,35.35269630,-119.14401810,classical,bakersfield-christian-high-school-ca-93314-fcapi-classicality-abstract.md,bakersfield-christian-high-school-ca-93314-fcapi-classicality-audit.md,bakersfield-christian-high-school-ca-93314-fcapi-classicality-audit.pdf,secondary,Private School,Private,0,,,,,,,,,,,,,,,,,,,,,,,,,,,,,,0,,0,0,0,0,0,0,0,placeholders/placeholder-secondary-0.png,,0,0,0,0,439,,9-12,"9th, 10th, 11th, 12th"
001V400000tPCgq,Baldwin Christian School,,,baldwin-christian-school-wi-54002,info@baldwinchristianschool.org,"+1 715 684 2656",,https://baldwinchristianschool.org/,896 Hwy 63,,Baldwin,St. Croix County,WI,"54002",US,44.99188990,-92.37519830,classical,baldwin-christian-school-wi-54002-fcapi-classicality-abstract.md,baldwin-christian-school-wi-54002-fcapi-classicality-audit.md,baldwin-christian-school-wi-54002-fcapi-classicality-audit.pdf,elementary-intermediate-secondary,Private School,Private,0,,,,,,,,,,,,,,,,,,,,,,,,,,,,,,0,,0,0,0,0,0,0,0,placeholders/placeholder-elementary-7.png,,0,0,0,0,440,,PK-12,"Pre-K, K, 1st, 2nd, 3rd, 4th, 5th, 6th, 7th, 8th, 9th, 10th, 11th, 12th"
001V400000tPCgr,Barrington Christian Academy,,,barrington-christian-academy-ri-02806,,"+1 937 708 6480",,https://www.bcacademy.org/,9 Old County Rd. .,,Barrington,Bristol County,RI,"02806",US,41.75588750,-71.32732280,classical,barrington-christian-academy-ri-02806-fcapi-classicality-abstract.md,barrington-christian-academy-ri-02806-fcapi-classicality-audit.md,barrington-christian-academy-ri-02806-fcapi-classicality-audit.pdf,elementary-intermediate-secondary,Private School,Private,0,,,,,,,,,,,,,,,,,,,,,,,,,,,,,,0,,0,0,0,0,0,0,0,placeholders/placeholder-elementary-9.png,,0,0,0,0,443,,K-12,"K, 1st, 2nd, 3rd, 4th, 5th, 6th, 7th, 8th, 9th, 10th, 11th, 12th"
001V400000tPCgs,Barry County Christian School Hastings,001V400000tOZJh,Barry County Christian Schools,barry-county-christian-school-hastings-mi-49058,office@bccsk12.com,"+1 269 948 2151",,https://bccsk12.com,2999 Mckeown Rd,,Hastings,,MI,"49058",US,42.61132420,-85.23510070,classical,barry-county-christian-school-hastings-mi-49058-fcapi-classicality-abstract.md,barry-county-christian-school-hastings-mi-49058-fcapi-classicality-audit.md,barry-county-christian-school-hastings-mi-49058-fcapi-classicality-audit.pdf,elementary-intermediate-secondary,,,0,,,,,,,,,,,,,,,,,,,,,,,444,,,,,,,0,,0,0,0,0,0,0,0,placeholders/placeholder-virtual-2.png,,0,0,0,0,3131,,K-12,"K, 1st, 2nd, 3rd, 4th, 5th, 6th, 7th, 8th, 9th, 10th, 11th, 12th"
001V400000tPCgt,Barry County Christian School Middleville,001V400000tOZJh,Barry County Christian Schools,barry-county-christian-school-middleville-mi-49316,office@bccsk12.com,"+1 269 948 2151",,https://bccsk12.com,4180 2nd St.,,Caledonia,,MI,"49316",US,42.72378810,-85.56656730,classical,barry-county-christian-school-middleville-mi-49316-fcapi-classicality-abstract.md,barry-county-christian-school-middleville-mi-49316-fcapi-classicality-audit.md,barry-county-christian-school-middleville-mi-49316-fcapi-classicality-audit.pdf,elementary,Private School,Private School,0,,55,,,,,,,,,,,,,,,,,,,,,444,,,,,,,1,,1,0,0,0,0,0,0,placeholders/placeholder-elementary-0.png,,0,0,0,0,37,,K-5,"K, 1st, 2nd, 3rd, 4th, 5th"
001V400000tPCgu,Barry County Christian School Woodland,001V400000tOZJh,Barry County Christian Schools,barry-county-christian-school-woodland-mi-48897,office@bccsk12.com,"+1 269 948 2151",,https://bccsk12.com,10005 E. Barnum Rd.,,Woodland,,MI,"48897",US,42.71324590,-85.09406900,classical,barry-county-christian-school-woodland-mi-48897-fcapi-classicality-abstract.md,barry-county-christian-school-woodland-mi-48897-fcapi-classicality-audit.md,barry-county-christian-school-woodland-mi-48897-fcapi-classicality-audit.pdf,elementary-intermediate-secondary,,,0,,,,,,,,,,,,,,,,,,,,,,,444,,,,,,,0,,0,0,0,0,0,0,0,placeholders/placeholder-virtual-0.png,,0,0,0,0,5326,,,"K, 1st, 2nd, 3rd, 4th, 5th, 6th, 7th, 8th, 9th, 10th, 11th, 12th"
001V400000tPCgw,Bayou Region Scholé,001V400000tOZKD,Schole Communities,bayou-region-schole-houma-la,bayouregionschole@gmail.com,"",,https://www.facebook.com/share/15GVcVos21/?mibextid=wwXIfr,,,Houma,,LA,"",US,29.59576960,-90.71953480,classical,bayou-region-schole-houma-la-fcapi-classicality-abstract.md,bayou-region-schole-houma-la-fcapi-classicality-audit.md,bayou-region-schole-houma-la-fcapi-classicality-audit.pdf,elementary-intermediate-secondary,,,0,,,,,,,,,,,,,,,,,,,,,,,5479,,,,,,,0,,0,0,0,0,0,0,0,placeholders/placeholder-schole-1.png,,0,0,0,0,5517,,,
001V400000tPCgx,Bayshore Christian School,,,bayshore-christian-school-al-36532,admin@bayshorechristian.org,"+1 251 929 0011",,https://bayshorechristian.org/,23050 U.S. Hwy 98,,Fairhope,Baldwin County,AL,"36532",US,30.56053680,-87.89275960,classical,bayshore-christian-school-al-36532-fcapi-classicality-abstract.md,bayshore-christian-school-al-36532-fcapi-classicality-audit.md,bayshore-christian-school-al-36532-fcapi-classicality-audit.pdf,elementary-intermediate-secondary,Private School,Private,0,,,,,,,,,,,,,,,,,,,,,,,,,,,,,,0,,0,0,0,0,0,0,0,placeholders/placeholder-elementary-4.png,,0,0,0,0,451,,K-12,"K, 1st, 2nd, 3rd, 4th, 5th, 6th, 7th, 8th, 9th, 10th, 11th, 12th"
001V400000tPCh0,Baytown Christian Academy,,,baytown-christian-academy-tx,,"+1 281 421 4150",,http://gobca.org,5555 North Main Street,,Baytown,,TX,"77521",US,29.78526550,-94.96524640,classical,baytown-christian-academy-tx-fcapi-classicality-abstract.md,baytown-christian-academy-tx-fcapi-classicality-audit.md,baytown-christian-academy-tx-fcapi-classicality-audit.pdf,elementary-intermediate-secondary,,,0,,,,,,,,,,,,,,,,,,,,,,,,,,,,,,0,,0,0,0,0,0,0,0,placeholders/placeholder-k12-4.png,,0,0,0,0,5259,,,
001V400000tPCh3,Beacon Hill Classical Academy,,,beacon-hill-classical-academy-ca-93010,heather@beaconhillclassical.org,"+1 805 441 4037",,https://beaconhillclassical.org/,2304 Antonio Ave.,,Camarillo,Ventura County,CA,"93010",US,34.24248580,-119.01765660,classical,beacon-hill-classical-academy-ca-93010-fcapi-classicality-abstract.md,beacon-hill-classical-academy-ca-93010-fcapi-classicality-audit.md,beacon-hill-classical-academy-ca-93010-fcapi-classicality-audit.pdf,elementary-intermediate-secondary,Private School,Private,0,,,,,,,,,,,,,,,,,,,,,,,,,,,,,,0,,0,0,0,0,0,0,0,placeholders/placeholder-elementary-7.png,,0,0,0,0,453,,K-12,"K, 1st, 2nd, 3rd, 4th, 5th, 6th, 7th, 8th, 9th, 10th, 11th, 12th"
001V400000tPCh4,Bear Creek School,,,bear-creek-school-wa-98053,admissions@tbcs.org,"+1 425 898 1720",,https://tbcs.org/,8905 208th Ave. Ne,,Redmond,King County,WA,"98053",US,47.68116730,-122.06519550,classical,bear-creek-school-wa-98053-fcapi-classicality-abstract.md,bear-creek-school-wa-98053-fcapi-classicality-audit.md,bear-creek-school-wa-98053-fcapi-classicality-audit.pdf,elementary-intermediate-secondary,Private School,Private,0,,,,,,,,,,,,,,,,,,,,,,,,,,,,,,0,,0,0,0,0,0,0,0,placeholders/placeholder-elementary-9.png,,0,0,0,0,455,,PK-12,"Pre-K, K, 1st, 2nd, 3rd, 4th, 5th, 6th, 7th, 8th, 9th, 10th, 11th, 12th"
001V400000tPCh5,Beatrice Mayes Institute,,,beatrice-mayes-institute-tx-77021,greatminds@bmischool.org,"+1 713 747 5629",,https://bmischool.org/,5807 Calhoun Road,,Houston,Harris County,TX,"77021",US,29.69981690,-95.34583460,classical,beatrice-mayes-institute-tx-77021-fcapi-classicality-abstract.md,beatrice-mayes-institute-tx-77021-fcapi-classicality-audit.md,beatrice-mayes-institute-tx-77021-fcapi-classicality-audit.pdf,elementary-intermediate-secondary,Charter,Public,0,,,,,,,,,,,,,,,,,,,,,,,,,,,,,,0,,0,0,0,0,0,0,0,placeholders/placeholder-elementary-0.png,,0,0,0,0,456,,K-12,"K, 1st, 2nd, 3rd, 4th, 5th, 6th, 7th, 8th, 9th, 10th, 11th, 12th"
001V400000tPKxK,Beaver County Christian School,,,beaver-county-christian-school-pa-15010,info@bccspa.org,"+1 724 843 3002",,https://bccspa.org/,4001 6th Avenue,,Beaver Falls,Beaver County,PA,"15010",US,40.78012580,-80.32766100,somewhat-classical,beaver-county-christian-school-pa-15010-fcapi-classicality-abstract.md,beaver-county-christian-school-pa-15010-fcapi-classicality-audit.md,beaver-county-christian-school-pa-15010-fcapi-classicality-audit.pdf,elementary-intermediate-secondary,Private School,Private,0,,,,,,,,,,,,,,,,,,,,,,,,,,,,,,0,,0,0,0,0,0,0,0,placeholders/placeholder-elementary-1.png,,0,0,0,0,457,,K-12,"K, 1st, 2nd, 3rd, 4th, 5th, 6th, 7th, 8th, 9th, 10th, 11th, 12th"
001V400000tPCh6,Beaver Creek Community Schole,001V400000tOZKD,Schole Communities,beaver-creek-community-schole-hillsboro-or,bccschole@gmail.com,"",,,,,Hillsboro,,OR,"",US,45.52012370,-122.99133410,classical,beaver-creek-community-schole-hillsboro-or-fcapi-classicality-abstract.md,beaver-creek-community-schole-hillsboro-or-fcapi-classicality-audit.md,beaver-creek-community-schole-hillsboro-or-fcapi-classicality-audit.pdf,elementary-intermediate-secondary,,,0,,,,,,,,,,,,,,,,,,,,,,,5479,,,,,,,0,,0,0,0,0,0,0,0,placeholders/placeholder-schole-1.png,,0,0,0,0,5536,,,
001V400000tPCh7,Bellator Classical Christian School,,,bellator-classical-christian-school-ca,pastorgabe@mcathechurch.com,"+1 951 247 7116",,https://mcathechurch.com,13830 Nason St,,Moreno Valley,,CA,"92555",US,33.92008900,-117.19115010,classical,bellator-classical-christian-school-ca-fcapi-classicality-abstract.md,bellator-classical-christian-school-ca-fcapi-classicality-audit.md,bellator-classical-christian-school-ca-fcapi-classicality-audit.pdf,elementary,,,0,,,,,,,,,,,,,,,,,,,,,,,,,,,,,,0,,0,0,0,0,0,0,0,placeholders/placeholder-elementary-4.png,,0,0,0,0,3134,,PK,Pre-K
001V400000tPCh8,Berean Baptist Academy,,,berean-baptist-academy-ut-84403,pastormallinak@gmail.com,"+1 801 399 3855",,https://www.berean-baptist-utah.com/academy.html/,3846 Jackson Ave,,Ogden,,UT,"84403",US,41.19344390,-111.95397390,classical,berean-baptist-academy-ut-84403-fcapi-classicality-abstract.md,berean-baptist-academy-ut-84403-fcapi-classicality-audit.md,berean-baptist-academy-ut-84403-fcapi-classicality-audit.pdf,elementary-intermediate-secondary,Private School,Private School,0,,17,,,,,,,,,,,,,,,,,,,,,,,,,,,,1,,0,0,1,0,0,0,0,placeholders/placeholder-elementary-1.png,,0,0,0,0,467,,K-12,"K, 1st, 2nd, 3rd, 4th, 5th, 6th, 7th, 8th, 9th, 10th, 11th, 12th"
001V400000tPCh9,Berean Christian Academy,,,berean-christian-academy-tx-77494,abishop@bereanchristianacademy.org,"+1 346 307 7491",,https://bereanchristianacademy.org/,1407 W Grand Pkwy S,,Katy,Fort Bend County,TX,"77494",US,29.75922570,-95.77436850,classical,berean-christian-academy-tx-77494-fcapi-classicality-abstract.md,berean-christian-academy-tx-77494-fcapi-classicality-audit.md,berean-christian-academy-tx-77494-fcapi-classicality-audit.pdf,elementary-intermediate-secondary,Private School,Private,0,,,,,,,,,,,,,,,,,,,,,,,,,,,,,,0,,0,0,0,0,0,0,0,placeholders/placeholder-elementary-2.png,,0,0,0,0,468,,K-12,"K, 1st, 2nd, 3rd, 4th, 5th, 6th, 7th, 8th, 9th, 10th, 11th, 12th"
001V400000tPChA,Berean Christian Academy,,,berean-christian-academy-ut-84403,pmallinak@berean-baptist-utah.com,"+1 801 399 3855",,https://berean-baptist-utah.com/,3846 Jackson Ave.,,Ogden,Weber County,UT,"84403",US,41.19344390,-111.95397390,classical,berean-christian-academy-ut-84403-fcapi-classicality-abstract.md,berean-christian-academy-ut-84403-fcapi-classicality-audit.md,berean-christian-academy-ut-84403-fcapi-classicality-audit.pdf,elementary-intermediate-secondary,,,0,,,,,,,,,,,,,,,,,,,,,,,,,,,,,,0,,0,0,0,0,0,0,0,placeholders/placeholder-elementary-3.png,,0,0,0,0,469,,K-12,"K, 1st, 2nd, 3rd, 4th, 5th, 6th, 7th, 8th, 9th, 10th, 11th, 12th"
001V400000tPChB,Berean Christian High School,,,berean-christian-high-school-ca-94598,,"+1 925 945 6464",,https://www.bereanchristian.com/,245 El Divisadero Avenue,,Walnut Creek,Contra Costa County,CA,"94598",US,37.91387820,-122.03273020,classical,berean-christian-high-school-ca-94598-fcapi-classicality-abstract.md,berean-christian-high-school-ca-94598-fcapi-classicality-audit.md,berean-christian-high-school-ca-94598-fcapi-classicality-audit.pdf,secondary,Private School,Private,0,,,,,,,,,,,,,,,,,,,,,,,,,,,,,,0,,0,0,0,0,0,0,0,placeholders/placeholder-secondary-2.png,,0,0,0,0,470,,9-12,"9th, 10th, 11th, 12th"
001V400000tPChC,Berkeley Preparatory School,,,berkeley-preparatory-school-fl-33626,,"+1 813 885 1673",,https://www.berkeleyprep.org/,4811 Kelly Rd.,,Tampa,Hillsborough County,FL,"33626",US,27.98963840,-82.56483050,classical,berkeley-preparatory-school-fl-33626-fcapi-classicality-abstract.md,berkeley-preparatory-school-fl-33626-fcapi-classicality-audit.md,berkeley-preparatory-school-fl-33626-fcapi-classicality-audit.pdf,elementary-intermediate-secondary,Private School,Private,0,,,,,,,,,,,,,,,,,,,,,,,,,,,,,,0,,0,0,0,0,0,0,0,placeholders/placeholder-elementary-4.png,,0,0,0,0,472,,K-12,"K, 1st, 2nd, 3rd, 4th, 5th, 6th, 7th, 8th, 9th, 10th, 11th, 12th"
001V400000tPChD,Beth Derech School of Christian Discipleship,,,beth-derech-school-christian-discipleship-mi,bethderechschool@gmail.com,"+1 616 560 6866",,https://www.bethderech.org/,115 N Main Street,,Woodland,,MI,"48897",US,42.72709850,-85.13436260,classical,beth-derech-school-christian-discipleship-mi-fcapi-classicality-abstract.md,beth-derech-school-christian-discipleship-mi-fcapi-classicality-audit.md,beth-derech-school-christian-discipleship-mi-fcapi-classicality-audit.pdf,elementary-intermediate-secondary,,,0,,,,,,,,,,,,,,,,,,,,,,,,,,,,,,0,,0,0,0,0,0,0,0,placeholders/placeholder-elementary-5.png,,0,0,0,0,3135,,K-12,"K, 1st, 2nd, 3rd, 4th, 5th, 6th, 7th, 8th, 9th, 10th, 11th, 12th"
001V400000tPChE,Bethany Christian Church & School,,,bethany-christian-church-school-pa-19363,info@bethanychristian.org,"+1 610 932 3962",,https://www.bethanychristian.org/,1137 Shadyside Rd,,Oxford,Chester County,PA,"19363",US,39.76048540,-76.00296880,classical,bethany-christian-church-school-pa-19363-fcapi-classicality-abstract.md,bethany-christian-church-school-pa-19363-fcapi-classicality-audit.md,bethany-christian-church-school-pa-19363-fcapi-classicality-audit.pdf,elementary-intermediate-secondary,Private School,Private,0,,,,,,,,,,,,,,,,,,,,,,,,,,,,,,0,,0,0,0,0,0,0,0,placeholders/placeholder-elementary-6.png,,0,0,0,0,473,,K-12,"K, 1st, 2nd, 3rd, 4th, 5th, 6th, 7th, 8th, 9th, 10th, 11th, 12th"
001V400000tPChF,Bethel Academy,,,bethel-academy-mo-64030,,"+1 816 206 0828",,https://www.bethelkc.com,12340 Grandview Road,,Grandview,Jackson County,MO,"64030",US,38.90082340,-94.53514620,classical,bethel-academy-mo-64030-fcapi-classicality-abstract.md,bethel-academy-mo-64030-fcapi-classicality-audit.md,bethel-academy-mo-64030-fcapi-classicality-audit.pdf,elementary-intermediate-secondary,Private School,Private,0,,,,,,,,,,,,,,,,,,,,,,,,,,,,,,0,,0,0,0,0,0,0,0,placeholders/placeholder-elementary-8.png,,0,0,0,0,475,,K-12,"K, 1st, 2nd, 3rd, 4th, 5th, 6th, 7th, 8th, 9th, 10th, 11th, 12th"
001V400000tPChG,Bethel Classical Academy,,,bethel-classical-academy-ca-92656,sallylee109@hotmail.com,"+1 417 209 2250",,https://bethelclassical.org/,23 Evening Light Ln,,Irvine,Orange County,CA,"92656",US,33.57104720,-117.73747660,classical,bethel-classical-academy-ca-92656-fcapi-classicality-abstract.md,bethel-classical-academy-ca-92656-fcapi-classicality-audit.md,bethel-classical-academy-ca-92656-fcapi-classicality-audit.pdf,elementary-intermediate,Private School,Private,0,,,,,,,,,,,,,,,,,,,,,,,,,,,,,,0,,0,0,0,0,0,0,0,placeholders/placeholder-elementary-0.png,,0,0,0,0,477,,K-8,"K, 1st, 2nd, 3rd, 4th, 5th, 6th, 7th, 8th"
001V400000tPChH,Bethesda Chrisitan School,,,bethesda-chrisitan-school-tx-76137,,"+1 817 281 6446",,https://www.bethesdachristianschool.org/,4700 North Beach St.,,Fort Worth,Tarrant County,TX,"76137",US,32.83015850,-97.28915110,classical,bethesda-chrisitan-school-tx-76137-fcapi-classicality-abstract.md,bethesda-chrisitan-school-tx-76137-fcapi-classicality-audit.md,bethesda-chrisitan-school-tx-76137-fcapi-classicality-audit.pdf,elementary-intermediate-secondary,Private School,Private,0,,,,,,,,,,,,,,,,,,,,,,,,,,,,,,0,,0,0,0,0,0,0,0,placeholders/placeholder-elementary-1.png,,0,0,0,0,478,,K-12,"K, 1st, 2nd, 3rd, 4th, 5th, 6th, 7th, 8th, 9th, 10th, 11th, 12th"
001V400000tPChI,Bethesda Christian School,,,bethesda-christian-school-in-46112,,"+1 317 858 2823",,https://www.bethesdaschools.org/,7858 N County Rd. 650 E,,Brownsburg,Hendricks County,IN,"46112",US,39.87847130,-86.41220090,classical,bethesda-christian-school-in-46112-fcapi-classicality-abstract.md,bethesda-christian-school-in-46112-fcapi-classicality-audit.md,bethesda-christian-school-in-46112-fcapi-classicality-audit.pdf,elementary-intermediate-secondary,Private School,Private,0,,,,,,,,,,,,,,,,,,,,,,,,,,,,,,0,,0,0,0,0,0,0,0,placeholders/placeholder-elementary-2.png,,0,0,0,0,479,,K-12,"K, 1st, 2nd, 3rd, 4th, 5th, 6th, 7th, 8th, 9th, 10th, 11th, 12th"
001V400000tPChK,Bethlehem Christian Academy,,,bethlehem-christian-academy-mo-65775,,"+1 314 947 0758",,http://bcaministries.com,PO Box 483,,West Plains,,MO,"65775",US,36.74113480,-91.88230100,classical,bethlehem-christian-academy-mo-65775-fcapi-classicality-abstract.md,bethlehem-christian-academy-mo-65775-fcapi-classicality-audit.md,bethlehem-christian-academy-mo-65775-fcapi-classicality-audit.pdf,elementary-intermediate-secondary,,,0,,,,,,,,,,,,,,,,,,,,,,,,,,,,,,0,,0,0,0,0,0,0,0,placeholders/placeholder-elementary-3.png,,0,0,0,0,5313,,K-12,"K, 1st, 2nd, 3rd, 4th, 5th, 6th, 7th, 8th, 9th, 10th, 11th, 12th"
001V400000tPChO,Bishop John J. Snyder High School,,,bishop-john-j-snyder-high-school-fl-32210,,"+1 904 771 1029",,https://bishopsnyder.org/,5001 Samaritan Way,,Jacksonville,Duval County,FL,"32210",US,30.25234650,-81.83726730,classical,bishop-john-j-snyder-high-school-fl-32210-fcapi-classicality-abstract.md,bishop-john-j-snyder-high-school-fl-32210-fcapi-classicality-audit.md,bishop-john-j-snyder-high-school-fl-32210-fcapi-classicality-audit.pdf,secondary,Private School,Private,0,,,,,,,,,,,,,,,,,,,,,,,,,,,,,,0,,0,0,0,0,0,0,0,placeholders/placeholder-secondary-5.png,,0,0,0,0,488,,9-12,"9th, 10th, 11th, 12th"
001V400000tPKxi,Bishop Louis Reicher Catholic School,,,bishop-louis-reicher-catholic-school-tx-76708,,"+1 254 752 8349",,https://bishopreicher.com/,2102 North 23rd St.,,Waco,McLennan County,TX,"76708",US,31.56005000,-97.16549800,somewhat-classical,bishop-louis-reicher-catholic-school-tx-76708-fcapi-classicality-abstract.md,bishop-louis-reicher-catholic-school-tx-76708-fcapi-classicality-audit.md,bishop-louis-reicher-catholic-school-tx-76708-fcapi-classicality-audit.pdf,elementary-intermediate-secondary,Private School,Private,0,,,,,,,,,,,,,,,,,,,,,,,,,,,,,,0,,0,0,0,0,0,0,0,placeholders/placeholder-elementary-9.png,,0,0,0,0,491,,K-12,"K, 1st, 2nd, 3rd, 4th, 5th, 6th, 7th, 8th, 9th, 10th, 11th, 12th"
001V400000tPChP,Bishop Ryan Catholic School,,,bishop-ryan-catholic-school-nd-58703,,"+1 701 852 4004",,https://bishopryan.com/,316 11th Avenue Northwest,,Minot,Ward County,ND,"58703",US,48.24793620,-101.29817190,classical,bishop-ryan-catholic-school-nd-58703-fcapi-classicality-abstract.md,bishop-ryan-catholic-school-nd-58703-fcapi-classicality-audit.md,bishop-ryan-catholic-school-nd-58703-fcapi-classicality-audit.pdf,elementary-intermediate-secondary,Private School,Private,0,,,,,,,,,,,,,,,,,,,,,,,,,,,,,,0,,0,0,0,0,0,0,0,placeholders/placeholder-elementary-1.png,,0,0,0,0,497,,K-12,"K, 1st, 2nd, 3rd, 4th, 5th, 6th, 7th, 8th, 9th, 10th, 11th, 12th"
001V400000tPChR,Bloom Academy,,,bloom-academy-mo-65616,,"+1 417 331 3775",,https://www.bloomcollege.org/,1460 Bee Creek Rd.,,Branson,Taney County,MO,"65616",US,36.68458170,-93.21395150,classical,bloom-academy-mo-65616-fcapi-classicality-abstract.md,bloom-academy-mo-65616-fcapi-classicality-audit.md,bloom-academy-mo-65616-fcapi-classicality-audit.pdf,elementary-intermediate-secondary,Private School,Private,0,,,,,,,,,,,,,,,,,,,,,,,,,,,,,,0,,0,0,0,0,0,0,0,placeholders/placeholder-elementary-7.png,,0,0,0,0,505,,K-12,"K, 1st, 2nd, 3rd, 4th, 5th, 6th, 7th, 8th, 9th, 10th, 11th, 12th"
001V400000tPChS,Bloomfield Christian School,,,bloomfield-christian-school-mi-48302,info@bloomfieldchristian.com,"+1 248 499 7800",,https://bloomfieldchristian.com/,3570 Telegraph Rd.,,Bloomfield Hills,Oakland County,MI,"48302",US,42.58655160,-83.28275290,classical,bloomfield-christian-school-mi-48302-fcapi-classicality-abstract.md,bloomfield-christian-school-mi-48302-fcapi-classicality-audit.md,bloomfield-christian-school-mi-48302-fcapi-classicality-audit.pdf,elementary-intermediate-secondary,Private School,Private,0,,,,,,,,,,,,,,,,,,,,,,,,,,,,,,0,,0,0,0,0,0,0,0,placeholders/placeholder-elementary-8.png,,0,0,0,0,506,,PK-12,"Pre-K, K, 1st, 2nd, 3rd, 4th, 5th, 6th, 7th, 8th, 9th, 10th, 11th, 12th"
001V400000tPChU,Blue Ridge Classical Academy,,,blue-ridge-classical-academy-nc-28215,,"+1 828 595 4724",,,1455 Gilliam Rd,,Hendersonville,,NC,"28792",US,35.39396810,-82.39332120,classical,blue-ridge-classical-academy-nc-28215-fcapi-classicality-abstract.md,blue-ridge-classical-academy-nc-28215-fcapi-classicality-audit.md,blue-ridge-classical-academy-nc-28215-fcapi-classicality-audit.pdf,elementary-intermediate-secondary,,,0,,,,,,,,,,,,,,,,,,,,,,,,,,,,,,0,,0,0,0,0,0,0,0,placeholders/placeholder-k12-0.png,,0,0,0,0,3139,,,
001V400000tPChV,Blue Ridge School,,,blue-ridge-school-va-22935,,"+1 434 985 2811",,https://www.blueridgeschool.com/,273 Mayo Drive,,St George,Greene County,VA,"22935",US,38.26527470,-78.55552430,classical,blue-ridge-school-va-22935-fcapi-classicality-abstract.md,blue-ridge-school-va-22935-fcapi-classicality-audit.md,blue-ridge-school-va-22935-fcapi-classicality-audit.pdf,elementary-intermediate-secondary,Private School,Private,0,,,,,,,,,,,,,,,,,,,,,,,,,,,,,,0,,0,0,0,0,0,0,0,placeholders/placeholder-elementary-1.png,,0,0,0,0,509,,K-12,"K, 1st, 2nd, 3rd, 4th, 5th, 6th, 7th, 8th, 9th, 10th, 11th, 12th"
001V400000tPChW,Bluegrass Christian Academy,,,bluegrass-christian-academy-ky-40004,bca@bluegrasschristianacademy.org,"+1 270 991 4865",,https://bluegrasschristianacademy.org/,2580 Springfield Rd.,,Bardstown,Nelson County,KY,"40004",US,37.79729700,-85.42573900,classical,bluegrass-christian-academy-ky-40004-fcapi-classicality-abstract.md,bluegrass-christian-academy-ky-40004-fcapi-classicality-audit.md,bluegrass-christian-academy-ky-40004-fcapi-classicality-audit.pdf,elementary-intermediate-secondary,Private School,Private,0,,,,,,,,,,,,,,,,,,,,,,,,,,,,,,0,,0,0,0,0,0,0,0,placeholders/placeholder-elementary-3.png,,0,0,0,0,511,,PK-12,"Pre-K, K, 1st, 2nd, 3rd, 4th, 5th, 6th, 7th, 8th, 9th, 10th, 11th, 12th"
001V400000tPChX,Boca Prep International School,,,boca-prep-international-school-fl-33428,,"+1 561 852 1410",,https://bocaprep.net/,10333 Diego Dr. S,,Boca Raton,Palm Beach County,FL,"33428",US,26.36637300,-80.20975200,classical,boca-prep-international-school-fl-33428-fcapi-classicality-abstract.md,boca-prep-international-school-fl-33428-fcapi-classicality-audit.md,boca-prep-international-school-fl-33428-fcapi-classicality-audit.pdf,elementary-intermediate-secondary,Private School,Private,0,,,,,,,,,,,,,,,,,,,,,,,,,,,,,,0,,0,0,0,0,0,0,0,placeholders/placeholder-elementary-6.png,,0,0,0,0,514,,K-12,"K, 1st, 2nd, 3rd, 4th, 5th, 6th, 7th, 8th, 9th, 10th, 11th, 12th"
001V400000tPChY,Bonner Classical Academy,,,bonner-classical-academy-id-83864,info@bonnerclassicalacademy.com,"+1 254 340 7713",,https://bonnerclassicalacademy.com/,1925 North Boyer Avenue,,Sandpoint,Bonner County,ID,"83864",US,48.29236770,-116.55811620,classical,bonner-classical-academy-id-83864-fcapi-classicality-abstract.md,bonner-classical-academy-id-83864-fcapi-classicality-audit.md,bonner-classical-academy-id-83864-fcapi-classicality-audit.pdf,elementary-intermediate,Private School,Private,0,,,,,,,,,,,,,,,,,,,,,,,,,,,,,,0,,0,0,0,0,0,0,0,placeholders/placeholder-elementary-9.png,,0,0,0,0,517,,K-6,"K, 1st, 2nd, 3rd, 4th, 5th, 6th"
001V400000tPKy2,Boone Prairie School,,,boone-prairie-school-in-46077,,"+1 317 769 1037",,https://www.adventlutheran.org/school/,1910 Mulsanne Dr.,,Zionville,Boone County,IN,"46077",US,39.94603340,-86.28919620,somewhat-classical,boone-prairie-school-in-46077-fcapi-classicality-abstract.md,boone-prairie-school-in-46077-fcapi-classicality-audit.md,boone-prairie-school-in-46077-fcapi-classicality-audit.pdf,elementary-intermediate,Private School,Private,0,,,,,,,,,,,,,,,,,,,,,,,,,,,,,,0,,0,0,0,0,0,0,0,placeholders/placeholder-elementary-2.png,,0,0,0,0,520,,1-8,"1st, 2nd, 3rd, 4th, 5th, 6th, 7th, 8th"
001V400000tPChZ,Boys’ Latin of Philadelphia,,,boys-latin-philadelphia-pa-19143,,"+1 215 387 5149",,http://boyslatin.org,5501 Cedar Ave.,,Philadelphia,Philadelphia County,PA,"19143",US,39.95171160,-75.23368560,classical,boys-latin-philadelphia-pa-19143-fcapi-classicality-abstract.md,boys-latin-philadelphia-pa-19143-fcapi-classicality-audit.md,boys-latin-philadelphia-pa-19143-fcapi-classicality-audit.pdf,intermediate-secondary,,,0,,,,,,,,,,,,,,,,,,,,,,,,,,,,,,0,,0,0,0,0,0,0,0,placeholders/placeholder-k12-1.png,,0,0,0,0,5176,,6-12,"6th, 7th, 8th, 9th, 10th, 11th, 12th"
001V400000tPChc,Bradford Academy,,,bradford-academy-nc-27302,office@bradfordacademy.org,"+1 919 563 9001",,https://bradfordacademy.org/,939 S Third St.,,Mebane,Alamance County,NC,"27302",US,36.08384120,-79.27751910,classical,bradford-academy-nc-27302-fcapi-classicality-abstract.md,bradford-academy-nc-27302-fcapi-classicality-audit.md,bradford-academy-nc-27302-fcapi-classicality-audit.pdf,elementary-intermediate-secondary,Private School,Private,0,,,,,,,,,,,,,,,,,,,,,,,,,,,,,,0,,0,0,0,0,0,0,0,placeholders/placeholder-elementary-7.png,,0,0,0,0,527,,PK-12,"Pre-K, K, 1st, 2nd, 3rd, 4th, 5th, 6th, 7th, 8th, 9th, 10th, 11th, 12th"
001V400000tPChd,Brandon Classical Christian School,,,brandon-classical-christian-school-fl-33511,sheryl@wpcbrandon.org,"",,https://www.wpcbrandon.org/bccs,402 E Lumsden Rd.,,Brandon,,FL,"33511",US,27.92461810,-82.28090310,classical,brandon-classical-christian-school-fl-33511-fcapi-classicality-abstract.md,brandon-classical-christian-school-fl-33511-fcapi-classicality-audit.md,brandon-classical-christian-school-fl-33511-fcapi-classicality-audit.pdf,elementary-intermediate-secondary,,,0,,,,,,,,,,,,,,,,,,,,,,,,,,,,,,0,,0,0,0,0,0,0,0,placeholders/placeholder-k12-4.png,,0,0,0,0,3140,,,
001V400000tPChf,Brazos Christian School,,,brazos-christian-school-tx-77807,,"+1 979 823 1000",,https://www.bcseagles.org/,3000 West Villa Maria Rd.,,Bryan,Brazos County,TX,"77807",US,30.61541460,-96.40141370,classical,brazos-christian-school-tx-77807-fcapi-classicality-abstract.md,brazos-christian-school-tx-77807-fcapi-classicality-audit.md,brazos-christian-school-tx-77807-fcapi-classicality-audit.pdf,elementary-intermediate-secondary,Private School,Private,0,,,,,,,,,,,,,,,,,,,,,,,,,,,,,,0,,0,0,0,0,0,0,0,placeholders/placeholder-elementary-9.png,,0,0,0,0,531,,K-12,"K, 1st, 2nd, 3rd, 4th, 5th, 6th, 7th, 8th, 9th, 10th, 11th, 12th"
001V400000tPKyE,Brilla Caritas Elementary,001V400000tOBYN,Brilla Schools Network,brilla-caritas-elementary-ny-10468,,"+1 347 523 5832",,https://brillaschools.org/our-schools/brilla-caritas/,2336 Andrews Avenue North,,Bronx,Bronx County,NY,"10468",US,40.86192410,-73.90661650,somewhat-classical,brilla-caritas-elementary-ny-10468-fcapi-classicality-abstract.md,brilla-caritas-elementary-ny-10468-fcapi-classicality-audit.md,brilla-caritas-elementary-ny-10468-fcapi-classicality-audit.pdf,elementary,,,0,,,,,,,,,,,,,,,,,,,,,,,5130,,,,,,,0,,0,0,0,0,0,0,0,placeholders/placeholder-elementary-2.png,,0,0,0,0,5127,,K-4,"K, 1st, 2nd, 3rd, 4th"
001V400000tPKyF,Brilla College Prep Elementary,001V400000tOBYN,Brilla Schools Network,brilla-college-prep-elementary-ny-10454,,"+1 347 273 8439",,https://brillaschools.org/our-schools/brilla-college-prep-elementary/,413 E 144th St,,Bronx,,NY,"10454",US,40.81288810,-73.91923770,somewhat-classical,brilla-college-prep-elementary-ny-10454-fcapi-classicality-abstract.md,brilla-college-prep-elementary-ny-10454-fcapi-classicality-audit.md,brilla-college-prep-elementary-ny-10454-fcapi-classicality-audit.pdf,elementary,,,0,,,,,,,,,,,,,,,,,,,,,,,5130,,,,,,,0,,0,0,0,0,0,0,0,placeholders/placeholder-elementary-3.png,,0,0,0,0,5128,,K-4,"K, 1st, 2nd, 3rd, 4th"
001V400000tPKyG,Brilla College Prep Middle,001V400000tOBYN,Brilla Schools Network,brilla-college-prep-middle-ny-10454,,"+1 347 273 8439",,https://brillaschools.org/our-schools/brilla-college-prep-middle/,222 Alexander Ave.,,Bronx,,NY,"10454",US,40.80955570,-73.92524040,somewhat-classical,brilla-college-prep-middle-ny-10454-fcapi-classicality-abstract.md,brilla-college-prep-middle-ny-10454-fcapi-classicality-audit.md,brilla-college-prep-middle-ny-10454-fcapi-classicality-audit.pdf,intermediate,,,0,,,,,,,,,,,,,,,,,,,,,,,5130,,,,,,,0,,0,0,0,0,0,0,0,placeholders/placeholder-intermediate-7.png,,0,0,0,0,5129,,5-8,"5th, 6th, 7th, 8th"
001V400000tPKyI,Brilla Pax Middle School,001V400000tOBYN,Brilla Schools Network,brilla-pax-middle-school,,"+1 347 352 6883",,https://brillaschools.org/our-schools/brilla-pax-middle-school/,95 West 168th St,,Bronx,,NY,"10452",US,40.83848320,-73.92439790,somewhat-classical,brilla-pax-middle-school-fcapi-classicality-abstract.md,brilla-pax-middle-school-fcapi-classicality-audit.md,brilla-pax-middle-school-fcapi-classicality-audit.pdf,intermediate,,,0,,,,,,,,,,,,,,,,,,,,,,,5130,,,,,,,0,,0,0,0,0,0,0,0,placeholders/placeholder-intermediate-8.png,,0,0,0,0,38,,5-8,"5th, 6th, 7th, 8th"
001V400000tPKyJ,Brilla Veritas Elementary,001V400000tOBYN,Brilla Schools Network,brilla-veritas-elementary-ny-10455,,"+1 917 525 2162",,https://brillaschools.org/our-schools/brilla-veritas-elementary,600 East 156th St.,,Bronx,Bronx County,NY,"10455",US,40.81872220,-73.90948200,somewhat-classical,brilla-veritas-elementary-ny-10455-fcapi-classicality-abstract.md,brilla-veritas-elementary-ny-10455-fcapi-classicality-audit.md,brilla-veritas-elementary-ny-10455-fcapi-classicality-audit.pdf,elementary,,,0,,,,,,,,,,,,,,,,,,,,,,,5130,,,,,,,0,,0,0,0,0,0,0,0,placeholders/placeholder-elementary-6.png,,0,0,0,0,40,,K-4,"K, 1st, 2nd, 3rd, 4th"
001V400000tPChg,Brilla Veritas Middle School,001V400000tOBYN,Brilla Schools Network,brilla-veritas-middle-school-ny-10454,,"+1 917 525 2162",,https://brillaschools.org/our-schools/brilla-veritas-middle-school/,420 East 145th St.,,Bronx,Bronx County,NY,"10454",US,40.81304600,-73.91907470,classical,brilla-veritas-middle-school-ny-10454-fcapi-classicality-abstract.md,brilla-veritas-middle-school-ny-10454-fcapi-classicality-audit.md,brilla-veritas-middle-school-ny-10454-fcapi-classicality-audit.pdf,intermediate,Charter,Public,0,,,,,,,,,,,,,,,,,,,,,,,5130,,,,,,,0,,0,0,0,0,0,0,0,placeholders/placeholder-intermediate-9.png,,0,0,0,0,41,,5-8,"5th, 6th, 7th, 8th"
001V400000tPChi,Brookfield Academy,,,brookfield-academy-wi-53045,linda.pryor@brookfieldacademy.org,"+1 414 248 3241",,https://brookfieldacademy.org/,3462 N Rd.,,Brookfield,Waukesha County,WI,"53045",US,43.08239980,-88.14589340,classical,brookfield-academy-wi-53045-fcapi-classicality-abstract.md,brookfield-academy-wi-53045-fcapi-classicality-audit.md,brookfield-academy-wi-53045-fcapi-classicality-audit.pdf,elementary-intermediate-secondary,Private School,Private,0,,,,,,,,,,,,,,,,,,,,,,,,,,,,,,0,,0,0,0,0,0,0,0,placeholders/placeholder-elementary-9.png,,0,0,0,0,536,,PK-12,"Pre-K, K, 1st, 2nd, 3rd, 4th, 5th, 6th, 7th, 8th, 9th, 10th, 11th, 12th"
001V400000tPChj,Brookfield School,,,brookfield-school-ca-95831,,"+1 916 442 1255",,https://brookfieldprivateschool.org/,6115 Riverside Boulevard,,Sacramento,Sacramento County,CA,"95831",US,38.51618570,-121.52608510,classical,brookfield-school-ca-95831-fcapi-classicality-abstract.md,brookfield-school-ca-95831-fcapi-classicality-audit.md,brookfield-school-ca-95831-fcapi-classicality-audit.pdf,elementary-intermediate-secondary,Private School,Private,0,,,,,,,,,,,,,,,,,,,,,,,,,,,,,,0,,0,0,0,0,0,0,0,placeholders/placeholder-elementary-0.png,,0,0,0,0,537,,K-12,"K, 1st, 2nd, 3rd, 4th, 5th, 6th, 7th, 8th, 9th, 10th, 11th, 12th"
001V400000tPChk,Brookings Classical Christian School,,,brookings-classical-christian-school-sd-57006,lukecp@gmail.com,"+1 605 695 2087",,https://brookings.k12.sd.us/,620 8th St.,,Brookings,Brookings County,SD,"57006",US,44.31400290,-96.79409760,classical,brookings-classical-christian-school-sd-57006-fcapi-classicality-abstract.md,brookings-classical-christian-school-sd-57006-fcapi-classicality-audit.md,brookings-classical-christian-school-sd-57006-fcapi-classicality-audit.pdf,elementary-intermediate-secondary,Private School,Private,0,,,,,,,,,,,,,,,,,,,,,,,,,,,,,,0,,0,0,0,0,0,0,0,placeholders/placeholder-elementary-1.png,,0,0,0,0,538,,K-12,"K, 1st, 2nd, 3rd, 4th, 5th, 6th, 7th, 8th, 9th, 10th, 11th, 12th"
001V400000tPChl,Brookside Academy,,,brookside-academy-ca-93422,,"+1 720 391 5671",,https://brooksideacademy.com/,6225 Atascadero Mall,,Atascadero,San Luis Obispo County,CA,"93422",US,35.48567360,-120.66949550,classical,brookside-academy-ca-93422-fcapi-classicality-abstract.md,brookside-academy-ca-93422-fcapi-classicality-audit.md,brookside-academy-ca-93422-fcapi-classicality-audit.pdf,elementary-intermediate-secondary,Private School,Private,0,,,,,,,,,,,,,,,,,,,,,,,,,,,,,,0,,0,0,0,0,0,0,0,placeholders/placeholder-elementary-3.png,,0,0,0,0,540,,K-12,"K, 1st, 2nd, 3rd, 4th, 5th, 6th, 7th, 8th, 9th, 10th, 11th, 12th"
001V400000tPChm,Brookstone Schools,,,brookstone-schools-nc-28230,getintouch@brookstoneschools.org,"+1 704 392 6330",,https://brookstoneschools.org/,PO Box 30696,,Charlotte,Mecklenburg County,NC,"28230",US,35.22155480,-80.84011600,classical,brookstone-schools-nc-28230-fcapi-classicality-abstract.md,brookstone-schools-nc-28230-fcapi-classicality-audit.md,brookstone-schools-nc-28230-fcapi-classicality-audit.pdf,elementary-intermediate-secondary,Private School,Private,0,,,,,,,,,,,,,,,,,,,,,,,,,,,,,,0,,0,0,0,0,0,0,0,placeholders/placeholder-elementary-4.png,,0,0,0,0,542,,K-12,"K, 1st, 2nd, 3rd, 4th, 5th, 6th, 7th, 8th, 9th, 10th, 11th, 12th"
001V400000tPChn,Buffalo Academy,,,buffalo-academy-nc-27405,,"+1 336 278 1756",,https://buffaloacademy.net/,803 Sixteenth St,,Greensboro,Guilford County,NC,"27405",US,36.10902200,-79.77978890,classical,buffalo-academy-nc-27405-fcapi-classicality-abstract.md,buffalo-academy-nc-27405-fcapi-classicality-audit.md,buffalo-academy-nc-27405-fcapi-classicality-audit.pdf,elementary,Private School,Private,0,,,,,,,,,,,,,,,,,,,,,,,,,,,,,,0,,0,0,0,0,0,0,0,placeholders/placeholder-elementary-7.png,,0,0,0,0,547,,K-5,"K, 1st, 2nd, 3rd, 4th, 5th"
001V400000tPCho,Buffalo Creek Boys School,,,buffalo-creek-boys-school-va-24450,lee@buffalocreekboysschool.org,"+1 540 463 7785",,https://buffalocreekboysschool.org/,283 Mateer Rd.,,Lexington,Rockbridge County,VA,"24450",US,37.73813770,-79.50531680,classical,buffalo-creek-boys-school-va-24450-fcapi-classicality-abstract.md,buffalo-creek-boys-school-va-24450-fcapi-classicality-audit.md,buffalo-creek-boys-school-va-24450-fcapi-classicality-audit.pdf,elementary-intermediate-secondary,Private School,Private,0,,,,,,,,,,,,,,,,,,,,,,,,,,,,,,0,,0,0,0,0,0,0,0,placeholders/placeholder-elementary-8.png,,0,0,0,0,548,,K-12,"K, 1st, 2nd, 3rd, 4th, 5th, 6th, 7th, 8th, 9th, 10th, 11th, 12th"
001V400000tPChp,Byne Christian School,,,byne-christian-school-ga-31707,bcsschooloffice@bcssaints.org,"+1 229 395 2632",,https://www.byneschool.org/,2832 Ledo Rd.,,Albany,Dougherty County,GA,"31707",US,31.62182160,-84.21465970,classical,byne-christian-school-ga-31707-fcapi-classicality-abstract.md,byne-christian-school-ga-31707-fcapi-classicality-audit.md,byne-christian-school-ga-31707-fcapi-classicality-audit.pdf,elementary-intermediate-secondary,Private School,Private School,0,,168,,,,,,,,,,,,,,,,,,,,,,,,,,,,0,,0,0,0,0,0,0,0,placeholders/placeholder-elementary-0.png,,0,0,0,0,550,,K-12,"K, 1st, 2nd, 3rd, 4th, 5th, 6th, 7th, 8th, 9th, 10th, 11th, 12th"
001V400000tPChq,CH Friend School,,,ch-friend-school-va-24592,,"+1 434 471 5269",,https://www.chfriendschool.com/,601 Marshall Ave.,,South Boston,Halifax County,VA,"24592",US,36.69864910,-78.89230970,classical,ch-friend-school-va-24592-fcapi-classicality-abstract.md,ch-friend-school-va-24592-fcapi-classicality-audit.md,ch-friend-school-va-24592-fcapi-classicality-audit.pdf,elementary-intermediate-secondary,Private School,Private,0,,,,,,,,,,,,,,,,,,,,,,,,,,,,,,0,,0,0,0,0,0,0,0,placeholders/placeholder-elementary-3.png,,0,0,0,0,644,,K-12,"K, 1st, 2nd, 3rd, 4th, 5th, 6th, 7th, 8th, 9th, 10th, 11th, 12th"
001V400000tPChs,Cabrini Co-op,,,cabrini-co-op-id-83814,cabrinicoop@gmail.com,"",,https://cabrinicoop.com/,406 N 10th St.,,Couer d'Alene,,ID,"83814",US,47.67604020,-116.77197680,classical,cabrini-co-op-id-83814-fcapi-classicality-abstract.md,cabrini-co-op-id-83814-fcapi-classicality-audit.md,cabrini-co-op-id-83814-fcapi-classicality-audit.pdf,elementary-intermediate,Private School,Private School,0,,95,,,,,,,,,,,,,,,,,,,,,,,,,,,,1,,0,1,1,0,0,0,0,placeholders/placeholder-elementary-7.png,,0,0,0,0,553,,PK-8,"Pre-K, K, 1st, 2nd, 3rd, 4th, 5th, 6th, 7th, 8th"
001V400000tPChu,Cair Paravel Latin School,,,cair-paravel-latin-school-ks-66606,office@cpls.org,"+1 785 232 3878",,https://cpls.org/,635 SW Clay St.,,Topeka,Shawnee County,KS,"66606-1431",US,39.05467140,-95.68844910,classical,cair-paravel-latin-school-ks-66606-fcapi-classicality-abstract.md,cair-paravel-latin-school-ks-66606-fcapi-classicality-audit.md,cair-paravel-latin-school-ks-66606-fcapi-classicality-audit.pdf,elementary-intermediate-secondary,Private School,Private,0,,,,,,,,,,,,,,,,,,,,,,,,,,,,,,0,,0,0,0,0,0,0,0,placeholders/placeholder-elementary-9.png,,0,0,0,0,555,,K-12,"K, 1st, 2nd, 3rd, 4th, 5th, 6th, 7th, 8th, 9th, 10th, 11th, 12th"
001V400000tPChw,Caldwell Academy,,,caldwell-academy-nc-27410,renate.tate@caldwellacademy.org,"+1 336 665 1161",,https://caldwellacademy.org/,2900 Horse Pen Creek Rd.,,Greensboro,Guilford County,NC,"27410",US,36.13653840,-79.88759930,classical,caldwell-academy-nc-27410-fcapi-classicality-abstract.md,caldwell-academy-nc-27410-fcapi-classicality-audit.md,caldwell-academy-nc-27410-fcapi-classicality-audit.pdf,elementary-intermediate-secondary,Private School,Private,0,,,,,,,,,,,,,,,,,,,,,,,,,,,,,,0,,0,0,0,0,0,0,0,placeholders/placeholder-elementary-0.png,,0,0,0,0,556,,PK-12,"Pre-K, K, 1st, 2nd, 3rd, 4th, 5th, 6th, 7th, 8th, 9th, 10th, 11th, 12th"
001V400000tPChx,Calgary Classical Scholé,001V400000tOZKD,Schole Communities,calgary-classical-schole-calgary-ab-ca,calgaryclassicalschole@gmail.com,"",,https://calgaryclassicalschole.ca/,,,Calgary,,AB,"",CA,51.04473310,-114.07188310,classical,calgary-classical-schole-calgary-ab-ca-fcapi-classicality-abstract.md,calgary-classical-schole-calgary-ab-ca-fcapi-classicality-audit.md,calgary-classical-schole-calgary-ab-ca-fcapi-classicality-audit.pdf,elementary-intermediate-secondary,,,0,,,,,,,,,,,,,,,,,,,,,,,5479,,,,,,,0,,0,0,0,0,0,0,0,placeholders/placeholder-schole-1.png,,0,0,0,0,5494,,,
001V400000tPChy,Calhoun Christian School,,,calhoun-christian-school-mi-49015,office@calhounchristian.org,"+1 269 965 5560",,https://calhounchristian.org/,20 South Woodrow Ave.,,Battle Creek,Calhoun County,MI,"49015",US,42.30308310,-85.21766700,classical,calhoun-christian-school-mi-49015-fcapi-classicality-abstract.md,calhoun-christian-school-mi-49015-fcapi-classicality-audit.md,calhoun-christian-school-mi-49015-fcapi-classicality-audit.pdf,elementary-intermediate-secondary,Private School,Private,0,,,,,,,,,,,,,,,,,,,,,,,,,,,,,,0,,0,0,0,0,0,0,0,placeholders/placeholder-elementary-2.png,,0,0,0,0,558,,K-12,"K, 1st, 2nd, 3rd, 4th, 5th, 6th, 7th, 8th, 9th, 10th, 11th, 12th"
001V400000tPKyc,California Republic Leadership Academy,,,california-republic-leadership-academy-ca-95757,,"+1 949 298 6040",,https://crlacapo.org/,31711 San Juan Creek Rd.,,San Juan Capistrano,Orange County,CA,"95757",US,33.50275340,-117.64583240,somewhat-classical,california-republic-leadership-academy-ca-95757-fcapi-classicality-abstract.md,california-republic-leadership-academy-ca-95757-fcapi-classicality-audit.md,california-republic-leadership-academy-ca-95757-fcapi-classicality-audit.pdf,elementary-intermediate,Charter,Public,0,,,,,,,,,,,,,,,,,,,,,,,,,,,,,,0,,0,0,0,0,0,0,0,placeholders/placeholder-elementary-3.png,,0,0,0,0,559,,PK-6,"Pre-K, K, 1st, 2nd, 3rd, 4th, 5th, 6th"
001V400000tPChz,Calvary Chapel Academy,,,calvary-chapel-academy-md-20145,admissions@cca.calvaryec.com,"+1 410 491 4592",,https://calvaryec.com/cca,9180 Rumsey Rd,,Columbia,,MD,"20145",US,39.20371440,-76.86104620,classical,calvary-chapel-academy-md-20145-fcapi-classicality-abstract.md,calvary-chapel-academy-md-20145-fcapi-classicality-audit.md,calvary-chapel-academy-md-20145-fcapi-classicality-audit.pdf,elementary-intermediate-secondary,Private School,Private,0,,,,,,,,,,,,,,,,,,,,,,,,,,,,,,0,,0,0,0,0,0,0,0,placeholders/placeholder-elementary-6.png,,0,0,0,0,565,,K-12,"K, 1st, 2nd, 3rd, 4th, 5th, 6th, 7th, 8th, 9th, 10th, 11th, 12th"
001V400000tPCi0,Calvary Chapel Fluvanna School,,,calvary-chapel-fluvanna-school-va-22902,blaha@ccfluvanna.com,"+1 757 262 0062",,https://www.homeschool-life.com/VA/cchc/,1195 5th Street Southwest,,Charlottesville,,VA,"22902",US,38.01107720,-78.50635950,classical,calvary-chapel-fluvanna-school-va-22902-fcapi-classicality-abstract.md,calvary-chapel-fluvanna-school-va-22902-fcapi-classicality-audit.md,calvary-chapel-fluvanna-school-va-22902-fcapi-classicality-audit.pdf,elementary-intermediate-secondary,Private School,Private,0,,,,,,,,,,,,,,,,,,,,,,,,,,,,,,0,,0,0,0,0,0,0,0,placeholders/placeholder-elementary-7.png,,0,0,0,0,562,,K-12,"K, 1st, 2nd, 3rd, 4th, 5th, 6th, 7th, 8th, 9th, 10th, 11th, 12th"
001V400000tPCi1,Calvary Christian Academy,,,calvary-christian-academy-ca-95118,info@calvaryca.org,"+1 408 269 2222",,https://calvaryca.org/,1175 Hillsdale Ave.,,San Jose,Santa Clara County,CA,"95118",US,37.27609930,-121.88017300,classical,calvary-christian-academy-ca-95118-fcapi-classicality-abstract.md,calvary-christian-academy-ca-95118-fcapi-classicality-audit.md,calvary-christian-academy-ca-95118-fcapi-classicality-audit.pdf,elementary-intermediate-secondary,Private School,Private,0,,,,,,,,,,,,,,,,,,,,,,,,,,,,,,0,,0,0,0,0,0,0,0,placeholders/placeholder-elementary-8.png,,0,0,0,0,563,,K-12,"K, 1st, 2nd, 3rd, 4th, 5th, 6th, 7th, 8th, 9th, 10th, 11th, 12th"
001V400000tPCi2,Calvary Christian Academy,,,calvary-christian-academy-nm-88062,info@ccareno.org,"+1 252 752 4785",,https://www.silvercca.org/,3001 New Mexico 90,,Silver City,,NM,"88062",US,32.74265030,-108.29375600,classical,calvary-christian-academy-nm-88062-fcapi-classicality-abstract.md,calvary-christian-academy-nm-88062-fcapi-classicality-audit.md,calvary-christian-academy-nm-88062-fcapi-classicality-audit.pdf,elementary-intermediate-secondary,Private School,Private School,0,,76,,,,,,,,,,,,,,,,,,,,,,,,,,,,1,,1,0,1,1,0,0,0,placeholders/placeholder-elementary-0.png,,0,0,0,0,566,,K-12,"K, 1st, 2nd, 3rd, 4th, 5th, 6th, 7th, 8th, 9th, 10th, 11th, 12th"
001V400000tPCi3,Calvary Christian High School,,,calvary-christian-high-school-fl-33759,info@cchs.us,"+1 727 449 2247",,https://cchs.us/,110 N McMullen Booth Road,,Clearwater,Pinellas County,FL,"33759",US,27.96675350,-82.71037760,classical,calvary-christian-high-school-fl-33759-fcapi-classicality-abstract.md,calvary-christian-high-school-fl-33759-fcapi-classicality-audit.md,calvary-christian-high-school-fl-33759-fcapi-classicality-audit.pdf,secondary,Private School,Private,0,,,,,,,,,,,,,,,,,,,,,,,,,,,,,,0,,0,0,0,0,0,0,0,placeholders/placeholder-secondary-5.png,,0,0,0,0,567,,9-12,"9th, 10th, 11th, 12th"
001V400000tPCi4,Calvary Christian School,,,calvary-christian-school-sc-29650,,"+1 864 877 5555",,https://calvarychristiangreer.org/,101 Calvary Street,,Greer,Greenville County,SC,"29650",US,34.94021370,-82.24062800,classical,calvary-christian-school-sc-29650-fcapi-classicality-abstract.md,calvary-christian-school-sc-29650-fcapi-classicality-audit.md,calvary-christian-school-sc-29650-fcapi-classicality-audit.pdf,elementary-intermediate-secondary,Private School,Private,0,,,,,,,,,,,,,,,,,,,,,,,,,,,,,,0,,0,0,0,0,0,0,0,placeholders/placeholder-elementary-1.png,,0,0,0,0,568,,K-12,"K, 1st, 2nd, 3rd, 4th, 5th, 6th, 7th, 8th, 9th, 10th, 11th, 12th"
001V400000tPCi5,Calvary Classical Academy,,,calvary-classical-academy-mn-56301,classical@calvarystcloud.org,"+1 320 828 3995",,https://calvarystcloud.org/,1200 Roosevelt Rd.,,St Cloud,Stearns County,MN,"56301",US,45.54630150,-94.17566170,classical,calvary-classical-academy-mn-56301-fcapi-classicality-abstract.md,calvary-classical-academy-mn-56301-fcapi-classicality-audit.md,calvary-classical-academy-mn-56301-fcapi-classicality-audit.pdf,elementary-intermediate-secondary,Private School,Private,0,,,,,,,,,,,,,,,,,,,,,,,,,,,,,,0,,0,0,0,0,0,0,0,placeholders/placeholder-elementary-2.png,,0,0,0,0,569,,K-12,"K, 1st, 2nd, 3rd, 4th, 5th, 6th, 7th, 8th, 9th, 10th, 11th, 12th"
001V400000tPCi6,Calvin Christian School,,,calvin-christian-school-ca-92008,,"+1 760 489 1159",,https://www.calvinchristian.school/,1070 Chestnut Ave.,,Escondido,San Diego County,CA,"92008",US,33.15854090,-117.33804610,classical,calvin-christian-school-ca-92008-fcapi-classicality-abstract.md,calvin-christian-school-ca-92008-fcapi-classicality-audit.md,calvin-christian-school-ca-92008-fcapi-classicality-audit.pdf,elementary-intermediate-secondary,Private School,Private,0,,,,,,,,,,,,,,,,,,,,,,,,,,,,,,0,,0,0,0,0,0,0,0,placeholders/placeholder-elementary-5.png,,0,0,0,0,574,,K-12,"K, 1st, 2nd, 3rd, 4th, 5th, 6th, 7th, 8th, 9th, 10th, 11th, 12th"
001V400000tPCi7,Cambridge Classical Academy,,,cambridge-classical-academy-il-60609,,"+1 773 891 5130",,https://www.cambridgeclassicalacademy.com/,4650 South Dearborn St.,,Chicago,Cook County,IL,"60609",US,41.80985220,-87.62749010,classical,cambridge-classical-academy-il-60609-fcapi-classicality-abstract.md,cambridge-classical-academy-il-60609-fcapi-classicality-audit.md,cambridge-classical-academy-il-60609-fcapi-classicality-audit.pdf,elementary-intermediate-secondary,Private School,Private,0,,,,,,,,,,,,,,,,,,,,,,,,,,,,,,0,,0,0,0,0,0,0,0,placeholders/placeholder-elementary-6.png,,0,0,0,0,578,,K-12,"K, 1st, 2nd, 3rd, 4th, 5th, 6th, 7th, 8th, 9th, 10th, 11th, 12th"
001V400000tPCi8,Cambridge School,,,cambridge-school-ca-92129,info@cambridgeclassical.org,"+1 858 484 3488",,https://cambridgeclassical.org/,12855 Black Mountain Rd.,,San Diego,San Diego County,CA,"92129",US,39.37887600,-76.62788490,classical,cambridge-school-ca-92129-fcapi-classicality-abstract.md,cambridge-school-ca-92129-fcapi-classicality-audit.md,cambridge-school-ca-92129-fcapi-classicality-audit.pdf,elementary-intermediate-secondary,Private School,Private,0,,,,,,,,,,,,,,,,,,,,,,,,,,,,,,0,,0,0,0,0,0,0,0,placeholders/placeholder-elementary-7.png,,0,0,0,0,579,,PK-12,"Pre-K, K, 1st, 2nd, 3rd, 4th, 5th, 6th, 7th, 8th, 9th, 10th, 11th, 12th"
001V400000tPCi9,Candeo North Scottsdale,,,candeo-north-scottsdale-az-85266,,"+1 623 979 6500",,https://candeoschools.com/locations/candeo-north-scottsdale/,7191 Ashler Hills Drive,,Scottsdale,Maricopa County,AZ,"85266",US,33.77741960,-111.92619350,classical,candeo-north-scottsdale-az-85266-fcapi-classicality-abstract.md,candeo-north-scottsdale-az-85266-fcapi-classicality-audit.md,candeo-north-scottsdale-az-85266-fcapi-classicality-audit.pdf,elementary-intermediate,Charter,Public,0,,,,,,,,,,,,,,,,,,,,,,,,,,,,,,0,,0,0,0,0,0,0,0,placeholders/placeholder-elementary-1.png,,0,0,0,0,585,,K-8,"K, 1st, 2nd, 3rd, 4th, 5th, 6th, 7th, 8th"
001V400000tPCiA,Candeo Schools,,,candeo-schools-az-85383,jshoop@candeoschools.com,"+1 623 979 6500",,https://candeoschools.com/,9965 W Calle Lejos,,Peoria,Maricopa County,AZ,"85383",US,33.70299450,-112.27349450,classical,candeo-schools-az-85383-fcapi-classicality-abstract.md,candeo-schools-az-85383-fcapi-classicality-audit.md,candeo-schools-az-85383-fcapi-classicality-audit.pdf,elementary-intermediate,Charter,Public,0,,,,,,,,,,,,,,,,,,,,,,,,,,,,,,0,,0,0,0,0,0,0,0,placeholders/placeholder-elementary-2.png,,0,0,0,0,586,,K-8,"K, 1st, 2nd, 3rd, 4th, 5th, 6th, 7th, 8th"
001V400000tPCiB,Candies Creek Academy,,,candies-creek-academy-tn-37310,info@candiescreekacademy.com,"+1 423 790 5660",,https://candiescreekacademy.com/,294 Old Eureka Rd.,,Charleston,Bradley County,TN,"37310",US,35.27271810,-84.85789260,classical,candies-creek-academy-tn-37310-fcapi-classicality-abstract.md,candies-creek-academy-tn-37310-fcapi-classicality-audit.md,candies-creek-academy-tn-37310-fcapi-classicality-audit.pdf,elementary-intermediate-secondary,Private School,Private,0,,,,,,,,,,,,,,,,,,,,,,,,,,,,,,0,,0,0,0,0,0,0,0,placeholders/placeholder-elementary-4.png,,0,0,0,0,587,,PK-12,"Pre-K, K, 1st, 2nd, 3rd, 4th, 5th, 6th, 7th, 8th, 9th, 10th, 11th, 12th"
001V400000tPCiE,Canongate Catholic High School,,,canongate-catholic-high-school-nc-28704,,"+1 828 712 8924",,https://canongatecatholic.org/,109 Crescent Hill Road,,Arden,Buncombe County,NC,"28704",US,35.45148530,-82.51228380,classical,canongate-catholic-high-school-nc-28704-fcapi-classicality-abstract.md,canongate-catholic-high-school-nc-28704-fcapi-classicality-audit.md,canongate-catholic-high-school-nc-28704-fcapi-classicality-audit.pdf,secondary,Private School,Private,0,,,,,,,,,,,,,,,,,,,,,,,,,,,,,,0,,0,0,0,0,0,0,0,placeholders/placeholder-secondary-6.png,,0,0,0,0,589,,9-12,"9th, 10th, 11th, 12th"
001V400000tPCiF,Canterbury Classical School,,,canterbury-classical-school-nc-28806,,"+1 828 515 4015",,https://www.canterburyclassicalschool.com/,718 Haywood Rd.,,Asheville,Buncombe County,NC,"28806",US,35.57688410,-82.59238010,classical,canterbury-classical-school-nc-28806-fcapi-classicality-abstract.md,canterbury-classical-school-nc-28806-fcapi-classicality-audit.md,canterbury-classical-school-nc-28806-fcapi-classicality-audit.pdf,elementary-intermediate-secondary,Private School,Private,0,,,,,,,,,,,,,,,,,,,,,,,,,,,,,,0,,0,0,0,0,0,0,0,placeholders/placeholder-elementary-6.png,,0,0,0,0,590,,K-12,"K, 1st, 2nd, 3rd, 4th, 5th, 6th, 7th, 8th, 9th, 10th, 11th, 12th"
001V400000tPKyx,Capital City Classical School,,,capital-city-classical-school-oh-43229,,"",,https://capitalcityclassical.org/,5750 Karl Road,,Columbus,Franklin County,OH,"43229",US,40.08419930,-82.97442970,somewhat-classical,capital-city-classical-school-oh-43229-fcapi-classicality-abstract.md,capital-city-classical-school-oh-43229-fcapi-classicality-audit.md,capital-city-classical-school-oh-43229-fcapi-classicality-audit.pdf,elementary,Charter,Public,0,,,,,,,,,,,,,,,,,,,,,,,,,,,,,,0,,0,0,0,0,0,0,0,placeholders/placeholder-elementary-0.png,,0,0,0,0,594,,K-5,"K, 1st, 2nd, 3rd, 4th, 5th"
001V400000tPKz0,Caprock Academy,,,caprock-academy-co-81505,c.sherrill@caprockacademy.org,"+1 970 243 1771",,https://caprockacademy.org/,714 24 1/2 Rd.,,Grand Junction,Mesa County,CO,"81505",US,39.10876660,-108.59762790,somewhat-classical,caprock-academy-co-81505-fcapi-classicality-abstract.md,caprock-academy-co-81505-fcapi-classicality-audit.md,caprock-academy-co-81505-fcapi-classicality-audit.pdf,elementary-intermediate-secondary,Charter,Public,0,,,,,,,,,,,,,,,,,,,,,,,,,,,,,,0,,0,0,0,0,0,0,0,placeholders/placeholder-elementary-3.png,,0,0,0,0,597,,K-12,"K, 1st, 2nd, 3rd, 4th, 5th, 6th, 7th, 8th, 9th, 10th, 11th, 12th"
001V400000tPCiG,Capstone Classical Academy,,,capstone-classical-academy-nd-58104,info@capstoneclassical.com,"+1 701 205 6381",,https://capstoneclassical.com/,3535 25th Street South,,Fargo,,ND,"58104",US,46.82616750,-96.82093420,classical,capstone-classical-academy-nd-58104-fcapi-classicality-abstract.md,capstone-classical-academy-nd-58104-fcapi-classicality-audit.md,capstone-classical-academy-nd-58104-fcapi-classicality-audit.pdf,elementary-intermediate,Private School,Private School,0,,171,,,,,,,,,,,,,,,,,,,,,,,,,,,,1,,1,0,1,1,0,1,0,placeholders/placeholder-elementary-4.png,,0,0,0,0,598,,PK-8,"Pre-K, K, 1st, 2nd, 3rd, 4th, 5th, 6th, 7th, 8th"
001V400000tPCiH,Capstone Classical Academy,,,capstone-classical-academy-ut-84414,info@capstoneclassical.org,"+1 801 896 4562",,https://capstoneclassical.org/,3885 U.S. 89,,Pleasantville,Weber County,UT,"84414",US,41.32981120,-112.02373040,classical,capstone-classical-academy-ut-84414-fcapi-classicality-abstract.md,capstone-classical-academy-ut-84414-fcapi-classicality-audit.md,capstone-classical-academy-ut-84414-fcapi-classicality-audit.pdf,elementary-intermediate-secondary,Charter,Public,0,,,,,,,,,,,,,,,,,,,,,,,,,,,,,,0,,0,0,0,0,0,0,0,placeholders/placeholder-elementary-5.png,,0,0,0,0,599,,K-12,"K, 1st, 2nd, 3rd, 4th, 5th, 6th, 7th, 8th, 9th, 10th, 11th, 12th"
001V400000tPCiI,Carden Memorial School,,,carden-memorial-school-ut-84106,info@cardenmemorial.com,"+1 801 486 4895",,https://cardenmemorial.com/,1452 East 2700 South,,Salt Lake City,Salt Lake County,UT,"84106",US,40.71240250,-111.84835350,classical,carden-memorial-school-ut-84106-fcapi-classicality-abstract.md,carden-memorial-school-ut-84106-fcapi-classicality-audit.md,carden-memorial-school-ut-84106-fcapi-classicality-audit.pdf,elementary-intermediate,Private School,Private,0,,,,,,,,,,,,,,,,,,,,,,,,,,,,,,0,,0,0,0,0,0,0,0,placeholders/placeholder-elementary-8.png,,0,0,0,0,602,,PK-8,"Pre-K, K, 1st, 2nd, 3rd, 4th, 5th, 6th, 7th, 8th"
001V400000tPCiJ,Cardinal Kung Academy,,,cardinal-kung-academy-ct-06905,,"+1 203 329 8296",,https://cardinalkungacademy.org/,948 Newfield Ave.,,Stamford,,CT,"06905",US,41.09227500,-73.53556100,classical,cardinal-kung-academy-ct-06905-fcapi-classicality-abstract.md,cardinal-kung-academy-ct-06905-fcapi-classicality-audit.md,cardinal-kung-academy-ct-06905-fcapi-classicality-audit.pdf,intermediate-secondary,Private School,Private School,0,,,,,,,,,,,,,,,,,,,,,,,,,,,,,,0,,1,1,0,1,0,0,0,placeholders/placeholder-intermediate-0.png,,0,0,0,0,604,,7-12,"7th, 8th, 9th, 10th, 11th, 12th"
001V400000tPCiL,Caritas Christian Academy,,,caritas-christian-academy-az-85225,info@caritasacademyaz.org,"+1 480 808 0557",,https://caritasacademyaz.org,301 N. Hartford St.,,Chandler,Maricopa County,AZ,"85225",US,33.30854860,-111.84937550,classical,caritas-christian-academy-az-85225-fcapi-classicality-abstract.md,caritas-christian-academy-az-85225-fcapi-classicality-audit.md,caritas-christian-academy-az-85225-fcapi-classicality-audit.pdf,elementary-intermediate-secondary,Private School,Private,0,,,,,,,,,,,,,,,,,,,,,,,,,,,,,,0,,0,0,0,0,0,0,0,placeholders/placeholder-elementary-1.png,,0,0,0,0,608,,K-10,"K, 1st, 2nd, 3rd, 4th, 5th, 6th, 7th, 8th, 9th, 10th"
001V400000tPCiM,Carmel Latin School,,,carmel-latin-school-in-46033,,"+1 317 504 5204",,https://www.ccs.k12.in.us/chs/,1010 126th Street,,Carmel,Hamilton County,IN,"46033",US,39.97198080,-86.11152810,classical,carmel-latin-school-in-46033-fcapi-classicality-abstract.md,carmel-latin-school-in-46033-fcapi-classicality-audit.md,carmel-latin-school-in-46033-fcapi-classicality-audit.pdf,elementary-intermediate-secondary,Private School,Private,0,,,,,,,,,,,,,,,,,,,,,,,,,,,,,,0,,0,0,0,0,0,0,0,placeholders/placeholder-elementary-2.png,,0,0,0,0,609,,K-12,"K, 1st, 2nd, 3rd, 4th, 5th, 6th, 7th, 8th, 9th, 10th, 11th, 12th"
001V400000tPCiN,Carmichael Classical Christian School,,,carmichael-classical-christian-school-nd-58402,director@carmichaelclassical.com,"",,https://carmichaelclassical.com,PO Box 182,,Jamestown,,ND,"58402",US,46.85000000,-98.74000000,classical,carmichael-classical-christian-school-nd-58402-fcapi-classicality-abstract.md,carmichael-classical-christian-school-nd-58402-fcapi-classicality-audit.md,carmichael-classical-christian-school-nd-58402-fcapi-classicality-audit.pdf,elementary-intermediate,,,0,,,,,,,,,,,,,,,,,,,,,,,,,,,,,,0,,0,0,0,0,0,0,0,placeholders/placeholder-elementary-3.png,,0,0,0,0,3148,,K-9,"K, 1st, 2nd, 3rd, 4th, 5th, 6th, 7th, 8th, 9th"
001V400000tPCiO,Cary Christian School,,,cary-christian-school-nc-27513,ahhall@carychristianschool.org,"+1 919 367 7557",,https://carychristianschool.org/,1330 Old Apex Rd.,,Cary,Wake County,NC,"27513",US,35.77596600,-78.80895200,classical,cary-christian-school-nc-27513-fcapi-classicality-abstract.md,cary-christian-school-nc-27513-fcapi-classicality-audit.md,cary-christian-school-nc-27513-fcapi-classicality-audit.pdf,elementary-intermediate-secondary,Private School,Private,0,,,,,,,,,,,,,,,,,,,,,,,,,,,,,,0,,0,0,0,0,0,0,0,placeholders/placeholder-elementary-5.png,,0,0,0,0,611,,K-12,"K, 1st, 2nd, 3rd, 4th, 5th, 6th, 7th, 8th, 9th, 10th, 11th, 12th"
001V400000tPCiP,Cascade View Christian School,,,cascade-view-christian-school-or-97385,office@cascadeviewfmc.org,"+1 503 769 3356",,https://cascadeviewfmc.org/,11677 Rd. Se,,Sublimity,Marion County,OR,"97385",US,44.83235200,-122.82180380,classical,cascade-view-christian-school-or-97385-fcapi-classicality-abstract.md,cascade-view-christian-school-or-97385-fcapi-classicality-audit.md,cascade-view-christian-school-or-97385-fcapi-classicality-audit.pdf,elementary-intermediate-secondary,Private School,Private,0,,,,,,,,,,,,,,,,,,,,,,,,,,,,,,0,,0,0,0,0,0,0,0,placeholders/placeholder-elementary-8.png,,0,0,0,0,614,,K-12,"K, 1st, 2nd, 3rd, 4th, 5th, 6th, 7th, 8th, 9th, 10th, 11th, 12th"
001V400000tPCiQ,Castle Rock Christian Academy,,,castle-rock-christian-academy-co-80109,,"+1 720 598 2722",,https://crcacademy.org/,4881 Cherokee Drive,,Castle Rock,Douglas County,CO,"80109",US,39.40385760,-104.91836100,classical,castle-rock-christian-academy-co-80109-fcapi-classicality-abstract.md,castle-rock-christian-academy-co-80109-fcapi-classicality-audit.md,castle-rock-christian-academy-co-80109-fcapi-classicality-audit.pdf,elementary-intermediate-secondary,Private School,Private,0,,,,,,,,,,,,,,,,,,,,,,,,,,,,,,0,,0,0,0,0,0,0,0,placeholders/placeholder-elementary-0.png,,0,0,0,0,617,,K-12,"K, 1st, 2nd, 3rd, 4th, 5th, 6th, 7th, 8th, 9th, 10th, 11th, 12th"
001V400000tPCiR,Catalyst Christian Academy,,,catalyst-christian-academy-az,,"+1 623 521 4735",,http://catalystaz.com,3830 North 67th Avenue,,Phoenix,,AZ,"85033",US,33.49249500,-112.20431130,classical,catalyst-christian-academy-az-fcapi-classicality-abstract.md,catalyst-christian-academy-az-fcapi-classicality-audit.md,catalyst-christian-academy-az-fcapi-classicality-audit.pdf,elementary-intermediate-secondary,,,0,,,,,,,,,,,,,,,,,,,,,,,,,,,,,,0,,0,0,0,0,0,0,0,placeholders/placeholder-k12-0.png,,0,0,0,0,5291,,,
001V400000tPCiS,Cathedral Oak Academy,,,cathedral-oak-academy-nc-27012,office@cathedraloakacademy.com,"+1 336 705 4046",,https://www.cathedraloakacademy.com/,1840 Lewisville-Clemmons Road,,Clemmons,,NC,"27012",US,36.05951770,-80.39144910,classical,cathedral-oak-academy-nc-27012-fcapi-classicality-abstract.md,cathedral-oak-academy-nc-27012-fcapi-classicality-audit.md,cathedral-oak-academy-nc-27012-fcapi-classicality-audit.pdf,elementary-intermediate-secondary,Private School,Private School,0,,143,,,,,,,,,,,,,,,,,,,,,,,,,,,,1,,1,1,1,0,0,0,0,placeholders/placeholder-elementary-3.png,,0,0,0,0,622,,K-12,"K, 1st, 2nd, 3rd, 4th, 5th, 6th, 7th, 8th, 9th, 10th, 11th, 12th"
001V400000tPCiT,Cathedral School of Saint Mary,,,cathedral-school-saint-mary-tx-78701,,"+1 512 303 9820",,https://smcschoolaustin.org/,910 San Jacinto Blvd.,,Austin,Travis County,TX,"78701",US,30.27104090,-97.73926530,classical,cathedral-school-saint-mary-tx-78701-fcapi-classicality-abstract.md,cathedral-school-saint-mary-tx-78701-fcapi-classicality-audit.md,cathedral-school-saint-mary-tx-78701-fcapi-classicality-audit.pdf,elementary-intermediate,Private School,Private,0,,,,,,,,,,,,,,,,,,,,,,,,,,,,,,0,,0,0,0,0,0,0,0,placeholders/placeholder-elementary-4.png,,0,0,0,0,623,,PK-8,"Pre-K, K, 1st, 2nd, 3rd, 4th, 5th, 6th, 7th, 8th"
001V400000tPCiU,Catholic Central High School,,,catholic-central-high-school-oh-43952,,"+1 740 264 5538",,https://steubenvillecatholicschools.org/cchs/chesterton-academy/,320 Westview,,Steubenville,Jefferson County,OH,"43952",US,40.37203720,-80.66121060,classical,catholic-central-high-school-oh-43952-fcapi-classicality-abstract.md,catholic-central-high-school-oh-43952-fcapi-classicality-audit.md,catholic-central-high-school-oh-43952-fcapi-classicality-audit.pdf,secondary,Private School,Private,0,,,,,,,,,,,,,,,,,,,,,,,,,,,,,,0,,0,0,0,0,0,0,0,placeholders/placeholder-secondary-3.png,,0,0,0,0,624,,9-12,"9th, 10th, 11th, 12th"
001V400000tPCiW,Cedar Classical Academy,,,cedar-classical-academy-mi-48917,admin@cedarclassicalacademy.org,"+1 815 847 8853",,https://cedarclassicalacademy.org/,7520 Westshire Drive,,Lansing,Eaton County,MI,"48917",US,42.73851510,-84.66136740,classical,cedar-classical-academy-mi-48917-fcapi-classicality-abstract.md,cedar-classical-academy-mi-48917-fcapi-classicality-audit.md,cedar-classical-academy-mi-48917-fcapi-classicality-audit.pdf,elementary-intermediate-secondary,Private School,Private,0,,,,,,,,,,,,,,,,,,,,,,,,,,,,,,0,,0,0,0,0,0,0,0,placeholders/placeholder-elementary-5.png,,0,0,0,0,635,,K-12,"K, 1st, 2nd, 3rd, 4th, 5th, 6th, 7th, 8th, 9th, 10th, 11th, 12th"
001V400000tPCiX,Cedar Hall Classical Academy,,,cedar-hall-classical-academy-tx-76021,,"+1 214 232 3799",,https://www.cedarhallclassical.com/,3420 Brown Trail,,Bedford,Tarrant County,TX,"76021",US,32.85981120,-97.15904180,classical,cedar-hall-classical-academy-tx-76021-fcapi-classicality-abstract.md,cedar-hall-classical-academy-tx-76021-fcapi-classicality-audit.md,cedar-hall-classical-academy-tx-76021-fcapi-classicality-audit.pdf,elementary-intermediate,Private School,Private,0,,,,,,,,,,,,,,,,,,,,,,,,,,,,,,0,,0,0,0,0,0,0,0,placeholders/placeholder-elementary-7.png,,0,0,0,0,637,,PK-9,"Pre-K, K, 1st, 2nd, 3rd, 4th, 5th, 6th, 7th, 8th, 9th"
001V400000tPCiY,Cedar Hall Classical Academy-A Scholé School,001V400000tOZKD,Schole Communities,cedar-hall-classical-academy-schole-school-bedford-tx,cedarhallclassical@gmail.com,"",,https://cedarhallclassical.com,,,Bedford,,TX,"",US,32.84401700,-97.14306710,classical,cedar-hall-classical-academy-schole-school-bedford-tx-fcapi-classicality-abstract.md,cedar-hall-classical-academy-schole-school-bedford-tx-fcapi-classicality-audit.md,cedar-hall-classical-academy-schole-school-bedford-tx-fcapi-classicality-audit.pdf,elementary-intermediate-secondary,,,0,,,,,,,,,,,,,,,,,,,,,,,5479,,,,,,,0,,0,0,0,0,0,0,0,placeholders/placeholder-schole-1.png,,0,0,0,0,5553,,,
001V400000tPCiZ,Cedar Tree Classical Christian School,,,cedar-tree-classical-christian-school-wa-98642,office@cedartreeschool.org,"+1 503 621 7490",,https://cedartreeschool.org/,20601 NE 29th Ave.,,Ridgefield,Clark County,WA,"98642",US,45.77021400,-122.64010620,classical,cedar-tree-classical-christian-school-wa-98642-fcapi-classicality-abstract.md,cedar-tree-classical-christian-school-wa-98642-fcapi-classicality-audit.md,cedar-tree-classical-christian-school-wa-98642-fcapi-classicality-audit.pdf,elementary-intermediate-secondary,Private School,Private,0,,,,,,,,,,,,,,,,,,,,,,,,,,,,,,0,,0,0,0,0,0,0,0,placeholders/placeholder-elementary-8.png,,0,0,0,0,638,,K-12,"K, 1st, 2nd, 3rd, 4th, 5th, 6th, 7th, 8th, 9th, 10th, 11th, 12th"
001V400000tPCia,Central Christian Academy,,,central-christian-academy-pa-15342,,"+1 724 746 4902",,https://ccaschool.com/,145 Mcgovern Rd.,,Houston,Washington County,PA,"15342",US,40.23069260,-80.21727560,classical,central-christian-academy-pa-15342-fcapi-classicality-abstract.md,central-christian-academy-pa-15342-fcapi-classicality-audit.md,central-christian-academy-pa-15342-fcapi-classicality-audit.pdf,elementary-intermediate-secondary,Private School,Private,0,,,,,,,,,,,,,,,,,,,,,,,,,,,,,,0,,0,0,0,0,0,0,0,placeholders/placeholder-elementary-9.png,,0,0,0,0,639,,K-12,"K, 1st, 2nd, 3rd, 4th, 5th, 6th, 7th, 8th, 9th, 10th, 11th, 12th"
001V400000tPCid,Centurion Christian Classical School,,,centurion-christian-classical-school-ca-94533,info@centurionschool.com,"+1 707 240 5750",,https://centurionschool.com/,2641 North Texas Street,,Fairfield,Solano County,CA,"94533",US,38.27707990,-122.03595020,classical,centurion-christian-classical-school-ca-94533-fcapi-classicality-abstract.md,centurion-christian-classical-school-ca-94533-fcapi-classicality-audit.md,centurion-christian-classical-school-ca-94533-fcapi-classicality-audit.pdf,elementary,Private School,Private,0,,,,,,,,,,,,,,,,,,,,,,,,,,,,,,0,,0,0,0,0,0,0,0,placeholders/placeholder-elementary-5.png,,0,0,0,0,643,,PK-4,"Pre-K, K, 1st, 2nd, 3rd, 4th"
001V400000tPCie,Chandler Preparatory Academy,001V400000tOBYR,Great Hearts America,chandler-preparatory-academy-az-85224,jpoppleton@chandlerprep.org,"+1 480 855 5410",,https://chandlerprep.greatheartsamerica.org/,1951 N Alma School Rd.,,Chandler,Maricopa County,AZ,"85224",US,33.33372180,-111.85705940,classical,chandler-preparatory-academy-az-85224-fcapi-classicality-abstract.md,chandler-preparatory-academy-az-85224-fcapi-classicality-audit.md,chandler-preparatory-academy-az-85224-fcapi-classicality-audit.pdf,intermediate-secondary,Charter,Public,0,,700,,,,,,,,,,,,,,,,,,,,,157,,,,,,,0,,0,0,0,0,0,0,0,placeholders/placeholder-intermediate-1.png,,0,0,0,0,150,,6-12,"6th, 7th, 8th, 9th, 10th, 11th, 12th"
001V400000tPCig,Charis Classical Academy,,,charis-classical-academy-wi-53705,info@charisclassical.com,"+1 608 250 0551",,https://charisclassical.com/,PO Box 5642,,Madison,Dane County,WI,"53705",US,43.06472950,-89.47922160,classical,charis-classical-academy-wi-53705-fcapi-classicality-abstract.md,charis-classical-academy-wi-53705-fcapi-classicality-audit.md,charis-classical-academy-wi-53705-fcapi-classicality-audit.pdf,elementary-intermediate-secondary,Private School,Private,0,,,,,,,,,,,,,,,,,,,,,,,,,,,,,,0,,0,0,0,0,0,0,0,placeholders/placeholder-elementary-9.png,,0,0,0,0,651,,K-12,"K, 1st, 2nd, 3rd, 4th, 5th, 6th, 7th, 8th, 9th, 10th, 11th, 12th"
001V400000tPCih,Charis Classical School,,,charis-classical-school-tx-76107,,"+1 817 521 2929",,https://www.charisclassicalfw.com/,4410 West Vickery Boulevard,,Fort Worth,Tarrant County,TX,"76107",US,32.72321730,-97.38351610,classical,charis-classical-school-tx-76107-fcapi-classicality-abstract.md,charis-classical-school-tx-76107-fcapi-classicality-audit.md,charis-classical-school-tx-76107-fcapi-classicality-audit.pdf,elementary-intermediate-secondary,Private School,Private,0,,,,,,,,,,,,,,,,,,,,,,,,,,,,,,0,,0,0,0,0,0,0,0,placeholders/placeholder-elementary-0.png,,0,0,0,0,652,,K-12,"K, 1st, 2nd, 3rd, 4th, 5th, 6th, 7th, 8th, 9th, 10th, 11th, 12th"
001V400000tPCii,Charleston Classical School,,,charleston-classical-school-sc-29406,Info@CharlestonClassicalSchool.org,"+1 843 952 3839",,https://www.charlestonclassicalschool.org,1179 Remount Rd.,,North Charleston,Charleston County,SC,"29406",US,32.90125340,-79.98439690,classical,charleston-classical-school-sc-29406-fcapi-classicality-abstract.md,charleston-classical-school-sc-29406-fcapi-classicality-audit.md,charleston-classical-school-sc-29406-fcapi-classicality-audit.pdf,elementary,Private School,Private,0,,,,,,,,,,,,,,,,,,,,,,,,,,,,,,0,,0,0,0,0,0,0,0,placeholders/placeholder-elementary-2.png,,0,0,0,0,654,,K-4,"K, 1st, 2nd, 3rd, 4th"
001V400000tPCij,Charlotte Christian School,,,charlotte-christian-school-nc-28270,,"+1 704 366 5657",,https://www.charlottechristian.com,7301 Sardis Rd.,,Charlotte,Mecklenburg County,NC,"28270",US,35.14020330,-80.76967760,classical,charlotte-christian-school-nc-28270-fcapi-classicality-abstract.md,charlotte-christian-school-nc-28270-fcapi-classicality-audit.md,charlotte-christian-school-nc-28270-fcapi-classicality-audit.pdf,elementary-intermediate-secondary,Private School,Private,0,,,,,,,,,,,,,,,,,,,,,,,,,,,,,,0,,0,0,0,0,0,0,0,placeholders/placeholder-elementary-3.png,,0,0,0,0,655,,K-12,"K, 1st, 2nd, 3rd, 4th, 5th, 6th, 7th, 8th, 9th, 10th, 11th, 12th"
001V400000tPCik,Chelsea Academy,,,chelsea-academy-va-22630,,"+1 540 635 0622",,https://www.chelseaacademy.org/,1190 Progress Drive,,Front Royal,Warren County,VA,"22630",US,38.93935030,-78.15760110,classical,chelsea-academy-va-22630-fcapi-classicality-abstract.md,chelsea-academy-va-22630-fcapi-classicality-audit.md,chelsea-academy-va-22630-fcapi-classicality-audit.pdf,elementary-intermediate-secondary,Private School,Private,0,,,,,,,,,,,,,,,,,,,,,,,,,,,,,,0,,0,0,0,0,0,0,0,placeholders/placeholder-elementary-8.png,,0,0,0,0,661,,K-12,"K, 1st, 2nd, 3rd, 4th, 5th, 6th, 7th, 8th, 9th, 10th, 11th, 12th"
001V400000tPCil,Cherokee Christian School,,,cherokee-christian-school-ga-30188,admissions@cherokeechristian.org,"+1 678 494 5464",,https://cherokeechristian.org/,3075 Trickum Road,,Woodstock,Cherokee County,GA,"30188",US,34.11525000,-84.46986000,classical,cherokee-christian-school-ga-30188-fcapi-classicality-abstract.md,cherokee-christian-school-ga-30188-fcapi-classicality-audit.md,cherokee-christian-school-ga-30188-fcapi-classicality-audit.pdf,elementary-intermediate-secondary,Private School,Private,0,,,,,,,,,,,,,,,,,,,,,,,,,,,,,,0,,0,0,0,0,0,0,0,placeholders/placeholder-elementary-9.png,,0,0,0,0,662,,PK-12,"Pre-K, K, 1st, 2nd, 3rd, 4th, 5th, 6th, 7th, 8th, 9th, 10th, 11th, 12th"
,Cherokee Classical Academy,,Liberty Classical Schools,cherokee-classical-academy-ga-30114,communications@cherokeeclassicalacademy.org,"+1 470 502 9720",,https://www.cherokeeclassicalacademy.org,2126 Sixes Rd,,Canton,,GA,"30114",US,34.27635274,-84.57976632,classical,cherokee-classical-academy-ga-30114-fcapi-classicality-abstract.md,cherokee-classical-academy-ga-30114-fcapi-classicality-audit.md,cherokee-classical-academy-ga-30114-fcapi-classicality-audit.pdf,elementary-intermediate,Charter,Public,0,,,,,,,,,,,,,,,,,,,,,,,,,,,,,,0,,0,0,0,0,0,0,0,placeholders/placeholder-elementary-3.png,,0,0,0,0,7640,,K-6,"K, 1st, 2nd, 3rd, 4th, 5th, 6th"
001V400000tPKze,Cherokee Classical Christian School,,,cherokee-classical-christian-school-ga-30114,,"+1 605 592 4116",,https://cherokeeclassicalchristianschool.org/,2126 Sixes Road,,Canton,Cherokee County,GA,"30114",US,34.16212740,-84.53492250,somewhat-classical,cherokee-classical-christian-school-ga-30114-fcapi-classicality-abstract.md,cherokee-classical-christian-school-ga-30114-fcapi-classicality-audit.md,cherokee-classical-christian-school-ga-30114-fcapi-classicality-audit.pdf,elementary,Charter,Public,0,,,,,,,,,,,,,,,,,,,,,,,,,,,,,,0,,0,0,0,0,0,0,0,placeholders/placeholder-elementary-0.png,,0,0,0,0,663,,K-3,"K, 1st, 2nd, 3rd"
001V400000tPKzg,Chesterton Academy Knights of Our Lady,001V400000tOZJi,Chesterton Schools Network,chesterton-academy-knights-our-lady-mi-49107,info@chestertonknightskzoo.org,"+1 269 665 9062",,https://chestertonknightskzoo.org,20 Cherry St.,,Battle Creek,Kalamazoo County,MI,"49107",US,42.32100780,-85.17849630,classical,chesterton-academy-knights-our-lady-mi-49107-fcapi-classicality-abstract.md,chesterton-academy-knights-our-lady-mi-49107-fcapi-classicality-audit.md,chesterton-academy-knights-our-lady-mi-49107-fcapi-classicality-audit.pdf,secondary,Private School,Private,0,,,,,,,,,,,,,,,,,,,,,,,5446,,,,,,,0,,0,0,0,0,0,0,0,placeholders/placeholder-secondary-5.png,,0,0,0,0,42,,9-12,"9th, 10th, 11th, 12th"
001V400000tPCim,Chesterton Academy Queen of Martyrs,001V400000tOZJi,Chesterton Schools Network,chesterton-academy-queen-martyrs-wi-53590,,"+1 608 287 4723",,https://www.chestertonqofm.com/,2420 St. Albert the Great Dr,,Sun Prairie,Dane County,WI,"53590",US,43.17885490,-89.23103990,classical,chesterton-academy-queen-martyrs-wi-53590-fcapi-classicality-abstract.md,chesterton-academy-queen-martyrs-wi-53590-fcapi-classicality-audit.md,chesterton-academy-queen-martyrs-wi-53590-fcapi-classicality-audit.pdf,secondary,Private School,Private,0,,,,,,,,,,,,,,,,,,,,,,,5446,,,,,,,0,,0,0,0,0,0,0,0,placeholders/placeholder-secondary-6.png,,0,0,0,0,94,,9-12,"9th, 10th, 11th, 12th"
001V400000tPCin,Chesterton Academy of Akron,001V400000tOZJi,Chesterton Schools Network,chesterton-academy-akron-oh-44301,,"+1 330 299 5117",,https://akronchestertonacademy.org/,433 Mission Dr.,,Akron,Summit County,OH,"44301",US,41.03837520,-81.51070760,classical,chesterton-academy-akron-oh-44301-fcapi-classicality-abstract.md,chesterton-academy-akron-oh-44301-fcapi-classicality-audit.md,chesterton-academy-akron-oh-44301-fcapi-classicality-audit.pdf,secondary,Private School,Private,0,,,,,,,,,,,,,,,,,,,,,,,5446,,,,,,,0,,0,0,0,0,0,0,0,placeholders/placeholder-secondary-7.png,,0,0,0,0,43,,9-12,"9th, 10th, 11th, 12th"
001V400000tPCio,Chesterton Academy of Albuquerque,001V400000tOZJi,Chesterton Schools Network,chesterton-academy-albuquerque-nm-87125,,"+1 505 544 4544",,https://www.chestertonabq.com/,PO Box 25771,,Albuquerque,Bernalillo County,NM,"87125-5771",US,35.08438590,-106.65042200,classical,chesterton-academy-albuquerque-nm-87125-fcapi-classicality-abstract.md,chesterton-academy-albuquerque-nm-87125-fcapi-classicality-audit.md,chesterton-academy-albuquerque-nm-87125-fcapi-classicality-audit.pdf,secondary,Private School,Private,0,,,,,,,,,,,,,,,,,,,,,,,5446,,,,,,,0,,0,0,0,0,0,0,0,placeholders/placeholder-secondary-8.png,,0,0,0,0,44,,9-12,"9th, 10th, 11th, 12th"
001V400000tPKzh,Chesterton Academy of Annapolis,001V400000tOZJi,Chesterton Schools Network,chesterton-academy-annapolis-md-21037,,"+1 410 855 3216",,https://www.chestertonacademyofannapolis.org/,3506 Marthas Vineyard Way,,Annapolis,Anne Arundel County,MD,"21037",US,38.98852510,-76.50641020,somewhat-classical,chesterton-academy-annapolis-md-21037-fcapi-classicality-abstract.md,chesterton-academy-annapolis-md-21037-fcapi-classicality-audit.md,chesterton-academy-annapolis-md-21037-fcapi-classicality-audit.pdf,secondary,Private School,Private,0,,,,,,,,,,,,,,,,,,,,,,,5446,,,,,,,0,,0,0,0,0,0,0,0,placeholders/placeholder-secondary-9.png,,0,0,0,0,45,,9-12,"9th, 10th, 11th, 12th"
001V400000tPCip,Chesterton Academy of Atlanta,001V400000tOZJi,Chesterton Schools Network,chesterton-academy-atlanta-ga-30144,,"+1 770 635 0856",,https://chestertonatl.org/,1618 Ben King Rd.,,Atlanta,Cobb County,GA,"30144",US,34.02826720,-84.59991030,classical,chesterton-academy-atlanta-ga-30144-fcapi-classicality-abstract.md,chesterton-academy-atlanta-ga-30144-fcapi-classicality-audit.md,chesterton-academy-atlanta-ga-30144-fcapi-classicality-audit.pdf,secondary,Private School,Private,0,,,,,,,,,,,,,,,,,,,,,,,5446,,,,,,,0,,0,0,0,0,0,0,0,placeholders/placeholder-secondary-0.png,,0,0,0,0,46,,9-12,"9th, 10th, 11th, 12th"
001V400000tPKzi,Chesterton Academy of Blessed Carlo Acutis,001V400000tOZJi,Chesterton Schools Network,chesterton-academy-blessed-carlo-acutis-co-81502,,"",,https://www.chestertonblcarlo.org/,522 White Ave,,Grand Junction,Mesa County,CO,"81502",US,39.06894780,-108.56428090,classical,chesterton-academy-blessed-carlo-acutis-co-81502-fcapi-classicality-abstract.md,chesterton-academy-blessed-carlo-acutis-co-81502-fcapi-classicality-audit.md,chesterton-academy-blessed-carlo-acutis-co-81502-fcapi-classicality-audit.pdf,secondary,Private School,Private,0,,,,,,,,,,,,,,,,,,,,,,,5446,,,,,,,0,,0,0,0,0,0,0,0,placeholders/placeholder-secondary-1.png,,0,0,0,0,47,,9-12,"9th, 10th, 11th, 12th"
001V400000tPCiq,Chesterton Academy of Blessed Pier Giorgio Frassati,001V400000tOZJi,Chesterton Schools Network,chesterton-academy-blessed-pier-giorgio-frassati-or-98685,,"+1 360 355 3362",,https://chestertonfrassati.org/,10013 NE Hazel Dell Ave. #156,,Portland,Clark County,OR,"98685",US,45.69428870,-122.66753790,classical,chesterton-academy-blessed-pier-giorgio-frassati-or-98685-fcapi-classicality-abstract.md,chesterton-academy-blessed-pier-giorgio-frassati-or-98685-fcapi-classicality-audit.md,chesterton-academy-blessed-pier-giorgio-frassati-or-98685-fcapi-classicality-audit.pdf,secondary,Private School,Private,0,,,,,,,,,,,,,,,,,,,,,,,5446,,,,,,,0,,0,0,0,0,0,0,0,placeholders/placeholder-secondary-2.png,,0,0,0,0,98,,9-12,"9th, 10th, 11th, 12th"
001V400000tPCir,Chesterton Academy of Buffalo,001V400000tOZJi,Chesterton Schools Network,chesterton-academy-buffalo-ny-14026,,"+1 716 674 8101",,https://buffalochestertonacademy.org/,5331 Genesee St.,,Bowmansville,Erie County,NY,"14026",US,42.94237210,-78.68215900,classical,chesterton-academy-buffalo-ny-14026-fcapi-classicality-abstract.md,chesterton-academy-buffalo-ny-14026-fcapi-classicality-audit.md,chesterton-academy-buffalo-ny-14026-fcapi-classicality-audit.pdf,secondary,Private School,Private,0,,,,,,,,,,,,,,,,,,,,,,,5446,,,,,,,0,,0,0,0,0,0,0,0,placeholders/placeholder-secondary-3.png,,0,0,0,0,48,,9-12,"9th, 10th, 11th, 12th"
001V400000tPKzk,Chesterton Academy of Divine Mercy,001V400000tOZJi,Chesterton Schools Network,chesterton-academy-divine-mercy-la-70470,,"+1 985 231 7197",,https://chestertonschoolsnetwork.org/location/chesterton-academy-of-divine-mercy,PO Box 8769,,Mandeville,St. Tammany Parish,LA,"70470",US,30.46201060,-90.13468210,classical,chesterton-academy-divine-mercy-la-70470-fcapi-classicality-abstract.md,chesterton-academy-divine-mercy-la-70470-fcapi-classicality-audit.md,chesterton-academy-divine-mercy-la-70470-fcapi-classicality-audit.pdf,secondary,Private School,Private,0,,,,,,,,,,,,,,,,,,,,,,,5446,,,,,,,0,,0,0,0,0,0,0,0,placeholders/placeholder-elementary-2.png,,0,0,0,0,100,,9-12,"9th, 10th, 11th, 12th"
001V400000tPCis,Chesterton Academy of Fort Worth,001V400000tOZJi,Chesterton Schools Network,chesterton-academy-fort-worth-tx-76107,,"+1 682 888 4855",,https://chestertonacademyfw.org/,4128 Donnelly Ave.,,Fort Worth,Tarrant County,TX,"76107",US,32.75417400,-97.36357380,classical,chesterton-academy-fort-worth-tx-76107-fcapi-classicality-abstract.md,chesterton-academy-fort-worth-tx-76107-fcapi-classicality-audit.md,chesterton-academy-fort-worth-tx-76107-fcapi-classicality-audit.pdf,secondary,Private School,Private,0,,,,,,,,,,,,,,,,,,,,,,,5446,,,,,,,0,,0,0,0,0,0,0,0,placeholders/placeholder-secondary-5.png,,0,0,0,0,49,,9-12,"9th, 10th, 11th, 12th"
001V400000tPCit,Chesterton Academy of Holy Trinity,001V400000tOZJi,Chesterton Schools Network,chesterton-academy-holy-trinity-la-70360,admin@holytrinityacademy.org,"+1 985 859 0030",,https://www.holytrinityacademy.org/chesterton-academy,478 North Main Project Rd.,,Schriever,Terrebonne Parish,LA,"70360",US,29.75128120,-90.82470560,classical,chesterton-academy-holy-trinity-la-70360-fcapi-classicality-abstract.md,chesterton-academy-holy-trinity-la-70360-fcapi-classicality-audit.md,chesterton-academy-holy-trinity-la-70360-fcapi-classicality-audit.pdf,secondary,Private School,Private,0,,,,,,,,,,,,,,,,,,,,,,,5446,,,,,,,0,,0,0,0,0,0,0,0,placeholders/placeholder-secondary-6.png,,0,0,0,0,50,,9-12,"9th, 10th, 11th, 12th"
001V400000tPKzl,Chesterton Academy of Mater Dei,001V400000tOZJi,Chesterton Schools Network,chesterton-academy-mater-dei-or-97701,chchesteron@gmail.com,"+1 719 761 0511",,https://chestertonmaterdei.org,2450 NE 27th St.,,Bend,Deschutes County,OR,"97701",US,44.07489920,-121.26117230,classical,chesterton-academy-mater-dei-or-97701-fcapi-classicality-abstract.md,chesterton-academy-mater-dei-or-97701-fcapi-classicality-audit.md,chesterton-academy-mater-dei-or-97701-fcapi-classicality-audit.pdf,secondary,Private School,Private,0,,,,,,,,,,,,,,,,,,,,,,,5446,,,,,,,0,,0,0,0,0,0,0,0,placeholders/placeholder-secondary-7.png,,0,0,0,0,51,,9-12,"9th, 10th, 11th, 12th"
001V400000tPCiu,Chesterton Academy of Milwaukee,001V400000tOZJi,Chesterton Schools Network,chesterton-academy-milwaukee-wi-53051,office@chestertonmke.org,"+1 262 788 8400",,https://chestertonmke.org/,N74W13646 Appleton Ave.,,Menomonee Falls,Waukesha County,WI,"53051",US,43.15298110,-88.07971330,classical,chesterton-academy-milwaukee-wi-53051-fcapi-classicality-abstract.md,chesterton-academy-milwaukee-wi-53051-fcapi-classicality-audit.md,chesterton-academy-milwaukee-wi-53051-fcapi-classicality-audit.pdf,secondary,Private School,Private,0,,,,,,,,,,,,,,,,,,,,,,,5446,,,,,,,0,,0,0,0,0,0,0,0,placeholders/placeholder-secondary-8.png,,0,0,0,0,52,,9-12,"9th, 10th, 11th, 12th"
001V400000tPCiv,Chesterton Academy of Northern Utah,001V400000tOZJi,Chesterton Schools Network,chesterton-academy-northern-utah-ut-84310,,"+1 206 965 0511",,https://www.chestertonutah.com/,4812 Creekview Dr.,,Bountiful,Davis County,UT,"84310",US,40.86898580,-111.87688620,classical,chesterton-academy-northern-utah-ut-84310-fcapi-classicality-abstract.md,chesterton-academy-northern-utah-ut-84310-fcapi-classicality-audit.md,chesterton-academy-northern-utah-ut-84310-fcapi-classicality-audit.pdf,secondary,Private School,Private,0,,,,,,,,,,,,,,,,,,,,,,,5446,,,,,,,0,,0,0,0,0,0,0,0,placeholders/placeholder-secondary-9.png,,0,0,0,0,53,,9-12,"9th, 10th, 11th, 12th"
001V400000tPCiw,Chesterton Academy of Notre Dame,001V400000tOZJi,Chesterton Schools Network,chesterton-academy-notre-dame-wa-99217,,"+1 509 242 3750",,https://chestertonacademyofnotredame.org/,2706 East Queen Ave.,,Spokane,Spokane County,WA,"99217",US,47.68086190,-117.30433570,classical,chesterton-academy-notre-dame-wa-99217-fcapi-classicality-abstract.md,chesterton-academy-notre-dame-wa-99217-fcapi-classicality-audit.md,chesterton-academy-notre-dame-wa-99217-fcapi-classicality-audit.pdf,secondary,Private School,Private,0,,,,,,,,,,,,,,,,,,,,,,,5446,,,,,,,0,,0,0,0,0,0,0,0,placeholders/placeholder-secondary-0.png,,0,0,0,0,54,,9-12,"9th, 10th, 11th, 12th"
001V400000tPCix,Chesterton Academy of Omaha,001V400000tOZJi,Chesterton Schools Network,chesterton-academy-omaha-ne-68107,,"+1 402 205 5341",,https://chestertonomaha.org/,5301 S. 36th St.,,Omaha NE,Douglas County,NE,"68107",US,41.20436490,-95.96681850,classical,chesterton-academy-omaha-ne-68107-fcapi-classicality-abstract.md,chesterton-academy-omaha-ne-68107-fcapi-classicality-audit.md,chesterton-academy-omaha-ne-68107-fcapi-classicality-audit.pdf,secondary,Private School,Private,0,,,,,,,,,,,,,,,,,,,,,,,5446,,,,,,,0,,0,0,0,0,0,0,0,placeholders/placeholder-secondary-1.png,,0,0,0,0,55,,9-12,"9th, 10th, 11th, 12th"
001V400000tPCiy,Chesterton Academy of Orlando,001V400000tOZJi,Chesterton Schools Network,chesterton-academy-orlando-fl-32792,,"+1 407 627 1250",,https://chestertonorlando.com/,2025 State Rd. 436,,Winter Park,Seminole County,FL,"32792",US,28.61233560,-81.31080060,classical,chesterton-academy-orlando-fl-32792-fcapi-classicality-abstract.md,chesterton-academy-orlando-fl-32792-fcapi-classicality-audit.md,chesterton-academy-orlando-fl-32792-fcapi-classicality-audit.pdf,secondary,Private School,Private,0,,,,,,,,,,,,,,,,,,,,,,,5446,,,,,,,0,,0,0,0,0,0,0,0,placeholders/placeholder-secondary-2.png,,0,0,0,0,56,,9-12,"9th, 10th, 11th, 12th"
001V400000tPKzm,Chesterton Academy of Ottawa,001V400000tOZJi,Chesterton Schools Network,chesterton-academy-ottawa-on-ca-k1y0h3,,"+1 613 518 8117",,https://chestertonacademyofottawa.ca/,415 Piccadilly Ave. North,,Ottawa,Ottawa,ON,"K1Y 0H3",CA,45.39630020,-75.73949440,classical,chesterton-academy-ottawa-on-ca-k1y0h3-fcapi-classicality-abstract.md,chesterton-academy-ottawa-on-ca-k1y0h3-fcapi-classicality-audit.md,chesterton-academy-ottawa-on-ca-k1y0h3-fcapi-classicality-audit.pdf,secondary,Private School,Private,0,,,,,,,,,,,,,,,,,,,,,,,5446,,,,,,,0,,0,0,0,0,0,0,0,placeholders/placeholder-elementary-3.png,,0,0,0,0,57,,9-12,"9th, 10th, 11th, 12th"
001V400000tPCiz,Chesterton Academy of Our Lady of Guadalupe,001V400000tOZJi,Chesterton Schools Network,chesterton-academy-our-lady-guadalupe-mi-48035,,"+1 586 741 6041",,https://chestertonguadalupe.org/,21400 S. Nunneley Rd. Clinton Twp,,Detroit,Macomb County,MI,"48035",US,42.56807210,-82.90321070,classical,chesterton-academy-our-lady-guadalupe-mi-48035-fcapi-classicality-abstract.md,chesterton-academy-our-lady-guadalupe-mi-48035-fcapi-classicality-audit.md,chesterton-academy-our-lady-guadalupe-mi-48035-fcapi-classicality-audit.pdf,secondary,Private School,Private,0,,,,,,,,,,,,,,,,,,,,,,,5446,,,,,,,0,,0,0,0,0,0,0,0,placeholders/placeholder-secondary-3.png,,0,0,0,0,58,,9-12,"9th, 10th, 11th, 12th"
001V400000tPCj0,Chesterton Academy of Our Lady of Hope,001V400000tOZJi,Chesterton Schools Network,chesterton-academy-our-lady-hope-ri-02886,,"+1 401 287 2280",,https://www.chestertonri.org/,610 Jefferson Boulevard,,Warwick,Kent County,RI,"02886",US,41.73122350,-71.44178290,classical,chesterton-academy-our-lady-hope-ri-02886-fcapi-classicality-abstract.md,chesterton-academy-our-lady-hope-ri-02886-fcapi-classicality-audit.md,chesterton-academy-our-lady-hope-ri-02886-fcapi-classicality-audit.pdf,secondary,Private School,Private,0,,,,,,,,,,,,,,,,,,,,,,,5446,,,,,,,0,,0,0,0,0,0,0,0,placeholders/placeholder-secondary-4.png,,0,0,0,0,59,,9-12,"9th, 10th, 11th, 12th"
001V400000tPCj1,Chesterton Academy of Our Lady of Victory,001V400000tOZJi,Chesterton Schools Network,chesterton-academy-our-lady-victory-co-80121,,"+1 303 717 7695",,https://www.ourladyofvictorydenver.com/,6495 S. Colorado Blvd. Centennial,,Denver,Arapahoe County,CO,"80121",US,39.59891160,-104.94219680,classical,chesterton-academy-our-lady-victory-co-80121-fcapi-classicality-abstract.md,chesterton-academy-our-lady-victory-co-80121-fcapi-classicality-audit.md,chesterton-academy-our-lady-victory-co-80121-fcapi-classicality-audit.pdf,secondary,Private School,Private,0,,,,,,,,,,,,,,,,,,,,,,,5446,,,,,,,0,,0,0,0,0,0,0,0,placeholders/placeholder-secondary-5.png,,0,0,0,0,60,,9-12,"9th, 10th, 11th, 12th"
001V400000tPCj2,Chesterton Academy of Rochester,001V400000tOZJi,Chesterton Schools Network,chesterton-academy-rochester-ny-14617,,"+1 585 471 1533",,https://www.chestertonacademyofrochester.org/,125 Kings Highway South,,Rochester,Monroe County,NY,"14617",US,43.20776380,-77.58070310,classical,chesterton-academy-rochester-ny-14617-fcapi-classicality-abstract.md,chesterton-academy-rochester-ny-14617-fcapi-classicality-audit.md,chesterton-academy-rochester-ny-14617-fcapi-classicality-audit.pdf,secondary,Private School,Private,0,,,,,,,,,,,,,,,,,,,,,,,5446,,,,,,,0,,0,0,0,0,0,0,0,placeholders/placeholder-secondary-6.png,,0,0,0,0,61,,9-12,"9th, 10th, 11th, 12th"
001V400000tPCj3,Chesterton Academy of Sacramento,001V400000tOZJi,Chesterton Schools Network,chesterton-academy-sacramento-ca-95660,,"+1 916 514 9192",,https://www.sacramentochesterton.org/,4325 Don Julio Blvd.,,North Highlands,Sacramento County,CA,"95660",US,38.68959340,-121.36214410,classical,chesterton-academy-sacramento-ca-95660-fcapi-classicality-abstract.md,chesterton-academy-sacramento-ca-95660-fcapi-classicality-audit.md,chesterton-academy-sacramento-ca-95660-fcapi-classicality-audit.pdf,secondary,Private School,Private,0,,,,,,,,,,,,,,,,,,,,,,,5446,,,,,,,0,,0,0,0,0,0,0,0,placeholders/placeholder-secondary-7.png,,0,0,0,0,62,,9-12,"9th, 10th, 11th, 12th"
001V400000tPCj4,Chesterton Academy of St. Benedict,001V400000tOZJi,Chesterton Schools Network,chesterton-academy-st-benedict-oh-43017,,"+1 330 328 7057",,https://www.chestertonacademystbenedict.org/,6724 Perimeter Loop Rd. #342,,Dublin,Franklin County,OH,"43017",US,40.10341920,-83.15616880,classical,chesterton-academy-st-benedict-oh-43017-fcapi-classicality-abstract.md,chesterton-academy-st-benedict-oh-43017-fcapi-classicality-audit.md,chesterton-academy-st-benedict-oh-43017-fcapi-classicality-audit.pdf,secondary,Private School,Private,0,,,,,,,,,,,,,,,,,,,,,,,5446,,,,,,,0,,0,0,0,0,0,0,0,placeholders/placeholder-secondary-8.png,,0,0,0,0,63,,9-12,"9th, 10th, 11th, 12th"
001V400000tPKzn,Chesterton Academy of St. Finbar,001V400000tOZJi,Chesterton Schools Network,chesterton-academy-st-finbar-sc-29401,info@stfinbar.org,"+1 208 880 3045",,https://www.stfinbar.org/,120 Broad St,,Charleston,Charleston County,SC,"29401",US,32.77649580,-79.93446820,classical,chesterton-academy-st-finbar-sc-29401-fcapi-classicality-abstract.md,chesterton-academy-st-finbar-sc-29401-fcapi-classicality-audit.md,chesterton-academy-st-finbar-sc-29401-fcapi-classicality-audit.pdf,secondary,Private School,Private,0,,,,,,,,,,,,,,,,,,,,,,,5446,,,,,,,0,,0,0,0,0,0,0,0,placeholders/placeholder-secondary-9.png,,0,0,0,0,65,,9-12,"9th, 10th, 11th, 12th"
001V400000tPCj5,Chesterton Academy of St. George,001V400000tOZJi,Chesterton Schools Network,chesterton-academy-st-george-mi-49201,,"+1 517 295 3735",,https://www.castgeorge.com/,4818 East Michigan Ave.,,Jackson,Jackson County,MI,"49201",US,42.26890180,-84.39136860,classical,chesterton-academy-st-george-mi-49201-fcapi-classicality-abstract.md,chesterton-academy-st-george-mi-49201-fcapi-classicality-audit.md,chesterton-academy-st-george-mi-49201-fcapi-classicality-audit.pdf,secondary,Private School,Private,0,,,,,,,,,,,,,,,,,,,,,,,5446,,,,,,,0,,0,0,0,0,0,0,0,placeholders/placeholder-secondary-0.png,,0,0,0,0,66,,9-12,"9th, 10th, 11th, 12th"
001V400000tPKzo,Chesterton Academy of St. Isidore [Online],001V400000tOZJi,Chesterton Schools Network,chesterton-academy-st-isidore-online-ab-ca-06105,,"+1 780 467 8896",,https://chesterton.eics.ab.ca/,310 Broadview Rd,,Sherwood Park,,AB,"T8H 1A4",CA,34.71981320,-86.66249530,classical,chesterton-academy-st-isidore-online-ab-ca-06105-fcapi-classicality-abstract.md,chesterton-academy-st-isidore-online-ab-ca-06105-fcapi-classicality-audit.md,chesterton-academy-st-isidore-online-ab-ca-06105-fcapi-classicality-audit.pdf,secondary,,,0,,,,,,,,,,,,,,,,,,,,,,,5446,,,,,,,0,,0,0,0,0,0,0,0,placeholders/placeholder-virtual-7.png,,0,0,0,0,666,,9-12,"9th, 10th, 11th, 12th"
001V400000tPCj6,Chesterton Academy of St. James,001V400000tOZJi,Chesterton Schools Network,chesterton-academy-st-james-ca-54025,,"+1 650 703 9295",,https://www.chestertonstjames.org/,320 Middlefield Rd. 9,,Menlo Park,San Mateo County,CA,"54025",US,37.45919670,-122.16807160,classical,chesterton-academy-st-james-ca-54025-fcapi-classicality-abstract.md,chesterton-academy-st-james-ca-54025-fcapi-classicality-audit.md,chesterton-academy-st-james-ca-54025-fcapi-classicality-audit.pdf,secondary,Private School,Private,0,,,,,,,,,,,,,,,,,,,,,,,5446,,,,,,,0,,0,0,0,0,0,0,0,placeholders/placeholder-secondary-1.png,,0,0,0,0,67,,9-12,"9th, 10th, 11th, 12th"
001V400000tPCj7,Chesterton Academy of St. John Paul II Classical School,001V400000tOZJi,Chesterton Schools Network,chesterton-academy-st-john-paul-ii-classical-school-wi-54302,,"+1 920 617 9542",,https://sjpclassicalschoolgreenbay.org/chesterton-academy/,320 Victoria St.,,Green Bay,Brown County,WI,"54302",US,44.49887380,-87.98339600,classical,chesterton-academy-st-john-paul-ii-classical-school-wi-54302-fcapi-classicality-abstract.md,chesterton-academy-st-john-paul-ii-classical-school-wi-54302-fcapi-classicality-audit.md,chesterton-academy-st-john-paul-ii-classical-school-wi-54302-fcapi-classicality-audit.pdf,elementary-intermediate-secondary,Private School,Private,0,,,,,,,,,,,,,,,,,,,,,,,5446,,,,,,,0,,0,0,0,0,0,0,0,placeholders/placeholder-elementary-6.png,,0,0,0,0,69,,K-12,"K, 1st, 2nd, 3rd, 4th, 5th, 6th, 7th, 8th, 9th, 10th, 11th, 12th"
001V400000tPCj8,Chesterton Academy of St. John the Evangelist,001V400000tOZJi,Chesterton Schools Network,chesterton-academy-st-john-evangelist-va-22902,,"+1 434 987 6691",,https://www.chestertonsje.org/,256 East High St.,,Charlottesville,,VA,"22902",US,38.03250680,-78.47929590,classical,chesterton-academy-st-john-evangelist-va-22902-fcapi-classicality-abstract.md,chesterton-academy-st-john-evangelist-va-22902-fcapi-classicality-audit.md,chesterton-academy-st-john-evangelist-va-22902-fcapi-classicality-audit.pdf,secondary,Private School,Private,0,,,,,,,,,,,,,,,,,,,,,,,5446,,,,,,,0,,0,0,0,0,0,0,0,placeholders/placeholder-secondary-2.png,,0,0,0,0,70,,9-12,"9th, 10th, 11th, 12th"
001V400000tPCj9,Chesterton Academy of St. Joseph,001V400000tOZJi,Chesterton Schools Network,chesterton-academy-st-joseph-oh-45324,,"+1 937 609 5318",,https://www.chestertonacademyofstjoseph.org/,954 N Maple Ave.,,Fairborn,Greene County,OH,"45324-5454",US,39.83229430,-84.01618470,classical,chesterton-academy-st-joseph-oh-45324-fcapi-classicality-abstract.md,chesterton-academy-st-joseph-oh-45324-fcapi-classicality-audit.md,chesterton-academy-st-joseph-oh-45324-fcapi-classicality-audit.pdf,secondary,Private School,Private,0,,,,,,,,,,,,,,,,,,,,,,,5446,,,,,,,0,,0,0,0,0,0,0,0,placeholders/placeholder-secondary-3.png,,0,0,0,0,71,,9-12,"9th, 10th, 11th, 12th"
001V400000tPCjA,Chesterton Academy of St. Louis,001V400000tOZJi,Chesterton Schools Network,chesterton-academy-st-louis-mo-63146,,"+1 314 220 1129",,https://chestertonacademystl.org/,12934 Marine Ave.,,St. Louis,St. Louis County,MO,"63146",US,38.70682040,-90.47381500,classical,chesterton-academy-st-louis-mo-63146-fcapi-classicality-abstract.md,chesterton-academy-st-louis-mo-63146-fcapi-classicality-audit.md,chesterton-academy-st-louis-mo-63146-fcapi-classicality-audit.pdf,secondary,Private School,Private,0,,,,,,,,,,,,,,,,,,,,,,,5446,,,,,,,0,,0,0,0,0,0,0,0,placeholders/placeholder-secondary-4.png,,0,0,0,0,72,,9-12,"9th, 10th, 11th, 12th"
001V400000tPCjB,Chesterton Academy of St. Margaret Clitherow,001V400000tOZJi,Chesterton Schools Network,chesterton-academy-st-margaret-clitherow-tn-37924,,"+1 865 247 6838",,https://knoxchesterton.com/,5919 Rutledge Pike,,Knoxville,Knox County,TN,"37924",US,35.89812220,-84.11512110,classical,chesterton-academy-st-margaret-clitherow-tn-37924-fcapi-classicality-abstract.md,chesterton-academy-st-margaret-clitherow-tn-37924-fcapi-classicality-audit.md,chesterton-academy-st-margaret-clitherow-tn-37924-fcapi-classicality-audit.pdf,secondary,Private School,Private,0,,,,,,,,,,,,,,,,,,,,,,,5446,,,,,,,0,,0,0,0,0,0,0,0,placeholders/placeholder-secondary-5.png,,0,0,0,0,73,,9-12,"9th, 10th, 11th, 12th"
001V400000tPCjC,Chesterton Academy of St. Mary's,001V400000tOZJi,Chesterton Schools Network,chesterton-academy-st-marys-md-20636,,"",,https://www.chestertonstmarys.org/,24588 Bateman Court,,Hollywood,St. Mary's County,MD,"20636",US,38.34360850,-76.54439010,classical,chesterton-academy-st-marys-md-20636-fcapi-classicality-abstract.md,chesterton-academy-st-marys-md-20636-fcapi-classicality-audit.md,chesterton-academy-st-marys-md-20636-fcapi-classicality-audit.pdf,secondary,Private School,Private,0,,,,,,,,,,,,,,,,,,,,,,,5446,,,,,,,0,,0,0,0,0,0,0,0,placeholders/placeholder-secondary-6.png,,0,0,0,0,74,,9-12,"9th, 10th, 11th, 12th"
001V400000tPKzq,Chesterton Academy of St. Mary's High School,001V400000tOZJi,Chesterton Schools Network,chesterton-academy-st-marys-high-school-tx-76574,,"",,https://chestertonschoolsnetwork.org/location/st-mary-s-catholic-high-school,317 East 4th Street,,Taylor,Williamson County,TX,"76574",US,30.57120240,-97.40669410,classical,chesterton-academy-st-marys-high-school-tx-76574-fcapi-classicality-abstract.md,chesterton-academy-st-marys-high-school-tx-76574-fcapi-classicality-audit.md,chesterton-academy-st-marys-high-school-tx-76574-fcapi-classicality-audit.pdf,secondary,Private School,Private,0,,,,,,,,,,,,,,,,,,,,,,,5446,,,,,,,0,,0,0,0,0,0,0,0,placeholders/placeholder-secondary-7.png,,0,0,0,0,103,,9-12,"9th, 10th, 11th, 12th"
001V400000tPCjD,Chesterton Academy of St. Michael,001V400000tOZJi,Chesterton Schools Network,chesterton-academy-st-michael-wa-98034,,"+1 425 791 2718",,https://www.chestertonstmichael.org/,12034 115th Ave. NE,,Sammamish,King County,WA,"98034",US,47.70826380,-122.18671120,classical,chesterton-academy-st-michael-wa-98034-fcapi-classicality-abstract.md,chesterton-academy-st-michael-wa-98034-fcapi-classicality-audit.md,chesterton-academy-st-michael-wa-98034-fcapi-classicality-audit.pdf,secondary,Private School,Private,0,,,,,,,,,,,,,,,,,,,,,,,5446,,,,,,,0,,0,0,0,0,0,0,0,placeholders/placeholder-secondary-8.png,,0,0,0,0,75,,9-12,"9th, 10th, 11th, 12th"
001V400000tPKzr,Chesterton Academy of St. Michael the Defender,001V400000tOZJi,Chesterton Schools Network,chesterton-academy-st-michael-defender-va-22841,joyful@chestertonsmd.org,"",,https://www.chestertonsmd.org/,5260 East Timber Ridge Rd,,Mt. Crawford,Rockingham County,VA,"22841",US,38.32971720,-78.86324910,classical,chesterton-academy-st-michael-defender-va-22841-fcapi-classicality-abstract.md,chesterton-academy-st-michael-defender-va-22841-fcapi-classicality-audit.md,chesterton-academy-st-michael-defender-va-22841-fcapi-classicality-audit.pdf,secondary,Private School,Private,0,,,,,,,,,,,,,,,,,,,,,,,5446,,,,,,,0,,0,0,0,0,0,0,0,placeholders/placeholder-elementary-7.png,,0,0,0,0,104,,9-12,"9th, 10th, 11th, 12th"
001V400000tPCjE,Chesterton Academy of St. Padre Pio,001V400000tOZJi,Chesterton Schools Network,chesterton-academy-st-padre-pio-fl-34276,,"+1 941 346 6757",,https://www.chestertonsarasota.org/,PO Box 17683,,Sarasota,Sarasota County,FL,"34276",US,27.33688240,-82.42961220,classical,chesterton-academy-st-padre-pio-fl-34276-fcapi-classicality-abstract.md,chesterton-academy-st-padre-pio-fl-34276-fcapi-classicality-audit.md,chesterton-academy-st-padre-pio-fl-34276-fcapi-classicality-audit.pdf,secondary,Private School,Private,0,,,,,,,,,,,,,,,,,,,,,,,5446,,,,,,,0,,0,0,0,0,0,0,0,placeholders/placeholder-secondary-9.png,,0,0,0,0,76,,9-12,"9th, 10th, 11th, 12th"
001V400000tPCjF,Chesterton Academy of St. Philip Neri,001V400000tOZJi,Chesterton Schools Network,chesterton-academy-st-philip-neri-mo-64111,,"+1 816 370 6783",,https://chestertonacademykc.org/,500 W 40th St,,Kansas City,Jackson County,MO,"64111",US,39.05518530,-94.59195480,classical,chesterton-academy-st-philip-neri-mo-64111-fcapi-classicality-abstract.md,chesterton-academy-st-philip-neri-mo-64111-fcapi-classicality-audit.md,chesterton-academy-st-philip-neri-mo-64111-fcapi-classicality-audit.pdf,secondary,Private School,Private,0,,,,,,,,,,,,,,,,,,,,,,,5446,,,,,,,0,,0,0,0,0,0,0,0,placeholders/placeholder-secondary-0.png,,0,0,0,0,77,,9-12,"9th, 10th, 11th, 12th"
001V400000tPCjG,Chesterton Academy of St. Scholastica,001V400000tOZJi,Chesterton Schools Network,chesterton-academy-st-scholastica-in-46825,,"+1 317 490 6575",,https://www.chestertonfw.org/,921 Valdosta Dr.,,Fort Wayne,Allen County,IN,"46825",US,41.14095250,-85.14650000,classical,chesterton-academy-st-scholastica-in-46825-fcapi-classicality-abstract.md,chesterton-academy-st-scholastica-in-46825-fcapi-classicality-audit.md,chesterton-academy-st-scholastica-in-46825-fcapi-classicality-audit.pdf,secondary,Private School,Private,0,,,,,,,,,,,,,,,,,,,,,,,5446,,,,,,,0,,0,0,0,0,0,0,0,placeholders/placeholder-secondary-1.png,,0,0,0,0,78,,9-12,"9th, 10th, 11th, 12th"
001V400000tPCjH,Chesterton Academy of St. Therese,001V400000tOZJi,Chesterton Schools Network,chesterton-academy-st-therese-ny-10916,,"+1 845 610 5288",,https://www.chestertonacademytherese.com/,3348 Route 208,,Campbell Hall,Orange County,NY,"10916",US,41.43662480,-74.20357910,classical,chesterton-academy-st-therese-ny-10916-fcapi-classicality-abstract.md,chesterton-academy-st-therese-ny-10916-fcapi-classicality-audit.md,chesterton-academy-st-therese-ny-10916-fcapi-classicality-audit.pdf,secondary,Private School,Private,0,,,,,,,,,,,,,,,,,,,,,,,5446,,,,,,,0,,0,0,0,0,0,0,0,placeholders/placeholder-secondary-2.png,,0,0,0,0,79,,9-12,"9th, 10th, 11th, 12th"
001V400000tPKzs,Chesterton Academy of St. Thomas Aquinas,001V400000tOZJi,Chesterton Schools Network,chesterton-academy-st-thomas-aquinas-va-20181,info@chesterton.org,"+1 540 216 0357",,https://www.chestertonsta.org/,12625 Fitzwater Dr,,Nokesville,Fauquier County,VA,"20181",US,38.69471500,-77.57247800,classical,chesterton-academy-st-thomas-aquinas-va-20181-fcapi-classicality-abstract.md,chesterton-academy-st-thomas-aquinas-va-20181-fcapi-classicality-audit.md,chesterton-academy-st-thomas-aquinas-va-20181-fcapi-classicality-audit.pdf,secondary,Private School,Private,0,,,,,,,,,,,,,,,,,,,,,,,5446,,,,,,,0,,0,0,0,0,0,0,0,placeholders/placeholder-elementary-8.png,,0,0,0,0,80,,9-12,"9th, 10th, 11th, 12th"
001V400000tPKzu,Chesterton Academy of Vero Beach,001V400000tOZJi,Chesterton Schools Network,chesterton-academy-vero-beach-ca,info@chestertonvero.org,"+1 772 646 0394",,https://chestertonvero.org/,2555 58th Ave,,Vero Beach,,FL,"32966",US,27.64465470,-80.44745210,classical,chesterton-academy-vero-beach-ca-fcapi-classicality-abstract.md,chesterton-academy-vero-beach-ca-fcapi-classicality-audit.md,chesterton-academy-vero-beach-ca-fcapi-classicality-audit.pdf,secondary,Private School,Private,0,,,,,,,,,,,,,,,,,,,,,,,5446,,,,,,,0,,0,0,0,0,0,0,0,placeholders/placeholder-secondary-6.png,,0,0,0,0,106,,9-12,"9th, 10th, 11th, 12th"
001V400000tPCjL,Chesterton Academy of Wichita Falls,001V400000tOZJi,Chesterton Schools Network,chesterton-academy-wichita-falls-tx-76301,,"+1 940 247 0338",,https://www.chestertonacademywf.org/,1411 9th St.,,Wichita Falls,Wichita County,TX,"76301",US,33.90605470,-98.49938780,classical,chesterton-academy-wichita-falls-tx-76301-fcapi-classicality-abstract.md,chesterton-academy-wichita-falls-tx-76301-fcapi-classicality-audit.md,chesterton-academy-wichita-falls-tx-76301-fcapi-classicality-audit.pdf,secondary,Private School,Private,0,,,,,,,,,,,,,,,,,,,,,,,5446,,,,,,,0,,0,0,0,0,0,0,0,placeholders/placeholder-secondary-7.png,,0,0,0,0,93,,9-12,"9th, 10th, 11th, 12th"
001V400000tPKzv,Chesterton Academy of the Divine Family,001V400000tOZJi,Chesterton Schools Network,chesterton-academy-divine-family-md-21742,info@cadivinefamily.com,"+1 240 237 3773",,https://www.cadivinefamily.com/,19763 Longmeadow Rd,,Hagerstown,Washington County,MD,"21742",US,39.67977480,-77.68144820,classical,chesterton-academy-divine-family-md-21742-fcapi-classicality-abstract.md,chesterton-academy-divine-family-md-21742-fcapi-classicality-audit.md,chesterton-academy-divine-family-md-21742-fcapi-classicality-audit.pdf,secondary,Private School,Private,0,,,,,,,,,,,,,,,,,,,,,,,5446,,,,,,,0,,0,0,0,0,0,0,0,placeholders/placeholder-elementary-9.png,,0,0,0,0,81,,9-12,"9th, 10th, 11th, 12th"
001V400000tPCjI,Chesterton Academy of the Florida Martyrs,001V400000tOZJi,Chesterton Schools Network,chesterton-academy-florida-martyrs-fl-32507,,"+1 850 378 1303",,https://chestertonpensacola.org/,3295 Barrancas Ave.,,Pensacola,Escambia County,FL,"32507",US,30.39465970,-87.25100650,classical,chesterton-academy-florida-martyrs-fl-32507-fcapi-classicality-abstract.md,chesterton-academy-florida-martyrs-fl-32507-fcapi-classicality-audit.md,chesterton-academy-florida-martyrs-fl-32507-fcapi-classicality-audit.pdf,secondary,Private School,Private,0,,,,,,,,,,,,,,,,,,,,,,,5446,,,,,,,0,,0,0,0,0,0,0,0,placeholders/placeholder-secondary-3.png,,0,0,0,0,82,,9-12,"9th, 10th, 11th, 12th"
001V400000tPCjM,Chesterton Academy of the Holy Family,001V400000tOZJi,Chesterton Schools Network,chesterton-academy-holy-family-il-60532,,"+1 630 442 1424",,https://www.chestertonacademyoftheholyfamily.com/,5205 Kingston Ave.,,Lisle,DuPage County,IL,"60532",US,41.79102020,-88.06614140,classical,chesterton-academy-holy-family-il-60532-fcapi-classicality-abstract.md,chesterton-academy-holy-family-il-60532-fcapi-classicality-audit.md,chesterton-academy-holy-family-il-60532-fcapi-classicality-audit.pdf,secondary,Private School,Private,0,,,,,,,,,,,,,,,,,,,,,,,5446,,,,,,,0,,0,0,0,0,0,0,0,placeholders/placeholder-secondary-9.png,,0,0,0,0,83,,9-12,"9th, 10th, 11th, 12th"
001V400000tPKzx,Chesterton Academy of the Immaculata,001V400000tOZJi,Chesterton Schools Network,chesterton-academy-immaculata-ma-01702,,"+1 508 834 9849",,https://www.chestertonimmaculata.org/,25 Clinton Street,,Framingham,Middlesex County,MA,"01702",US,42.28075880,-71.41467610,classical,chesterton-academy-immaculata-ma-01702-fcapi-classicality-abstract.md,chesterton-academy-immaculata-ma-01702-fcapi-classicality-audit.md,chesterton-academy-immaculata-ma-01702-fcapi-classicality-audit.pdf,secondary,Private School,Private,0,,,,,,,,,,,,,,,,,,,,,,,5446,,,,,,,0,,0,0,0,0,0,0,0,placeholders/placeholder-elementary-1.png,,0,0,0,0,85,,9-12,"9th, 10th, 11th, 12th"
001V400000tPKzy,Chesterton Academy of the Immaculate Heart,001V400000tOZJi,Chesterton Schools Network,chesterton-academy-immaculate-heart-il-60012,administrator@chestertoniheart.org,"+1 815 331 8047",,https://chestertoniheart.org/,27551 Village Rd.,,Volo,Lake County,IL,"60012",US,42.36883250,-88.11309920,classical,chesterton-academy-immaculate-heart-il-60012-fcapi-classicality-abstract.md,chesterton-academy-immaculate-heart-il-60012-fcapi-classicality-audit.md,chesterton-academy-immaculate-heart-il-60012-fcapi-classicality-audit.pdf,secondary,Private School,Private,0,,,,,,,,,,,,,,,,,,,,,,,5446,,,,,,,0,,0,0,0,0,0,0,0,placeholders/placeholder-secondary-0.png,,0,0,0,0,86,,9-12,"9th, 10th, 11th, 12th"
001V400000tPCjN,Chesterton Academy of the Incarnation,001V400000tOZJi,Chesterton Schools Network,chesterton-academy-incarnation-tn-37068,,"+1 629 264 5601",,https://chestertontn.com/,PO Box 680992,,Franklin,Williamson County,TN,"37068",US,35.93000000,-86.87000000,classical,chesterton-academy-incarnation-tn-37068-fcapi-classicality-abstract.md,chesterton-academy-incarnation-tn-37068-fcapi-classicality-audit.md,chesterton-academy-incarnation-tn-37068-fcapi-classicality-audit.pdf,secondary,Private School,Private,0,,,,,,,,,,,,,,,,,,,,,,,5446,,,,,,,0,,0,0,0,0,0,0,0,placeholders/placeholder-secondary-1.png,,0,0,0,0,87,,9-12,"9th, 10th, 11th, 12th"
001V400000tPCjO,Chesterton Academy of the Most Holy Eucharist,001V400000tOZJi,Chesterton Schools Network,chesterton-academy-most-holy-eucharist-ca-95991,,"+1 530 789 0425",,https://www.camhe.org/,200 Clark Ave.,,Yuba City,Sutter County,CA,"95991",US,39.12353720,-121.62652710,classical,chesterton-academy-most-holy-eucharist-ca-95991-fcapi-classicality-abstract.md,chesterton-academy-most-holy-eucharist-ca-95991-fcapi-classicality-audit.md,chesterton-academy-most-holy-eucharist-ca-95991-fcapi-classicality-audit.pdf,secondary,Private School,Private,0,,,,,,,,,,,,,,,,,,,,,,,5446,,,,,,,0,,0,0,0,0,0,0,0,placeholders/placeholder-secondary-2.png,,0,0,0,0,88,,9-12,"9th, 10th, 11th, 12th"
001V400000tPCjJ,Chesterton Academy of the Rogue Valley,001V400000tOZJi,Chesterton Schools Network,chesterton-academy-rogue-valley-or-97504,,"+1 541 423 2979",,https://www.chestertonroguevalley.org/,2456 Argonne Ave.,,Medford,Jackson County,OR,"97504",US,42.31088720,-122.83545890,classical,chesterton-academy-rogue-valley-or-97504-fcapi-classicality-abstract.md,chesterton-academy-rogue-valley-or-97504-fcapi-classicality-audit.md,chesterton-academy-rogue-valley-or-97504-fcapi-classicality-audit.pdf,secondary,Private School,Private,0,,,,,,,,,,,,,,,,,,,,,,,5446,,,,,,,0,,0,0,0,0,0,0,0,placeholders/placeholder-secondary-4.png,,0,0,0,0,89,,9-12,"9th, 10th, 11th, 12th"
001V400000tPKzz,Chesterton Academy of the Sacred Heart,001V400000tOZJi,Chesterton Schools Network,chesterton-academy-sacred-heart-il-61614,office@chestertonpeoria.com,"+1 402 660 5981",,https://chestertonpeoria.com/,4020 N Brandywine Dr.,,Peoria,Peoria County,IL,"61614-6727",US,40.73920290,-89.61956410,classical,chesterton-academy-sacred-heart-il-61614-fcapi-classicality-abstract.md,chesterton-academy-sacred-heart-il-61614-fcapi-classicality-audit.md,chesterton-academy-sacred-heart-il-61614-fcapi-classicality-audit.pdf,secondary,Private School,Private,0,,,,,,,,,,,,,,,,,,,,,,,5446,,,,,,,0,,0,0,0,0,0,0,0,placeholders/placeholder-elementary-2.png,,0,0,0,0,90,,9-12,"9th, 10th, 11th, 12th"
001V400000tPCjK,Chesterton Academy of the St. Croix Valley,001V400000tOZJi,Chesterton Schools Network,chesterton-academy-st-croix-valley-mn-55082,,"+1 651 504 2638",,https://chestertonscv.org/,1835 Northwestern Ave.,,Stillwater,Washington County,MN,"55082",US,45.03951940,-92.82737990,classical,chesterton-academy-st-croix-valley-mn-55082-fcapi-classicality-abstract.md,chesterton-academy-st-croix-valley-mn-55082-fcapi-classicality-audit.md,chesterton-academy-st-croix-valley-mn-55082-fcapi-classicality-audit.pdf,secondary,Private School,Private,0,,,,,,,,,,,,,,,,,,,,,,,5446,,,,,,,0,,0,0,0,0,0,0,0,placeholders/placeholder-secondary-5.png,,0,0,0,0,64,,9-12,"9th, 10th, 11th, 12th"
001V400000tPCjP,Chesterton Academy of the Twin Cities,001V400000tOZJi,Chesterton Schools Network,chesterton-academy-twin-cities-mn-55343,,"+1 952 831 3096",,https://chestertonacademy.org/,1320 Mainstreet Hopkins,,Saint Paul,Hennepin County,MN,"55343",US,44.92386000,-93.41737910,classical,chesterton-academy-twin-cities-mn-55343-fcapi-classicality-abstract.md,chesterton-academy-twin-cities-mn-55343-fcapi-classicality-audit.md,chesterton-academy-twin-cities-mn-55343-fcapi-classicality-audit.pdf,secondary,Private School,Private,0,,,,,,,,,,,,,,,,,,,,,,,5446,,,,,,,0,,0,0,0,0,0,0,0,placeholders/placeholder-secondary-3.png,,0,0,0,0,91,,9-12,"9th, 10th, 11th, 12th"
001V400000tPCjQ,Chesterton Academy of the Willamette Valley,001V400000tOZJi,Chesterton Schools Network,chesterton-academy-willamette-valley-or-97362,,"+1 503 845 2727",,https://chestertonwv.com/,980 S Main St,,Mt Angel,Marion County,OR,"97362",US,45.06074720,-122.80319390,classical,chesterton-academy-willamette-valley-or-97362-fcapi-classicality-abstract.md,chesterton-academy-willamette-valley-or-97362-fcapi-classicality-audit.md,chesterton-academy-willamette-valley-or-97362-fcapi-classicality-audit.pdf,secondary,Private School,Private,0,,,,,,,,,,,,,,,,,,,,,,,5446,,,,,,,0,,0,0,0,0,0,0,0,placeholders/placeholder-secondary-4.png,,0,0,0,0,92,,9-12,"9th, 10th, 11th, 12th"
001V400000tPL00,Chesterton Scholars Program at Cardinal O'Hara High School,001V400000tOZJi,Chesterton Schools Network,chesterton-scholars-program-cardinal-ohara-high-school-pa-19064,,"+1 610 544 3800",,https://www.cohs.com/,1701 Sproul Road,,Springfield,Delaware County,PA,"19064",US,39.94779800,-75.34794000,classical,chesterton-scholars-program-cardinal-ohara-high-school-pa-19064-fcapi-classicality-abstract.md,chesterton-scholars-program-cardinal-ohara-high-school-pa-19064-fcapi-classicality-audit.md,chesterton-scholars-program-cardinal-ohara-high-school-pa-19064-fcapi-classicality-audit.pdf,secondary,Private School,Private,0,,,,,,,,,,,,,,,,,,,,,,,5446,,,,,,,0,,0,0,0,0,0,0,0,placeholders/placeholder-secondary-5.png,,0,0,0,0,95,,9-12,"9th, 10th, 11th, 12th"
001V400000tPL01,Cheyenne Classical Academy,,,cheyenne-classical-academy-wy-82009,,"+1 307 778 8222",,https://www.cheyenneclassical.org/,5200 Ridge Rd.,,Cheyenne,,WY,"82009",US,41.16589540,-104.76923150,classical,cheyenne-classical-academy-wy-82009-fcapi-classicality-abstract.md,cheyenne-classical-academy-wy-82009-fcapi-classicality-audit.md,cheyenne-classical-academy-wy-82009-fcapi-classicality-audit.pdf,elementary,Charter,Public,0,,,,,,,,,,,,,,,,,,,,,,,,,,,,,,1,,1,0,1,0,0,0,0,placeholders/placeholder-elementary-3.png,,0,0,0,0,669,,K-4,"K, 1st, 2nd, 3rd, 4th"
001V400000tPCjR,Chi Rho Classical Academy,,,chi-rho-classical-academy-ky-40422,chirhoclassical@gmail.com,"+1 859 583 8955",,https://chirhoclassical.wordpress.com/,127-163 S 3rd St,,Danville,Boyle County,KY,"40422",US,37.64495720,-84.77274440,classical,chi-rho-classical-academy-ky-40422-fcapi-classicality-abstract.md,chi-rho-classical-academy-ky-40422-fcapi-classicality-audit.md,chi-rho-classical-academy-ky-40422-fcapi-classicality-audit.pdf,elementary-intermediate,Private School,Private,0,,,,,,,,,,,,,,,,,,,,,,,,,,,,,,0,,0,0,0,0,0,0,0,placeholders/placeholder-elementary-4.png,,0,0,0,0,670,,K-6,"K, 1st, 2nd, 3rd, 4th, 5th, 6th"
001V400000tPCjS,Childress Christian Academy: Scholé,001V400000tOZKD,Schole Communities,childress-christian-academy-schole-childress-tx,,"",,,,,Childress,,TX,"",US,34.42645290,-100.20400190,classical,childress-christian-academy-schole-childress-tx-fcapi-classicality-abstract.md,childress-christian-academy-schole-childress-tx-fcapi-classicality-audit.md,childress-christian-academy-schole-childress-tx-fcapi-classicality-audit.pdf,elementary-intermediate-secondary,,,0,,,,,,,,,,,,,,,,,,,,,,,5479,,,,,,,0,,0,0,0,0,0,0,0,placeholders/placeholder-schole-1.png,,0,0,0,0,5555,,,
001V400000tPCjV,Christ Academy,,,christ-academy-pa-19023,info@christacademysalem.com,"+1 971 443 9503",,http://www.christacademysalem.com,523 Clifton Ave.,,Collingdale,Delaware County,PA,"19023",US,39.91498720,-75.28019110,classical,christ-academy-pa-19023-fcapi-classicality-abstract.md,christ-academy-pa-19023-fcapi-classicality-audit.md,christ-academy-pa-19023-fcapi-classicality-audit.pdf,elementary-intermediate,Private School,Private,0,,,,,,,,,,,,,,,,,,,,,,,,,,,,,,0,,0,0,0,0,0,0,0,placeholders/placeholder-elementary-9.png,,0,0,0,0,675,,K-8,"K, 1st, 2nd, 3rd, 4th, 5th, 6th, 7th, 8th"
001V400000tPCjW,Christ Church Academy,,,christ-church-academy-la-70501,joe@wearechristchurch.com,"+1 337 366 1619",,https://wearechristchurch.com/,1700 E Willow St,,Lafayette,Lafayette Parish,LA,"70501",US,30.24340590,-91.98797250,classical,christ-church-academy-la-70501-fcapi-classicality-abstract.md,christ-church-academy-la-70501-fcapi-classicality-audit.md,christ-church-academy-la-70501-fcapi-classicality-audit.pdf,elementary-intermediate-secondary,Private School,Private,0,,,,,,,,,,,,,,,,,,,,,,,,,,,,,,0,,0,0,0,0,0,0,0,placeholders/placeholder-elementary-0.png,,0,0,0,0,676,,K-12,"K, 1st, 2nd, 3rd, 4th, 5th, 6th, 7th, 8th, 9th, 10th, 11th, 12th"
001V400000tOZJk,Christ Classical Academies,,Christ Classical Academies,christ-classical-academies-fl-32308,admin@christclassical.com,"+1 850 656 2373",,https://christclassical.com,3210 Thomasville Rd.,,Tallahassee,,FL,"32308",US,30.49207030,-84.25673360,classical,christ-classical-academies-fl-32308-fcapi-classicality-abstract.md,christ-classical-academies-fl-32308-fcapi-classicality-audit.md,christ-classical-academies-fl-32308-fcapi-classicality-audit.pdf,elementary-intermediate,,,0,,,,,,,,,,,,,,,,,,,,,,,,,,,,,,0,,0,0,0,0,0,0,0,placeholders/placeholder-virtual-2.png,,0,0,0,0,5645,,PK-9,"Pre-K, K, 1st, 2nd, 3rd, 4th, 5th, 6th, 7th, 8th, 9th"
001V400000tPCjX,Christ Classical Academy,,,christ-classical-academy-tn-38024,office@christclassicalacademy.com,"+1 731 285 3727",,https://christclassicalacademy.com/,1005 US Highway 51 Bypass West,,Dyersburg,,TN,"38024",US,36.05634030,-89.39954440,classical,christ-classical-academy-tn-38024-fcapi-classicality-abstract.md,christ-classical-academy-tn-38024-fcapi-classicality-audit.md,christ-classical-academy-tn-38024-fcapi-classicality-audit.pdf,elementary-intermediate-secondary,Private School,Private School,0,,173,,,,,,,,,,,,,,,,,,,,,,,,,,,,1,,1,0,1,1,0,0,0,placeholders/placeholder-elementary-2.png,,0,0,0,0,680,,PK-12,"Pre-K, K, 1st, 2nd, 3rd, 4th, 5th, 6th, 7th, 8th, 9th, 10th, 11th, 12th"
001V400000tPCjY,Christ Classical Academy North Campus,001V400000tOZJk,Christ Classical Academies,christ-classical-academy-north-campus-fl-32308,admin@christclassical.com,"+1 850 656 2373",,https://christclassical.com,3210 Thomasville Rd.,,Tallahassee,,FL,"32308",US,30.49207030,-84.25673360,classical,christ-classical-academy-north-campus-fl-32308-fcapi-classicality-abstract.md,christ-classical-academy-north-campus-fl-32308-fcapi-classicality-audit.md,christ-classical-academy-north-campus-fl-32308-fcapi-classicality-audit.pdf,elementary-intermediate,,,0,,,,,,,,,,,,,,,,,,,,,,,5645,,,,,,,0,,0,0,0,0,0,0,0,placeholders/placeholder-virtual-2.png,,0,0,0,0,5329,,PK-9,"Pre-K, K, 1st, 2nd, 3rd, 4th, 5th, 6th, 7th, 8th, 9th"
001V400000tPCjZ,Christ Classical Academy South Campus,001V400000tOZJk,Christ Classical Academies,christ-classical-academy-south-campus-fl-32308,admin@christclassical.com,"+1 850 656 2373",,https://christclassical.com,2205 Thomasville Rd,,Tallahassee,,FL,"32308",US,30.47200120,-84.26360030,classical,christ-classical-academy-south-campus-fl-32308-fcapi-classicality-abstract.md,christ-classical-academy-south-campus-fl-32308-fcapi-classicality-audit.md,christ-classical-academy-south-campus-fl-32308-fcapi-classicality-audit.pdf,elementary-intermediate,,,0,,,,,,,,,,,,,,,,,,,,,,,5645,,,,,,,0,,0,0,0,0,0,0,0,placeholders/placeholder-virtual-0.png,,0,0,0,0,3154,,PK-9,"Pre-K, K, 1st, 2nd, 3rd, 4th, 5th, 6th, 7th, 8th, 9th"
001V400000tPCja,Christ Classical Academy of Charlotte,,,christ-classical-academy-charlotte-nc-28215,,"+1 704 549 4101",,https://www.christclassicalclt.com/,10132-A Harrisburg Rd.,,Charlotte,Mecklenburg County,NC,"28215",US,35.24451120,-80.65994170,classical,christ-classical-academy-charlotte-nc-28215-fcapi-classicality-abstract.md,christ-classical-academy-charlotte-nc-28215-fcapi-classicality-audit.md,christ-classical-academy-charlotte-nc-28215-fcapi-classicality-audit.pdf,elementary-intermediate-secondary,Private School,Private,0,,,,,,,,,,,,,,,,,,,,,,,,,,,,,,0,,0,0,0,0,0,0,0,placeholders/placeholder-elementary-3.png,,0,0,0,0,679,,K-12,"K, 1st, 2nd, 3rd, 4th, 5th, 6th, 7th, 8th, 9th, 10th, 11th, 12th"
001V400000tPCjb,Christ Classical School,,,christ-classical-school-ca-93422,christclassical.slo@gmail.com,"+1 805 453 6161",,https://christclassicalslo.org/,10580 Colorado Rd.,,San Luis Obispo,San Luis Obispo County,CA,"93422",US,35.28637760,-120.70763250,classical,christ-classical-school-ca-93422-fcapi-classicality-abstract.md,christ-classical-school-ca-93422-fcapi-classicality-audit.md,christ-classical-school-ca-93422-fcapi-classicality-audit.pdf,elementary-intermediate,Private School,Private,0,,,,,,,,,,,,,,,,,,,,,,,,,,,,,,0,,0,0,0,0,0,0,0,placeholders/placeholder-elementary-4.png,,0,0,0,0,681,,K-9,"K, 1st, 2nd, 3rd, 4th, 5th, 6th, 7th, 8th, 9th"
001V400000tPCjd,Christ Covenant School,,,christ-covenant-school-la-70808,,"+1 225 763 1453",,https://www.christcovenantschoolbr.com/,1700 Lee Drive,,Baton Rouge,East Baton Rouge Parish,LA,"70808",US,30.41068790,-91.14535660,classical,christ-covenant-school-la-70808-fcapi-classicality-abstract.md,christ-covenant-school-la-70808-fcapi-classicality-audit.md,christ-covenant-school-la-70808-fcapi-classicality-audit.pdf,elementary-intermediate-secondary,Private School,Private,0,,,,,,,,,,,,,,,,,,,,,,,,,,,,,,0,,0,0,0,0,0,0,0,placeholders/placeholder-elementary-5.png,,0,0,0,0,682,,K-12,"K, 1st, 2nd, 3rd, 4th, 5th, 6th, 7th, 8th, 9th, 10th, 11th, 12th"
001V400000tPCje,Christ the Divine Teacher School,,,christ-divine-teacher-school-pa-15650,,"+1 724 539 1561",,https://www.cdtschool.org/,323 Chestnut St.,,Latrobe,Westmoreland County,PA,"15650",US,40.31508140,-79.38138220,classical,christ-divine-teacher-school-pa-15650-fcapi-classicality-abstract.md,christ-divine-teacher-school-pa-15650-fcapi-classicality-audit.md,christ-divine-teacher-school-pa-15650-fcapi-classicality-audit.pdf,elementary-intermediate,Private School,Private,0,,,,,,,,,,,,,,,,,,,,,,,,,,,,,,0,,0,0,0,0,0,0,0,placeholders/placeholder-elementary-9.png,,0,0,0,0,687,,K-8,"K, 1st, 2nd, 3rd, 4th, 5th, 6th, 7th, 8th"
001V400000tPCjf,Christ the King Academy,,,christ-king-academy-wa-98531,admissions@christthekingacademy.org,"+1 360 951 3105",,https://christthekingacademy.org/,2502 Seward Ave.,,Centralia,Lewis County,WA,"98531",US,46.74905680,-122.95113750,classical,christ-king-academy-wa-98531-fcapi-classicality-abstract.md,christ-king-academy-wa-98531-fcapi-classicality-audit.md,christ-king-academy-wa-98531-fcapi-classicality-audit.pdf,elementary-intermediate-secondary,Private School,Private,0,,,,,,,,,,,,,,,,,,,,,,,,,,,,,,0,,0,0,0,0,0,0,0,placeholders/placeholder-elementary-0.png,,0,0,0,0,688,,K-12,"K, 1st, 2nd, 3rd, 4th, 5th, 6th, 7th, 8th, 9th, 10th, 11th, 12th"
001V400000tPCjg,Christ the Savior Academy,,,christ-savior-academy-ks-67206,,"+1 316 201 4810",,https://csawichita.org/,7515 East 13th Street North,,Wichita,Sedgwick County,KS,"67206",US,37.70767040,-97.24999920,classical,christ-savior-academy-ks-67206-fcapi-classicality-abstract.md,christ-savior-academy-ks-67206-fcapi-classicality-audit.md,christ-savior-academy-ks-67206-fcapi-classicality-audit.pdf,elementary-intermediate,Private School,Private,0,,,,,,,,,,,,,,,,,,,,,,,,,,,,,,0,,0,0,0,0,0,0,0,placeholders/placeholder-elementary-5.png,,0,0,0,0,694,,PK-8,"Pre-K, K, 1st, 2nd, 3rd, 4th, 5th, 6th, 7th, 8th"
001V400000tPCji,Christian Core Academy,,,christian-core-academy-co-80525,,"+1 507 696 1168",,https://christiancoreacademy.org,608 East Drake Road,,Fort Collins,Larimer County,CO,"80525",US,40.55350730,-105.06831640,classical,christian-core-academy-co-80525-fcapi-classicality-abstract.md,christian-core-academy-co-80525-fcapi-classicality-audit.md,christian-core-academy-co-80525-fcapi-classicality-audit.pdf,elementary-intermediate-secondary,Private School,Private,0,,,,,,,,,,,,,,,,,,,,,,,,,,,,,,0,,0,0,0,0,0,0,0,placeholders/placeholder-elementary-1.png,,0,0,0,0,701,,K-12,"K, 1st, 2nd, 3rd, 4th, 5th, 6th, 7th, 8th, 9th, 10th, 11th, 12th"
001V400000tPCjj,Christian Crossroads Academy,,,christian-crossroads-academy-nd-58784,info@ChristianCrossroadsAcademy.org,"+1 701 621 2331",,https://christiancrossroadsacademy.org,6161 ND-8,,Stanley,,ND,"58784",US,48.30583570,-102.37641730,classical,christian-crossroads-academy-nd-58784-fcapi-classicality-abstract.md,christian-crossroads-academy-nd-58784-fcapi-classicality-audit.md,christian-crossroads-academy-nd-58784-fcapi-classicality-audit.pdf,elementary,,,0,,,,,,,,,,,,,,,,,,,,,,,,,,,,,,0,,0,0,0,0,0,0,0,placeholders/placeholder-elementary-2.png,,0,0,0,0,3160,,1,1st
001V400000tPCjk,Christian Heritage Academy,,,christian-heritage-academy-il-60093,,"+1 847 446 5252",,https://www.christianheritage.org/,315 Waukegan Rd.,,Northfield,Cook County,IL,"60093",US,42.09996500,-87.79700220,classical,christian-heritage-academy-il-60093-fcapi-classicality-abstract.md,christian-heritage-academy-il-60093-fcapi-classicality-audit.md,christian-heritage-academy-il-60093-fcapi-classicality-audit.pdf,elementary-intermediate-secondary,Private School,Private,0,,,,,,,,,,,,,,,,,,,,,,,,,,,,,,0,,0,0,0,0,0,0,0,placeholders/placeholder-elementary-3.png,,0,0,0,0,702,,K-12,"K, 1st, 2nd, 3rd, 4th, 5th, 6th, 7th, 8th, 9th, 10th, 11th, 12th"
001V400000tPCjl,Christian Heritage Classical School,,,christian-heritage-classical-school-tx-75605,inquiries@chcslongview.com,"+1 903 720 7674",,https://chcslongview.com/,2715 Fm 1844,,Longview,Gregg County,TX,"75605",US,32.56248300,-94.70706160,classical,christian-heritage-classical-school-tx-75605-fcapi-classicality-abstract.md,christian-heritage-classical-school-tx-75605-fcapi-classicality-audit.md,christian-heritage-classical-school-tx-75605-fcapi-classicality-audit.pdf,elementary-intermediate-secondary,Private School,Private,0,,,,,,,,,,,,,,,,,,,,,,,,,,,,,,0,,0,0,0,0,0,0,0,placeholders/placeholder-elementary-4.png,,0,0,0,0,703,,K-12,"K, 1st, 2nd, 3rd, 4th, 5th, 6th, 7th, 8th, 9th, 10th, 11th, 12th"
001V400000tPCjm,Christian Heritage School,,,christian-heritage-school-ct-06611,admissions@chskingsmen.org,"+1 203 261 6230",,https://www.christianheritageschool.org/,575 White Plains Rd,,Trumbull,,CT,"06611",US,41.23749200,-73.18326850,classical,christian-heritage-school-ct-06611-fcapi-classicality-abstract.md,christian-heritage-school-ct-06611-fcapi-classicality-audit.md,christian-heritage-school-ct-06611-fcapi-classicality-audit.pdf,elementary-intermediate-secondary,Private School,Private,0,,,,,,,,,,,,,,,,,,,,,,,,,,,,,,0,,0,0,0,0,0,0,0,placeholders/placeholder-elementary-5.png,,0,0,0,0,704,,K-12,"K, 1st, 2nd, 3rd, 4th, 5th, 6th, 7th, 8th, 9th, 10th, 11th, 12th"
001V400000tPCjn,Christian Life Preparatory School,,,christian-life-preparatory-school-tx-76123,info@clps.info,"+1 469 418 6826",,https://www.clpsfamily.com/,5253 Altamesa Boulevard,,Fort Worth,Tarrant County,TX,"76123",US,32.64207620,-97.40406630,classical,christian-life-preparatory-school-tx-76123-fcapi-classicality-abstract.md,christian-life-preparatory-school-tx-76123-fcapi-classicality-audit.md,christian-life-preparatory-school-tx-76123-fcapi-classicality-audit.pdf,elementary-intermediate-secondary,Private School,Private,0,,,,,,,,,,,,,,,,,,,,,,,,,,,,,,0,,0,0,0,0,0,0,0,placeholders/placeholder-elementary-8.png,,0,0,0,0,707,,K-12,"K, 1st, 2nd, 3rd, 4th, 5th, 6th, 7th, 8th, 9th, 10th, 11th, 12th"
001V400000tPCjo,Christian Steward Academy,,,christian-steward-academy-tx-78621,info@christiansteward.education,"+1 512 590 2660",,https://christiansteward.education,1221 N. Avenue C,,Elgin,,TX,"78621",US,30.35532730,-97.38284850,classical,christian-steward-academy-tx-78621-fcapi-classicality-abstract.md,christian-steward-academy-tx-78621-fcapi-classicality-audit.md,christian-steward-academy-tx-78621-fcapi-classicality-audit.pdf,elementary,,,0,,,,,,,,,,,,,,,,,,,,,,,,,,,,,,0,,0,0,0,0,0,0,0,placeholders/placeholder-elementary-2.png,,0,0,0,0,3161,,K-5,"K, 1st, 2nd, 3rd, 4th, 5th"
001V400000tPCjp,Christus Classical School,,,christus-classical-school-mo-64836,,"+1 937 409 8687",,https://www.christusclassicalschool.com/,TBD,,Carthage,Jasper County,MO,"64836",US,37.17862590,-94.31396130,classical,christus-classical-school-mo-64836-fcapi-classicality-abstract.md,christus-classical-school-mo-64836-fcapi-classicality-audit.md,christus-classical-school-mo-64836-fcapi-classicality-audit.pdf,elementary-intermediate-secondary,Private School,Private,0,,,,,,,,,,,,,,,,,,,,,,,,,,,,,,0,,0,0,0,0,0,0,0,placeholders/placeholder-elementary-3.png,,0,0,0,0,713,,K-12,"K, 1st, 2nd, 3rd, 4th, 5th, 6th, 7th, 8th, 9th, 10th, 11th, 12th"
001V400000tPCjq,Christus Victor,,,christus-victor-fl,pastormarc@cornerstoneorlando.org,"+1 407 435 8957",,https://cornerstoneorlando.org,3370 Snow Hill Rd,,Oviedo,,FL,"32766",US,28.64944120,-81.13478670,classical,christus-victor-fl-fcapi-classicality-abstract.md,christus-victor-fl-fcapi-classicality-audit.md,christus-victor-fl-fcapi-classicality-audit.pdf,elementary,,,0,,,,,,,,,,,,,,,,,,,,,,,,,,,,,,0,,0,0,0,0,0,0,0,placeholders/placeholder-elementary-4.png,,0,0,0,0,3162,,PK-5,"Pre-K, K, 1st, 2nd, 3rd, 4th, 5th"
001V400000tPCjr,Christ’s Legacy Academy,,,christs-legacy-academy-tn-37303,info@clak12.org,"+1 423 649 0040",,https://www.christslegacyacademy.org/,625 S Matlock Ave.,,Athens,McMinn County,TN,"37303",US,35.43042500,-84.61104880,classical,christs-legacy-academy-tn-37303-fcapi-classicality-abstract.md,christs-legacy-academy-tn-37303-fcapi-classicality-audit.md,christs-legacy-academy-tn-37303-fcapi-classicality-audit.pdf,elementary-intermediate-secondary,Private School,Private,0,,,,,,,,,,,,,,,,,,,,,,,,,,,,,,0,,0,0,0,0,0,0,0,placeholders/placeholder-elementary-6.png,,0,0,0,0,712,,K-12,"K, 1st, 2nd, 3rd, 4th, 5th, 6th, 7th, 8th, 9th, 10th, 11th, 12th"
001V400000tPCjt,Cicero Preparatory Academy,001V400000tOBYR,Great Hearts America,cicero-preparatory-academy-az-85250,smaster@ciceroprep.org,"+1 480 424 1790",,https://ciceroprep.greatheartsamerica.org/,7205 North Pima Rd.,,Scottsdale,Maricopa County,AZ,"85250",US,33.54173210,-111.89090690,classical,cicero-preparatory-academy-az-85250-fcapi-classicality-abstract.md,cicero-preparatory-academy-az-85250-fcapi-classicality-audit.md,cicero-preparatory-academy-az-85250-fcapi-classicality-audit.pdf,intermediate-secondary,Charter,,0,,518,,,,,,,,,,,,,,,,,,,,,157,,,,,,,0,,0,0,0,0,0,0,0,placeholders/placeholder-intermediate-2.png,,0,0,0,0,151,,6-12,"6th, 7th, 8th, 9th, 10th, 11th, 12th"
001V400000tPCju,Cincinnati Classical Academy,,,cincinnati-classical-academy-oh-45215,info@cincyclassical.org,"+1 513 554 0285",,https://cincyclassical.org/,170 Siebenthaler Ave.,,Cincinnati,Hamilton County,OH,"45215",US,39.23283370,-84.42032940,classical,cincinnati-classical-academy-oh-45215-fcapi-classicality-abstract.md,cincinnati-classical-academy-oh-45215-fcapi-classicality-audit.md,cincinnati-classical-academy-oh-45215-fcapi-classicality-audit.pdf,elementary-intermediate,Charter,Public,0,,,,,,,,,,,,,,,,,,,,,,,,,,,,,,0,,0,0,0,0,0,0,0,placeholders/placeholder-elementary-8.png,,0,0,0,0,716,,K-8,"K, 1st, 2nd, 3rd, 4th, 5th, 6th, 7th, 8th"
001V400000tPCjv,Citadel Christian School,,,citadel-christian-school-tx-77833,shsuders@citadelchristian.org,"+1 979 830 0991",,https://citadelchristian.org/,2111 South Blue Bell Road,,Brenham,Washington County,TX,"77833",US,30.15536400,-96.36660550,classical,citadel-christian-school-tx-77833-fcapi-classicality-abstract.md,citadel-christian-school-tx-77833-fcapi-classicality-audit.md,citadel-christian-school-tx-77833-fcapi-classicality-audit.pdf,elementary-intermediate-secondary,Private School,Private,0,,,,,,,,,,,,,,,,,,,,,,,,,,,,,,0,,0,0,0,0,0,0,0,placeholders/placeholder-elementary-1.png,,0,0,0,0,720,,PK-12,"Pre-K, K, 1st, 2nd, 3rd, 4th, 5th, 6th, 7th, 8th, 9th, 10th, 11th, 12th"
001V400000tPCjx,City School,,,city-school-tx-78744,,"+1 512 416 7744",,https://cityschooltexas.org/,1844 Teri Rd,,Austin,Travis County,TX,"78744",US,30.20439510,-97.75467430,classical,city-school-tx-78744-fcapi-classicality-abstract.md,city-school-tx-78744-fcapi-classicality-audit.md,city-school-tx-78744-fcapi-classicality-audit.pdf,elementary-intermediate,Private School,Private,0,,,,,,,,,,,,,,,,,,,,,,,,,,,,,,0,,0,0,0,0,0,0,0,placeholders/placeholder-k12-5.png,,0,0,0,0,541,,PK-8,"Pre-K, K, 1st, 2nd, 3rd, 4th, 5th, 6th, 7th, 8th"
001V400000tPCjy,Clapham School,,,clapham-school-il-60187,kbailey@claphamschool.org,"+1 630 547 5125",,https://claphamschool.org/,PO Box 209,,Wheaton,DuPage County,IL,"60187",US,41.86557090,-88.10330540,classical,clapham-school-il-60187-fcapi-classicality-abstract.md,clapham-school-il-60187-fcapi-classicality-audit.md,clapham-school-il-60187-fcapi-classicality-audit.pdf,elementary-intermediate-secondary,Private School,Private,0,,,,,,,,,,,,,,,,,,,,,,,,,,,,,,0,,0,0,0,0,0,0,0,placeholders/placeholder-elementary-4.png,,0,0,0,0,724,,PK-12,"Pre-K, K, 1st, 2nd, 3rd, 4th, 5th, 6th, 7th, 8th, 9th, 10th, 11th, 12th"
001V400000tPL0d,Clarksburg Classical Academy,,,clarksburg-classical-academy-wv-26301,,"+1 304 850 1022",,https://clarksburgclassical.org/,1636 W Pike St,,Clarksburg,,WV,"26301",US,39.29143180,-80.35916590,somewhat-classical,clarksburg-classical-academy-wv-26301-fcapi-classicality-abstract.md,clarksburg-classical-academy-wv-26301-fcapi-classicality-audit.md,clarksburg-classical-academy-wv-26301-fcapi-classicality-audit.pdf,elementary,Charter,,0,,100,,,,,,,,,,,,,,,,,,,,,,,,,,,,1,,1,0,0,1,0,0,0,placeholders/placeholder-elementary-6.png,,0,0,0,0,726,,K-5,"K, 1st, 2nd, 3rd, 4th, 5th"
001V400000tPL0m,Classical Charter School of Southport,001V400000tOZJo,Classical Charter Schools of America,classical-charter-school-southport-nc-28422,,"+1 910 338 4178",,https://ccssouthport.net/,2260 Achievement Ave. Se,,Bolivia,Brunswick County,NC,"28422",US,33.97235920,-78.19898960,somewhat-classical,classical-charter-school-southport-nc-28422-fcapi-classicality-abstract.md,classical-charter-school-southport-nc-28422-fcapi-classicality-audit.md,classical-charter-school-southport-nc-28422-fcapi-classicality-audit.pdf,elementary-intermediate,Charter,Public,0,,,,,,,,,,,,,,,,,,,,,,,116,,,,,,,0,,0,0,0,0,0,0,0,placeholders/placeholder-elementary-6.png,,0,0,0,0,117,,K-8,"K, 1st, 2nd, 3rd, 4th, 5th, 6th, 7th, 8th"
001V400000tPL0o,Classical Charter School of Wilmington,001V400000tOZJo,Classical Charter Schools of America,classical-charter-school-wilmington-nc-28401,,"+1 910 763 1976",,https://ccswilmington.net/,507 N 6th St,,Wilmington,New Hanover County,NC,"28401",US,34.24217980,-77.94309050,somewhat-classical,classical-charter-school-wilmington-nc-28401-fcapi-classicality-abstract.md,classical-charter-school-wilmington-nc-28401-fcapi-classicality-audit.md,classical-charter-school-wilmington-nc-28401-fcapi-classicality-audit.pdf,elementary,Charter,Public,0,,,,,,,,,,,,,,,,,,,,,,,116,,,,,,,0,,0,0,0,0,0,0,0,placeholders/placeholder-elementary-8.png,,0,0,0,0,115,,K-5,"K, 1st, 2nd, 3rd, 4th, 5th"
001V400000tPCk6,Classical Christian Academy,,,classical-christian-academy-fl-33917,,"+1 239 543 1532",,https://www.discovercca.org/,7101 Bayshore Road,,North Fort Myers,Lee County,FL,"33917",US,26.70987030,-81.84035220,classical,classical-christian-academy-fl-33917-fcapi-classicality-abstract.md,classical-christian-academy-fl-33917-fcapi-classicality-audit.md,classical-christian-academy-fl-33917-fcapi-classicality-audit.pdf,elementary-intermediate-secondary,Private School,Private,0,,,,,,,,,,,,,,,,,,,,,,,,,,,,,,0,,0,0,0,0,0,0,0,placeholders/placeholder-elementary-0.png,,0,0,0,0,737,,PK-12,"Pre-K, K, 1st, 2nd, 3rd, 4th, 5th, 6th, 7th, 8th, 9th, 10th, 11th, 12th"
001V400000tPCk7,Classical Christian Academy,,,classical-christian-academy-id-83858,admin@classicalchristian.com,"+1 208 777 4400",,https://classicalchristian.com/,6068 W Hayden Ave.,,Rathdrum,Kootenai County,ID,"83858",US,47.75830660,-116.86871500,classical,classical-christian-academy-id-83858-fcapi-classicality-abstract.md,classical-christian-academy-id-83858-fcapi-classicality-audit.md,classical-christian-academy-id-83858-fcapi-classicality-audit.pdf,elementary-intermediate-secondary,Private School,Private,0,,,,,,,,,,,,,,,,,,,,,,,,,,,,,,0,,0,0,0,0,0,0,0,placeholders/placeholder-elementary-1.png,,0,0,0,0,738,,PK-12,"Pre-K, K, 1st, 2nd, 3rd, 4th, 5th, 6th, 7th, 8th, 9th, 10th, 11th, 12th"
001V400000tPCkB,Classical Consortium Academy,,,classical-consortium-academy-il-60010,classicalconsortiumacademy@gmail.com,"+1 847 477 7208",,https://www.classicalconsortiumacademy.org/,1600 E Main St,,Barrington,Lake County,IL,"60010",US,42.15486280,-88.10743980,classical,classical-consortium-academy-il-60010-fcapi-classicality-abstract.md,classical-consortium-academy-il-60010-fcapi-classicality-audit.md,classical-consortium-academy-il-60010-fcapi-classicality-audit.pdf,elementary-intermediate-secondary,Private School,Private,0,,,,,,,,,,,,,,,,,,,,,,,,,,,,,,0,,0,0,0,0,0,0,0,placeholders/placeholder-elementary-4.png,,0,0,0,0,741,,K-12,"K, 1st, 2nd, 3rd, 4th, 5th, 6th, 7th, 8th, 9th, 10th, 11th, 12th"
001V400000tPCke,Classical Scholé Community of Danville,001V400000tOZKD,Schole Communities,classical-schole-community-danville-va,danvilleschole@gmail.com,"",,,,,Danville,,VA,"",US,36.58597180,-79.39502280,classical,classical-schole-community-danville-va-fcapi-classicality-abstract.md,classical-schole-community-danville-va-fcapi-classicality-audit.md,classical-schole-community-danville-va-fcapi-classicality-audit.pdf,elementary-intermediate-secondary,,,0,,,,,,,,,,,,,,,,,,,,,,,5479,,,,,,,0,,0,0,0,0,0,0,0,placeholders/placeholder-schole-1.png,,0,0,0,0,5563,,,
001V400000tPCkf,Classical School of Dallas,,,classical-school-dallas-tx-75238,admissions@classicalcallas.org,"+1 214 212 2160",,https://classicalcallas.org/,PO Box 38223,,Dallas,Dallas County,TX,"75238",US,32.77666420,-96.79698790,classical,classical-school-dallas-tx-75238-fcapi-classicality-abstract.md,classical-school-dallas-tx-75238-fcapi-classicality-audit.md,classical-school-dallas-tx-75238-fcapi-classicality-audit.pdf,elementary-intermediate-secondary,Private School,Private,0,,,,,,,,,,,,,,,,,,,,,,,,,,,,,,0,,0,0,0,0,0,0,0,placeholders/placeholder-elementary-0.png,,0,0,0,0,748,,PK-10,"Pre-K, K, 1st, 2nd, 3rd, 4th, 5th, 6th, 7th, 8th, 9th, 10th"
001V400000tPCkg,Classical School of New Braunfels,,,classical-school-new-braunfels-tx-78130,,"",,https://www.tcsnb.org/,777 San Antonio St.,,New Braunfels,Comal County,TX,"78130",US,29.69662200,-98.12971300,classical,classical-school-new-braunfels-tx-78130-fcapi-classicality-abstract.md,classical-school-new-braunfels-tx-78130-fcapi-classicality-audit.md,classical-school-new-braunfels-tx-78130-fcapi-classicality-audit.pdf,elementary-intermediate-secondary,Private School,Private,0,,,,,,,,,,,,,,,,,,,,,,,,,,,,,,0,,0,0,0,0,0,0,0,placeholders/placeholder-elementary-2.png,,0,0,0,0,750,,K-12,"K, 1st, 2nd, 3rd, 4th, 5th, 6th, 7th, 8th, 9th, 10th, 11th, 12th"
001V400000tPCkh,Classical School of Wichita,,,classical-school-wichita-ks-67218,office@cswsaints.com,"+1 316 773 9279",,https://cswsaints.com/,6355 Willowbrook St.,,Wichita,Sedgwick County,KS,"67218",US,37.68059400,-97.26341910,classical,classical-school-wichita-ks-67218-fcapi-classicality-abstract.md,classical-school-wichita-ks-67218-fcapi-classicality-audit.md,classical-school-wichita-ks-67218-fcapi-classicality-audit.pdf,elementary-intermediate-secondary,Private School,Private,0,,,,,,,,,,,,,,,,,,,,,,,,,,,,,,0,,0,0,0,0,0,0,0,placeholders/placeholder-elementary-3.png,,0,0,0,0,751,,K-12,"K, 1st, 2nd, 3rd, 4th, 5th, 6th, 7th, 8th, 9th, 10th, 11th, 12th"
001V400000tPCki,Clear Lake Classical,,,clear-lake-classical-ia-50428,info@clearlakeclassical.org,"+1 651 206 2800",,https://clearlakeclassical.org/,1310 Hwy 18 W And 408 Mars Hill Dr.ive In,,Clear Lake,Cerro Gordo County,IA,"50428",US,43.14355300,-93.40435290,classical,clear-lake-classical-ia-50428-fcapi-classicality-abstract.md,clear-lake-classical-ia-50428-fcapi-classicality-audit.md,clear-lake-classical-ia-50428-fcapi-classicality-audit.pdf,elementary-intermediate-secondary,Private School,Private,0,,,,,,,,,,,,,,,,,,,,,,,,,,,,,,0,,0,0,0,0,0,0,0,placeholders/placeholder-elementary-6.png,,0,0,0,0,754,,PK-12,"Pre-K, K, 1st, 2nd, 3rd, 4th, 5th, 6th, 7th, 8th, 9th, 10th, 11th, 12th"
001V400000tPCkj,Clermont Christian School,,,clermont-christian-school-oh-45102,info@clermontchristian.org,"+1 937 620 1425",,https://www.westcler.k12.oh.us/WCMS/home/,3742 White Chapel Ct,,Amelia,Clermont County,OH,"45102",US,39.04515770,-84.25140550,classical,clermont-christian-school-oh-45102-fcapi-classicality-abstract.md,clermont-christian-school-oh-45102-fcapi-classicality-audit.md,clermont-christian-school-oh-45102-fcapi-classicality-audit.pdf,elementary-intermediate,Private School,Private,0,,,,,,,,,,,,,,,,,,,,,,,,,,,,,,0,,0,0,0,0,0,0,0,placeholders/placeholder-elementary-9.png,,0,0,0,0,758,,K-8,"K, 1st, 2nd, 3rd, 4th, 5th, 6th, 7th, 8th"
001V400000tPCkk,Coeur du Christ Academy,,,coeur-du-christ-academy-id-88814,info@coeurduchrist.org,"+1 208 219 7807",,https://coeurduchrist.org/,623 E. Wallace Ave.,,Coeur d'Alene,,ID,"83814",US,47.67689450,-116.77709580,classical,coeur-du-christ-academy-id-88814-fcapi-classicality-abstract.md,coeur-du-christ-academy-id-88814-fcapi-classicality-audit.md,coeur-du-christ-academy-id-88814-fcapi-classicality-audit.pdf,secondary,,,0,,,,,,,,,,,,,,,,,,,,,,,,,,,,,,0,,0,0,0,0,0,0,0,placeholders/placeholder-secondary-0.png,,0,0,0,0,5162,,9-12,"9th, 10th, 11th, 12th"
001V400000tPCkm,College of the Ozarks,,,college-ozarks-mo-65726,lwilks@cofo.edu,"+1 417 690 2380",,https://cofo.edu/,PO Box 17,,Point Lookout,Taney County,MO,"65726",US,36.61666950,-93.23671210,classical,college-ozarks-mo-65726-fcapi-classicality-abstract.md,college-ozarks-mo-65726-fcapi-classicality-audit.md,college-ozarks-mo-65726-fcapi-classicality-audit.pdf,elementary-intermediate-secondary,Private School,Private,0,,,,,,,,,,,,,,,,,,,,,,,,,,,,,,0,,0,0,0,0,0,0,0,placeholders/placeholder-elementary-7.png,,0,0,0,0,2172,,K-12,"K, 1st, 2nd, 3rd, 4th, 5th, 6th, 7th, 8th, 9th, 10th, 11th, 12th"
001V400000tPCko,Colorado Classical School,,,colorado-classical-school-co-80122,info@coloradoclassicalschool.org,"+1 303 747 6448",,https://colorado-ccs.org/,7691 South University Blvd.,,Centennial,Arapahoe County,CO,"80122",US,39.57764630,-104.96170210,classical,colorado-classical-school-co-80122-fcapi-classicality-abstract.md,colorado-classical-school-co-80122-fcapi-classicality-audit.md,colorado-classical-school-co-80122-fcapi-classicality-audit.pdf,elementary-intermediate,Private School,Private,0,,,,,,,,,,,,,,,,,,,,,,,,,,,,,,0,,0,0,0,0,0,0,0,placeholders/placeholder-elementary-3.png,,0,0,0,0,771,,K-6,"K, 1st, 2nd, 3rd, 4th, 5th, 6th"
001V400000tPCkp,Colquitt Christian Academy,,,colquitt-christian-academy-ga-31768,kcoyle@colquittchristian.org,"+1 318 688 5081",,https://colquittchristian.org/,830 26th Ave. Se,,Moultrie,Colquitt County,GA,"31768",US,31.13646680,-83.77081090,classical,colquitt-christian-academy-ga-31768-fcapi-classicality-abstract.md,colquitt-christian-academy-ga-31768-fcapi-classicality-audit.md,colquitt-christian-academy-ga-31768-fcapi-classicality-audit.pdf,elementary-intermediate-secondary,Private School,Private,0,,,,,,,,,,,,,,,,,,,,,,,,,,,,,,0,,0,0,0,0,0,0,0,placeholders/placeholder-elementary-5.png,,0,0,0,0,773,,PK-12,"Pre-K, K, 1st, 2nd, 3rd, 4th, 5th, 6th, 7th, 8th, 9th, 10th, 11th, 12th"
001V400000tPCkq,Columbus Classical Academy,,,columbus-classical-academy-oh-43240,,"+1 614 245 5547",,https://columbusclassical.org/,2000 Polaris Parkway,,Columbus,Delaware County,OH,"43240",US,40.14430810,-82.96555250,classical,columbus-classical-academy-oh-43240-fcapi-classicality-abstract.md,columbus-classical-academy-oh-43240-fcapi-classicality-audit.md,columbus-classical-academy-oh-43240-fcapi-classicality-audit.pdf,elementary-intermediate,Charter,Public,0,,,,,,,,,,,,,,,,,,,,,,,,,,,,,,0,,0,0,0,0,0,0,0,placeholders/placeholder-elementary-6.png,,0,0,0,0,774,,K-9,"K, 1st, 2nd, 3rd, 4th, 5th, 6th, 7th, 8th, 9th"
001V400000tPCks,Commission Leadership Academy,,,commission-leadership-academy-nc-27661,admin@commissionleadershipacademy.com,"+1 984 235 4243",,https://commissionleadershipacademy.com/,PO Box 61185,,Youngsville,Franklin County,NC,"27661",US,36.02487320,-78.47444390,classical,commission-leadership-academy-nc-27661-fcapi-classicality-abstract.md,commission-leadership-academy-nc-27661-fcapi-classicality-audit.md,commission-leadership-academy-nc-27661-fcapi-classicality-audit.pdf,elementary-intermediate-secondary,Private School,Private,0,,,,,,,,,,,,,,,,,,,,,,,,,,,,,,0,,0,0,0,0,0,0,0,placeholders/placeholder-elementary-8.png,,0,0,0,0,775,,PK-12,"Pre-K, K, 1st, 2nd, 3rd, 4th, 5th, 6th, 7th, 8th, 9th, 10th, 11th, 12th"
001V400000tPCkt,Community Christian Academy,,,community-christian-academy-fl-34997,,"",,https://www.ccacougars.net,777 SE Salerno Rd.,,Stuart,,FL,"34997",US,27.12835570,-80.24432940,classical,community-christian-academy-fl-34997-fcapi-classicality-abstract.md,community-christian-academy-fl-34997-fcapi-classicality-audit.md,community-christian-academy-fl-34997-fcapi-classicality-audit.pdf,elementary-intermediate,Private School,Private School,0,,71,,,,,,,,,,,,,,,,,,,,,,,,,,,,1,,0,0,1,0,0,0,0,placeholders/placeholder-elementary-9.png,,0,0,0,0,776,,K-8,"K, 1st, 2nd, 3rd, 4th, 5th, 6th, 7th, 8th"
001V400000tPCku,Community Christian Academy,,,community-christian-academy-wi-53010,office@ccawisconsin.org,"+1 262 338 0725",,https://westbendchurch.org/locations/community-christian-academy/,777 Southeast Salerno Road,,Campbellsport,Fond du Lac County,WI,"53010",US,27.12875550,-80.24385070,classical,community-christian-academy-wi-53010-fcapi-classicality-abstract.md,community-christian-academy-wi-53010-fcapi-classicality-audit.md,community-christian-academy-wi-53010-fcapi-classicality-audit.pdf,elementary-intermediate-secondary,Private School,Private,0,,,,,,,,,,,,,,,,,,,,,,,,,,,,,,0,,0,0,0,0,0,0,0,placeholders/placeholder-elementary-0.png,,0,0,0,0,777,,PK-12,"Pre-K, K, 1st, 2nd, 3rd, 4th, 5th, 6th, 7th, 8th, 9th, 10th, 11th, 12th"
001V400000tPCkv,Compass Scholé,001V400000tOZKD,Schole Communities,compass-schole-fountain-hills-az,debjponder@gmail.com,"",,https://www.facebook.com/groups/256690226039839,,,Fountain Hills,,AZ,"",US,33.60420790,-111.72569360,classical,compass-schole-fountain-hills-az-fcapi-classicality-abstract.md,compass-schole-fountain-hills-az-fcapi-classicality-audit.md,compass-schole-fountain-hills-az-fcapi-classicality-audit.pdf,elementary-intermediate-secondary,,,0,,,,,,,,,,,,,,,,,,,,,,,5479,,,,,,,0,,0,0,0,0,0,0,0,placeholders/placeholder-schole-1.png,,0,0,0,0,5496,,,
001V400000tPCkw,Concordia Academy,,,concordia-academy-ks-67211,info@concordiaacademywichita.org,"+1 316 650 1583",,https://cawichita.org/,909 S. Market St.,,Wichita,Sedgwick County,KS,"67211",US,37.67557440,-97.33723210,classical,concordia-academy-ks-67211-fcapi-classicality-abstract.md,concordia-academy-ks-67211-fcapi-classicality-audit.md,concordia-academy-ks-67211-fcapi-classicality-audit.pdf,secondary,Private School,Private,0,,,,,,,,,,,,,,,,,,,,,,,,,,,,,,0,,0,0,0,0,0,0,0,placeholders/placeholder-secondary-1.png,,0,0,0,0,786,,9-12,"9th, 10th, 11th, 12th"
001V400000tPCkx,Concordia Classical Academy,,,concordia-classical-academy-ky-41094,hello@concordiaclassical.com,"",,https://concordiaclassical.com/,47 S Main St,,Walton,,KY,"41094",US,38.86290580,-84.61073840,classical,concordia-classical-academy-ky-41094-fcapi-classicality-abstract.md,concordia-classical-academy-ky-41094-fcapi-classicality-audit.md,concordia-classical-academy-ky-41094-fcapi-classicality-audit.pdf,elementary-intermediate-secondary,Private School,Private School,0,,75,,,,,,,,,,,,,,,,,,,,,,,,,,,,1,,1,0,0,0,0,0,0,placeholders/placeholder-elementary-9.png,,0,0,0,0,787,,K-11,"K, 1st, 2nd, 3rd, 4th, 5th, 6th, 7th, 8th, 9th, 10th, 11th"
001V400000tPCky,Concordia Lutheran School & Learning Center,,,concordia-lutheran-school-learning-center-ut-84065,,"+1 385 249 6739",,https://concordialearningcenter.holytrinityut.org/,13249 S Redwood Rd,,Riverton,Salt Lake County,UT,"84065",US,40.52189300,-111.93910230,classical,concordia-lutheran-school-learning-center-ut-84065-fcapi-classicality-abstract.md,concordia-lutheran-school-learning-center-ut-84065-fcapi-classicality-audit.md,concordia-lutheran-school-learning-center-ut-84065-fcapi-classicality-audit.pdf,elementary-intermediate,Private School,Private School,0,,65,,,,,,,,,,,,,,,,,,,,,,,,,,,,0,,0,0,0,0,0,0,0,placeholders/placeholder-elementary-1.png,,0,0,0,0,789,,K-6,"K, 1st, 2nd, 3rd, 4th, 5th, 6th"
001V400000tPCkz,Connection School,,,connection-school-tx-77433,info@tcsoh.org,"+1 832 544 6031",,https://tcsoh.org/,15815 House Hahl Road,,Cypress,Harris County,TX,"77433",US,29.97199890,-95.70366790,classical,connection-school-tx-77433-fcapi-classicality-abstract.md,connection-school-tx-77433-fcapi-classicality-audit.md,connection-school-tx-77433-fcapi-classicality-audit.pdf,elementary-intermediate-secondary,Private School,Private,0,,,,,,,,,,,,,,,,,,,,,,,,,,,,,,0,,0,0,0,0,0,0,0,placeholders/placeholder-elementary-6.png,,0,0,0,0,794,,PK-12,"Pre-K, K, 1st, 2nd, 3rd, 4th, 5th, 6th, 7th, 8th, 9th, 10th, 11th, 12th"
001V400000tPL1Z,Coppell Classical Academy,,,coppell-classical-academy-tx-75019,,"+1 972 393 3077",,https://www.coppellclassical.com/,140 S. Heartz Rd.,,Coppell,Dallas County,TX,"75019",US,32.96751270,-96.98849520,somewhat-classical,coppell-classical-academy-tx-75019-fcapi-classicality-abstract.md,coppell-classical-academy-tx-75019-fcapi-classicality-audit.md,coppell-classical-academy-tx-75019-fcapi-classicality-audit.pdf,elementary,Charter,Public,0,,,,,,,,,,,,,,,,,,,,,,,,,,,,,,0,,0,0,0,0,0,0,0,placeholders/placeholder-elementary-0.png,,0,0,0,0,798,,K-5,"K, 1st, 2nd, 3rd, 4th, 5th"
001V400000tPCl0,Cor Deo School,,,cor-deo-school-wa-98373,info@thecordeoschool.org,"+1 253 240 0287",,https://thecordeoschool.org/,20 Ave. S,,Tacoma,Pierce County,WA,"98373",US,47.26314300,-122.44728880,classical,cor-deo-school-wa-98373-fcapi-classicality-abstract.md,cor-deo-school-wa-98373-fcapi-classicality-audit.md,cor-deo-school-wa-98373-fcapi-classicality-audit.pdf,elementary-intermediate,Private School,Private,0,,,,,,,,,,,,,,,,,,,,,,,,,,,,,,0,,0,0,0,0,0,0,0,placeholders/placeholder-elementary-1.png,,0,0,0,0,799,,K-8,"K, 1st, 2nd, 3rd, 4th, 5th, 6th, 7th, 8th"
001V400000tPCl1,Coram Deo Academy,,,coram-deo-academy-in-46032,info@coramdeo-in.com,"+1 650 703 0948",,https://coramdeo-in.com/,651 Main St.,,Carmel,Hamilton County,IN,"46032",US,39.95951270,-86.14760590,classical,coram-deo-academy-in-46032-fcapi-classicality-abstract.md,coram-deo-academy-in-46032-fcapi-classicality-audit.md,coram-deo-academy-in-46032-fcapi-classicality-audit.pdf,elementary-intermediate-secondary,Private School,Private,0,,,,,,,,,,,,,,,,,,,,,,,,,,,,,,0,,0,0,0,0,0,0,0,placeholders/placeholder-elementary-4.png,,0,0,0,0,801,,PK-12,"Pre-K, K, 1st, 2nd, 3rd, 4th, 5th, 6th, 7th, 8th, 9th, 10th, 11th, 12th"
001V400000tPCl2,Coram Deo Academy,,,coram-deo-academy-or-97305,info@coramdeoacademy.net,"+1 503 991 6676",,https://coramdeoacademy.net/,8512 Sunnyview Rd NE,C/O Emmanuel Bible Church,Salem,,OR,"97305",US,44.95794200,-122.88657500,classical,coram-deo-academy-or-97305-fcapi-classicality-abstract.md,coram-deo-academy-or-97305-fcapi-classicality-audit.md,coram-deo-academy-or-97305-fcapi-classicality-audit.pdf,elementary,Private School,Private School,0,,22,,,,,,,,,,,,,,,,,,,,,,,,,,,,0,,0,0,1,0,0,0,0,placeholders/placeholder-elementary-5.png,,0,0,0,0,802,,K-5,"K, 1st, 2nd, 3rd, 4th, 5th"
001V400000tPCl3,Coram Deo Academy,,,coram-deo-academy-wa-99336,office@coramdeo.academy,"+1 509 392 7420",,https://www.coramdeo.academy/,5400 West Canal Dr,,Kennewick,Kitsap County,WA,"99336",US,47.61727110,-122.63126850,classical,coram-deo-academy-wa-99336-fcapi-classicality-abstract.md,coram-deo-academy-wa-99336-fcapi-classicality-audit.md,coram-deo-academy-wa-99336-fcapi-classicality-audit.pdf,elementary-intermediate-secondary,Private School,Private School,0,,119,,,,,,,,,,,,,,,,,,,,,,,,,,,,1,,0,0,1,1,0,0,0,placeholders/placeholder-elementary-7.png,,0,0,0,0,805,,K-12,"K, 1st, 2nd, 3rd, 4th, 5th, 6th, 7th, 8th, 9th, 10th, 11th, 12th"
001V400000tPCl4,Coram Deo Academy - Dallas,001V400000tOBYO,Coram Deo Academies,coram-deo-academy-dallas-tx-75081,dallas@cdalions.org,"+1 972 385 6410",,https://www.coramdeoacademy.org/dallas,1301 Abrams Rd,,Richardson,,TX,"75081",US,32.92577950,-96.73450530,classical,coram-deo-academy-dallas-tx-75081-fcapi-classicality-abstract.md,coram-deo-academy-dallas-tx-75081-fcapi-classicality-audit.md,coram-deo-academy-dallas-tx-75081-fcapi-classicality-audit.pdf,elementary-intermediate-secondary,,,0,,,,,,,,,,,,,,,,,,,,,,,5262,,,,,,,0,,0,0,0,0,0,0,0,placeholders/placeholder-elementary-8.png,,0,0,0,0,5257,,K-12,"K, 1st, 2nd, 3rd, 4th, 5th, 6th, 7th, 8th, 9th, 10th, 11th, 12th"
001V400000tPCl5,Coram Deo Academy - Flower Mound,001V400000tOBYO,Coram Deo Academies,coram-deo-academy-flower-mound-tx-75022,flowermound@cdalions.org,"+1 682 237 0232",,https://www.coramdeoacademy.org/flowermound,4900 Wichita Trl,,Flower Mound,,TX,"75022",US,33.02284620,-97.10710490,classical,coram-deo-academy-flower-mound-tx-75022-fcapi-classicality-abstract.md,coram-deo-academy-flower-mound-tx-75022-fcapi-classicality-audit.md,coram-deo-academy-flower-mound-tx-75022-fcapi-classicality-audit.pdf,elementary-intermediate-secondary,Private School,Private,0,,,,,,,,,,,,,,,,,,,,,,,5262,,,,,,,0,,0,0,0,0,0,0,0,placeholders/placeholder-elementary-9.png,,0,0,0,0,803,,PK-12,"Pre-K, K, 1st, 2nd, 3rd, 4th, 5th, 6th, 7th, 8th, 9th, 10th, 11th, 12th"
001V400000tPCl6,Coram Deo Academy - Plano/Collin County,001V400000tOBYO,Coram Deo Academies,coram-deo-academy-planocollin-county-tx-75025,collincounty@cdalions.org,"+1 469 854 1300",,https://www.coramdeoacademy.org/collincounty,9645 Independence Pkwy,,Plano,,TX,"75025",US,33.11028430,-96.75155510,classical,coram-deo-academy-planocollin-county-tx-75025-fcapi-classicality-abstract.md,coram-deo-academy-planocollin-county-tx-75025-fcapi-classicality-audit.md,coram-deo-academy-planocollin-county-tx-75025-fcapi-classicality-audit.pdf,elementary-intermediate-secondary,,,0,,,,,,,,,,,,,,,,,,,,,,,5262,,,,,,,0,,0,0,0,0,0,0,0,placeholders/placeholder-k12-8.png,,0,0,0,0,5254,,,
001V400000tPCl7,Coram Deo Classical Academy,,,coram-deo-classical-academy-tx-78520,info@coramdeobrownsville.org,"+1 956 459 7162",,https://coramdeobrownsville.org/,1175 W. Price Rd. Ste 3,,Brownsville,Cameron County,TX,"78520",US,25.93743700,-97.50553510,classical,coram-deo-classical-academy-tx-78520-fcapi-classicality-abstract.md,coram-deo-classical-academy-tx-78520-fcapi-classicality-audit.md,coram-deo-classical-academy-tx-78520-fcapi-classicality-audit.pdf,elementary-intermediate-secondary,Private School,Private,0,,,,,,,,,,,,,,,,,,,,,,,,,,,,,,0,,0,0,0,0,0,0,0,placeholders/placeholder-elementary-0.png,,0,0,0,0,806,,3-12,"3rd, 4th, 5th, 6th, 7th, 8th, 9th, 10th, 11th, 12th"
001V400000tPCl9,Coram Deo Classical School,,,coram-deo-classical-school-ga-30269,krissy.bush@coramdeoclassical.com,"+1 678 472 8175",,https://coramdeoclassical.com/,206 Willow Bend Rd,,Peachtree City,,GA,"30269",US,33.39937210,-84.58289300,classical,coram-deo-classical-school-ga-30269-fcapi-classicality-abstract.md,coram-deo-classical-school-ga-30269-fcapi-classicality-audit.md,coram-deo-classical-school-ga-30269-fcapi-classicality-audit.pdf,elementary-intermediate-secondary,Private School,Private School,0,,150,,,,,,,,,,,,,,,,,,,,,,,,,,,,1,,1,0,0,0,0,0,0,placeholders/placeholder-elementary-2.png,,0,0,0,0,808,,K-12,"K, 1st, 2nd, 3rd, 4th, 5th, 6th, 7th, 8th, 9th, 10th, 11th, 12th"
001V400000tPClA,Coram Deo Classical School,,,coram-deo-classical-school-il-62864,coramdeoclassicalschool@gmail.com,"+1 618 244 9338",,https://www.coramdeoschool.org/,1600 Salem Rd.,,Mount Vernon,Jefferson County,IL,"62864",US,38.33671530,-88.91255220,classical,coram-deo-classical-school-il-62864-fcapi-classicality-abstract.md,coram-deo-classical-school-il-62864-fcapi-classicality-audit.md,coram-deo-classical-school-il-62864-fcapi-classicality-audit.pdf,elementary-intermediate-secondary,Private School,Private,0,,,,,,,,,,,,,,,,,,,,,,,,,,,,,,0,,0,0,0,0,0,0,0,placeholders/placeholder-elementary-3.png,,0,0,0,0,809,,PK-12,"Pre-K, K, 1st, 2nd, 3rd, 4th, 5th, 6th, 7th, 8th, 9th, 10th, 11th, 12th"
001V400000tPClD,Cornerstone Academy,,,cornerstone-academy-fl-32605,office@ca.school,"+1 352 378 9337",,https://cornerstoneacademy.school/,1520 NW 34th St,,Gainesville,Alachua County,FL,"32605",US,29.66582090,-82.37302060,classical,cornerstone-academy-fl-32605-fcapi-classicality-abstract.md,cornerstone-academy-fl-32605-fcapi-classicality-audit.md,cornerstone-academy-fl-32605-fcapi-classicality-audit.pdf,elementary-intermediate-secondary,Private School,Private School,0,,,,,,,,,,,,,,,,,,,,,,,,,,,,,,1,,0,0,0,0,0,0,0,placeholders/placeholder-elementary-6.png,,0,0,0,0,811,,K-12,"K, 1st, 2nd, 3rd, 4th, 5th, 6th, 7th, 8th, 9th, 10th, 11th, 12th"
001V400000tPClE,Cornerstone Christian Academy,,,cornerstone-christian-academy-al-35986,info@cornerstoneca.ca,"+1 256 638 9311",,https://www.cca-eagles.com/,1600 Mccurdey Ave. North,,Rainsville,DeKalb County,AL,"35986",US,34.51335120,-85.83272860,classical,cornerstone-christian-academy-al-35986-fcapi-classicality-abstract.md,cornerstone-christian-academy-al-35986-fcapi-classicality-audit.md,cornerstone-christian-academy-al-35986-fcapi-classicality-audit.pdf,elementary-intermediate-secondary,Private School,Private,0,,,,,,,,,,,,,,,,,,,,,,,,,,,,,,0,,0,0,0,0,0,0,0,placeholders/placeholder-elementary-9.png,,0,0,0,0,814,,K-10,"K, 1st, 2nd, 3rd, 4th, 5th, 6th, 7th, 8th, 9th, 10th"
001V400000tPClF,Cornerstone Christian Academy,,,cornerstone-christian-academy-nm-87120,rlcaac67@gmail.com,"+1 505 410 6237",,https://ccanm.org/,7408 Willow Wood Dr. Nw,,Albuquerque,Bernalillo County,NM,"87120",US,35.10792800,-106.72032830,classical,cornerstone-christian-academy-nm-87120-fcapi-classicality-abstract.md,cornerstone-christian-academy-nm-87120-fcapi-classicality-audit.md,cornerstone-christian-academy-nm-87120-fcapi-classicality-audit.pdf,elementary-intermediate-secondary,Private School,Private,0,,,,,,,,,,,,,,,,,,,,,,,,,,,,,,0,,0,0,0,0,0,0,0,placeholders/placeholder-elementary-1.png,,0,0,0,0,816,,K-12,"K, 1st, 2nd, 3rd, 4th, 5th, 6th, 7th, 8th, 9th, 10th, 11th, 12th"
001V400000tPClG,Cornerstone Christian Academy,,,cornerstone-christian-academy-va-20117,school@cornerstonechapel.net,"+1 484 888 4571",,https://cornerstonechapel.net/,35321 Notre Dame Ln.,,Middleburg,Loudoun County,VA,"20117",US,37.36127000,-78.87179900,classical,cornerstone-christian-academy-va-20117-fcapi-classicality-abstract.md,cornerstone-christian-academy-va-20117-fcapi-classicality-audit.md,cornerstone-christian-academy-va-20117-fcapi-classicality-audit.pdf,elementary-intermediate-secondary,,,0,,,,,,,,,,,,,,,,,,,,,,,,,,,,,,0,,0,0,0,0,0,0,0,placeholders/placeholder-elementary-6.png,,0,0,0,0,821,,K-12,"K, 1st, 2nd, 3rd, 4th, 5th, 6th, 7th, 8th, 9th, 10th, 11th, 12th"
001V400000tPClH,Cornerstone Christian Academy,,,cornerstone-christian-academy-fl-33825,ccaoffice@ccaap.org,"+1 863 453 0894",,https://www.ccaap.org/,2600 N Highlands Blvd,,Avon Park,,FL,"33825",US,27.63441610,-81.52717780,classical,cornerstone-christian-academy-fl-33825-fcapi-classicality-abstract.md,cornerstone-christian-academy-fl-33825-fcapi-classicality-audit.md,cornerstone-christian-academy-fl-33825-fcapi-classicality-audit.pdf,elementary-intermediate,Private School,Private,0,,,,,,,,,,,,,,,,,,,,,,,,,,,,,,0,,0,0,0,0,0,0,0,placeholders/placeholder-virtual-2.png,,0,0,0,0,5330,,K-8,"K, 1st, 2nd, 3rd, 4th, 5th, 6th, 7th, 8th"
001V400000tPClI,Cornerstone Christian School,,,cornerstone-christian-school-wa-98503,office@ccsoly.com,"+1 360 923 0071",,https://ccsoly.com/,5005 Boulevard Southeast,,Lacey,Thurston County,WA,"98503",US,47.03441290,-122.81759700,classical,cornerstone-christian-school-wa-98503-fcapi-classicality-abstract.md,cornerstone-christian-school-wa-98503-fcapi-classicality-audit.md,cornerstone-christian-school-wa-98503-fcapi-classicality-audit.pdf,elementary-intermediate-secondary,Private School,Private,0,,,,,,,,,,,,,,,,,,,,,,,,,,,,,,0,,0,0,0,0,0,0,0,placeholders/placeholder-elementary-9.png,,0,0,0,0,824,,K-12,"K, 1st, 2nd, 3rd, 4th, 5th, 6th, 7th, 8th, 9th, 10th, 11th, 12th"
001V400000tPClJ,Cornerstone Classical Academy,,,cornerstone-classical-academy-fl-32246,,"+1 904 885 8820",,https://www.cornerstoneclassical.org/,2360 St. Johns Bluff Rd. S.,,Jacksonville,Duval County,FL,"32246",US,30.30716470,-81.52783620,classical,cornerstone-classical-academy-fl-32246-fcapi-classicality-abstract.md,cornerstone-classical-academy-fl-32246-fcapi-classicality-audit.md,cornerstone-classical-academy-fl-32246-fcapi-classicality-audit.pdf,intermediate-secondary,Charter,Public,0,,,,,,,,,,,,,,,,,,,,,,,,,,,,,,0,,0,0,0,0,0,0,0,placeholders/placeholder-intermediate-4.png,,0,0,0,0,825,,6-10,"6th, 7th, 8th, 9th, 10th"
001V400000tPClK,Cornerstone Classical Christian Academy,,,cornerstone-classical-christian-academy-ky-41022,info@cornerstoneclassical.org,"+1 859 640 5147",,https://cornerstoneclassical.org/,PO Box 542,,Florence,Boone County,KY,"41022",US,39.00000000,-84.63000000,classical,cornerstone-classical-christian-academy-ky-41022-fcapi-classicality-abstract.md,cornerstone-classical-christian-academy-ky-41022-fcapi-classicality-audit.md,cornerstone-classical-christian-academy-ky-41022-fcapi-classicality-audit.pdf,elementary-intermediate-secondary,,,0,,,,,,,,,,,,,,,,,,,,,,,,,,,,,,0,,0,0,0,0,0,0,0,placeholders/placeholder-elementary-0.png,,0,0,0,0,827,,K-12,"K, 1st, 2nd, 3rd, 4th, 5th, 6th, 7th, 8th, 9th, 10th, 11th, 12th"
001V400000tPClL,Cornerstone Classical Christian School,,,cornerstone-classical-christian-school-wa-98390,,"",,https://www.cornerstoneccs.org/,14024 Steward Road Southeast,,Bonney Lake,Pierce County,WA,"98390",US,47.24974740,-122.24219170,classical,cornerstone-classical-christian-school-wa-98390-fcapi-classicality-abstract.md,cornerstone-classical-christian-school-wa-98390-fcapi-classicality-audit.md,cornerstone-classical-christian-school-wa-98390-fcapi-classicality-audit.pdf,elementary-intermediate-secondary,Private School,Private,0,,,,,,,,,,,,,,,,,,,,,,,,,,,,,,0,,0,0,0,0,0,0,0,placeholders/placeholder-elementary-1.png,,0,0,0,0,828,,1-10,"1st, 2nd, 3rd, 4th, 5th, 6th, 7th, 8th, 9th, 10th"
001V400000tPClN,Cornerstone Classical School,,,cornerstone-classical-school-co-81621,office@cornerstonebasalt.net,"+1 970 927 9106",,https://cornerstonebasalt.net/,302 Serenada Dr.,,Basalt,Pitkin County,CO,"81621",US,39.36489910,-107.02927250,classical,cornerstone-classical-school-co-81621-fcapi-classicality-abstract.md,cornerstone-classical-school-co-81621-fcapi-classicality-audit.md,cornerstone-classical-school-co-81621-fcapi-classicality-audit.pdf,elementary-intermediate-secondary,,,0,,,,,,,,,,,,,,,,,,,,,,,,,,,,,,0,,0,0,0,0,0,0,0,placeholders/placeholder-elementary-4.png,,0,0,0,0,830,,K-12,"K, 1st, 2nd, 3rd, 4th, 5th, 6th, 7th, 8th, 9th, 10th, 11th, 12th"
001V400000tPClO,Cornerstone Classical School,,,cornerstone-classical-school-ks-67401,cstevens@cornerstonesalina.com,"+1 785 643 4460",,https://cornerstonesalina.com/,830 S 9th St,,Salina,Saline County,KS,"67401",US,38.82406110,-97.61309590,classical,cornerstone-classical-school-ks-67401-fcapi-classicality-abstract.md,cornerstone-classical-school-ks-67401-fcapi-classicality-audit.md,cornerstone-classical-school-ks-67401-fcapi-classicality-audit.pdf,elementary-intermediate-secondary,Private School,Private,0,,,,,,,,,,,,,,,,,,,,,,,,,,,,,,0,,0,0,0,0,0,0,0,placeholders/placeholder-elementary-5.png,,0,0,0,0,831,,K-12,"K, 1st, 2nd, 3rd, 4th, 5th, 6th, 7th, 8th, 9th, 10th, 11th, 12th"
001V400000tPClP,Cornerstone Classical School – Round Rock,,,cornerstone-classical-school-round-rock-tx-77429,,"",,https://www.cscstx.com/,1600 E Old Settlers Blvd.,,Georgetown,,TX,"77429",US,30.54032400,-97.66635840,classical,cornerstone-classical-school-round-rock-tx-77429-fcapi-classicality-abstract.md,cornerstone-classical-school-round-rock-tx-77429-fcapi-classicality-audit.md,cornerstone-classical-school-round-rock-tx-77429-fcapi-classicality-audit.pdf,elementary-intermediate-secondary,,,0,,,,,,,,,,,,,,,,,,,,,,,,,,,,,,0,,0,0,0,0,0,0,0,placeholders/placeholder-elementary-6.png,,0,0,0,0,5275,,K-12,"K, 1st, 2nd, 3rd, 4th, 5th, 6th, 7th, 8th, 9th, 10th, 11th, 12th"
001V400000tPClQ,"Cornerstone Schools of Washington, DC,",,,cornerstone-schools-washington-dc-20019,,"+1 202 575 0027",,http://cornerstone-schools.org,3742 Ely Place Southeast,,Washington,,DC,"20019",US,38.88310810,-76.94783530,classical,cornerstone-schools-washington-dc-20019-fcapi-classicality-abstract.md,cornerstone-schools-washington-dc-20019-fcapi-classicality-audit.md,cornerstone-schools-washington-dc-20019-fcapi-classicality-audit.pdf,elementary-intermediate-secondary,,,0,,,,,,,,,,,,,,,,,,,,,,,,,,,,,,0,,0,0,0,0,0,0,0,placeholders/placeholder-k12-3.png,,0,0,0,0,5167,,,
001V400000tPClR,Corpus Christi Academy,,,corpus-christi-academy-sc-29407,info@corpuschristiacademy.net,"+1 785 640 4929",,https://corpuschristiacademy.net/,952 Orange Grove Road,,Charleston,Charleston County,SC,"29407",US,32.82303310,-79.98241840,classical,corpus-christi-academy-sc-29407-fcapi-classicality-abstract.md,corpus-christi-academy-sc-29407-fcapi-classicality-audit.md,corpus-christi-academy-sc-29407-fcapi-classicality-audit.pdf,elementary-intermediate-secondary,Private School,Private,0,,,,,,,,,,,,,,,,,,,,,,,,,,,,,,0,,0,0,0,0,0,0,0,placeholders/placeholder-elementary-9.png,,0,0,0,0,836,,K-12,"K, 1st, 2nd, 3rd, 4th, 5th, 6th, 7th, 8th, 9th, 10th, 11th, 12th"
001V400000tPL1u,Corpus Christi Catholic School,,,corpus-christi-catholic-school-co-80907,,"+1 719 632 5092",,https://school.corpuschristicos.org/,2318 North Cascade Avenue,,Colorado Springs,El Paso County,CO,"80907",US,38.86674850,-104.82423690,somewhat-classical,corpus-christi-catholic-school-co-80907-fcapi-classicality-abstract.md,corpus-christi-catholic-school-co-80907-fcapi-classicality-audit.md,corpus-christi-catholic-school-co-80907-fcapi-classicality-audit.pdf,elementary-intermediate,Private School,Private,0,,,,,,,,,,,,,,,,,,,,,,,,,,,,,,0,,0,0,0,0,0,0,0,placeholders/placeholder-elementary-0.png,,0,0,0,0,837,,K-8,"K, 1st, 2nd, 3rd, 4th, 5th, 6th, 7th, 8th"
001V400000tPClS,Corpus Christi Classical Academy,,,corpus-christi-classical-academy-ky-40065,,"+1 502 722 8090",,https://corpuschristiclassical.org/,105 Main Street,,Shelbyville,Shelby County,KY,"40065",US,38.21104150,-85.21039470,classical,corpus-christi-classical-academy-ky-40065-fcapi-classicality-abstract.md,corpus-christi-classical-academy-ky-40065-fcapi-classicality-audit.md,corpus-christi-classical-academy-ky-40065-fcapi-classicality-audit.pdf,elementary-intermediate-secondary,Private School,Private,0,,,,,,,,,,,,,,,,,,,,,,,,,,,,,,0,,0,0,0,0,0,0,0,placeholders/placeholder-elementary-1.png,,0,0,0,0,838,,PK-12,"Pre-K, K, 1st, 2nd, 3rd, 4th, 5th, 6th, 7th, 8th, 9th, 10th, 11th, 12th"
001V400000tPClT,Cottonwood Scholé,001V400000tOZKD,Schole Communities,cottonwood-schole-gypsum-co,anna.cottonwoodschole@gmail.com,"",,https://www.cottonwoodschole.com,,,Gypsum,,CO,"",US,39.64465320,-106.94910720,classical,cottonwood-schole-gypsum-co-fcapi-classicality-abstract.md,cottonwood-schole-gypsum-co-fcapi-classicality-audit.md,cottonwood-schole-gypsum-co-fcapi-classicality-audit.pdf,elementary-intermediate-secondary,,,0,,,,,,,,,,,,,,,,,,,,,,,5479,,,,,,,0,,0,0,0,0,0,0,0,placeholders/placeholder-schole-1.png,,0,0,0,0,5503,,,
001V400000tPClV,Covenant Academy,,,covenant-academy-ga-31210,ca@covenantacademy.net,"+1 281 373 2233",,https://www.covenantacademy.net/,11711 Telge Rd,,Macon,,GA,"31210",US,32.89998580,-83.74116310,classical,covenant-academy-ga-31210-fcapi-classicality-abstract.md,covenant-academy-ga-31210-fcapi-classicality-audit.md,covenant-academy-ga-31210-fcapi-classicality-audit.pdf,elementary-intermediate-secondary,Private School,Private School,0,,311,,,,,,,,,,,,,,,,,,,,,,,,,,,,1,,1,0,1,0,0,1,0,placeholders/placeholder-elementary-8.png,,0,0,0,0,846,,K-12,"K, 1st, 2nd, 3rd, 4th, 5th, 6th, 7th, 8th, 9th, 10th, 11th, 12th"
001V400000tPClW,Covenant Academy,,,covenant-academy-ks-66762,daparish@gmail.com,"+1 620 231 6881",,https://www.covenant-harvest.org/covenant-academy,615 US-69,,Pittsburg,Crawford County,KS,"66762",US,37.43707040,-94.71138580,classical,covenant-academy-ks-66762-fcapi-classicality-abstract.md,covenant-academy-ks-66762-fcapi-classicality-audit.md,covenant-academy-ks-66762-fcapi-classicality-audit.pdf,elementary-intermediate-secondary,Private School,Private,0,,,,,,,,,,,,,,,,,,,,,,,,,,,,,,0,,0,0,0,0,0,0,0,placeholders/placeholder-elementary-9.png,,0,0,0,0,847,,K-12,"K, 1st, 2nd, 3rd, 4th, 5th, 6th, 7th, 8th, 9th, 10th, 11th, 12th"
001V400000tPClX,Covenant Academy,,,covenant-academy-tx-77429,info@covenantcypress.org,"+1 281 955 5527",,https://covenantcypress.org/,11711 Telge Rd.,,Cypress,Harris County,TX,"77429",US,29.94785900,-95.64950450,classical,covenant-academy-tx-77429-fcapi-classicality-abstract.md,covenant-academy-tx-77429-fcapi-classicality-audit.md,covenant-academy-tx-77429-fcapi-classicality-audit.pdf,elementary-intermediate-secondary,Private School,Private,0,,,,,,,,,,,,,,,,,,,,,,,,,,,,,,0,,0,0,0,0,0,0,0,placeholders/placeholder-elementary-0.png,,0,0,0,0,848,,PK-12,"Pre-K, K, 1st, 2nd, 3rd, 4th, 5th, 6th, 7th, 8th, 9th, 10th, 11th, 12th"
001V400000tPClY,Covenant Christian Academy,,,covenant-christian-academy-ma-01960,office@ccamail.org,"+1 978 535 7100",,https://covenantchristianacademy.org/,83 Pine St,,West Peabody,,MA,"01960",US,42.54592810,-70.99394060,classical,covenant-christian-academy-ma-01960-fcapi-classicality-abstract.md,covenant-christian-academy-ma-01960-fcapi-classicality-audit.md,covenant-christian-academy-ma-01960-fcapi-classicality-audit.pdf,elementary-intermediate-secondary,Private School,Private School,0,,432,,,,,,,,,,,,,,,,,,,,,,,,,,,,1,,1,0,1,1,0,0,1,placeholders/placeholder-elementary-2.png,,0,0,0,0,850,,K-12,"K, 1st, 2nd, 3rd, 4th, 5th, 6th, 7th, 8th, 9th, 10th, 11th, 12th"
001V400000tPClZ,Covenant Christian Academy,,,covenant-christian-academy-pa-17109,office@discovercovenant.com,"+1 717 319 0222",,https://discovercovenant.com/,1982 Locust Lane,,Harrisburg,Dauphin County,PA,"17109",US,40.28938630,-76.85969470,classical,covenant-christian-academy-pa-17109-fcapi-classicality-abstract.md,covenant-christian-academy-pa-17109-fcapi-classicality-audit.md,covenant-christian-academy-pa-17109-fcapi-classicality-audit.pdf,elementary-intermediate-secondary,Private School,Private,0,,,,,,,,,,,,,,,,,,,,,,,,,,,,,,0,,0,0,0,0,0,0,0,placeholders/placeholder-elementary-4.png,,0,0,0,0,852,,K-12,"K, 1st, 2nd, 3rd, 4th, 5th, 6th, 7th, 8th, 9th, 10th, 11th, 12th"
001V400000tPCla,Covenant Christian Academy,,,covenant-christian-academy-tx-76034,john.rutherford@covenantchristian.net,"+1 817 281 4333",,https://covenantchristian.net/,901 Cheek Sparger Rd. Bldg A,,Colleyville,Tarrant County,TX,"76034",US,32.86824170,-97.15532160,classical,covenant-christian-academy-tx-76034-fcapi-classicality-abstract.md,covenant-christian-academy-tx-76034-fcapi-classicality-audit.md,covenant-christian-academy-tx-76034-fcapi-classicality-audit.pdf,elementary-intermediate-secondary,Private School,Private,0,,,,,,,,,,,,,,,,,,,,,,,,,,,,,,0,,0,0,0,0,0,0,0,placeholders/placeholder-elementary-5.png,,0,0,0,0,853,,PK-12,"Pre-K, K, 1st, 2nd, 3rd, 4th, 5th, 6th, 7th, 8th, 9th, 10th, 11th, 12th"
001V400000tPCld,Covenant Christian High School,,,covenant-christian-high-school-wa-98029,sean.hill@cchsnw.org,"+1 352 256 5177",,https://cchsnw.org/,22116 SE 51St Place,,Issaquah,King County,WA,"98029",US,47.55607890,-122.04467170,classical,covenant-christian-high-school-wa-98029-fcapi-classicality-abstract.md,covenant-christian-high-school-wa-98029-fcapi-classicality-audit.md,covenant-christian-high-school-wa-98029-fcapi-classicality-audit.pdf,secondary,Private School,Private,0,,,,,,,,,,,,,,,,,,,,,,,,,,,,,,0,,0,0,0,0,0,0,0,placeholders/placeholder-secondary-3.png,,0,0,0,0,855,,9-12,"9th, 10th, 11th, 12th"
001V400000tPCle,Covenant Christian School,,,covenant-christian-school-al-35674,dshirley@ccseagles.com,"+1 256 324 1212",,https://www.ccseagles.com/,1900 Covenant Drive,,Tuscumbia,Colbert County,AL,"35674",US,34.72133650,-87.67671410,classical,covenant-christian-school-al-35674-fcapi-classicality-abstract.md,covenant-christian-school-al-35674-fcapi-classicality-audit.md,covenant-christian-school-al-35674-fcapi-classicality-audit.pdf,elementary-intermediate-secondary,Private School,Private,0,,,,,,,,,,,,,,,,,,,,,,,,,,,,,,0,,0,0,0,0,0,0,0,placeholders/placeholder-elementary-8.png,,0,0,0,0,856,,PK-12,"Pre-K, K, 1st, 2nd, 3rd, 4th, 5th, 6th, 7th, 8th, 9th, 10th, 11th, 12th"
001V400000tPClg,Covenant Christian School,,,covenant-christian-school-ga-30080,admin@ccssmyrna.org,"+1 770 435 1596",,https://ccssmyrna.org/,3130 Atlanta Rd.,,Smyrna,Cobb County,GA,"30080",US,33.87691600,-84.50830000,classical,covenant-christian-school-ga-30080-fcapi-classicality-abstract.md,covenant-christian-school-ga-30080-fcapi-classicality-audit.md,covenant-christian-school-ga-30080-fcapi-classicality-audit.pdf,elementary-intermediate,Private School,Private,0,,,,,,,,,,,,,,,,,,,,,,,,,,,,,,0,,0,0,0,0,0,0,0,placeholders/placeholder-elementary-9.png,,0,0,0,0,858,,PK-8,"Pre-K, K, 1st, 2nd, 3rd, 4th, 5th, 6th, 7th, 8th"
001V400000tPClh,Covenant Christian School,,,covenant-christian-school-tx-77304,jennifer.miller@ccsconroe.org,"+1 936 890 8080",,https://ccsconroe.org/,4503 Ih-45 North,,Conroe,Montgomery County,TX,"77304",US,30.37517230,-95.48783250,classical,covenant-christian-school-tx-77304-fcapi-classicality-abstract.md,covenant-christian-school-tx-77304-fcapi-classicality-audit.md,covenant-christian-school-tx-77304-fcapi-classicality-audit.pdf,elementary-intermediate-secondary,Private School,Private,0,,,,,,,,,,,,,,,,,,,,,,,,,,,,,,0,,0,0,0,0,0,0,0,placeholders/placeholder-elementary-0.png,,0,0,0,0,859,,PK-12,"Pre-K, K, 1st, 2nd, 3rd, 4th, 5th, 6th, 7th, 8th, 9th, 10th, 11th, 12th"
001V400000tPCli,Covenant Christian Schools,,,covenant-christian-schools-wa-98027,,"+1 310 798 5181",,https://ccschools.org/,1040 12th Avenue Northwest,,Issaquah,King County,WA,"98027",US,47.54200160,-122.05674540,classical,covenant-christian-schools-wa-98027-fcapi-classicality-abstract.md,covenant-christian-schools-wa-98027-fcapi-classicality-audit.md,covenant-christian-schools-wa-98027-fcapi-classicality-audit.pdf,elementary-intermediate-secondary,Private School,Private,0,,,,,,,,,,,,,,,,,,,,,,,,,,,,,,0,,0,0,0,0,0,0,0,placeholders/placeholder-elementary-1.png,,0,0,0,0,860,,K-12,"K, 1st, 2nd, 3rd, 4th, 5th, 6th, 7th, 8th, 9th, 10th, 11th, 12th"
001V400000tPClk,Covenant Classical Academy,,,covenant-classical-academy-nc-27909,info@covenantclassical.academy,"+1 276 525 0724",,https://www.covenantclassicalacademy.com/,801 Riverside Avenue,,Elizabeth City,Pasquotank County,NC,"27909",US,36.29552170,-76.21335520,classical,covenant-classical-academy-nc-27909-fcapi-classicality-abstract.md,covenant-classical-academy-nc-27909-fcapi-classicality-audit.md,covenant-classical-academy-nc-27909-fcapi-classicality-audit.pdf,elementary-intermediate-secondary,Private School,Private,0,,,,,,,,,,,,,,,,,,,,,,,,,,,,,,0,,0,0,0,0,0,0,0,placeholders/placeholder-elementary-3.png,,0,0,0,0,861,,K-12,"K, 1st, 2nd, 3rd, 4th, 5th, 6th, 7th, 8th, 9th, 10th, 11th, 12th"
001V400000tPCll,Covenant Classical Academy – Louisville,,,covenant-classical-academy-louisville-ky,,"+1 502 243 0404",,http://ccalouisville.org,13902 Factory Lane,,Louisville,,KY,"40245",US,38.28325740,-85.49315190,classical,covenant-classical-academy-louisville-ky-fcapi-classicality-abstract.md,covenant-classical-academy-louisville-ky-fcapi-classicality-audit.md,covenant-classical-academy-louisville-ky-fcapi-classicality-audit.pdf,elementary-intermediate-secondary,,,0,,,,,,,,,,,,,,,,,,,,,,,,,,,,,,0,,0,0,0,0,0,0,0,placeholders/placeholder-k12-9.png,,0,0,0,0,5202,,,
001V400000tPClm,Covenant Classical Christian School,,,covenant-classical-christian-school-sc-29204,cccs@covenantcs.org,"+1 803 210 6460",,https://covenantcs.org/,6515 North Trenholm Rd.,,Columbia,Richland County,SC,"29204",US,34.04723470,-80.96242920,classical,covenant-classical-christian-school-sc-29204-fcapi-classicality-abstract.md,covenant-classical-christian-school-sc-29204-fcapi-classicality-audit.md,covenant-classical-christian-school-sc-29204-fcapi-classicality-audit.pdf,elementary-intermediate-secondary,Private School,Private,0,,,,,,,,,,,,,,,,,,,,,,,,,,,,,,0,,0,0,0,0,0,0,0,placeholders/placeholder-elementary-4.png,,0,0,0,0,862,,K-12,"K, 1st, 2nd, 3rd, 4th, 5th, 6th, 7th, 8th, 9th, 10th, 11th, 12th"
001V400000tPCln,"Covenant Classical Christian School, A Scholé School",001V400000tOZKD,Schole Communities,covenant-classical-christian-school-schole-school-columbia-sc,ccs@covenantcs.org,"",,https://covenantcs.org,,,Columbia,,SC,"",US,34.00083220,-81.03514700,classical,covenant-classical-christian-school-schole-school-columbia-sc-fcapi-classicality-abstract.md,covenant-classical-christian-school-schole-school-columbia-sc-fcapi-classicality-audit.md,covenant-classical-christian-school-schole-school-columbia-sc-fcapi-classicality-audit.pdf,elementary-intermediate-secondary,,,0,,,,,,,,,,,,,,,,,,,,,,,5479,,,,,,,0,,0,0,0,0,0,0,0,placeholders/placeholder-schole-1.png,,0,0,0,0,5542,,,
001V400000tPClo,Covenant Classical Community Hybrid School,,,covenant-classical-community-hybrid-school-va-23606,,"+1 757 405 7004",,https://www.covenantclassical.net/,11 Cameron Dr. Newport News,,Hampton,,VA,"23606",US,37.07424880,-76.50602290,classical,covenant-classical-community-hybrid-school-va-23606-fcapi-classicality-abstract.md,covenant-classical-community-hybrid-school-va-23606-fcapi-classicality-audit.md,covenant-classical-community-hybrid-school-va-23606-fcapi-classicality-audit.pdf,elementary-intermediate-secondary,Private School,Private,0,,,,,,,,,,,,,,,,,,,,,,,,,,,,,,0,,0,0,0,0,0,0,0,placeholders/placeholder-elementary-5.png,,0,0,0,0,863,,PK-11,"Pre-K, K, 1st, 2nd, 3rd, 4th, 5th, 6th, 7th, 8th, 9th, 10th, 11th"
001V400000tPClp,Covenant Classical School,,,covenant-classical-school-il-60540,office@covenantclassicalschool.org,"+1 630 983 7500",,https://covenantclassicalschool.org/,1852 95th St.,,Naperville,Will County,IL,"60540",US,41.70936610,-88.18380940,classical,covenant-classical-school-il-60540-fcapi-classicality-abstract.md,covenant-classical-school-il-60540-fcapi-classicality-audit.md,covenant-classical-school-il-60540-fcapi-classicality-audit.pdf,elementary-intermediate,Private School,Private School,0,,103,,,,,,,,,,,,,,,,,,,,,,,,,,,,0,,1,0,0,1,0,1,1,placeholders/placeholder-elementary-7.png,,0,0,0,0,864,,K-8,"K, 1st, 2nd, 3rd, 4th, 5th, 6th, 7th, 8th"
001V400000tPClq,Covenant Classical School,,,covenant-classical-school-nc-28027,mkuhn@covenantclassical.org,"+1 704 792 1854",,https://www.covenantclassical.org,3200 Patrick Henry Dr.,,Concord,Cabarrus County,NC,"28027",US,35.43783220,-80.63644980,classical,covenant-classical-school-nc-28027-fcapi-classicality-abstract.md,covenant-classical-school-nc-28027-fcapi-classicality-audit.md,covenant-classical-school-nc-28027-fcapi-classicality-audit.pdf,elementary-intermediate-secondary,Private School,Private,0,,,,,,,,,,,,,,,,,,,,,,,,,,,,,,0,,0,0,0,0,0,0,0,placeholders/placeholder-elementary-8.png,,0,0,0,0,865,,PK-12,"Pre-K, K, 1st, 2nd, 3rd, 4th, 5th, 6th, 7th, 8th, 9th, 10th, 11th, 12th"
001V400000tPClr,Covenant Classical School,,,covenant-classical-school-sd-57108,logan@covenantclassicalsf.com,"+1 605 261 3070",,https://www.covenantclassicalsf.com/,5000 S Western Ave,,Sioux Falls,,SD,"57108",US,43.57395490,-96.72799180,classical,covenant-classical-school-sd-57108-fcapi-classicality-abstract.md,covenant-classical-school-sd-57108-fcapi-classicality-audit.md,covenant-classical-school-sd-57108-fcapi-classicality-audit.pdf,elementary,Private School,Private School,0,,29,,,,,,,,,,,,,,,,,,,,,,,,,,,,1,,1,0,1,0,0,0,0,placeholders/placeholder-elementary-9.png,,0,0,0,0,866,,K-5,"K, 1st, 2nd, 3rd, 4th, 5th"
001V400000tPClt,Covenant High School,,,covenant-high-school-wa-98465,,"+1 253 759 9570",,https://chstacoma.org/,620 S. Shirley St.,,Tacoma,Pierce County,WA,"98465",US,47.25454330,-122.51074210,classical,covenant-high-school-wa-98465-fcapi-classicality-abstract.md,covenant-high-school-wa-98465-fcapi-classicality-audit.md,covenant-high-school-wa-98465-fcapi-classicality-audit.pdf,secondary,Private School,Private,0,,,,,,,,,,,,,,,,,,,,,,,,,,,,,,0,,0,0,0,0,0,0,0,placeholders/placeholder-secondary-4.png,,0,0,0,0,870,,9-12,"9th, 10th, 11th, 12th"
001V400000tPClu,Covenant School,,,covenant-school-wv-25701,info@covenantschoolwv.org,"+1 304 781 6741",,https://covenantschoolwv.org,2400 Johnstown Rd.,,Huntington,Cabell County,WV,"25701",US,38.04315860,-78.47743300,classical,covenant-school-wv-25701-fcapi-classicality-abstract.md,covenant-school-wv-25701-fcapi-classicality-audit.md,covenant-school-wv-25701-fcapi-classicality-audit.pdf,elementary-intermediate-secondary,Private School,Private,0,,,,,,,,,,,,,,,,,,,,,,,,,,,,,,0,,0,0,0,0,0,0,0,placeholders/placeholder-elementary-5.png,,0,0,0,0,3176,,K-12,"K, 1st, 2nd, 3rd, 4th, 5th, 6th, 7th, 8th, 9th, 10th, 11th, 12th"
001V400000tPClv,Covenant School of Dallas,,,covenant-school-dallas-tx-75240,headofschool@covenantdallas.com,"+1 214 358 5818",,https://covenantdallas.com/,7300 Valley View Lane,,Dallas,Dallas County,TX,"75240",US,32.92598730,-96.77989630,classical,covenant-school-dallas-tx-75240-fcapi-classicality-abstract.md,covenant-school-dallas-tx-75240-fcapi-classicality-audit.md,covenant-school-dallas-tx-75240-fcapi-classicality-audit.pdf,elementary-intermediate-secondary,Private School,Private,0,,,,,,,,,,,,,,,,,,,,,,,,,,,,,,0,,0,0,0,0,0,0,0,placeholders/placeholder-elementary-6.png,,0,0,0,0,875,,K-12,"K, 1st, 2nd, 3rd, 4th, 5th, 6th, 7th, 8th, 9th, 10th, 11th, 12th"
001V400000tPClx,Coventry Christian School,,,coventry-christian-school-pa-19464,johnniehls@educatingforlife.com,"+1 814 386 7959",,https://educatingforlife.com/,699 N Pleasantview Rd.,,Pottstown,Montgomery County,PA,"19464",US,40.25047300,-75.59295900,classical,coventry-christian-school-pa-19464-fcapi-classicality-abstract.md,coventry-christian-school-pa-19464-fcapi-classicality-audit.md,coventry-christian-school-pa-19464-fcapi-classicality-audit.pdf,elementary-intermediate-secondary,Private School,Private,0,,,,,,,,,,,,,,,,,,,,,,,,,,,,,,0,,0,0,0,0,0,0,0,placeholders/placeholder-elementary-8.png,,0,0,0,0,879,,PK-12,"Pre-K, K, 1st, 2nd, 3rd, 4th, 5th, 6th, 7th, 8th, 9th, 10th, 11th, 12th"
001V400000tPCly,Covington Latin School,,,covington-latin-school-ky-41011,,"+1 859 291 7044",,https://covingtonlatin.org/,21 East 11th Street,,Covington,Kenton County,KY,"41011",US,39.07875080,-84.50763520,classical,covington-latin-school-ky-41011-fcapi-classicality-abstract.md,covington-latin-school-ky-41011-fcapi-classicality-audit.md,covington-latin-school-ky-41011-fcapi-classicality-audit.pdf,elementary-intermediate-secondary,Private School,Private,0,,,,,,,,,,,,,,,,,,,,,,,,,,,,,,0,,0,0,0,0,0,0,0,placeholders/placeholder-elementary-9.png,,0,0,0,0,880,,K-12,"K, 1st, 2nd, 3rd, 4th, 5th, 6th, 7th, 8th, 9th, 10th, 11th, 12th"
001V400000tPCm1,Cross Classical Academy,,,cross-classical-academy-tx-76801,,"+1 325 642 3995",,https://www.crossclassical.org/,PO BOX 1422,,Brownwood,,TX,"76801",US,31.72129710,-98.98009650,classical,cross-classical-academy-tx-76801-fcapi-classicality-abstract.md,cross-classical-academy-tx-76801-fcapi-classicality-audit.md,cross-classical-academy-tx-76801-fcapi-classicality-audit.pdf,elementary-intermediate,Private School,Private School,0,,,,,,,,,,,,,,,,,,,,,,,,,,,,,,1,,1,0,1,0,0,0,0,placeholders/placeholder-elementary-9.png,,0,0,0,0,894,,PK-8,"Pre-K, K, 1st, 2nd, 3rd, 4th, 5th, 6th, 7th, 8th"
001V400000tPCm3,Crosspoint Academy,,,crosspoint-academy-ca-94545,,"+1 510 995 5333",,https://crosspointacademy.org/,25500 Industrial Boulevard,,Hayward,Alameda County,CA,"94545",US,37.63684520,-122.11441850,classical,crosspoint-academy-ca-94545-fcapi-classicality-abstract.md,crosspoint-academy-ca-94545-fcapi-classicality-audit.md,crosspoint-academy-ca-94545-fcapi-classicality-audit.pdf,elementary-intermediate-secondary,Private School,Private,0,,,,,,,,,,,,,,,,,,,,,,,,,,,,,,0,,0,0,0,0,0,0,0,placeholders/placeholder-elementary-6.png,,0,0,0,0,899,,K-12,"K, 1st, 2nd, 3rd, 4th, 5th, 6th, 7th, 8th, 9th, 10th, 11th, 12th"
001V400000tPCm4,Crossroads Christian Academy,,,crossroads-christian-academy-az-85637,administration@crossroadschristianacademyaz.org,"+1 520 419 4909",,https://crossroadschristianacademyaz.org/,60 Palomino Trl,,Sonoita,,AZ,"85637",US,31.67004690,-110.62605780,classical,crossroads-christian-academy-az-85637-fcapi-classicality-abstract.md,crossroads-christian-academy-az-85637-fcapi-classicality-audit.md,crossroads-christian-academy-az-85637-fcapi-classicality-audit.pdf,elementary-intermediate-secondary,Private School,Private School,0,,,,,,,,,,,,,,,,,,,,,,,,,,,,,,1,,1,0,0,0,0,0,0,placeholders/placeholder-elementary-7.png,,0,0,0,0,902,,K-12,"K, 1st, 2nd, 3rd, 4th, 5th, 6th, 7th, 8th, 9th, 10th, 11th, 12th"
001V400000tPCm5,Crossroads Christian Academy,,,crossroads-christian-academy-ga-31516,info@ccawaycross.com,"+1 912 490 2224",,https://ccawaycross.com/,2193 Golf Course Rd.,,Blackshear,Pierce County,GA,"31516",US,31.24843000,-82.32019270,classical,crossroads-christian-academy-ga-31516-fcapi-classicality-abstract.md,crossroads-christian-academy-ga-31516-fcapi-classicality-audit.md,crossroads-christian-academy-ga-31516-fcapi-classicality-audit.pdf,elementary-intermediate,Private School,Private,0,,,,,,,,,,,,,,,,,,,,,,,,,,,,,,0,,0,0,0,0,0,0,0,placeholders/placeholder-elementary-8.png,,0,0,0,0,903,,PK-9,"Pre-K, K, 1st, 2nd, 3rd, 4th, 5th, 6th, 7th, 8th, 9th"
001V400000tPCm6,Crossville Christian School,,,crossville-christian-school-tn-38555,,"+1 931 484 0026",,https://crossvillechristian.org/,28 Rock Quarry Rd.,,Crossville,Cumberland County,TN,"38555",US,35.95584260,-84.99215350,classical,crossville-christian-school-tn-38555-fcapi-classicality-abstract.md,crossville-christian-school-tn-38555-fcapi-classicality-audit.md,crossville-christian-school-tn-38555-fcapi-classicality-audit.pdf,elementary-intermediate-secondary,Private School,Private,0,,,,,,,,,,,,,,,,,,,,,,,,,,,,,,0,,0,0,0,0,0,0,0,placeholders/placeholder-elementary-0.png,,0,0,0,0,905,,K-12,"K, 1st, 2nd, 3rd, 4th, 5th, 6th, 7th, 8th, 9th, 10th, 11th, 12th"
001V400000tPCm8,Cumberland Christian Academy,,,cumberland-christian-academy-ga-30106,,"+1 678 426 1600",,https://www.cumberlandschool.org/,2356 Clay Road Southwest,,Austell,Cobb County,GA,"30106",US,33.83378930,-84.62309570,classical,cumberland-christian-academy-ga-30106-fcapi-classicality-abstract.md,cumberland-christian-academy-ga-30106-fcapi-classicality-audit.md,cumberland-christian-academy-ga-30106-fcapi-classicality-audit.pdf,elementary-intermediate-secondary,Private School,Private,0,,,,,,,,,,,,,,,,,,,,,,,,,,,,,,0,,0,0,0,0,0,0,0,placeholders/placeholder-elementary-4.png,,0,0,0,0,909,,K-12,"K, 1st, 2nd, 3rd, 4th, 5th, 6th, 7th, 8th, 9th, 10th, 11th, 12th"
001V400000tPCm9,Cumberland County Schools,,,cumberland-county-schools-nc-28306,,"+1 910 488 0850",,http://ccs.k12.nc.us,2465 Gillespie Street,,Fayetteville,,NC,"28306",US,35.07869620,-78.88320100,classical,cumberland-county-schools-nc-28306-fcapi-classicality-abstract.md,cumberland-county-schools-nc-28306-fcapi-classicality-audit.md,cumberland-county-schools-nc-28306-fcapi-classicality-audit.pdf,elementary-intermediate-secondary,,,0,,,,,,,,,,,,,,,,,,,,,,,,,,,,,,0,,0,0,0,0,0,0,0,placeholders/placeholder-k12-5.png,,0,0,0,0,5174,,,
001V400000tPCmA,Cypress Grove Academy,,,cypress-grove-academy-al-36607,cypressgroveacademyed@gmail.com,"+1 251 391 6967",,https://cypressgroveacademy.org/,2651 Springhill Ave.,,Mobile,Mobile County,AL,"36607",US,30.69560670,-88.10297730,classical,cypress-grove-academy-al-36607-fcapi-classicality-abstract.md,cypress-grove-academy-al-36607-fcapi-classicality-audit.md,cypress-grove-academy-al-36607-fcapi-classicality-audit.pdf,elementary-intermediate-secondary,Private School,Private,0,,,,,,,,,,,,,,,,,,,,,,,,,,,,,,0,,0,0,0,0,0,0,0,placeholders/placeholder-elementary-7.png,,0,0,0,0,912,,K-11,"K, 1st, 2nd, 3rd, 4th, 5th, 6th, 7th, 8th, 9th, 10th, 11th"
001V400000tPCmE,David/Susie Stephens School,,,davidsusie-stephens-school-il,,"+1 773 494 5403",,http://chicagotabernacle.org,3231 North Cicero Avenue,,Chicago,,IL,"60641",US,41.93955740,-87.74628730,classical,davidsusie-stephens-school-il-fcapi-classicality-abstract.md,davidsusie-stephens-school-il-fcapi-classicality-audit.md,davidsusie-stephens-school-il-fcapi-classicality-audit.pdf,elementary-intermediate-secondary,,,0,,,,,,,,,,,,,,,,,,,,,,,,,,,,,,0,,0,0,0,0,0,0,0,placeholders/placeholder-k12-7.png,,0,0,0,0,5226,,,
001V400000tPCmF,Dayspring Christian Academy,,,dayspring-christian-academy-pa-17554,dave-martin@juno.com,"+1 717 285 2000",,https://www.dayspringchristian.com/,120 College Ave.,,Mountville,Lancaster County,PA,"17554",US,40.04254070,-76.42657510,classical,dayspring-christian-academy-pa-17554-fcapi-classicality-abstract.md,dayspring-christian-academy-pa-17554-fcapi-classicality-audit.md,dayspring-christian-academy-pa-17554-fcapi-classicality-audit.pdf,elementary,Private School,Private,0,,,,,,,,,,,,,,,,,,,,,,,,,,,,,,0,,0,0,0,0,0,0,0,placeholders/placeholder-elementary-9.png,,0,0,0,0,924,,PK-K,"Pre-K, K"
001V400000tPCmG,DeKalb Christian Home Educators: A Scholé Community,001V400000tOZKD,Schole Communities,dekalb-christian-home-educators-schole-community-stone-mountain-ga,dcheclassicalstudies@gmail.com,"",,https://dcheeducators.org/,,,Stone Mountain,,GA,"",US,33.80816080,-84.17019600,classical,dekalb-christian-home-educators-schole-community-stone-mountain-ga-fcapi-classicality-abstract.md,dekalb-christian-home-educators-schole-community-stone-mountain-ga-fcapi-classicality-audit.md,dekalb-christian-home-educators-schole-community-stone-mountain-ga-fcapi-classicality-audit.pdf,elementary-intermediate-secondary,,,0,,,,,,,,,,,,,,,,,,,,,,,5479,,,,,,,0,,0,0,0,0,0,0,0,placeholders/placeholder-schole-1.png,,0,0,0,0,5507,,,
001V400000tPCmH,Decatur Heritage Christian Academy,,,decatur-heritage-christian-academy-al-35601,,"+1 256 351 4275",,https://www.dhca.org/,3802 Spring Ave. Swp. O. Box 5659,,Decatur,Morgan County,AL,"35601",US,34.53677180,-86.99817000,classical,decatur-heritage-christian-academy-al-35601-fcapi-classicality-abstract.md,decatur-heritage-christian-academy-al-35601-fcapi-classicality-audit.md,decatur-heritage-christian-academy-al-35601-fcapi-classicality-audit.pdf,elementary-intermediate-secondary,Private School,Private,0,,,,,,,,,,,,,,,,,,,,,,,,,,,,,,0,,0,0,0,0,0,0,0,placeholders/placeholder-elementary-0.png,,0,0,0,0,925,,K-12,"K, 1st, 2nd, 3rd, 4th, 5th, 6th, 7th, 8th, 9th, 10th, 11th, 12th"
001V400000tPCmJ,Delaware Valley Classical School,,,delaware-valley-classical-school-de-19720,info@dvclassical.org,"+1 302 455 8740",,https://www.delawarevalleyclassicalschool.org/,903 East Basin Road,,New Castle,New Castle County,DE,"19720",US,39.66496430,-75.58063450,classical,delaware-valley-classical-school-de-19720-fcapi-classicality-abstract.md,delaware-valley-classical-school-de-19720-fcapi-classicality-audit.md,delaware-valley-classical-school-de-19720-fcapi-classicality-audit.pdf,elementary-intermediate-secondary,Private School,Private,0,,,,,,,,,,,,,,,,,,,,,,,,,,,,,,0,,0,0,0,0,0,0,0,placeholders/placeholder-elementary-5.png,,0,0,0,0,930,,K-12,"K, 1st, 2nd, 3rd, 4th, 5th, 6th, 7th, 8th, 9th, 10th, 11th, 12th"
001V400000tPL2x,Denton Classical Academy,,,denton-classical-academy-tx-76210,,"+1 940 565 8333",,https://www.dentonclassical.com/,4420 Country Club Rd.,,Denton,Denton County,TX,"76210",US,33.15843850,-97.14258750,somewhat-classical,denton-classical-academy-tx-76210-fcapi-classicality-abstract.md,denton-classical-academy-tx-76210-fcapi-classicality-audit.md,denton-classical-academy-tx-76210-fcapi-classicality-audit.pdf,elementary,Charter,Public,0,,,,,,,,,,,,,,,,,,,,,,,,,,,,,,0,,0,0,0,0,0,0,0,placeholders/placeholder-elementary-1.png,,0,0,0,0,936,,K-5,"K, 1st, 2nd, 3rd, 4th, 5th"
001V400000tPCmK,Desert Springs Christian Academy,,,desert-springs-christian-academy-nm-88001,registrar@dsclions.org,"+1 575 571 7709",,https://dsclions.org/,210 South Nevarez Street,,Las Cruces,Do‚àö¬±a Ana County,NM,"88001",US,32.31145940,-106.76422900,classical,desert-springs-christian-academy-nm-88001-fcapi-classicality-abstract.md,desert-springs-christian-academy-nm-88001-fcapi-classicality-audit.md,desert-springs-christian-academy-nm-88001-fcapi-classicality-audit.pdf,elementary-intermediate-secondary,Private School,Private,0,,,,,,,,,,,,,,,,,,,,,,,,,,,,,,0,,0,0,0,0,0,0,0,placeholders/placeholder-elementary-5.png,,0,0,0,0,940,,K-12,"K, 1st, 2nd, 3rd, 4th, 5th, 6th, 7th, 8th, 9th, 10th, 11th, 12th"
001V400000tPCmL,Desert Stream Schole Group,001V400000tOZKD,Schole Communities,desert-stream-schole-group-clovis-nm,,"",,https://www.facebook.com/groups/837654303628538,,,Clovis,,NM,"",US,34.40146240,-103.20780700,classical,desert-stream-schole-group-clovis-nm-fcapi-classicality-abstract.md,desert-stream-schole-group-clovis-nm-fcapi-classicality-audit.md,desert-stream-schole-group-clovis-nm-fcapi-classicality-audit.pdf,elementary-intermediate-secondary,,,0,,,,,,,,,,,,,,,,,,,,,,,5479,,,,,,,0,,0,0,0,0,0,0,0,placeholders/placeholder-schole-1.png,,0,0,0,0,5525,,,
001V400000tPCmM,Destiny Christian School,,,destiny-christian-school-ny-14620,jennifer.stone@destinyschool.com,"+1 585 473 1680",,https://destinyschool.com/,1876 Elmwood Ave.,,Rochester,Monroe County,NY,"14620",US,43.12647680,-77.58673720,classical,destiny-christian-school-ny-14620-fcapi-classicality-abstract.md,destiny-christian-school-ny-14620-fcapi-classicality-audit.md,destiny-christian-school-ny-14620-fcapi-classicality-audit.pdf,elementary-intermediate-secondary,Private School,Private,0,,,,,,,,,,,,,,,,,,,,,,,,,,,,,,0,,0,0,0,0,0,0,0,placeholders/placeholder-elementary-6.png,,0,0,0,0,941,,K-12,"K, 1st, 2nd, 3rd, 4th, 5th, 6th, 7th, 8th, 9th, 10th, 11th, 12th"
001V400000tPCmN,Detroit Christian School,,,detroit-christian-school-mi-48208,,"+1 313 843 2747",,https://www.thedetroitchristianschool.com/,4800 Grand River Avenue,,Detroit,Wayne County,MI,"48208",US,42.34822740,-83.08719920,classical,detroit-christian-school-mi-48208-fcapi-classicality-abstract.md,detroit-christian-school-mi-48208-fcapi-classicality-audit.md,detroit-christian-school-mi-48208-fcapi-classicality-audit.pdf,elementary,Private School,Private,0,,,,,,,,,,,,,,,,,,,,,,,,,,,,,,0,,0,0,0,0,0,0,0,placeholders/placeholder-elementary-7.png,,0,0,0,0,942,,K-4,"K, 1st, 2nd, 3rd, 4th"
001V400000tPCmO,Dickson Christian Academy,,,dickson-christian-academy-tn,,"+1 419 310 4433",,http://dicksonchristian.org,702 E College St,,Dickson,,TN,"37055",US,36.07095090,-87.37941080,classical,dickson-christian-academy-tn-fcapi-classicality-abstract.md,dickson-christian-academy-tn-fcapi-classicality-audit.md,dickson-christian-academy-tn-fcapi-classicality-audit.pdf,elementary-intermediate-secondary,,,0,,,,,,,,,,,,,,,,,,,,,,,,,,,,,,0,,0,0,0,0,0,0,0,placeholders/placeholder-k12-9.png,,0,0,0,0,5220,,,
001V400000tPCmP,Divine Assistance Academy,,,divine-assistance-academy-va-22630,,"+1 540 631 0086",,https://divineassistanceacademy.org/,6294 Browntown Rd.,,Front Royal,Warren County,VA,"22630",US,38.89394460,-78.21359000,classical,divine-assistance-academy-va-22630-fcapi-classicality-abstract.md,divine-assistance-academy-va-22630-fcapi-classicality-audit.md,divine-assistance-academy-va-22630-fcapi-classicality-audit.pdf,elementary-intermediate,Private School,Private,0,,,,,,,,,,,,,,,,,,,,,,,,,,,,,,0,,0,0,0,0,0,0,0,placeholders/placeholder-elementary-0.png,,0,0,0,0,946,,K-6,"K, 1st, 2nd, 3rd, 4th, 5th, 6th"
001V400000tPCmQ,Divine Mercy Academy,,,divine-mercy-academy-md-21122,,"+1 202 602 7154",,https://divinemercy.md/,8513 Saint Jane Drive,,Pasadena,Anne Arundel County,MD,"21122",US,39.16153170,-76.51209170,classical,divine-mercy-academy-md-21122-fcapi-classicality-abstract.md,divine-mercy-academy-md-21122-fcapi-classicality-audit.md,divine-mercy-academy-md-21122-fcapi-classicality-audit.pdf,elementary-intermediate,Private School,Private,0,,,,,,,,,,,,,,,,,,,,,,,,,,,,,,0,,0,0,0,0,0,0,0,placeholders/placeholder-elementary-1.png,,0,0,0,0,947,,K-8,"K, 1st, 2nd, 3rd, 4th, 5th, 6th, 7th, 8th"
001V400000tPL33,Divine Mercy Academy,,,divine-mercy-academy-mt-59714,,"",,https://www.dmamt.org/,601 W. Cameron Ave,,Belgrade,,MT,"59714",US,45.78485140,-111.17559780,somewhat-classical,divine-mercy-academy-mt-59714-fcapi-classicality-abstract.md,divine-mercy-academy-mt-59714-fcapi-classicality-audit.md,divine-mercy-academy-mt-59714-fcapi-classicality-audit.pdf,elementary-intermediate,Private School,Private School,0,,,,,,,,,,,,,,,,,,,,,,,,,,,,,,1,,0,0,0,1,0,1,0,placeholders/placeholder-elementary-2.png,,0,0,0,0,948,,K-9,"K, 1st, 2nd, 3rd, 4th, 5th, 6th, 7th, 8th, 9th"
001V400000tPCmR,Dogwood Classical Academy,,,dogwood-classical-academy-nc-28115,,"+1 704 576 4268",,https://www.dogwoodacademy.org/,4855 Milestone Avenue,,Mooresville,Iredell County,NC,"28115",US,35.58341680,-80.79875400,classical,dogwood-classical-academy-nc-28115-fcapi-classicality-abstract.md,dogwood-classical-academy-nc-28115-fcapi-classicality-audit.md,dogwood-classical-academy-nc-28115-fcapi-classicality-audit.pdf,elementary-intermediate-secondary,Charter,Public,0,,,,,,,,,,,,,,,,,,,,,,,,,,,,,,0,,0,0,0,0,0,0,0,placeholders/placeholder-elementary-4.png,,0,0,0,0,950,,K-12,"K, 1st, 2nd, 3rd, 4th, 5th, 6th, 7th, 8th, 9th, 10th, 11th, 12th"
001V400000tPCmS,Dominion Christian School,,,dominion-christian-school-va-22124,drive@dominionschool.com,"+1 703 758 1055",,https://www.dominionschool.com,10922 Vale Rd.,,Oakton,Fairfax County,VA,"22124",US,38.90506750,-77.32534800,classical,dominion-christian-school-va-22124-fcapi-classicality-abstract.md,dominion-christian-school-va-22124-fcapi-classicality-audit.md,dominion-christian-school-va-22124-fcapi-classicality-audit.pdf,elementary-intermediate-secondary,Private School,Private,0,,,,,,,,,,,,,,,,,,,,,,,,,,,,,,0,,0,0,0,0,0,0,0,placeholders/placeholder-elementary-6.png,,0,0,0,0,952,,K-12,"K, 1st, 2nd, 3rd, 4th, 5th, 6th, 7th, 8th, 9th, 10th, 11th, 12th"
001V400000tPCmT,Donahue Academy,,,donahue-academy-fl-34142,donahue.academy@donahueacademy.org,"+1 239 842 3241",,https://donahueacademy.org/,4955 Seton Way Fl.,,Ave Maria,Collier County,FL,"34142",US,26.34078470,-81.43510140,classical,donahue-academy-fl-34142-fcapi-classicality-abstract.md,donahue-academy-fl-34142-fcapi-classicality-audit.md,donahue-academy-fl-34142-fcapi-classicality-audit.pdf,elementary-intermediate-secondary,Private School,Private,0,,,,,,,,,,,,,,,,,,,,,,,,,,,,,,0,,0,0,0,0,0,0,0,placeholders/placeholder-elementary-8.png,,0,0,0,0,954,,PK-12,"Pre-K, K, 1st, 2nd, 3rd, 4th, 5th, 6th, 7th, 8th, 9th, 10th, 11th, 12th"
001V400000tPCmU,Donum Dei Classical Academy,,,donum-dei-classical-academy-ca-94110,,"+1 949 439 1089",,https://www.donumdei.org/,1560 Treat Avenue,,San Francisco,San Francisco County,CA,"94110",US,37.74566500,-122.41256400,classical,donum-dei-classical-academy-ca-94110-fcapi-classicality-abstract.md,donum-dei-classical-academy-ca-94110-fcapi-classicality-audit.md,donum-dei-classical-academy-ca-94110-fcapi-classicality-audit.pdf,elementary-intermediate,Private School,Private,0,,,,,,,,,,,,,,,,,,,,,,,,,,,,,,0,,0,0,0,0,0,0,0,placeholders/placeholder-elementary-0.png,,0,0,0,0,956,,PK-8,"Pre-K, K, 1st, 2nd, 3rd, 4th, 5th, 6th, 7th, 8th"
001V400000tPCmV,Doxa Christian Academy,,,doxa-christian-academy-wi-53151,office@doxachristianacademy.com,"+1 262 352 7599",,https://doxachristianacademy.com/,13800 West Howard Avenue,,New Berlin,Waukesha County,WI,"53151",US,42.97432110,-88.08679390,classical,doxa-christian-academy-wi-53151-fcapi-classicality-abstract.md,doxa-christian-academy-wi-53151-fcapi-classicality-audit.md,doxa-christian-academy-wi-53151-fcapi-classicality-audit.pdf,elementary-intermediate,Private School,Private,0,,,,,,,,,,,,,,,,,,,,,,,,,,,,,,0,,0,0,0,0,0,0,0,placeholders/placeholder-elementary-5.png,,0,0,0,0,961,,K-7,"K, 1st, 2nd, 3rd, 4th, 5th, 6th, 7th"
001V400000tPCmW,Doxa Classical Academy,001V400000tOZKD,Schole Communities,doxa-classical-academy-springfield-mo,,"",,,,,Springfield,,MO,"",US,37.20895720,-93.29229890,classical,doxa-classical-academy-springfield-mo-fcapi-classicality-abstract.md,doxa-classical-academy-springfield-mo-fcapi-classicality-audit.md,doxa-classical-academy-springfield-mo-fcapi-classicality-audit.pdf,elementary-intermediate-secondary,,,0,,,,,,,,,,,,,,,,,,,,,,,5479,,,,,,,0,,0,0,0,0,0,0,0,placeholders/placeholder-schole-1.png,,0,0,0,0,5521,,,
001V400000tPCmX,Dripping Springs Christian Academy,,,dripping-springs-christian-academy-tx-78620,,"+1 713 449 9888",,https://www.dsca.org/,400 Old Highway 290,,Dripping Springs,Hays County,TX,"78620",US,30.19868170,-98.10416630,classical,dripping-springs-christian-academy-tx-78620-fcapi-classicality-abstract.md,dripping-springs-christian-academy-tx-78620-fcapi-classicality-audit.md,dripping-springs-christian-academy-tx-78620-fcapi-classicality-audit.pdf,elementary-intermediate-secondary,Private School,Private,0,,,,,,,,,,,,,,,,,,,,,,,,,,,,,,0,,0,0,0,0,0,0,0,placeholders/placeholder-elementary-6.png,,0,0,0,0,964,,K-12,"K, 1st, 2nd, 3rd, 4th, 5th, 6th, 7th, 8th, 9th, 10th, 11th, 12th"
001V400000tPCma,Eagle Classical Christian Academy,,,eagle-classical-christian-academy-ny,EagleCCAcademy@gmail.com,"+1 845 208 5584",,https://www.eagleclassical.com/,3 Lorraine Meadows Rd.,,Highland,,NY,"12528",US,41.74092880,-74.03185270,classical,eagle-classical-christian-academy-ny-fcapi-classicality-abstract.md,eagle-classical-christian-academy-ny-fcapi-classicality-audit.md,eagle-classical-christian-academy-ny-fcapi-classicality-audit.pdf,elementary,,,0,,,,,,,,,,,,,,,,,,,,,,,,,,,,,,0,,0,0,0,0,0,0,0,placeholders/placeholder-elementary-8.png,,0,0,0,0,3180,,K-2,"K, 1st, 2nd"
001V400000tPCmb,Eagle Ridge Academy,,,eagle-ridge-academy-mn-55343,info@eagleridgeacademy.org,"+1 952 746 7760",,https://eagleridgeacademy.org/,11111 Bren Rd. W,,Minnetonka,Hennepin County,MN,"55343",US,44.90053170,-93.41844170,classical,eagle-ridge-academy-mn-55343-fcapi-classicality-abstract.md,eagle-ridge-academy-mn-55343-fcapi-classicality-audit.md,eagle-ridge-academy-mn-55343-fcapi-classicality-audit.pdf,elementary-intermediate-secondary,Charter,Public,0,,,,,,,,,,,,,,,,,,,,,,,,,,,,,,0,,0,0,0,0,0,0,0,placeholders/placeholder-elementary-9.png,,0,0,0,0,966,,K-12,"K, 1st, 2nd, 3rd, 4th, 5th, 6th, 7th, 8th, 9th, 10th, 11th, 12th"
001V400000tPCmc,Eagles On The Rock Academy,,,eagles-on-rock-academy-tx-77094,info@academyontherock.org,"+1 281 945 4540",,https://www.academyontherock.org/,433 Barker Cypress Rd.,,Houston,Harris County,TX,"77094",US,29.77707110,-95.68698100,classical,eagles-on-rock-academy-tx-77094-fcapi-classicality-abstract.md,eagles-on-rock-academy-tx-77094-fcapi-classicality-audit.md,eagles-on-rock-academy-tx-77094-fcapi-classicality-audit.pdf,elementary,Private School,Private,0,,,,,,,,,,,,,,,,,,,,,,,,,,,,,,0,,0,0,0,0,0,0,0,placeholders/placeholder-elementary-1.png,,0,0,0,0,968,,PK-5,"Pre-K, K, 1st, 2nd, 3rd, 4th, 5th"
001V400000tPCmd,East Palmyra Christian School,,,east-palmyra-christian-school-ny-14522,office@eastpal.org,"+1 315 576 6418",,https://www.eastpal.org/,2023 E Port Gibson Rd.,,Palmyra,Wayne County,NY,"14522",US,43.08120340,-77.15756980,classical,east-palmyra-christian-school-ny-14522-fcapi-classicality-abstract.md,east-palmyra-christian-school-ny-14522-fcapi-classicality-audit.md,east-palmyra-christian-school-ny-14522-fcapi-classicality-audit.pdf,elementary-intermediate-secondary,Private School,Private,0,,,,,,,,,,,,,,,,,,,,,,,,,,,,,,0,,0,0,0,0,0,0,0,placeholders/placeholder-elementary-5.png,,0,0,0,0,971,,K-12,"K, 1st, 2nd, 3rd, 4th, 5th, 6th, 7th, 8th, 9th, 10th, 11th, 12th"
001V400000tPCme,Eastwood Christian School,,,eastwood-christian-school-al-36106,admin@eastwoodschool.org,"+1 334 272 8195",,https://eastwoodschool.org/,1701 E. Trinity Blvd.,,Montgomery,Montgomery County,AL,"36106",US,32.35384300,-86.23220530,classical,eastwood-christian-school-al-36106-fcapi-classicality-abstract.md,eastwood-christian-school-al-36106-fcapi-classicality-audit.md,eastwood-christian-school-al-36106-fcapi-classicality-audit.pdf,elementary-intermediate-secondary,Private School,Private,0,,,,,,,,,,,,,,,,,,,,,,,,,,,,,,0,,0,0,0,0,0,0,0,placeholders/placeholder-elementary-8.png,,0,0,0,0,974,,PK-12,"Pre-K, K, 1st, 2nd, 3rd, 4th, 5th, 6th, 7th, 8th, 9th, 10th, 11th, 12th"
001V400000tPCmf,Eden Classical Academy,,,eden-classical-academy-ca,admin@edenclassicalacademy.com,"+1 916 644 3400",,https://edenclassicalacademy.com/,290 Technology Way Ste 200,,Rocklin,Placer County,CA,"95765",US,38.82057330,-121.30116120,classical,eden-classical-academy-ca-fcapi-classicality-abstract.md,eden-classical-academy-ca-fcapi-classicality-audit.md,eden-classical-academy-ca-fcapi-classicality-audit.pdf,elementary-intermediate-secondary,Private School,Private,0,,,,,,,,,,,,,,,,,,,,,,,,,,,,,,0,,0,0,0,0,0,0,0,placeholders/placeholder-elementary-1.png,,0,0,0,0,977,,PK-12,"Pre-K, K, 1st, 2nd, 3rd, 4th, 5th, 6th, 7th, 8th, 9th, 10th, 11th, 12th"
001V400000tPL3O,El Paso Classical Academy,,,el-paso-classical-academy-tx-79907,,"+1 915 594 3305",,https://www.elpasoclassical.com/,8960 Escobar Drive,,El Paso,El Paso County,TX,"79907",US,31.71412840,-106.31187430,somewhat-classical,el-paso-classical-academy-tx-79907-fcapi-classicality-abstract.md,el-paso-classical-academy-tx-79907-fcapi-classicality-audit.md,el-paso-classical-academy-tx-79907-fcapi-classicality-audit.pdf,elementary-intermediate-secondary,Charter,Public,0,,,,,,,,,,,,,,,,,,,,,,,,,,,,,,0,,0,0,0,0,0,0,0,placeholders/placeholder-elementary-5.png,,0,0,0,0,981,,K-12,"K, 1st, 2nd, 3rd, 4th, 5th, 6th, 7th, 8th, 9th, 10th, 11th, 12th"
001V400000tPCmg,Elijah House Academy,,,elijah-house-academy-va-23225,emstephens@elijahhouseacademy.org,"+1 804 755 7051",,https://elijahhouseacademy.org/,6627-B Jahnke Rd.,,Richmond,,VA,"23225",US,37.51723830,-77.51842440,classical,elijah-house-academy-va-23225-fcapi-classicality-abstract.md,elijah-house-academy-va-23225-fcapi-classicality-audit.md,elijah-house-academy-va-23225-fcapi-classicality-audit.pdf,elementary-intermediate-secondary,Private School,Private,0,,,,,,,,,,,,,,,,,,,,,,,,,,,,,,0,,0,0,0,0,0,0,0,placeholders/placeholder-elementary-8.png,,0,0,0,0,984,,K-12,"K, 1st, 2nd, 3rd, 4th, 5th, 6th, 7th, 8th, 9th, 10th, 11th, 12th"
001V400000tPCmh,Emet Classical Academy,,,emet-classical-academy-ny-10022,,"+1 214 497 3441",,https://emetclassicalacademy.org/,165 E 56th St 4th Floor New York,,Manhattan,New York County,NY,"10022",US,40.75985650,-73.96837910,classical,emet-classical-academy-ny-10022-fcapi-classicality-abstract.md,emet-classical-academy-ny-10022-fcapi-classicality-audit.md,emet-classical-academy-ny-10022-fcapi-classicality-audit.pdf,intermediate-secondary,Private School,Private,0,,,,,,,,,,,,,,,,,,,,,,,,,,,,,,0,,0,0,0,0,0,0,0,placeholders/placeholder-intermediate-5.png,,0,0,0,0,989,,5-12,"5th, 6th, 7th, 8th, 9th, 10th, 11th, 12th"
001V400000tPCmi,Emmanuel Christian School,,,emmanuel-christian-school-wv-26301,jwatkins@emmanuelealges.com,"+1 304 624 6125",,https://www.emmanueleagles.com/,1318 North 16th Street,,Clarksburg,Harrison County,WV,"26301",US,39.29281480,-80.34615600,classical,emmanuel-christian-school-wv-26301-fcapi-classicality-abstract.md,emmanuel-christian-school-wv-26301-fcapi-classicality-audit.md,emmanuel-christian-school-wv-26301-fcapi-classicality-audit.pdf,elementary-intermediate-secondary,Private School,Private,0,,,,,,,,,,,,,,,,,,,,,,,,,,,,,,0,,0,0,0,0,0,0,0,placeholders/placeholder-elementary-4.png,,0,0,0,0,993,,PK-12,"Pre-K, K, 1st, 2nd, 3rd, 4th, 5th, 6th, 7th, 8th, 9th, 10th, 11th, 12th"
001V400000tPCmj,Emmaus Academy,,,emmaus-academy-il-61101,,"+1 779 348 6361",,https://emmausacademy.com/,7007 Flora Road,,Rockford,Winnebago County,IL,"61101",US,42.28458380,-89.17466620,classical,emmaus-academy-il-61101-fcapi-classicality-abstract.md,emmaus-academy-il-61101-fcapi-classicality-audit.md,emmaus-academy-il-61101-fcapi-classicality-audit.pdf,elementary-intermediate-secondary,Private School,Private,0,,,,,,,,,,,,,,,,,,,,,,,,,,,,,,0,,0,0,0,0,0,0,0,placeholders/placeholder-elementary-5.png,,0,0,0,0,994,,1-12,"1st, 2nd, 3rd, 4th, 5th, 6th, 7th, 8th, 9th, 10th, 11th, 12th"
001V400000tPCml,Epiphany Catholic School,,,epiphany-catholic-school-mn-55433,,"+1 614 800 4979",,https://epiphanyschoolmn.org/,11001 Hanson Boulevard Northwest,,Coon Rapids,Anoka County,MN,"55433",US,45.17016520,-93.31575460,classical,epiphany-catholic-school-mn-55433-fcapi-classicality-abstract.md,epiphany-catholic-school-mn-55433-fcapi-classicality-audit.md,epiphany-catholic-school-mn-55433-fcapi-classicality-audit.pdf,elementary-intermediate,Private School,Private,0,,,,,,,,,,,,,,,,,,,,,,,,,,,,,,0,,0,0,0,0,0,0,0,placeholders/placeholder-elementary-1.png,,0,0,0,0,1001,,K-8,"K, 1st, 2nd, 3rd, 4th, 5th, 6th, 7th, 8th"
001V400000tPL3g,Escondido Charter High School,,,escondido-charter-high-school-ca-92027,,"+1 760 737 3154",,https://amhcs.org/echs/,1868 East Valley Parkway,,Escondido,San Diego County,CA,"92027",US,33.13656930,-117.05506610,somewhat-classical,escondido-charter-high-school-ca-92027-fcapi-classicality-abstract.md,escondido-charter-high-school-ca-92027-fcapi-classicality-audit.md,escondido-charter-high-school-ca-92027-fcapi-classicality-audit.pdf,secondary,Charter,Public,0,,,,,,,,,,,,,,,,,,,,,,,,,,,,,,0,,0,0,0,0,0,0,0,placeholders/placeholder-secondary-1.png,,0,0,0,0,1003,,9-12,"9th, 10th, 11th, 12th"
001V400000tPCmn,Estancia Valley Classical Academy,,,estancia-valley-classical-academy-nm-87015,office@theevca.com,"+1 505 431 3822",,https://theevca.com/,PO Box 1780,,Edgewood,Santa Fe County,NM,"87015",US,35.07763670,-106.18992610,classical,estancia-valley-classical-academy-nm-87015-fcapi-classicality-abstract.md,estancia-valley-classical-academy-nm-87015-fcapi-classicality-audit.md,estancia-valley-classical-academy-nm-87015-fcapi-classicality-audit.pdf,elementary-intermediate-secondary,Charter,Public,0,,,,,,,,,,,,,,,,,,,,,,,,,,,,,,0,,0,0,0,0,0,0,0,placeholders/placeholder-elementary-5.png,,0,0,0,0,1006,,K-12,"K, 1st, 2nd, 3rd, 4th, 5th, 6th, 7th, 8th, 9th, 10th, 11th, 12th"
001V400000tPCmo,Eukarya Christian Academy,,,eukarya-christian-academy-va-22655,sperry.eca@gmail.com,"+1 540 868 0081",,https://eukaryaacademy.com/,4701 Valley Pike,,Stephens City,Frederick County,VA,"22655",US,39.08683120,-78.20827930,classical,eukarya-christian-academy-va-22655-fcapi-classicality-abstract.md,eukarya-christian-academy-va-22655-fcapi-classicality-audit.md,eukarya-christian-academy-va-22655-fcapi-classicality-audit.pdf,elementary-intermediate-secondary,Private School,Private,0,,,,,,,,,,,,,,,,,,,,,,,,,,,,,,0,,0,0,0,0,0,0,0,placeholders/placeholder-elementary-7.png,,0,0,0,0,1008,,K-12,"K, 1st, 2nd, 3rd, 4th, 5th, 6th, 7th, 8th, 9th, 10th, 11th, 12th"
001V400000tPCmp,Eukarya Scholé Homeschool Co-Op,001V400000tOZKD,Schole Communities,eukarya-schole-homeschool-co-op-winchester-va,,"",,https://www.facebook.com/scholegroupofeca/,,,Winchester,,VA,"",US,39.18565970,-78.16333410,classical,eukarya-schole-homeschool-co-op-winchester-va-fcapi-classicality-abstract.md,eukarya-schole-homeschool-co-op-winchester-va-fcapi-classicality-audit.md,eukarya-schole-homeschool-co-op-winchester-va-fcapi-classicality-audit.pdf,elementary-intermediate-secondary,,,0,,,,,,,,,,,,,,,,,,,,,,,5479,,,,,,,0,,0,0,0,0,0,0,0,placeholders/placeholder-schole-1.png,,0,0,0,0,5559,,,
001V400000tOBYQ,Evangel Christian Academies,,Evangel Christian Academies,evangel-christian-academies-co-80917,admissions@ecaeagles.org,"+1 719 597 3675",,https://ecaeagles.org/,4052 Nonchalant Cir S,,Colorado Springs,El Paso County,CO,"80917",US,38.88034420,-104.75129820,classical,evangel-christian-academies-co-80917-fcapi-classicality-abstract.md,evangel-christian-academies-co-80917-fcapi-classicality-audit.md,evangel-christian-academies-co-80917-fcapi-classicality-audit.pdf,elementary-intermediate-secondary,Private School,Private,0,,,,,,,,,,,,,,,,,,,,,,,,,,,,,,0,,0,0,0,0,0,0,0,placeholders/placeholder-virtual-1.png,,0,0,0,0,5646,,PK-12,"Pre-K, K, 1st, 2nd, 3rd, 4th, 5th, 6th, 7th, 8th, 9th, 10th, 11th, 12th"
001V400000tPCmq,Evangel Christian Academy: Lower,001V400000tOBYQ,Evangel Christian Academies,evangel-christian-academy-lower-co-80907,admissions@ecaeagles.org,"+1 719 634 7024",,https://ecaeagles.org/,2511 North Logan Ave,,Colorado Springs,El Paso County,CO,"80907",US,38.86906470,-104.79748450,classical,evangel-christian-academy-lower-co-80907-fcapi-classicality-abstract.md,evangel-christian-academy-lower-co-80907-fcapi-classicality-audit.md,evangel-christian-academy-lower-co-80907-fcapi-classicality-audit.pdf,elementary-intermediate-secondary,Private School,Private,0,,,,,,,,,,,,,,,,,,,,,,,5646,,,,,,,0,,0,0,0,0,0,0,0,placeholders/placeholder-elementary-8.png,,0,0,0,0,1009,,PK-12,"Pre-K, K, 1st, 2nd, 3rd, 4th, 5th, 6th, 7th, 8th, 9th, 10th, 11th, 12th"
001V400000tPCmr,Evangel Christian Academy: Upper,001V400000tOBYQ,Evangel Christian Academies,evangel-christian-academy-upper-co-80917,admissions@ecaeagles.org,"+1 719 597 3675",,https://ecaeagles.org/,4052 Nonchalant Cir S,,Colorado Springs,El Paso County,CO,"80917",US,38.88034420,-104.75129820,classical,evangel-christian-academy-upper-co-80917-fcapi-classicality-abstract.md,evangel-christian-academy-upper-co-80917-fcapi-classicality-audit.md,evangel-christian-academy-upper-co-80917-fcapi-classicality-audit.pdf,elementary-intermediate-secondary,Private School,Private,0,,,,,,,,,,,,,,,,,,,,,,,5646,,,,,,,0,,0,0,0,0,0,0,0,placeholders/placeholder-virtual-1.png,,0,0,0,0,5426,,PK-12,"Pre-K, K, 1st, 2nd, 3rd, 4th, 5th, 6th, 7th, 8th, 9th, 10th, 11th, 12th"
001V400000tPCms,Evangel Classical Christian School,,,evangel-classical-christian-school-al-35007,dhensley@evangelclassical.org,"+1 205 216 0149",,https://evangelclassical.org/,423 Thompson Rd.,,Alabaster,Shelby County,AL,"35007",US,33.23767480,-86.83708610,classical,evangel-classical-christian-school-al-35007-fcapi-classicality-abstract.md,evangel-classical-christian-school-al-35007-fcapi-classicality-audit.md,evangel-classical-christian-school-al-35007-fcapi-classicality-audit.pdf,elementary-intermediate-secondary,Private School,Private,0,,,,,,,,,,,,,,,,,,,,,,,,,,,,,,0,,0,0,0,0,0,0,0,placeholders/placeholder-elementary-0.png,,0,0,0,0,1011,,K-12,"K, 1st, 2nd, 3rd, 4th, 5th, 6th, 7th, 8th, 9th, 10th, 11th, 12th"
001V400000tPCmt,Evangel Classical School,,,evangel-classical-school-wa-98270,evangelcs@gmail.com,"+1 360 502 6950",,https://evangelcs.org/,9015 44th Dr. Ne,,Marysville,Snohomish County,WA,"98270",US,48.07791950,-122.17098790,classical,evangel-classical-school-wa-98270-fcapi-classicality-abstract.md,evangel-classical-school-wa-98270-fcapi-classicality-audit.md,evangel-classical-school-wa-98270-fcapi-classicality-audit.pdf,elementary-intermediate-secondary,Private School,Private,0,,,,,,,,,,,,,,,,,,,,,,,,,,,,,,0,,0,0,0,0,0,0,0,placeholders/placeholder-elementary-1.png,,0,0,0,0,1012,,K-12,"K, 1st, 2nd, 3rd, 4th, 5th, 6th, 7th, 8th, 9th, 10th, 11th, 12th"
001V400000tPCmv,Evergreen Classical School,,,evergreen-classical-school-tx-77380,info@evergreenclassicalschool.com,"+1 936 337 4427",,https://evergreenclassicalschool.com/,602 Pruitt Road,,The Woodlands,Montgomery County,TX,"77380",US,30.20342680,-95.48714230,classical,evergreen-classical-school-tx-77380-fcapi-classicality-abstract.md,evergreen-classical-school-tx-77380-fcapi-classicality-audit.md,evergreen-classical-school-tx-77380-fcapi-classicality-audit.pdf,elementary-intermediate,Private School,Private,0,,,,,,,,,,,,,,,,,,,,,,,,,,,,,,0,,0,0,0,0,0,0,0,placeholders/placeholder-elementary-6.png,,0,0,0,0,1018,,PK-7,"Pre-K, K, 1st, 2nd, 3rd, 4th, 5th, 6th, 7th"
001V400000tPCn0,FBC Classical School,,,fbc-classical-school-tx,,"+1 832 573 1862",,http://fbccrosby.churchcenter.com,615 Runneburg Rd,,Crosby,,TX,"77532",US,29.91210100,-95.06194980,classical,fbc-classical-school-tx-fcapi-classicality-abstract.md,fbc-classical-school-tx-fcapi-classicality-audit.md,fbc-classical-school-tx-fcapi-classicality-audit.pdf,elementary-intermediate-secondary,,,0,,,,,,,,,,,,,,,,,,,,,,,,,,,,,,0,,0,0,0,0,0,0,0,placeholders/placeholder-k12-7.png,,0,0,0,0,5260,,,
001V400000tPCn1,Faith Academy of Freestone,,,faith-academy-freestone-tx-75840,info@fafreestone.org,"+1 903 389 2662",,https://www.fafreestone.org/,100 B Reunion St.,,Fairfield,Freestone County,TX,"75840",US,31.72356940,-96.16147800,classical,faith-academy-freestone-tx-75840-fcapi-classicality-abstract.md,faith-academy-freestone-tx-75840-fcapi-classicality-audit.md,faith-academy-freestone-tx-75840-fcapi-classicality-audit.pdf,elementary-intermediate-secondary,Private School,Private,0,,,,,,,,,,,,,,,,,,,,,,,,,,,,,,0,,0,0,0,0,0,0,0,placeholders/placeholder-elementary-1.png,,0,0,0,0,1022,,PK-12,"Pre-K, K, 1st, 2nd, 3rd, 4th, 5th, 6th, 7th, 8th, 9th, 10th, 11th, 12th"
001V400000tPCn2,Faith Academy of Wichita,,,faith-academy-wichita-ks-67205,faithacademyofwichita@gmail.com,"+1 316 239 1449",,https://www.faithacademywichita.com/,8340 W 21st St. N,,Wichita,Sedgwick County,KS,"67205",US,37.72307700,-97.43867310,classical,faith-academy-wichita-ks-67205-fcapi-classicality-abstract.md,faith-academy-wichita-ks-67205-fcapi-classicality-audit.md,faith-academy-wichita-ks-67205-fcapi-classicality-audit.pdf,elementary-intermediate-secondary,Private School,Private,0,,,,,,,,,,,,,,,,,,,,,,,,,,,,,,0,,0,0,0,0,0,0,0,placeholders/placeholder-elementary-3.png,,0,0,0,0,1024,,PK-12,"Pre-K, K, 1st, 2nd, 3rd, 4th, 5th, 6th, 7th, 8th, 9th, 10th, 11th, 12th"
001V400000tPCn3,Faith Christian Academy,,,faith-christian-academy-mo-64164,office@fcaclassical.com,"+1 816 455 3513",,https://fcaclassical.com/,4330 NW Cookingham Dr.,,Kansas City,Platte County,MO,"64164",US,39.31307670,-94.63098410,classical,faith-christian-academy-mo-64164-fcapi-classicality-abstract.md,faith-christian-academy-mo-64164-fcapi-classicality-audit.md,faith-christian-academy-mo-64164-fcapi-classicality-audit.pdf,elementary-intermediate-secondary,Private School,Private,0,,,,,,,,,,,,,,,,,,,,,,,,,,,,,,0,,0,0,0,0,0,0,0,placeholders/placeholder-elementary-5.png,,0,0,0,0,1026,,PK-12,"Pre-K, K, 1st, 2nd, 3rd, 4th, 5th, 6th, 7th, 8th, 9th, 10th, 11th, 12th"
001V400000tPCn4,Faith Christian School,,,faith-christian-school-fl-32456,faithchristianpsj@yahoo.com,"+1 850 229 6707",,https://faithchristianpsj.net/,801 Twentieth Street,,Port St Joe,Gulf County,FL,"32456",US,29.79992930,-85.28973620,classical,faith-christian-school-fl-32456-fcapi-classicality-abstract.md,faith-christian-school-fl-32456-fcapi-classicality-audit.md,faith-christian-school-fl-32456-fcapi-classicality-audit.pdf,elementary-intermediate-secondary,Private School,Private,0,,,,,,,,,,,,,,,,,,,,,,,,,,,,,,0,,0,0,0,0,0,0,0,placeholders/placeholder-elementary-0.png,,0,0,0,0,1032,,K-10,"K, 1st, 2nd, 3rd, 4th, 5th, 6th, 7th, 8th, 9th, 10th"
001V400000tPCn5,Faith Christian School,,,faith-christian-school-va-24018,shopkins@fcsva.com,"+1 540 769 4200",,https://fcsva.com/,3585 Buck Mountain Rd.,,Roanoke,Roanoke County,VA,"24018-8909",US,37.20620670,-79.96101660,classical,faith-christian-school-va-24018-fcapi-classicality-abstract.md,faith-christian-school-va-24018-fcapi-classicality-audit.md,faith-christian-school-va-24018-fcapi-classicality-audit.pdf,elementary-intermediate-secondary,Private School,Private,0,,,,,,,,,,,,,,,,,,,,,,,,,,,,,,0,,0,0,0,0,0,0,0,placeholders/placeholder-elementary-1.png,,0,0,0,0,1034,,PK-12,"Pre-K, K, 1st, 2nd, 3rd, 4th, 5th, 6th, 7th, 8th, 9th, 10th, 11th, 12th"
001V400000tPCn6,Faith Community Academy,,,faith-community-academy-az-85741,bookkeeper@fcatucson.org,"+1 520 742 4189",,https://fcatucson.org/,2551 W. Orange Grove Rd.,,Tucson,Pima County,AZ,"85741",US,32.32239190,-111.02187820,classical,faith-community-academy-az-85741-fcapi-classicality-abstract.md,faith-community-academy-az-85741-fcapi-classicality-audit.md,faith-community-academy-az-85741-fcapi-classicality-audit.pdf,elementary-intermediate-secondary,Private School,Private,0,,,,,,,,,,,,,,,,,,,,,,,,,,,,,,0,,0,0,0,0,0,0,0,placeholders/placeholder-elementary-2.png,,0,0,0,0,1035,,K-12,"K, 1st, 2nd, 3rd, 4th, 5th, 6th, 7th, 8th, 9th, 10th, 11th, 12th"
001V400000tPL42,Faith Heritage Christian Academy,,,faith-heritage-christian-academy-tn-38053,,"+1 901 872 0828",,https://www.faithheritage.com/,4274 Duncan Road,,Millington,Shelby County,TN,"38053",US,35.28313890,-89.92094320,somewhat-classical,faith-heritage-christian-academy-tn-38053-fcapi-classicality-abstract.md,faith-heritage-christian-academy-tn-38053-fcapi-classicality-audit.md,faith-heritage-christian-academy-tn-38053-fcapi-classicality-audit.pdf,elementary-intermediate-secondary,Private School,Private,0,,,,,,,,,,,,,,,,,,,,,,,,,,,,,,0,,0,0,0,0,0,0,0,placeholders/placeholder-elementary-3.png,,0,0,0,0,1036,,K-12,"K, 1st, 2nd, 3rd, 4th, 5th, 6th, 7th, 8th, 9th, 10th, 11th, 12th"
001V400000tPCn7,Faith Lutheran School,,,faith-lutheran-school-ks-67037,,"",,https://www.flsderby.com/,208 S Derby,,Derby,,KS,"67037",US,37.54225630,-97.26614740,classical,faith-lutheran-school-ks-67037-fcapi-classicality-abstract.md,faith-lutheran-school-ks-67037-fcapi-classicality-audit.md,faith-lutheran-school-ks-67037-fcapi-classicality-audit.pdf,elementary-intermediate,Private School,Private School,0,,22,,,,,,,,,,,,,,,,,,,,,,,,,,,,1,,1,0,1,0,0,0,0,placeholders/placeholder-elementary-4.png,,0,0,0,0,1037,,K-6,"K, 1st, 2nd, 3rd, 4th, 5th, 6th"
001V400000tPCn8,Faith Lutheran School,,,faith-lutheran-school-tx-75074,,"+1 972 423 7448",,https://www.flsplano.org/,1701 East Park Boulevard,,Plano,Collin County,TX,"75074",US,33.03252420,-96.68953890,classical,faith-lutheran-school-tx-75074-fcapi-classicality-abstract.md,faith-lutheran-school-tx-75074-fcapi-classicality-audit.md,faith-lutheran-school-tx-75074-fcapi-classicality-audit.pdf,elementary-intermediate-secondary,Private School,Private,0,,,,,,,,,,,,,,,,,,,,,,,,,,,,,,0,,0,0,0,0,0,0,0,placeholders/placeholder-elementary-5.png,,0,0,0,0,1038,,PK-12,"Pre-K, K, 1st, 2nd, 3rd, 4th, 5th, 6th, 7th, 8th, 9th, 10th, 11th, 12th"
001V400000tPCn9,Faith West Academy,,,faith-west-academy-tx-77493,,"+1 281 391 5683",,https://www.faithwest.org/,2225 Porter Rd.,,Katy,Harris County,TX,"77493",US,29.80488700,-95.79500000,classical,faith-west-academy-tx-77493-fcapi-classicality-abstract.md,faith-west-academy-tx-77493-fcapi-classicality-audit.md,faith-west-academy-tx-77493-fcapi-classicality-audit.pdf,elementary-intermediate-secondary,Private School,Private,0,,,,,,,,,,,,,,,,,,,,,,,,,,,,,,0,,0,0,0,0,0,0,0,placeholders/placeholder-elementary-7.png,,0,0,0,0,1040,,K-12,"K, 1st, 2nd, 3rd, 4th, 5th, 6th, 7th, 8th, 9th, 10th, 11th, 12th"
001V400000tPL48,Faustina Academy,,,faustina-academy-tx-75061,,"+1 972 254 6726",,https://www.flintacademy.com/,1621 West Grauwyler Road,,Irving,Dallas County,TX,"75061",US,32.82995610,-96.96731100,somewhat-classical,faustina-academy-tx-75061-fcapi-classicality-abstract.md,faustina-academy-tx-75061-fcapi-classicality-audit.md,faustina-academy-tx-75061-fcapi-classicality-audit.pdf,elementary-intermediate-secondary,Private School,Private,0,,,,,,,,,,,,,,,,,,,,,,,,,,,,,,0,,0,0,0,0,0,0,0,placeholders/placeholder-elementary-2.png,,0,0,0,0,1045,,PK-12,"Pre-K, K, 1st, 2nd, 3rd, 4th, 5th, 6th, 7th, 8th, 9th, 10th, 11th, 12th"
001V400000tPCnA,Field School,,,field-school-il-60644,info@thefieldschool.org,"+1 773 309 8010",,https://thefieldschool.org/,535 North Parkside Avenue,,Chicago,Cook County,IL,"60644",US,41.89044840,-87.76614980,classical,field-school-il-60644-fcapi-classicality-abstract.md,field-school-il-60644-fcapi-classicality-audit.md,field-school-il-60644-fcapi-classicality-audit.pdf,elementary-intermediate,Private School,Private,0,,,,,,,,,,,,,,,,,,,,,,,,,,,,,,0,,0,0,0,0,0,0,0,placeholders/placeholder-elementary-8.png,,0,0,0,0,1052,,PK-8,"Pre-K, K, 1st, 2nd, 3rd, 4th, 5th, 6th, 7th, 8th"
001V400000tPCnB,First Baptist Academy,,,first-baptist-academy-tn-37849,,"+1 865 947 8503",,https://www.fbaeagles.org/,7706 Ewing Rd,,Powell,,TN,"37849",US,36.03185780,-84.02765500,classical,first-baptist-academy-tn-37849-fcapi-classicality-abstract.md,first-baptist-academy-tn-37849-fcapi-classicality-audit.md,first-baptist-academy-tn-37849-fcapi-classicality-audit.pdf,elementary-intermediate-secondary,Private School,Private School,0,,500,,,,,,,,,,,,,,,,,,,,,,,,,,,,1,,0,0,1,0,0,1,0,placeholders/placeholder-elementary-5.png,,0,0,0,0,1059,,K-12,"K, 1st, 2nd, 3rd, 4th, 5th, 6th, 7th, 8th, 9th, 10th, 11th, 12th"
001V400000tPCnC,First Presbyterian Church School,,,first-presbyterian-church-school-wa-98402,office@1stpreschurch.net,"+1 253 272 7145",,https://fpptacoma.org/,20 Tacoma Avenue South,,Tacoma,Pierce County,WA,"98402",US,47.26345540,-122.44726170,classical,first-presbyterian-church-school-wa-98402-fcapi-classicality-abstract.md,first-presbyterian-church-school-wa-98402-fcapi-classicality-audit.md,first-presbyterian-church-school-wa-98402-fcapi-classicality-audit.pdf,elementary-intermediate-secondary,Private School,Private,0,,,,,,,,,,,,,,,,,,,,,,,,,,,,,,0,,0,0,0,0,0,0,0,placeholders/placeholder-elementary-0.png,,0,0,0,0,1065,,PK-12,"Pre-K, K, 1st, 2nd, 3rd, 4th, 5th, 6th, 7th, 8th, 9th, 10th, 11th, 12th"
001V400000tPCnD,Flat Classical Academy,,,flat-classical-academy-in-47001,,"+1 812 260 0034",,https://fiatclassicalacademy.org/,PO Box 63,,Lawrenceburg,Dearborn County,IN,"47001",US,39.09526950,-84.85102620,classical,flat-classical-academy-in-47001-fcapi-classicality-abstract.md,flat-classical-academy-in-47001-fcapi-classicality-audit.md,flat-classical-academy-in-47001-fcapi-classicality-audit.pdf,secondary,Private School,Private,0,,,,,,,,,,,,,,,,,,,,,,,,,,,,,,0,,0,0,0,0,0,0,0,placeholders/placeholder-elementary-2.png,,0,0,0,0,1067,,9-10,"9th, 10th"
001V400000tPL4R,Fletcher School,,,fletcher-school-fl-33991,,"+1 239 610 1844",,https://fletcherschool.org/,1300 Ceitus Terrace,,Cape Coral,Lee County,FL,"33991",US,26.64184550,-82.00094010,somewhat-classical,fletcher-school-fl-33991-fcapi-classicality-abstract.md,fletcher-school-fl-33991-fcapi-classicality-audit.md,fletcher-school-fl-33991-fcapi-classicality-audit.pdf,elementary-intermediate-secondary,Private School,Private,0,,,,,,,,,,,,,,,,,,,,,,,,,,,,,,0,,0,0,0,0,0,0,0,placeholders/placeholder-elementary-4.png,,0,0,0,0,1069,,K-12,"K, 1st, 2nd, 3rd, 4th, 5th, 6th, 7th, 8th, 9th, 10th, 11th, 12th"
001V400000tPCnE,Flint Academy,,,flint-academy-tx,,"+1 817 277 0620",,http://flintacademy.com,4501 Woodland Park Boulevard,,Arlington,,TX,"76013",US,32.71241340,-97.17851550,classical,flint-academy-tx-fcapi-classicality-abstract.md,flint-academy-tx-fcapi-classicality-audit.md,flint-academy-tx-fcapi-classicality-audit.pdf,elementary-intermediate-secondary,,,0,,,,,,,,,,,,,,,,,,,,,,,,,,,,,,0,,0,0,0,0,0,0,0,placeholders/placeholder-elementary-5.png,,0,0,0,0,5266,,PK-12,"Pre-K, K, 1st, 2nd, 3rd, 4th, 5th, 6th, 7th, 8th, 9th, 10th, 11th, 12th"
001V400000tPCnI,Fortis Academy,,,fortis-academy-tx-78642,questions@fortisacademy.net,"+1 512 432 5152",,https://fortisacademy.net/,PO Box 580,,Liberty Hill,Williamson County,TX,"78642",US,30.67566030,-97.94118660,classical,fortis-academy-tx-78642-fcapi-classicality-abstract.md,fortis-academy-tx-78642-fcapi-classicality-audit.md,fortis-academy-tx-78642-fcapi-classicality-audit.pdf,elementary-intermediate-secondary,Private School,Private,0,,,,,,,,,,,,,,,,,,,,,,,,,,,,,,0,,0,0,0,0,0,0,0,placeholders/placeholder-elementary-3.png,,0,0,0,0,1077,,PK-12,"Pre-K, K, 1st, 2nd, 3rd, 4th, 5th, 6th, 7th, 8th, 9th, 10th, 11th, 12th"
001V400000tPCnJ,Founders Christian School,,,founders-christian-school-tx-77373,,"+1 281 602 8006",,https://founderschristian.org/,24724 Aldine Westfield Rd,,Spring,Harris County,TX,"77373",US,30.06466870,-95.40296230,classical,founders-christian-school-tx-77373-fcapi-classicality-abstract.md,founders-christian-school-tx-77373-fcapi-classicality-audit.md,founders-christian-school-tx-77373-fcapi-classicality-audit.pdf,elementary-intermediate-secondary,Private School,Private,0,,,,,,,,,,,,,,,,,,,,,,,,,,,,,,0,,0,0,0,0,0,0,0,placeholders/placeholder-elementary-2.png,,0,0,0,0,1086,,PK-12,"Pre-K, K, 1st, 2nd, 3rd, 4th, 5th, 6th, 7th, 8th, 9th, 10th, 11th, 12th"
001V400000tPL4h,Founders Classical Academy of Las Vegas,,,founders-academy-las-vegas-nv-89130,,"+1 702 998 8368",,https://fcalv.net/,5730 West Alexander Rd,,Las Vegas,Clark County,NV,"89130",US,36.23235530,-115.22288360,classical,founders-academy-las-vegas-nv-89130-fcapi-classicality-abstract.md,founders-academy-las-vegas-nv-89130-fcapi-classicality-audit.md,founders-academy-las-vegas-nv-89130-fcapi-classicality-audit.pdf,elementary-intermediate-secondary,Charter,Public,0,,,,,,,,,,,,,,,,,,,,,,,,,,,,,,0,,0,0,0,0,0,0,0,placeholders/placeholder-elementary-1.png,,0,0,0,0,1084,,K-12,"K, 1st, 2nd, 3rd, 4th, 5th, 6th, 7th, 8th, 9th, 10th, 11th, 12th"
001V400000tPCnL,Founders Classical Academy: Bastrop,001V400000tOZK8,Founders Classical Academies (ResponsiveEd),founders-classical-academy-bastrop-tx-78602,,"+1 737 500 0600",,https://www.foundersbastrop.com/,415 Shiloh Rd,,Bastrop,Bastrop County,TX,"78602",US,30.09169150,-97.38198030,classical,founders-classical-academy-bastrop-tx-78602-fcapi-classicality-abstract.md,founders-classical-academy-bastrop-tx-78602-fcapi-classicality-audit.md,founders-classical-academy-bastrop-tx-78602-fcapi-classicality-audit.pdf,elementary-intermediate-secondary,Charter,Public,0,,,,,,,,,,,,,,,,,,,,,,,5449,,,,,,,0,,0,0,0,0,0,0,0,placeholders/placeholder-elementary-3.png,,0,0,0,0,124,,K-12,"K, 1st, 2nd, 3rd, 4th, 5th, 6th, 7th, 8th, 9th, 10th, 11th, 12th"
001V400000tPCnM,Founders Classical Academy: Bentonville,001V400000tOZK8,Founders Classical Academies (ResponsiveEd),founders-classical-academy-bentonville-ar-72712,,"+1 479 715 6662",,https://www.foundersbentonville.com/,1302 Melissa Dr. #100,,Bentonville,Benton County,AR,"72712",US,36.36202100,-94.22823690,classical,founders-classical-academy-bentonville-ar-72712-fcapi-classicality-abstract.md,founders-classical-academy-bentonville-ar-72712-fcapi-classicality-audit.md,founders-classical-academy-bentonville-ar-72712-fcapi-classicality-audit.pdf,elementary-intermediate,Charter,Public,0,,,,,,,,,,,,,,,,,,,,,,,5449,,,,,,,0,,0,0,0,0,0,0,0,placeholders/placeholder-elementary-4.png,,0,0,0,0,125,,K-7,"K, 1st, 2nd, 3rd, 4th, 5th, 6th, 7th"
001V400000tPCnN,Founders Classical Academy: Carrollton,001V400000tOZK8,Founders Classical Academies (ResponsiveEd),founders-classical-academy-carrollton-tx-75006,,"+1 972 245 2900",,https://foundersclassical.com/carrollton/,2400 N. Josey Ln.,,Carrollton,Dallas County,TX,"75006",US,32.97982600,-96.88945640,classical,founders-classical-academy-carrollton-tx-75006-fcapi-classicality-abstract.md,founders-classical-academy-carrollton-tx-75006-fcapi-classicality-audit.md,founders-classical-academy-carrollton-tx-75006-fcapi-classicality-audit.pdf,elementary-intermediate-secondary,Charter,Public,0,,,,,,,,,,,,,,,,,,,,,,,5449,,,,,,,0,,0,0,0,0,0,0,0,placeholders/placeholder-elementary-5.png,,0,0,0,0,126,,K-12,"K, 1st, 2nd, 3rd, 4th, 5th, 6th, 7th, 8th, 9th, 10th, 11th, 12th"
001V400000tPCnO,Founders Classical Academy: Conroe,001V400000tOZK8,Founders Classical Academies (ResponsiveEd),founders-classical-academy-conroe-tx-77384,,"+1 936 265 9346",,https://www.foundersconroe.com/,15330 Brass Nail Road,,Conroe,Montgomery County,TX,"77384",US,30.23231380,-95.46254590,classical,founders-classical-academy-conroe-tx-77384-fcapi-classicality-abstract.md,founders-classical-academy-conroe-tx-77384-fcapi-classicality-audit.md,founders-classical-academy-conroe-tx-77384-fcapi-classicality-audit.pdf,elementary-intermediate-secondary,Charter,Public,0,,,,,,,,,,,,,,,,,,,,,,,5449,,,,,,,0,,0,0,0,0,0,0,0,placeholders/placeholder-elementary-6.png,,0,0,0,0,127,,K-12,"K, 1st, 2nd, 3rd, 4th, 5th, 6th, 7th, 8th, 9th, 10th, 11th, 12th"
,Founders Classical Academy: Coppell,001V400000tOZK8,Founders Classical Academies (ResponsiveEd),founders-classical-academy-coppell-tx-75019,,"+1 972 393 3077",,https://foundersclassical.com/coppell/,140 S Heartz Rd,,Coppell,Montgomery County,TX,"75019",US,32.96745770,-96.98905010,classical,founders-classical-academy-coppell-tx-75019-fcapi-classicality-abstract.md,founders-classical-academy-coppell-tx-75019-fcapi-classicality-audit.md,founders-classical-academy-coppell-tx-75019-fcapi-classicality-audit.pdf,elementary-intermediate,Charter,Public,0,,,,,,,,,,,,,,,,,,,,,,,5449,,,,,,,0,,0,0,0,0,0,0,0,placeholders/placeholder-elementary-6.png,,0,0,0,0,7644,,K-6,"K, 1st, 2nd, 3rd, 4th, 5th, 6th"
001V400000tPCnP,Founders Classical Academy: Corinth Grammar,001V400000tOZK8,Founders Classical Academies (ResponsiveEd),founders-classical-academy-corinth-grammar-campus-tx-75065,mmartinez@responsiveed.com,"+1 940 321 1144",,https://foundersclassical.com/corinth/,800 Point Vista Rd. Ste 518,,Hickory Creek,Denton County,TX,"75065",US,33.12604380,-97.04549020,classical,founders-classical-academy-corinth-grammar-campus-tx-75065-fcapi-classicality-abstract.md,founders-classical-academy-corinth-grammar-campus-tx-75065-fcapi-classicality-audit.md,founders-classical-academy-corinth-grammar-campus-tx-75065-fcapi-classicality-audit.pdf,elementary,Charter,Public,0,,,,,,,,,,,,,,,,,,,,,,,5449,,,,,,,0,,0,0,0,0,0,0,0,placeholders/placeholder-elementary-7.png,,0,0,0,0,128,,K-5,"K, 1st, 2nd, 3rd, 4th, 5th"
001V400000tPCnR,Founders Classical Academy: Corinth Upper,001V400000tOZK8,Founders Classical Academies (ResponsiveEd),founders-classical-academy-corinth-upper-tx-76208,mmartinez@responsiveed.com,"+1 940 497 0059",,https://responsiveed.com/campus/founders-corinth-7-12/,3600 Meadowview Dr.,,Corinth,Denton County,TX,"76208",US,33.13844540,-97.04934950,classical,founders-classical-academy-corinth-upper-tx-76208-fcapi-classicality-abstract.md,founders-classical-academy-corinth-upper-tx-76208-fcapi-classicality-audit.md,founders-classical-academy-corinth-upper-tx-76208-fcapi-classicality-audit.pdf,intermediate-secondary,Charter,Public,0,,,,,,,,,,,,,,,,,,,,,,,5449,,,,,,,0,,0,0,0,0,0,0,0,placeholders/placeholder-intermediate-6.png,,0,0,0,0,129,,6-12,"6th, 7th, 8th, 9th, 10th, 11th, 12th"
,Founders Classical Academy: Denton,001V400000tOZK8,Founders Classical Academies (ResponsiveEd),founders-classical-academy-denton-tx-76201,,"+1 940 565 8333",,https://foundersclassical.com/denton/,312 W Mckinney St,,Denton,,TX,"76201",US,33.21734740,-97.13570910,classical,founders-classical-academy-denton-tx-76201-fcapi-classicality-abstract.md,founders-classical-academy-denton-tx-76201-fcapi-classicality-audit.md,founders-classical-academy-denton-tx-76201-fcapi-classicality-audit.pdf,elementary-intermediate,Charter,Public,0,,,,,,,,,,,,,,,,,,,,,,,5449,,,,,,,0,,0,0,0,0,0,0,0,placeholders/placeholder-elementary-9.png,,0,0,0,0,7645,,K-6,"K, 1st, 2nd, 3rd, 4th, 5th, 6th"
001V400000tPCnS,Founders Classical Academy: East Lewisville,001V400000tOZK8,Founders Classical Academies (ResponsiveEd),founders-classical-academy-east-lewisville-tx-75057,,"+1 972 465 9902",,https://www.founderseastlewisville.com/,650 Bennett Lane,,Lewisville,Denton County,TX,"75057",US,33.02664620,-96.97387900,classical,founders-classical-academy-east-lewisville-tx-75057-fcapi-classicality-abstract.md,founders-classical-academy-east-lewisville-tx-75057-fcapi-classicality-audit.md,founders-classical-academy-east-lewisville-tx-75057-fcapi-classicality-audit.pdf,elementary-intermediate,Charter,Public,0,,,,,,,,,,,,,,,,,,,,,,,5449,,,,,,,0,,0,0,0,0,0,0,0,placeholders/placeholder-elementary-8.png,,0,0,0,0,130,,K-6,"K, 1st, 2nd, 3rd, 4th, 5th, 6th"
,Founders Classical Academy: El Paso,001V400000tOZK8,Founders Classical Academies (ResponsiveEd),founders-classical-academy-el-paso-tx-79907,,"+1 915 594 3305",,https://foundersclassical.com/el-paso/,8960 Escobar Dr,,El Paso,,TX,"79907",US,31.71413630,-106.31216570,classical,founders-classical-academy-el-paso-tx-79907-fcapi-classicality-abstract.md,founders-classical-academy-el-paso-tx-79907-fcapi-classicality-audit.md,founders-classical-academy-el-paso-tx-79907-fcapi-classicality-audit.pdf,elementary-intermediate-secondary,Charter,Public,0,,,,,,,,,,,,,,,,,,,,,,,5449,,,,,,,0,,0,0,0,0,0,0,0,placeholders/placeholder-elementary-9.png,,0,0,0,0,7646,,PK-12,"Pre-K, K, 1st, 2nd, 3rd, 4th, 5th, 6th, 7th, 8th, 9th, 10th, 11th, 12th"
001V400000tPCnT,Founders Classical Academy: Flower Mound,001V400000tOZK8,Founders Classical Academies (ResponsiveEd),founders-classical-academy-flower-mound-tx-75028,,"+1 972 899 2521",,https://foundersclassical.com/flowermound/,4901 Cross Timbers Rd,,Flower Mound,Denton County,TX,"75028",US,33.04510800,-97.10617400,classical,founders-classical-academy-flower-mound-tx-75028-fcapi-classicality-abstract.md,founders-classical-academy-flower-mound-tx-75028-fcapi-classicality-audit.md,founders-classical-academy-flower-mound-tx-75028-fcapi-classicality-audit.pdf,elementary-intermediate-secondary,Charter,Public,0,,,,,,,,,,,,,,,,,,,,,,,5449,,,,,,,0,,0,0,0,0,0,0,0,placeholders/placeholder-k12-0.png,,0,0,0,0,5615,,K-12,"K, 1st, 2nd, 3rd, 4th, 5th, 6th, 7th, 8th, 9th, 10th, 11th, 12th"
001V400000tPCnU,Founders Classical Academy: Fort Worth,001V400000tOZK8,Founders Classical Academies (ResponsiveEd),founders-classical-academy-fort-worth-tx-76108,,"+1 817 661 0387",,https://www.foundersfortworth.com/,501 Academy Blvd,,Fort Worth,Tarrant County,TX,"76108",US,32.75300220,-97.48978820,classical,founders-classical-academy-fort-worth-tx-76108-fcapi-classicality-abstract.md,founders-classical-academy-fort-worth-tx-76108-fcapi-classicality-audit.md,founders-classical-academy-fort-worth-tx-76108-fcapi-classicality-audit.pdf,elementary-intermediate,Charter,Public,0,,,,,,,,,,,,,,,,,,,,,,,5449,,,,,,,0,,0,0,0,0,0,0,0,placeholders/placeholder-elementary-9.png,,0,0,0,0,132,,K-9,"K, 1st, 2nd, 3rd, 4th, 5th, 6th, 7th, 8th, 9th"
001V400000tPCnV,Founders Classical Academy: Frisco,001V400000tOZK8,Founders Classical Academies (ResponsiveEd),founders-classical-academy-frisco-tx-75029,,"+1 972 532 0952",,https://www.foundersfrisco.com/,10710 Frisco St,,Frisco,Collin County,TX,"75033",US,33.16658910,-96.83275500,classical,founders-classical-academy-frisco-tx-75029-fcapi-classicality-abstract.md,founders-classical-academy-frisco-tx-75029-fcapi-classicality-audit.md,founders-classical-academy-frisco-tx-75029-fcapi-classicality-audit.pdf,elementary-intermediate-secondary,Charter,Public,0,,,,,,,,,,,,,,,,,,,,,,,5449,,,,,,,0,,0,0,0,0,0,0,0,placeholders/placeholder-k12-0.png,,0,0,0,0,133,,K-12,"K, 1st, 2nd, 3rd, 4th, 5th, 6th, 7th, 8th, 9th, 10th, 11th, 12th"
001V400000tPCnX,Founders Classical Academy: Leander,001V400000tOZK8,Founders Classical Academies (ResponsiveEd),founders-classical-academy-leander-tx-78641,FCALeander@ResponsiveEd.com,"+1 512 259 0103",,https://foundersclassical.com/leander/,1303 Leander Dr.,,Leander,Williamson County,TX,"78641",US,30.56296080,-97.84325490,classical,founders-classical-academy-leander-tx-78641-fcapi-classicality-abstract.md,founders-classical-academy-leander-tx-78641-fcapi-classicality-audit.md,founders-classical-academy-leander-tx-78641-fcapi-classicality-audit.pdf,elementary-intermediate-secondary,Charter,Public,0,,,,,,,,,,,,,,,,,,,,,,,5449,,,,,,,0,,0,0,0,0,0,0,0,placeholders/placeholder-elementary-2.png,,0,0,0,0,135,,K-12,"K, 1st, 2nd, 3rd, 4th, 5th, 6th, 7th, 8th, 9th, 10th, 11th, 12th"
001V400000tPCnY,Founders Classical Academy: Lewisville,001V400000tOZK8,Founders Classical Academies (ResponsiveEd),founders-classical-academy-lewisville-tx-75067,,"+1 469 464 3415",,https://www.founderslewisville.com/,1010 Bellaire Blvd.,,Lewisville,Denton County,TX,"75067",US,33.02625390,-97.01590840,classical,founders-classical-academy-lewisville-tx-75067-fcapi-classicality-abstract.md,founders-classical-academy-lewisville-tx-75067-fcapi-classicality-audit.md,founders-classical-academy-lewisville-tx-75067-fcapi-classicality-audit.pdf,elementary-intermediate-secondary,Charter,Public,0,,,,,,,,,,,,,,,,,,,,,,,5449,,,,,,,0,,0,0,0,0,0,0,0,placeholders/placeholder-elementary-3.png,,0,0,0,0,136,,K-12,"K, 1st, 2nd, 3rd, 4th, 5th, 6th, 7th, 8th, 9th, 10th, 11th, 12th"
001V400000tPCnb,Founders Classical Academy: Permian Basin,001V400000tOZK8,Founders Classical Academies (ResponsiveEd),founders-classical-academy-permian-basin-tx-79703,,"+1 432 217 6122",,https://www.permianbasinclassical.com/,4320 W. Illinois Ave. Ste. A,,Midland,Midland County,TX,"79703",US,31.98871800,-102.13202080,classical,founders-classical-academy-permian-basin-tx-79703-fcapi-classicality-abstract.md,founders-classical-academy-permian-basin-tx-79703-fcapi-classicality-audit.md,founders-classical-academy-permian-basin-tx-79703-fcapi-classicality-audit.pdf,elementary-intermediate,Charter,Public,0,,,,,,,,,,,,,,,,,,,,,,,5449,,,,,,,0,,0,0,0,0,0,0,0,placeholders/placeholder-elementary-5.png,,0,0,0,0,140,,K-8,"K, 1st, 2nd, 3rd, 4th, 5th, 6th, 7th, 8th"
,Founders Classical Academy: Plainview,001V400000tOZK8,Founders Classical Academies (ResponsiveEd),founders-classical-academy-plainview-tx-79072,,"+1 806 301 4915",,https://foundersclassical.com/plainview/,310 S Ennis St,,Plainview,,TX,"79072",US,34.17392830,-101.74206240,classical,founders-classical-academy-plainview-tx-79072-fcapi-classicality-abstract.md,founders-classical-academy-plainview-tx-79072-fcapi-classicality-audit.md,founders-classical-academy-plainview-tx-79072-fcapi-classicality-audit.pdf,elementary-intermediate-secondary,Charter,Public,0,,,,,,,,,,,,,,,,,,,,,,,5449,,,,,,,0,,0,0,0,0,0,0,0,placeholders/placeholder-elementary-9.png,,0,0,0,0,7648,,K-12,"K, 1st, 2nd, 3rd, 4th, 5th, 6th, 7th, 8th, 9th, 10th, 11th, 12th"
001V400000tPCnc,Founders Classical Academy: Prosper,001V400000tOZK8,Founders Classical Academies (ResponsiveEd),founders-classical-academy-prosper-tx-75078,,"+1 469 382 9669",,https://www.foundersprosper.com/,4300 E 1st St,,Prosper,,TX,"75078",US,33.23608760,-96.73739290,classical,founders-classical-academy-prosper-tx-75078-fcapi-classicality-abstract.md,founders-classical-academy-prosper-tx-75078-fcapi-classicality-audit.md,founders-classical-academy-prosper-tx-75078-fcapi-classicality-audit.pdf,elementary-intermediate-secondary,Charter,Public,0,,769,,,,,,,,,,,,,,,,,,,,,5449,,,,,,,1,,0,0,0,0,0,0,0,placeholders/placeholder-elementary-6.png,,0,0,0,0,123,,K-12,"K, 1st, 2nd, 3rd, 4th, 5th, 6th, 7th, 8th, 9th, 10th, 11th, 12th"
001V400000tPCnd,Founders Classical Academy: Schertz,001V400000tOZK8,Founders Classical Academies (ResponsiveEd),founders-classical-academy-schertz-tx-78154,,"+1 210 510 2618",,https://www.foundersschertz.com/,8453 E Fm 1518 North,,Schertz,Bexar County,TX,"78154",US,29.51006550,-98.23842430,classical,founders-classical-academy-schertz-tx-78154-fcapi-classicality-abstract.md,founders-classical-academy-schertz-tx-78154-fcapi-classicality-audit.md,founders-classical-academy-schertz-tx-78154-fcapi-classicality-audit.pdf,elementary-intermediate-secondary,Charter,Public,0,,,,,,,,,,,,,,,,,,,,,,,5449,,,,,,,0,,0,0,0,0,0,0,0,placeholders/placeholder-elementary-8.png,,0,0,0,0,141,,K-12,"K, 1st, 2nd, 3rd, 4th, 5th, 6th, 7th, 8th, 9th, 10th, 11th, 12th"
001V400000tPCnf,Founders Classical Academy: Tyler,001V400000tOZK8,Founders Classical Academies (ResponsiveEd),founders-classical-academy-tyler-tx-75707,,"+1 903 504 5690",,https://www.tylerclassical.com/,3405 East Grande Boulevard,,Tyler,Smith County,TX,"75707",US,32.27765850,-95.25250480,classical,founders-classical-academy-tyler-tx-75707-fcapi-classicality-abstract.md,founders-classical-academy-tyler-tx-75707-fcapi-classicality-audit.md,founders-classical-academy-tyler-tx-75707-fcapi-classicality-audit.pdf,elementary-intermediate-secondary,Charter,Public,0,,,,,,,,,,,,,,,,,,,,,,,5449,,,,,,,0,,0,0,0,0,0,0,0,placeholders/placeholder-elementary-9.png,,0,0,0,0,142,,K-12,"K, 1st, 2nd, 3rd, 4th, 5th, 6th, 7th, 8th, 9th, 10th, 11th, 12th"
001V400000tPCng,Founders Classical Academy: West Little Rock,001V400000tOZK8,Founders Classical Academies (ResponsiveEd),founders-classical-academy-west-little-rock-ar-72223,,"+1 501 821 0382",,https://www.founderswestlittlerock.com/,1815 Rahling Road,,Little Rock,Pulaski County,AR,"72223",US,34.77289610,-92.44666320,classical,founders-classical-academy-west-little-rock-ar-72223-fcapi-classicality-abstract.md,founders-classical-academy-west-little-rock-ar-72223-fcapi-classicality-audit.md,founders-classical-academy-west-little-rock-ar-72223-fcapi-classicality-audit.pdf,elementary-intermediate-secondary,Charter,Public,0,,,,,,,,,,,,,,,,,,,,,,,5449,,,,,,,0,,0,0,0,0,0,0,0,placeholders/placeholder-intermediate-7.png,,0,0,0,0,137,,K-12,"K, 1st, 2nd, 3rd, 4th, 5th, 6th, 7th, 8th, 9th, 10th, 11th, 12th"
001V400000tPCnh,Franklin Classical School,,,franklin-classical-school-tn-37067,info@franklinclassical.com,"+1 615 528 3777",,https://franklinclassical.com/,1021 Windcross Ct,,Franklin,,TN,"37067",US,35.93929770,-86.83729940,classical,franklin-classical-school-tn-37067-fcapi-classicality-abstract.md,franklin-classical-school-tn-37067-fcapi-classicality-audit.md,franklin-classical-school-tn-37067-fcapi-classicality-audit.pdf,elementary-intermediate-secondary,,,0,,,,,,,,,,,,,,,,,,,,,,,,,,,,,,0,,0,0,0,0,0,0,0,placeholders/placeholder-virtual-1.png,,0,0,0,0,5214,,PK-12,"Pre-K, K, 1st, 2nd, 3rd, 4th, 5th, 6th, 7th, 8th, 9th, 10th, 11th, 12th"
001V400000tPCni,Frederick Classical Charter School,,,frederick-classical-charter-school-md-21701,info@FrederickClassicalCharterSchool.org,"+1 240 674 1696",,https://frederickclassicalcharterschool.org/,8445 Spires Way,Suite CC,Frederick,Frederick County,MD,"21701",US,39.43650330,-77.37116640,classical,frederick-classical-charter-school-md-21701-fcapi-classicality-abstract.md,frederick-classical-charter-school-md-21701-fcapi-classicality-audit.md,frederick-classical-charter-school-md-21701-fcapi-classicality-audit.pdf,elementary-intermediate,Charter,Public,0,,,,,,,,,,,,,,,,,,,,,,,,,,,,,,0,,0,0,0,0,0,0,0,placeholders/placeholder-elementary-3.png,,0,0,0,0,1092,,K-8,"K, 1st, 2nd, 3rd, 4th, 5th, 6th, 7th, 8th"
001V400000tPCnj,Free State Academy: Scholé at Timber Ridge,001V400000tOZKD,Schole Communities,free-state-academy-schole-at-timber-ridge-bedford-va,merri@freestateacademy.org,"",,https://www.facebook.com/freestateacademyhttps://freestateacademy.org/,,,Bedford,,VA,"",US,37.33430790,-79.52308770,classical,free-state-academy-schole-at-timber-ridge-bedford-va-fcapi-classicality-abstract.md,free-state-academy-schole-at-timber-ridge-bedford-va-fcapi-classicality-audit.md,free-state-academy-schole-at-timber-ridge-bedford-va-fcapi-classicality-audit.pdf,elementary-intermediate-secondary,,,0,,,,,,,,,,,,,,,,,,,,,,,5479,,,,,,,0,,0,0,0,0,0,0,0,placeholders/placeholder-schole-1.png,,0,0,0,0,5560,,,
001V400000tPCnk,Frontier Community School,001V400000tOZKD,Schole Communities,frontier-community-school-curtis-ne,,"",,,,,Curtis,,NE,"",US,40.63000810,-100.51570040,classical,frontier-community-school-curtis-ne-fcapi-classicality-abstract.md,frontier-community-school-curtis-ne-fcapi-classicality-audit.md,frontier-community-school-curtis-ne-fcapi-classicality-audit.pdf,elementary-intermediate-secondary,,,0,,,,,,,,,,,,,,,,,,,,,,,5479,,,,,,,0,,0,0,0,0,0,0,0,placeholders/placeholder-schole-1.png,,0,0,0,0,5524,,,
001V400000tPCnl,Fulshear Classical School,001V400000tOBYZ,Paideia Classical Schools of Texas,fulshear-classical-school-tx-77441,,"+1 713 884 5990",,https://fulshearclassical.com/,31802 Rogers Rd.,,Fulshear,Fort Bend County,TX,"77441",US,29.70904800,-95.92395800,classical,fulshear-classical-school-tx-77441-fcapi-classicality-abstract.md,fulshear-classical-school-tx-77441-fcapi-classicality-audit.md,fulshear-classical-school-tx-77441-fcapi-classicality-audit.pdf,elementary-intermediate-secondary,Private School,Private,0,,,,,,,,,,,,,,,,,,,,,,,207,,,,,,,0,,0,0,0,0,0,0,0,placeholders/placeholder-elementary-2.png,,0,0,0,0,1101,,K-12,"K, 1st, 2nd, 3rd, 4th, 5th, 6th, 7th, 8th, 9th, 10th, 11th, 12th"
001V400000tPCnm,Garden State Classical Academy,,,garden-state-classical-academy-nj-08750,info@gsclassical.org,"+1 732 330 2557",,http://gsclassical.org,219 Philadelphia Blvd.,,Sea Girt,,NJ,"08750",US,40.13243840,-74.03409540,classical,garden-state-classical-academy-nj-08750-fcapi-classicality-abstract.md,garden-state-classical-academy-nj-08750-fcapi-classicality-audit.md,garden-state-classical-academy-nj-08750-fcapi-classicality-audit.pdf,elementary-intermediate-secondary,,,0,,,,,,,,,,,,,,,,,,,,,,,,,,,,,,0,,0,0,0,0,0,0,0,placeholders/placeholder-elementary-7.png,,0,0,0,0,5181,,,
001V400000tPCnn,Gateway 2 Hope Christian Academy,,,gateway-2-hope-christian-academy-oh-44137,,"",,http://www.gateway2hopechristianacademy.org,5050 Stanley Ave.,,Maple Heights,,OH,"44137",US,41.42159970,-81.57157820,classical,gateway-2-hope-christian-academy-oh-44137-fcapi-classicality-abstract.md,gateway-2-hope-christian-academy-oh-44137-fcapi-classicality-audit.md,gateway-2-hope-christian-academy-oh-44137-fcapi-classicality-audit.pdf,elementary-intermediate-secondary,,,0,,,,,,,,,,,,,,,,,,,,,,,,,,,,,,0,,0,0,0,0,0,0,0,placeholders/placeholder-elementary-8.png,,0,0,0,0,5192,,K-12,"K, 1st, 2nd, 3rd, 4th, 5th, 6th, 7th, 8th, 9th, 10th, 11th, 12th"
001V400000tPCnp,Generations Christian Academy,,,generations-christian-academy-tn-37064,,"+1 615 567 3355",,https://generationschristianacademy.org/,408 Church St,,Franklin,Williamson County,TN,"37064",US,35.92290250,-86.87017070,classical,generations-christian-academy-tn-37064-fcapi-classicality-abstract.md,generations-christian-academy-tn-37064-fcapi-classicality-audit.md,generations-christian-academy-tn-37064-fcapi-classicality-audit.pdf,elementary-intermediate-secondary,Private School,Private,0,,,,,,,,,,,,,,,,,,,,,,,,,,,,,,0,,0,0,0,0,0,0,0,placeholders/placeholder-elementary-9.png,,0,0,0,0,1088,,K-12,"K, 1st, 2nd, 3rd, 4th, 5th, 6th, 7th, 8th, 9th, 10th, 11th, 12th"
001V400000tPCnq,Genesis Classical Academy,,,genesis-classical-academy-wa-99201,,"+1 480 789 9786",,https://www.genesisprep.org/,24 South Main Street,,Spokane,Spokane County,WA,"99201",US,47.65797110,-117.42353190,classical,genesis-classical-academy-wa-99201-fcapi-classicality-abstract.md,genesis-classical-academy-wa-99201-fcapi-classicality-audit.md,genesis-classical-academy-wa-99201-fcapi-classicality-audit.pdf,elementary-intermediate-secondary,Private School,Private,0,,,,,,,,,,,,,,,,,,,,,,,,,,,,,,0,,0,0,0,0,0,0,0,placeholders/placeholder-elementary-0.png,,0,0,0,0,1106,,K-12,"K, 1st, 2nd, 3rd, 4th, 5th, 6th, 7th, 8th, 9th, 10th, 11th, 12th"
001V400000tPCnr,Geneva Academy,,,geneva-academy-de-19960,office@genevaacademyofde.com,"+1 302 500 2087",,https://genevaacademyofde.com/,11146 Ponder Rd.,,Lincoln,Sussex County,DE,"19960",US,38.83508470,-75.39563250,classical,geneva-academy-de-19960-fcapi-classicality-abstract.md,geneva-academy-de-19960-fcapi-classicality-audit.md,geneva-academy-de-19960-fcapi-classicality-audit.pdf,elementary-intermediate-secondary,,,0,,,,,,,,,,,,,,,,,,,,,,,,,,,,,,0,,0,0,0,0,0,0,0,placeholders/placeholder-k12-5.png,,0,0,0,0,1107,,,
001V400000tPCns,Geneva Academy,,,geneva-academy-la-71291,elang@genevaclassical.org,"+1 318 537 5276",,https://genevaclassical.org/,715 Cypress St,,West Monroe,Ouachita Parish,LA,"71291",US,32.50552360,-92.13053130,classical,geneva-academy-la-71291-fcapi-classicality-abstract.md,geneva-academy-la-71291-fcapi-classicality-audit.md,geneva-academy-la-71291-fcapi-classicality-audit.pdf,elementary-intermediate-secondary,Private School,Private,0,,,,,,,,,,,,,,,,,,,,,,,,,,,,,,0,,0,0,0,0,0,0,0,placeholders/placeholder-elementary-1.png,,0,0,0,0,1108,,K-12,"K, 1st, 2nd, 3rd, 4th, 5th, 6th, 7th, 8th, 9th, 10th, 11th, 12th"
001V400000tPCpV,Geneva Academy,,,geneva-academy-or-97470,kshellard@genevaroseburg.com,"+1 541 637 7500",,https://genevaroseburg.com/,PO Box 1154,,Roseburg,Douglas County,OR,"97470",US,43.23390070,-123.37863110,classical,geneva-academy-or-97470-fcapi-classicality-abstract.md,geneva-academy-or-97470-fcapi-classicality-audit.md,geneva-academy-or-97470-fcapi-classicality-audit.pdf,elementary-intermediate-secondary,Private School,Private,0,,,,,,,,,,,,,,,,,,,,,,,,,,,,,,0,,0,0,0,0,0,0,0,placeholders/placeholder-elementary-2.png,,0,0,0,0,1109,,K-12,"K, 1st, 2nd, 3rd, 4th, 5th, 6th, 7th, 8th, 9th, 10th, 11th, 12th"
001V400000tPCpW,Geneva Academy,,,geneva-academy-oh-43311,,"+1 937 404 1949",,https://www.genevaacademy.org/,808 W. Columbus Ave.,,Bellefontaine,Logan County,OH,"43311",US,40.36240960,-83.77202560,classical,geneva-academy-oh-43311-fcapi-classicality-abstract.md,geneva-academy-oh-43311-fcapi-classicality-audit.md,geneva-academy-oh-43311-fcapi-classicality-audit.pdf,elementary-intermediate-secondary,Private School,Private,0,,,,,,,,,,,,,,,,,,,,,,,,,,,,,,0,,0,0,0,0,0,0,0,placeholders/placeholder-elementary-3.png,,0,0,0,0,1111,,K-12,"K, 1st, 2nd, 3rd, 4th, 5th, 6th, 7th, 8th, 9th, 10th, 11th, 12th"
001V400000tPCpX,Geneva Classical Academy,,,geneva-classical-academy-fl-33803,info@gcalakeland.org,"+1 863 644 1408",,https://gcalakeland.org/,1736 New Jersey Rd.,,Lakeland,Polk County,FL,"33803",US,28.01999350,-81.93210570,classical,geneva-classical-academy-fl-33803-fcapi-classicality-abstract.md,geneva-classical-academy-fl-33803-fcapi-classicality-audit.md,geneva-classical-academy-fl-33803-fcapi-classicality-audit.pdf,elementary-intermediate-secondary,Private School,Private,0,,,,,,,,,,,,,,,,,,,,,,,,,,,,,,0,,0,0,0,0,0,0,0,placeholders/placeholder-elementary-4.png,,0,0,0,0,1110,,K-12,"K, 1st, 2nd, 3rd, 4th, 5th, 6th, 7th, 8th, 9th, 10th, 11th, 12th"
001V400000tPCpY,Geneva School of Boerne,,,geneva-school-boerne-tx-78015,geneva@genevaschooltx.org,"+1 830 981 5500",,https://genevaschooltx.org/,113 Cascade Caverns Rd.,,Boerne,Kendall County,TX,"78015-8312",US,29.74956750,-98.69100500,classical,geneva-school-boerne-tx-78015-fcapi-classicality-abstract.md,geneva-school-boerne-tx-78015-fcapi-classicality-audit.md,geneva-school-boerne-tx-78015-fcapi-classicality-audit.pdf,elementary-intermediate-secondary,Private School,Private,0,,,,,,,,,,,,,,,,,,,,,,,,,,,,,,0,,0,0,0,0,0,0,0,placeholders/placeholder-elementary-5.png,,0,0,0,0,1113,,PK-12,"Pre-K, K, 1st, 2nd, 3rd, 4th, 5th, 6th, 7th, 8th, 9th, 10th, 11th, 12th"
001V400000tPCpZ,Geneva School of Manhattan,,,geneva-school-manhattan-ny-10024,rim.hinckley@genevaschool.net,"+1 201 600 4737",,https://genevaschool.net/,138 West 90th Street,,New York,New York County,NY,"10024",US,40.78970370,-73.97228790,classical,geneva-school-manhattan-ny-10024-fcapi-classicality-abstract.md,geneva-school-manhattan-ny-10024-fcapi-classicality-audit.md,geneva-school-manhattan-ny-10024-fcapi-classicality-audit.pdf,elementary-intermediate-secondary,Private School,Private,0,,,,,,,,,,,,,,,,,,,,,,,,,,,,,,0,,0,0,0,0,0,0,0,placeholders/placeholder-elementary-6.png,,0,0,0,0,1114,,PK-12,"Pre-K, K, 1st, 2nd, 3rd, 4th, 5th, 6th, 7th, 8th, 9th, 10th, 11th, 12th"
001V400000tPCpd,Glendale Preparatory Academy,001V400000tOBYR,Great Hearts America,glendale-preparatory-academy-az-85383,info@glendaleprep.org,"+1 480 424 1790",,https://glendaleprep.greatheartsamerica.org/,23276 N. 83rd Ave.,,Peoria,Maricopa County,AZ,"85383",US,33.69509440,-112.23862070,classical,glendale-preparatory-academy-az-85383-fcapi-classicality-abstract.md,glendale-preparatory-academy-az-85383-fcapi-classicality-audit.md,glendale-preparatory-academy-az-85383-fcapi-classicality-audit.pdf,intermediate-secondary,Charter,Public,0,,640,,,,,,,,,,,,,,,,,,,,,157,,,,,,,0,,0,0,0,0,0,0,0,placeholders/placeholder-intermediate-0.png,,0,0,0,0,152,,6-12,"6th, 7th, 8th, 9th, 10th, 11th, 12th"
001V400000tPCpe,Glenmore Christian Academy,,,glenmore-christian-academy-ab-ca-t2y4w2,,"+1 403 254 9050",,http://gcaschool.com,16520 24 Street Southwest,,Calgary,,AB,"T2Y 4W2",CA,50.93293120,-114.11777800,classical,glenmore-christian-academy-ab-ca-t2y4w2-fcapi-classicality-abstract.md,glenmore-christian-academy-ab-ca-t2y4w2-fcapi-classicality-audit.md,glenmore-christian-academy-ab-ca-t2y4w2-fcapi-classicality-audit.pdf,elementary-intermediate-secondary,,,0,,,,,,,,,,,,,,,,,,,,,,,,,,,,,,0,,0,0,0,0,0,0,0,placeholders/placeholder-k12-1.png,,0,0,0,0,5292,,,
001V400000tPCpf,Gloria Deo Academy,,,gloria-deo-academy-tx-78163,info@gda.academy,"+1 830 443 9737",,https://www.gda.academy/,1110 Bulverde Road,,Bulverde,,TX,"78163",US,29.77552750,-98.46007000,classical,gloria-deo-academy-tx-78163-fcapi-classicality-abstract.md,gloria-deo-academy-tx-78163-fcapi-classicality-audit.md,gloria-deo-academy-tx-78163-fcapi-classicality-audit.pdf,elementary-intermediate-secondary,Private School,Private School,0,,212,,,,,,,,,,,,,,,,,,,,,,,,,,,,1,,1,0,1,0,0,1,0,placeholders/placeholder-k12-2.png,,0,0,0,0,1124,,PK-12,"Pre-K, K, 1st, 2nd, 3rd, 4th, 5th, 6th, 7th, 8th, 9th, 10th, 11th, 12th"
001V400000tPL5D,"Gloria Deo Classical Christian Homeschool Cooperative, a Scholé Community",001V400000tOZKD,Schole Communities,gloria-deo-classical-christian-homeschool-cooperative-schole-community-rochester-ny,,"",,https://www.gloriadeocooperative.org,,,Rochester,,NY,"",US,43.15657790,-77.60884650,classical,gloria-deo-classical-christian-homeschool-cooperative-schole-community-rochester-ny-fcapi-classicality-abstract.md,gloria-deo-classical-christian-homeschool-cooperative-schole-community-rochester-ny-fcapi-classicality-audit.md,gloria-deo-classical-christian-homeschool-cooperative-schole-community-rochester-ny-fcapi-classicality-audit.pdf,elementary-intermediate-secondary,,,0,,,,,,,,,,,,,,,,,,,,,,,5479,,,,,,,0,,0,0,0,0,0,0,0,placeholders/placeholder-schole-1.png,,0,0,0,0,5527,,,
001V400000tPCpg,Glory Christian School,,,glory-christian-school-ok-73099,glorycsok@gmail.com,"+1 405 467 0768",,http://glorycs.com,817 N Cemetery Rd,,Yukon,,OK,"73099",US,35.47635390,-97.76099060,classical,glory-christian-school-ok-73099-fcapi-classicality-abstract.md,glory-christian-school-ok-73099-fcapi-classicality-audit.md,glory-christian-school-ok-73099-fcapi-classicality-audit.pdf,elementary-intermediate,,,0,,,,,,,,,,,,,,,,,,,,,,,,,,,,,,0,,0,0,0,0,0,0,0,placeholders/placeholder-elementary-6.png,,0,0,0,0,3186,,PK-9,"Pre-K, K, 1st, 2nd, 3rd, 4th, 5th, 6th, 7th, 8th, 9th"
001V400000tPL5F,Golden View Classical Academy,,,golden-view-classical-academy-co-80401,Office@GoldenViewClassical.org,"+1 720 598 6700",,https://goldenviewclassical.org/,601 Corporate Circle,,Golden,Jefferson County,CO,"80401",US,39.71885270,-105.19068290,classical,golden-view-classical-academy-co-80401-fcapi-classicality-abstract.md,golden-view-classical-academy-co-80401-fcapi-classicality-audit.md,golden-view-classical-academy-co-80401-fcapi-classicality-audit.pdf,elementary-intermediate-secondary,Charter,Public,0,,,,,,,,,,,,,,,,,,,,,,,,,,,,,,0,,0,0,0,0,0,0,0,placeholders/placeholder-elementary-8.png,,0,0,0,0,1126,,K-12,"K, 1st, 2nd, 3rd, 4th, 5th, 6th, 7th, 8th, 9th, 10th, 11th, 12th"
001V400000tPCpi,Good News School,,,good-news-school-pa-17049,,"+1 717 463 4030",,http://goodnewsonline.com,32868 Route 35 N,,McAlisterville,,PA,"17049",US,40.65657550,-77.21714050,classical,good-news-school-pa-17049-fcapi-classicality-abstract.md,good-news-school-pa-17049-fcapi-classicality-audit.md,good-news-school-pa-17049-fcapi-classicality-audit.pdf,elementary-intermediate-secondary,,,0,,,,,,,,,,,,,,,,,,,,,,,,,,,,,,0,,0,0,0,0,0,0,0,placeholders/placeholder-elementary-9.png,,0,0,0,0,5178,,K-12,"K, 1st, 2nd, 3rd, 4th, 5th, 6th, 7th, 8th, 9th, 10th, 11th, 12th"
001V400000tPL5G,Good Shepherd Academy,,,good-shepherd-academy-ca-91767,,"+1 909 817 3313",,https://www.thegoodshepherdacademy.org/,610 N. San Antonio Ave.,,Pomona,Los Angeles County,CA,"91767",US,34.06416470,-117.73625490,somewhat-classical,good-shepherd-academy-ca-91767-fcapi-classicality-abstract.md,good-shepherd-academy-ca-91767-fcapi-classicality-audit.md,good-shepherd-academy-ca-91767-fcapi-classicality-audit.pdf,elementary-intermediate-secondary,Private School,Private,0,,,,,,,,,,,,,,,,,,,,,,,,,,,,,,0,,0,0,0,0,0,0,0,placeholders/placeholder-elementary-0.png,,0,0,0,0,1127,,K-12,"K, 1st, 2nd, 3rd, 4th, 5th, 6th, 7th, 8th, 9th, 10th, 11th, 12th"
001V400000tPCpj,Good Shepherd Reformed Episcopal School,,,good-shepherd-reformed-episcopal-school-tx-75701,office@gsstyler.org,"+1 903 592 4045",,https://gsstyler.org/,2525 Old Jacksonville Hwy,,Tyler,Smith County,TX,"75701",US,32.32477400,-95.34168750,classical,good-shepherd-reformed-episcopal-school-tx-75701-fcapi-classicality-abstract.md,good-shepherd-reformed-episcopal-school-tx-75701-fcapi-classicality-audit.md,good-shepherd-reformed-episcopal-school-tx-75701-fcapi-classicality-audit.pdf,elementary-intermediate-secondary,Private School,Private,0,,,,,,,,,,,,,,,,,,,,,,,,,,,,,,0,,0,0,0,0,0,0,0,placeholders/placeholder-elementary-3.png,,0,0,0,0,1130,,PK-12,"Pre-K, K, 1st, 2nd, 3rd, 4th, 5th, 6th, 7th, 8th, 9th, 10th, 11th, 12th"
001V400000tPCpk,Good Shepherd School,,,good-shepherd-school-nv-89014,headmistress@goodshepherdhenderson.org,"+1 702 445 0223",,https://goodshepherdhenderson.org/about/,175 Cassia Way,,Henderson,,NV,"89014",US,36.04009450,-115.02751060,classical,good-shepherd-school-nv-89014-fcapi-classicality-abstract.md,good-shepherd-school-nv-89014-fcapi-classicality-audit.md,good-shepherd-school-nv-89014-fcapi-classicality-audit.pdf,elementary-intermediate-secondary,Private School,Private School,0,,,,,,,,,,,,,,,,,,,,,,,,,,,,,,1,,0,1,0,0,0,0,0,placeholders/placeholder-elementary-4.png,,0,0,0,0,1131,,K-12,"K, 1st, 2nd, 3rd, 4th, 5th, 6th, 7th, 8th, 9th, 10th, 11th, 12th"
001V400000tPCpl,Good Shepherd School Project,,,good-shepherd-school-project-nv-89014,headmistress@goodshepherdhenderson.info,"+1 702 445 0223",,https://goodshepherdhenderson.info/,275 Cassia Way Ste A111,,Henderson,Clark County,NV,"89014",US,36.04012130,-115.02745410,classical,good-shepherd-school-project-nv-89014-fcapi-classicality-abstract.md,good-shepherd-school-project-nv-89014-fcapi-classicality-audit.md,good-shepherd-school-project-nv-89014-fcapi-classicality-audit.pdf,elementary-intermediate-secondary,Private School,Private,0,,,,,,,,,,,,,,,,,,,,,,,,,,,,,,0,,0,0,0,0,0,0,0,placeholders/placeholder-elementary-6.png,,0,0,0,0,1132,,K-12,"K, 1st, 2nd, 3rd, 4th, 5th, 6th, 7th, 8th, 9th, 10th, 11th, 12th"
001V400000tPCpm,Grace & Truth Christian Academy,,,grace-truth-christian-academy-ok-73010,info@gracetruthca.org,"+1 405 485 3570",,https://gracetruthca.org/,1101 North Main St,,Blanchard,McClain County,OK,"73010",US,35.14657020,-97.65904970,classical,grace-truth-christian-academy-ok-73010-fcapi-classicality-abstract.md,grace-truth-christian-academy-ok-73010-fcapi-classicality-audit.md,grace-truth-christian-academy-ok-73010-fcapi-classicality-audit.pdf,elementary,Private School,Private,0,,,,,,,,,,,,,,,,,,,,,,,,,,,,,,0,,0,0,0,0,0,0,0,placeholders/placeholder-elementary-8.png,,0,0,0,0,1167,,PK-4,"Pre-K, K, 1st, 2nd, 3rd, 4th"
001V400000tPCpn,Grace Academy,,,grace-academy-ma-01104,office@graceacademyspringfield.org,"+1 413 241 7305",,https://graceacademyspringfield.org/,60 Bowles Park,,Springfield,Hampden County,MA,"01104",US,42.14459410,-72.56170550,classical,grace-academy-ma-01104-fcapi-classicality-abstract.md,grace-academy-ma-01104-fcapi-classicality-audit.md,grace-academy-ma-01104-fcapi-classicality-audit.pdf,elementary-intermediate-secondary,Private School,Private School,0,,71,,,,,,,,,,,,,,,,,,,,,,,,,,,,1,,1,0,1,0,0,0,0,placeholders/placeholder-elementary-9.png,,0,0,0,0,1135,,PK-12,"Pre-K, K, 1st, 2nd, 3rd, 4th, 5th, 6th, 7th, 8th, 9th, 10th, 11th, 12th"
001V400000tPCpo,Grace Academy,,,grace-academy-nc-28607,office@graceacademyboone.com,"+1 828 773 7830",,https://www.graceacademyboone.com,3505 Bamboo Rd.,,Boone,Watauga County,NC,"28607",US,36.19937710,-81.60815740,classical,grace-academy-nc-28607-fcapi-classicality-abstract.md,grace-academy-nc-28607-fcapi-classicality-audit.md,grace-academy-nc-28607-fcapi-classicality-audit.pdf,elementary-intermediate-secondary,Private School,Private,0,,,,,,,,,,,,,,,,,,,,,,,,,,,,,,0,,0,0,0,0,0,0,0,placeholders/placeholder-elementary-1.png,,0,0,0,0,1137,,K-10,"K, 1st, 2nd, 3rd, 4th, 5th, 6th, 7th, 8th, 9th, 10th"
001V400000tPCpp,Grace Academy,,,grace-academy-tx-78633,info@gracetx.org,"+1 512 864 9500",,https://gracetx.org/,225 Grace Blvd.,,Georgetown,Williamson County,TX,"78633",US,30.72282080,-97.66388950,classical,grace-academy-tx-78633-fcapi-classicality-abstract.md,grace-academy-tx-78633-fcapi-classicality-audit.md,grace-academy-tx-78633-fcapi-classicality-audit.pdf,elementary-intermediate-secondary,Private School,Private,0,,,,,,,,,,,,,,,,,,,,,,,,,,,,,,0,,0,0,0,0,0,0,0,placeholders/placeholder-elementary-2.png,,0,0,0,0,1138,,K-12,"K, 1st, 2nd, 3rd, 4th, 5th, 6th, 7th, 8th, 9th, 10th, 11th, 12th"
001V400000tPCpq,Grace Christian Academy,,,grace-christian-academy-nj-08093,administration@graceacademyccsj.com,"+1 315 771 5829",,https://graceacademyccsj.com/,1210 Hessian Ave.,,West Deptford,Gloucester County,NJ,"08093",US,39.86099420,-75.16478530,classical,grace-christian-academy-nj-08093-fcapi-classicality-abstract.md,grace-christian-academy-nj-08093-fcapi-classicality-audit.md,grace-christian-academy-nj-08093-fcapi-classicality-audit.pdf,elementary-intermediate-secondary,Private School,Private,0,,,,,,,,,,,,,,,,,,,,,,,,,,,,,,0,,0,0,0,0,0,0,0,placeholders/placeholder-elementary-5.png,,0,0,0,0,1141,,K-12,"K, 1st, 2nd, 3rd, 4th, 5th, 6th, 7th, 8th, 9th, 10th, 11th, 12th"
001V400000tPCpr,Grace Christian Academy,,,grace-christian-academy-nv-89423,gcaoffice@gcanv.com,"+1 775 782 7811",,https://gcanv.com/,2320 Heybourne Road,,Minden,Douglas County,NV,"89423",US,39.00754920,-119.76321410,classical,grace-christian-academy-nv-89423-fcapi-classicality-abstract.md,grace-christian-academy-nv-89423-fcapi-classicality-audit.md,grace-christian-academy-nv-89423-fcapi-classicality-audit.pdf,elementary-intermediate,Private School,Private,0,,,,,,,,,,,,,,,,,,,,,,,,,,,,,,0,,0,0,0,0,0,0,0,placeholders/placeholder-elementary-6.png,,0,0,0,0,1142,,K-8,"K, 1st, 2nd, 3rd, 4th, 5th, 6th, 7th, 8th"
001V400000tPCps,Grace Christian Academy,,,grace-christian-academy-ny-11566,gca@graceacademyli.com,"+1 516 379 2223",,https://graceacademyli.com/,36 Smith St,,Merrick,Nassau County,NY,"11566-3438",US,40.66645070,-73.55481170,classical,grace-christian-academy-ny-11566-fcapi-classicality-abstract.md,grace-christian-academy-ny-11566-fcapi-classicality-audit.md,grace-christian-academy-ny-11566-fcapi-classicality-audit.pdf,elementary-intermediate-secondary,Private School,Private,0,,,,,,,,,,,,,,,,,,,,,,,,,,,,,,0,,0,0,0,0,0,0,0,placeholders/placeholder-elementary-7.png,,0,0,0,0,1143,,K-12,"K, 1st, 2nd, 3rd, 4th, 5th, 6th, 7th, 8th, 9th, 10th, 11th, 12th"
001V400000tPCpt,Grace Classical Academy,,,grace-classical-academy-mo-65802,info@graceclassical.org,"+1 417 877 7910",,https://graceclassical.org/,2438 East Cherry St,,Springfield,Greene County,MO,"65802",US,37.20258590,-93.24693680,classical,grace-classical-academy-mo-65802-fcapi-classicality-abstract.md,grace-classical-academy-mo-65802-fcapi-classicality-audit.md,grace-classical-academy-mo-65802-fcapi-classicality-audit.pdf,elementary-intermediate-secondary,Private School,Private,0,,,,,,,,,,,,,,,,,,,,,,,,,,,,,,0,,0,0,0,0,0,0,0,placeholders/placeholder-elementary-3.png,,0,0,0,0,1152,,PK-12,"Pre-K, K, 1st, 2nd, 3rd, 4th, 5th, 6th, 7th, 8th, 9th, 10th, 11th, 12th"
001V400000tPCpu,Grace Classical Academy of Ocala,,,grace-classical-academy-ocala-fl-34476,info@gcaocala.org,"+1 352 303 1081",,https://gcaocala.org,7637 SW 103rd Loop,,Ocala,,FL,"34476",US,29.07218900,-82.24885570,classical,grace-classical-academy-ocala-fl-34476-fcapi-classicality-abstract.md,grace-classical-academy-ocala-fl-34476-fcapi-classicality-audit.md,grace-classical-academy-ocala-fl-34476-fcapi-classicality-audit.pdf,elementary-intermediate-secondary,,,0,,,,,,,,,,,,,,,,,,,,,,,,,,,,,,0,,0,0,0,0,0,0,0,placeholders/placeholder-elementary-4.png,,0,0,0,0,3190,,,
001V400000tPCpv,Grace Classical Academy – Bel Air,,,grace-classical-academy-bel-air-md-21015,,"+1 410 734 6111",,http://oakgroveclassical.org,2106 E CHURCHVILLE RD,,Bel Air,,MD,"21015",US,39.55485180,-76.28808640,classical,grace-classical-academy-bel-air-md-21015-fcapi-classicality-abstract.md,grace-classical-academy-bel-air-md-21015-fcapi-classicality-audit.md,grace-classical-academy-bel-air-md-21015-fcapi-classicality-audit.pdf,elementary-intermediate-secondary,,,0,,,,,,,,,,,,,,,,,,,,,,,,,,,,,,0,,0,0,0,0,0,0,0,placeholders/placeholder-elementary-5.png,,0,0,0,0,5171,,K-12,"K, 1st, 2nd, 3rd, 4th, 5th, 6th, 7th, 8th, 9th, 10th, 11th, 12th"
001V400000tPCpw,Grace Classical Christian Academy,,,grace-classical-christian-academy-tx-76048,graceclassical.office@gmail.com,"+1 817 771 4951",,https://www.graceclassical.com/,1851 Weatherford Highway,,Granbury,Hood County,TX,"76048",US,32.43571900,-97.79783810,classical,grace-classical-christian-academy-tx-76048-fcapi-classicality-abstract.md,grace-classical-christian-academy-tx-76048-fcapi-classicality-audit.md,grace-classical-christian-academy-tx-76048-fcapi-classicality-audit.pdf,elementary-intermediate-secondary,Private School,Private,0,,,,,,,,,,,,,,,,,,,,,,,,,,,,,,0,,0,0,0,0,0,0,0,placeholders/placeholder-elementary-6.png,,0,0,0,0,1153,,K-12,"K, 1st, 2nd, 3rd, 4th, 5th, 6th, 7th, 8th, 9th, 10th, 11th, 12th"
001V400000tPCpy,Grace Classical School,,,grace-classical-school-nc-28540,ahicks.gcs@gmail.com,"+1 910 526 0718",,https://graceclassicalschool.com/,903 Henderson Dr.,,Jacksonville,Onslow County,NC,"28540",US,34.77808370,-77.42761630,classical,grace-classical-school-nc-28540-fcapi-classicality-abstract.md,grace-classical-school-nc-28540-fcapi-classicality-audit.md,grace-classical-school-nc-28540-fcapi-classicality-audit.pdf,elementary-intermediate-secondary,Private School,Private,0,,,,,,,,,,,,,,,,,,,,,,,,,,,,,,0,,0,0,0,0,0,0,0,placeholders/placeholder-elementary-9.png,,0,0,0,0,1156,,PK-12,"Pre-K, K, 1st, 2nd, 3rd, 4th, 5th, 6th, 7th, 8th, 9th, 10th, 11th, 12th"
001V400000tPCpz,Grace Community Classical School,,,grace-community-classical-school-tx,,"+1 903 566 0036",,http://graceytyler.org,3001 University Boulevard,,Tyler,,TX,"75701",US,32.31058070,-95.26051770,classical,grace-community-classical-school-tx-fcapi-classicality-abstract.md,grace-community-classical-school-tx-fcapi-classicality-audit.md,grace-community-classical-school-tx-fcapi-classicality-audit.pdf,elementary-intermediate-secondary,,,0,,,,,,,,,,,,,,,,,,,,,,,,,,,,,,0,,0,0,0,0,0,0,0,placeholders/placeholder-k12-7.png,,0,0,0,0,5249,,,
001V400000tPCq0,Grace Lutheran Classical Academy,,,grace-lutheran-classical-academy-nv-89052,,"",,https://www.gracelutheranhenderson.org/glca,2657 W. Horizon Ridge Parkway,,Henderson,,NV,"89052",US,36.00037560,-115.10216230,classical,grace-lutheran-classical-academy-nv-89052-fcapi-classicality-abstract.md,grace-lutheran-classical-academy-nv-89052-fcapi-classicality-audit.md,grace-lutheran-classical-academy-nv-89052-fcapi-classicality-audit.pdf,elementary-intermediate-secondary,,,0,,,,,,,,,,,,,,,,,,,,,,,,,,,,,,0,,0,0,0,0,0,0,0,placeholders/placeholder-elementary-4.png,,0,0,0,0,5293,,K-12,"K, 1st, 2nd, 3rd, 4th, 5th, 6th, 7th, 8th, 9th, 10th, 11th, 12th"
001V400000tPCq1,Grace Lutheran School,,,grace-lutheran-school-tx-77833,,"+1 979 836 2030",,https://www.glsbrenham.com/,1212 West Jefferson Street,,Brenham,Washington County,TX,"77833",US,30.16902800,-96.41488340,classical,grace-lutheran-school-tx-77833-fcapi-classicality-abstract.md,grace-lutheran-school-tx-77833-fcapi-classicality-audit.md,grace-lutheran-school-tx-77833-fcapi-classicality-audit.pdf,elementary-intermediate-secondary,Private School,Private,0,,,,,,,,,,,,,,,,,,,,,,,,,,,,,,0,,0,0,0,0,0,0,0,placeholders/placeholder-elementary-5.png,,0,0,0,0,1161,,PK-12,"Pre-K, K, 1st, 2nd, 3rd, 4th, 5th, 6th, 7th, 8th, 9th, 10th, 11th, 12th"
001V400000tPCq2,Grace Point Academy,,,grace-point-academy-wa-98022,gpacademy@gracepointnw.org,"+1 360 825 1314",,https://www.theacademyatgp.org,28121 Se 448th St,,Enumclaw,,WA,"98022",US,47.19866160,-121.96664270,classical,grace-point-academy-wa-98022-fcapi-classicality-abstract.md,grace-point-academy-wa-98022-fcapi-classicality-audit.md,grace-point-academy-wa-98022-fcapi-classicality-audit.pdf,elementary-intermediate,,,0,,,,,,,,,,,,,,,,,,,,,,,,,,,,,,0,,0,0,0,0,0,0,0,placeholders/placeholder-elementary-6.png,,0,0,0,0,3193,,K-6,"K, 1st, 2nd, 3rd, 4th, 5th, 6th"
001V400000tPCq3,Grace River Academy,,,grace-river-academy-va-23464,,"+1 757 214 4758",,https://www.graceriveracademy.org/,5045 Indian River Road,,Virginia Beach,,VA,"23464",US,36.78646740,-76.16392480,classical,grace-river-academy-va-23464-fcapi-classicality-abstract.md,grace-river-academy-va-23464-fcapi-classicality-audit.md,grace-river-academy-va-23464-fcapi-classicality-audit.pdf,elementary,Private School,Private,0,,,,,,,,,,,,,,,,,,,,,,,,,,,,,,0,,0,0,0,0,0,0,0,placeholders/placeholder-elementary-0.png,,0,0,0,0,1166,,K-2,"K, 1st, 2nd"
001V400000tPCq4,Grace University,,,grace-university-tx-75701,,"",,https://www.gracetyler.org/,3105 University Blvd,,Tyler,,TX,"75701",US,32.31083150,-95.25901340,classical,grace-university-tx-75701-fcapi-classicality-abstract.md,grace-university-tx-75701-fcapi-classicality-audit.md,grace-university-tx-75701-fcapi-classicality-audit.pdf,elementary-intermediate-secondary,,,0,,,,,,,,,,,,,,,,,,,,,,,,,,,,,,0,,0,0,0,0,0,0,0,placeholders/placeholder-elementary-1.png,,0,0,0,0,5248,,K-12,"K, 1st, 2nd, 3rd, 4th, 5th, 6th, 7th, 8th, 9th, 10th, 11th, 12th"
001V400000tPCq5,Grace and Truth Classical Cooperative: A Scholé Group,001V400000tOZKD,Schole Communities,grace-truth-classical-cooperative-schole-group-mentone-al,,"",,https://www.facebook.com/groups/558649968856622,,,Mentone,,AL,"",US,34.57917390,-85.59006700,classical,grace-truth-classical-cooperative-schole-group-mentone-al-fcapi-classicality-abstract.md,grace-truth-classical-cooperative-schole-group-mentone-al-fcapi-classicality-audit.md,grace-truth-classical-cooperative-schole-group-mentone-al-fcapi-classicality-audit.pdf,elementary-intermediate-secondary,,,0,,,,,,,,,,,,,,,,,,,,,,,5479,,,,,,,0,,0,0,0,0,0,0,0,placeholders/placeholder-schole-1.png,,0,0,0,0,5493,,,
001V400000tPCq6,Grand County Christian Academy,,,grand-county-christian-academy-co-80478,sbeckerle@wpcc4him.org,"+1 970 887 9784",,https://wpcc4him.org/,274 Ponderosa Trail,,Tabernash,Grand County,CO,"80478",US,39.99321740,-105.86574550,classical,grand-county-christian-academy-co-80478-fcapi-classicality-abstract.md,grand-county-christian-academy-co-80478-fcapi-classicality-audit.md,grand-county-christian-academy-co-80478-fcapi-classicality-audit.pdf,elementary-intermediate-secondary,Private School,Private,0,,,,,,,,,,,,,,,,,,,,,,,,,,,,,,0,,0,0,0,0,0,0,0,placeholders/placeholder-elementary-4.png,,0,0,0,0,1169,,K-12,"K, 1st, 2nd, 3rd, 4th, 5th, 6th, 7th, 8th, 9th, 10th, 11th, 12th"
001V400000tPCq8,Granite Classical Tutorials Timonium,001V400000tOBYK,Granite Classical Tutorials,granite-classical-tutorials-timonium-md-21093,,"",,https://www.graniteclassical.org/timonium/,2122 W Joppa Rd,,Timonium,,MD,"21093",US,39.41562370,-76.65823680,classical,granite-classical-tutorials-timonium-md-21093-fcapi-classicality-abstract.md,granite-classical-tutorials-timonium-md-21093-fcapi-classicality-audit.md,granite-classical-tutorials-timonium-md-21093-fcapi-classicality-audit.pdf,elementary-intermediate,Private School,Private School,0,,91,,,,,,,,,,,,,,,,,,,,,5437,,,,,,,1,,1,0,1,1,0,0,0,placeholders/placeholder-elementary-8.png,,0,0,0,0,1173,,K-8,"K, 1st, 2nd, 3rd, 4th, 5th, 6th, 7th, 8th"
001V400000tPCqA,Great Hearts Christian Academies Gilbert,001V400000tOBYR,Great Hearts America,great-hearts-christian-academies-gilbert-az-85233,,"+1 855 855 6546",,https://christosgilbert.greatheartsamerica.org/,1820 West Elliot Road,,Mesa,Maricopa County,AZ,"85233",US,33.35362040,-111.82882950,classical,great-hearts-christian-academies-gilbert-az-85233-fcapi-classicality-abstract.md,great-hearts-christian-academies-gilbert-az-85233-fcapi-classicality-audit.md,great-hearts-christian-academies-gilbert-az-85233-fcapi-classicality-audit.pdf,elementary,Charter,Public,0,,,,,,,,,,,,,,,,,,,,,,,157,,,,,,,0,,0,0,0,0,0,0,0,placeholders/placeholder-elementary-3.png,,0,0,0,0,155,,K-5,"K, 1st, 2nd, 3rd, 4th, 5th"
001V400000tPCqB,Great Hearts Christian Academies Maryvale,001V400000tOBYR,Great Hearts America,great-hearts-christian-academies-maryvale-az-85031,,"+1 602 833 6708",,https://christosmaryvale.greatheartsamerica.org,3950 North 53rd Ave.,,Phoenix,Maricopa County,AZ,"85031",US,33.49330190,-112.17408570,classical,great-hearts-christian-academies-maryvale-az-85031-fcapi-classicality-abstract.md,great-hearts-christian-academies-maryvale-az-85031-fcapi-classicality-audit.md,great-hearts-christian-academies-maryvale-az-85031-fcapi-classicality-audit.pdf,elementary,Charter,Public,0,,,,,,,,,,,,,,,,,,,,,,,157,,,,,,,0,,0,0,0,0,0,0,0,placeholders/placeholder-virtual-0.png,,0,0,0,0,5465,,K-5,"K, 1st, 2nd, 3rd, 4th, 5th"
001V400000tPCqC,Great Hearts Christos,001V400000tOBYR,Great Hearts America,great-hearts-christos-az-85015,,"+1 602 819 4796",,https://christos.greatheartsamerica.org/,1830 West Glenrosa Avenue,,Phoenix,Maricopa County,AZ,"85015",US,33.49955390,-112.09891600,classical,great-hearts-christos-az-85015-fcapi-classicality-abstract.md,great-hearts-christos-az-85015-fcapi-classicality-audit.md,great-hearts-christos-az-85015-fcapi-classicality-audit.pdf,elementary-intermediate-secondary,Charter,Public,0,,,,,,,,,,,,,,,,,,,,,,,157,,,,,,,0,,0,0,0,0,0,0,0,placeholders/placeholder-elementary-4.png,,0,0,0,0,156,,K-12,"K, 1st, 2nd, 3rd, 4th, 5th, 6th, 7th, 8th, 9th, 10th, 11th, 12th"
001V400000tPCqE,Great Hearts Forest Heights,001V400000tOBYR,Great Hearts America,great-hearts-forest-heights-tx-78240,Jennifer.Ramirez@GreatHeartsForestHeights.org,"+1 210 892 3665",,https://greatheartsforestheights.org/,5538 Research Rd.,,San Antonio,Bexar County,TX,"78240",US,29.54310080,-98.58758840,classical,great-hearts-forest-heights-tx-78240-fcapi-classicality-abstract.md,great-hearts-forest-heights-tx-78240-fcapi-classicality-audit.md,great-hearts-forest-heights-tx-78240-fcapi-classicality-audit.pdf,elementary-intermediate-secondary,Charter,Public,0,,,,,,,,,,,,,,,,,,,,,,,157,,,,,,,0,,0,0,0,0,0,0,0,placeholders/placeholder-elementary-6.png,,0,0,0,0,158,,K-12,"K, 1st, 2nd, 3rd, 4th, 5th, 6th, 7th, 8th, 9th, 10th, 11th, 12th"
001V400000tPCqF,Great Hearts Harveston,001V400000tOBYR,Great Hearts America,great-hearts-harveston-la-70810,,"+1 225 416 7611",,https://harveston.greatheartsamerica.org/,11801 Bluebonnet Boulevard,,Harveston,East Baton Rouge Parish,LA,"70810",US,30.33524450,-91.13158780,classical,great-hearts-harveston-la-70810-fcapi-classicality-abstract.md,great-hearts-harveston-la-70810-fcapi-classicality-audit.md,great-hearts-harveston-la-70810-fcapi-classicality-audit.pdf,elementary-intermediate,Charter,Public,0,,,,,,,,,,,,,,,,,,,,,,,157,,,,,,,0,,0,0,0,0,0,0,0,placeholders/placeholder-elementary-7.png,,0,0,0,0,159,,K-7,"K, 1st, 2nd, 3rd, 4th, 5th, 6th, 7th"
001V400000tPCqG,Great Hearts Invictus,001V400000tOBYR,Great Hearts America,great-hearts-invictus-tx-78023,,"+1 210 899 1118",,https://invictus.greatheartsamerica.org/,12018 Bandera Road,,Helotes,Bexar County,TX,"78023",US,29.55863950,-98.66896050,classical,great-hearts-invictus-tx-78023-fcapi-classicality-abstract.md,great-hearts-invictus-tx-78023-fcapi-classicality-audit.md,great-hearts-invictus-tx-78023-fcapi-classicality-audit.pdf,elementary-intermediate,Charter,Public,0,,,,,,,,,,,,,,,,,,,,,,,157,,,,,,,0,,0,0,0,0,0,0,0,placeholders/placeholder-elementary-8.png,,0,0,0,0,160,,K-8,"K, 1st, 2nd, 3rd, 4th, 5th, 6th, 7th, 8th"
001V400000tPCqH,Great Hearts Irving Lower School,001V400000tOBYR,Great Hearts America,great-hearts-irving-lower-school-tx-75038,,"+1 469 759 3030",,https://irving.greatheartsamerica.org/,3350 W. Story Rd.,,Irving,,TX,"75038",US,32.87085000,-96.99102700,classical,great-hearts-irving-lower-school-tx-75038-fcapi-classicality-abstract.md,great-hearts-irving-lower-school-tx-75038-fcapi-classicality-audit.md,great-hearts-irving-lower-school-tx-75038-fcapi-classicality-audit.pdf,elementary-intermediate-secondary,Charter,Public,0,,,,,,,,,,,,,,,,,,,,,,,157,,,,,,,0,,0,0,0,0,0,0,0,placeholders/placeholder-elementary-9.png,,0,0,0,0,161,,K-12,"K, 1st, 2nd, 3rd, 4th, 5th, 6th, 7th, 8th, 9th, 10th, 11th, 12th"
001V400000tPCqI,Great Hearts Lakeside Lower Campus,001V400000tOBYR,Great Hearts America,great-hearts-lakeside-tx-76123,jennifer.sande@greatheartslakeside.org,"+1 817 409 9098",,https://lakeside.greatheartsamerica.org,7633 Harris Parkway,,Lakeside,Tarrant County,TX,"76123",US,32.63743860,-97.41749480,classical,great-hearts-lakeside-tx-76123-fcapi-classicality-abstract.md,great-hearts-lakeside-tx-76123-fcapi-classicality-audit.md,great-hearts-lakeside-tx-76123-fcapi-classicality-audit.pdf,elementary-intermediate,Charter,Public,0,,,,,,,,,,,,,,,,,,,,,,,157,,,,,,,0,,0,0,0,0,0,0,0,placeholders/placeholder-elementary-0.png,,0,0,0,0,162,,K-8,"K, 1st, 2nd, 3rd, 4th, 5th, 6th, 7th, 8th"
001V400000tPCqJ,Great Hearts Lakeside Upper Campus,001V400000tOBYR,Great Hearts America,great-hearts-lakeside-upper-tx-76123,jennifer.sande@greatheartslakeside.org,"+1 817 409 9098",,https://lakeside.greatheartsamerica.org,7655 Harris Parkway,,Lakeside,Tarrant County,TX,"76123",US,32.63628320,-97.41721510,classical,great-hearts-lakeside-upper-tx-76123-fcapi-classicality-abstract.md,great-hearts-lakeside-upper-tx-76123-fcapi-classicality-audit.md,great-hearts-lakeside-upper-tx-76123-fcapi-classicality-audit.pdf,elementary-intermediate,Charter,Public,0,,,,,,,,,,,,,,,,,,,,,,,157,,,,,,,0,,0,0,0,0,0,0,0,placeholders/placeholder-virtual-1.png,,0,0,0,0,5466,,K-8,"K, 1st, 2nd, 3rd, 4th, 5th, 6th, 7th, 8th"
001V400000tPCqK,Great Hearts Live Oak,001V400000tOBYR,Great Hearts America,great-hearts-live-oak-tx-78233,,"+1 210 888 9474",,https://liveoak.greatheartsamerica.org/,7653 North Loop 1604 East,,San Antonio,Bexar County,TX,"78233",US,29.57391780,-98.33525020,classical,great-hearts-live-oak-tx-78233-fcapi-classicality-abstract.md,great-hearts-live-oak-tx-78233-fcapi-classicality-audit.md,great-hearts-live-oak-tx-78233-fcapi-classicality-audit.pdf,elementary-intermediate-secondary,Charter,Public,0,,,,,,,,,,,,,,,,,,,,,,,157,,,,,,,0,,0,0,0,0,0,0,0,placeholders/placeholder-elementary-1.png,,0,0,0,0,164,,K-10,"K, 1st, 2nd, 3rd, 4th, 5th, 6th, 7th, 8th, 9th, 10th"
001V400000tPCqL,Great Hearts Monte Vista - North,001V400000tOBYR,Great Hearts America,great-hearts-monte-vista-north-tx-78212,,"+1 210 888 9485",,https://montevista.greatheartsamerica.org/,319 East Mulberry Avenue,,San Antonio,Bexar County,TX,"78212",US,29.45707600,-98.48756640,classical,great-hearts-monte-vista-north-tx-78212-fcapi-classicality-abstract.md,great-hearts-monte-vista-north-tx-78212-fcapi-classicality-audit.md,great-hearts-monte-vista-north-tx-78212-fcapi-classicality-audit.pdf,elementary,Charter,Public,0,,,,,,,,,,,,,,,,,,,,,,,157,,,,,,,0,,0,0,0,0,0,0,0,placeholders/placeholder-elementary-2.png,,0,0,0,0,165,,K-5,"K, 1st, 2nd, 3rd, 4th, 5th"
001V400000tPCqM,Great Hearts Monte Vista - South,001V400000tOBYR,Great Hearts America,great-hearts-monte-vista-south-tx-78212,,"+1 210 888 9485",,https://greatheartsmontevista.greatheartsacademies.org/,211 Belknap Pl,,San Antonio,Bexar County,TX,"78212",US,29.45707600,-98.48756640,classical,great-hearts-monte-vista-south-tx-78212-fcapi-classicality-abstract.md,great-hearts-monte-vista-south-tx-78212-fcapi-classicality-audit.md,great-hearts-monte-vista-south-tx-78212-fcapi-classicality-audit.pdf,elementary,Charter,Public,0,,,,,,,,,,,,,,,,,,,,,,,157,,,,,,,0,,0,0,0,0,0,0,0,placeholders/placeholder-elementary-3.png,,0,0,0,0,166,,K-5,"K, 1st, 2nd, 3rd, 4th, 5th"
001V400000tPCqN,Great Hearts Northern Oaks,001V400000tOBYR,Great Hearts America,great-hearts-northern-oaks-tx-78247,,"+1 210 888 9483",,https://northernoaks.greatheartsamerica.org/,17223 Jones Maltsberger Road,,San Antonio,Bexar County,TX,"78247",US,29.59826700,-98.42308120,classical,great-hearts-northern-oaks-tx-78247-fcapi-classicality-abstract.md,great-hearts-northern-oaks-tx-78247-fcapi-classicality-audit.md,great-hearts-northern-oaks-tx-78247-fcapi-classicality-audit.pdf,elementary-intermediate-secondary,Charter,Public,0,,,,,,,,,,,,,,,,,,,,,,,157,,,,,,,0,,0,0,0,0,0,0,0,placeholders/placeholder-elementary-4.png,,0,0,0,0,167,,K-12,"K, 1st, 2nd, 3rd, 4th, 5th, 6th, 7th, 8th, 9th, 10th, 11th, 12th"
001V400000tPCqO,Great Hearts Online,001V400000tOBYR,Great Hearts America,great-hearts-online-az-85034,info@greatheartsonline.org,"+1 855 855 6546",,https://greatheartsonline.org,4717 East Hilton Ave. Suite 300,,Phoenix,Maricopa County,AZ,"85034",US,33.42640030,-111.97997650,classical,great-hearts-online-az-85034-fcapi-classicality-abstract.md,great-hearts-online-az-85034-fcapi-classicality-audit.md,great-hearts-online-az-85034-fcapi-classicality-audit.pdf,elementary-intermediate-secondary,Charter,Public,0,,,,,,,,,,,,,,,,,,,,,,,157,,,,,,,0,,0,0,0,0,0,0,0,placeholders/placeholder-virtual-2.png,,0,0,0,0,5456,,K-12,"K, 1st, 2nd, 3rd, 4th, 5th, 6th, 7th, 8th, 9th, 10th, 11th, 12th"
001V400000tPCqQ,Great Hearts Online: National Academy at Arizona,001V400000tOBYR,Great Hearts America,great-hearts-online-az,info@greatheartsonline.org,"+1 855 855 6546",,https://greatheartsonline.org/,4717 East Hilton Ave. Suite 300,,Phoenix,Maricopa County,AZ,"85034",US,33.42640030,-111.97997650,classical,great-hearts-online-az-fcapi-classicality-abstract.md,great-hearts-online-az-fcapi-classicality-audit.md,great-hearts-online-az-fcapi-classicality-audit.pdf,elementary-intermediate-secondary,Charter,Public,0,,,,,,,,,,,,,,,,,,,,,,,157,,,,,,,0,,0,0,0,0,0,0,0,placeholders/placeholder-virtual-1.png,,0,0,0,0,5468,,K-12,"K, 1st, 2nd, 3rd, 4th, 5th, 6th, 7th, 8th, 9th, 10th, 11th, 12th"
001V400000tPCqR,Great Hearts Online: Texas Academy,001V400000tOBYR,Great Hearts America,great-hearts-online-tx,info@greatheartsonline.org,"+1 855 855 6546",,https://greatheartsonline.org/gho-texas/,12500 San Pedro Ave. Suite 500,,San Antonio,,TX,"78216",US,29.55586280,-98.48429050,classical,great-hearts-online-tx-fcapi-classicality-abstract.md,great-hearts-online-tx-fcapi-classicality-audit.md,great-hearts-online-tx-fcapi-classicality-audit.pdf,elementary-intermediate-secondary,Charter,Public,0,,,,,,,,,,,,,,,,,,,,,,,157,,,,,,,0,,0,0,0,0,0,0,0,placeholders/placeholder-virtual-2.png,,0,0,0,0,5467,,K-12,"K, 1st, 2nd, 3rd, 4th, 5th, 6th, 7th, 8th, 9th, 10th, 11th, 12th"
001V400000tPCqT,Great Hearts Prairie View,001V400000tOBYR,Great Hearts America,great-hearts-prairie-view-tx-76131,,"+1 817 259 0738",,https://prairieview.greatheartsamerica.org/,9001 NW Hwy 287,,Ft. Worth,Waller County,TX,"76131",US,32.89793110,-97.33382460,classical,great-hearts-prairie-view-tx-76131-fcapi-classicality-abstract.md,great-hearts-prairie-view-tx-76131-fcapi-classicality-audit.md,great-hearts-prairie-view-tx-76131-fcapi-classicality-audit.pdf,elementary-intermediate,Charter,Public,0,,,,,,,,,,,,,,,,,,,,,,,157,,,,,,,0,,0,0,0,0,0,0,0,placeholders/placeholder-elementary-5.png,,0,0,0,0,168,,K-8,"K, 1st, 2nd, 3rd, 4th, 5th, 6th, 7th, 8th"
001V400000tPCqU,Great Hearts Roosevelt,001V400000tOBYR,Great Hearts America,great-hearts-roosevelt-az-85326,chakiel@greatheartsroosevelt.org,"+1 623 344 8003",,https://roosevelt.greatheartsamerica.org/,555 S. Jackrabbit Tr,,Buckeye,,AZ,"85326",US,33.44224610,-112.47588190,classical,great-hearts-roosevelt-az-85326-fcapi-classicality-abstract.md,great-hearts-roosevelt-az-85326-fcapi-classicality-audit.md,great-hearts-roosevelt-az-85326-fcapi-classicality-audit.pdf,elementary-intermediate-secondary,,,0,,1000,,,,,,,,,,,,,,,,,,,,,157,,,,,,,0,,0,1,0,0,1,0,0,placeholders/placeholder-elementary-6.png,,0,0,0,0,170,,K-10,"K, 1st, 2nd, 3rd, 4th, 5th, 6th, 7th, 8th, 9th, 10th"
001V400000tPCqV,Great Hearts Western Hills,001V400000tOBYR,Great Hearts America,great-hearts-western-hills-tx-78245,,"+1 210 888 9488",,https://westernhills.greatheartsamerica.org/,8702 Ingram Rd.,,San Antonio,Bexar County,TX,"78245",US,29.44389330,-98.65302490,classical,great-hearts-western-hills-tx-78245-fcapi-classicality-abstract.md,great-hearts-western-hills-tx-78245-fcapi-classicality-audit.md,great-hearts-western-hills-tx-78245-fcapi-classicality-audit.pdf,elementary-intermediate-secondary,Charter,Public,0,,,,,,,,,,,,,,,,,,,,,,,157,,,,,,,0,,0,0,0,0,0,0,0,placeholders/placeholder-elementary-7.png,,0,0,0,0,173,,K-10,"K, 1st, 2nd, 3rd, 4th, 5th, 6th, 7th, 8th, 9th, 10th"
001V400000tPCqZ,Greenleaf Friends Academy,,,greenleaf-friends-academy-id-83626,office@gfaschools.org,"+1 208 459 6346",,https://gfaschools.org/,20565 Academy Rd.,,Greenleaf,Canyon County,ID,"83626",US,43.67107500,-116.82088100,classical,greenleaf-friends-academy-id-83626-fcapi-classicality-abstract.md,greenleaf-friends-academy-id-83626-fcapi-classicality-audit.md,greenleaf-friends-academy-id-83626-fcapi-classicality-audit.pdf,elementary-intermediate-secondary,Private School,Private,0,,,,,,,,,,,,,,,,,,,,,,,,,,,,,,0,,0,0,0,0,0,0,0,placeholders/placeholder-elementary-3.png,,0,0,0,0,1181,,PK-12,"Pre-K, K, 1st, 2nd, 3rd, 4th, 5th, 6th, 7th, 8th, 9th, 10th, 11th, 12th"
001V400000tPCqa,Greenville Classical Academy,,,greenville-classical-academy-sc-29607,office@greenvilleclassical.com,"+1 864 329 9884",,https://greenvilleclassical.com/,400 Brookfield Parkway,,Greenville,Greenville County,SC,"29607",US,34.81231970,-82.28344900,classical,greenville-classical-academy-sc-29607-fcapi-classicality-abstract.md,greenville-classical-academy-sc-29607-fcapi-classicality-audit.md,greenville-classical-academy-sc-29607-fcapi-classicality-audit.pdf,elementary-intermediate-secondary,Private School,Private,0,,,,,,,,,,,,,,,,,,,,,,,,,,,,,,0,,0,0,0,0,0,0,0,placeholders/placeholder-elementary-5.png,,0,0,0,0,33,,PK-12,"Pre-K, K, 1st, 2nd, 3rd, 4th, 5th, 6th, 7th, 8th, 9th, 10th, 11th, 12th"
001V400000tPCqb,Greenwich Academy,001V400000tOBYS,Greenwich Classical Academies,greenwich-classical-academy-ct-06830,,"+1 203 249 5111",,http://greenwichacademy.org,200 North Maple Ave.,,Greenwich,,CT,"06830",US,41.04166470,-73.62749720,classical,greenwich-classical-academy-ct-06830-fcapi-classicality-abstract.md,greenwich-classical-academy-ct-06830-fcapi-classicality-audit.md,greenwich-classical-academy-ct-06830-fcapi-classicality-audit.pdf,elementary-intermediate-secondary,,,0,,,,,,,,,,,,,,,,,,,,,,,5647,,,,,,,0,,0,0,0,0,0,0,0,placeholders/placeholder-elementary-6.png,,0,0,0,0,5185,,,
001V400000tPCqc,Greenwich Academy Molly H King Campus,001V400000tOBYS,Greenwich Classical Academies,greenwich-classical-academy-molly-king-campus-ct-06830,,"+1 203 249 5111",,http://greenwichacademy.org,16 Ridgeview Ave.,,Greenwich,,CT,"06830",US,41.04166470,-73.62749720,classical,greenwich-classical-academy-molly-king-campus-ct-06830-fcapi-classicality-abstract.md,greenwich-classical-academy-molly-king-campus-ct-06830-fcapi-classicality-audit.md,greenwich-classical-academy-molly-king-campus-ct-06830-fcapi-classicality-audit.pdf,elementary-intermediate-secondary,,,0,,,,,,,,,,,,,,,,,,,,,,,5647,,,,,,,0,,0,0,0,0,0,0,0,placeholders/placeholder-virtual-2.png,,0,0,0,0,5424,,,
001V400000tOBYS,Greenwich Classical Academies,,Greenwich Classical Academies,greenwich-classical-academies-ct-06830,,"+1 203 249 5111",,http://greenwichacademy.org,200 North Maple Ave.,,Greenwich,,CT,"06830",US,41.04166470,-73.62749720,classical,greenwich-classical-academies-ct-06830-fcapi-classicality-abstract.md,greenwich-classical-academies-ct-06830-fcapi-classicality-audit.md,greenwich-classical-academies-ct-06830-fcapi-classicality-audit.pdf,elementary-intermediate-secondary,,,0,,,,,,,,,,,,,,,,,,,,,,,,,,,,,,0,,0,0,0,0,0,0,0,placeholders/placeholder-elementary-6.png,,0,0,0,0,5647,,,
001V400000tPCqd,Greyfriars Classical Academy,,,greyfriars-classical-academy-nc-28105,info@GreyfriarsClassical.org,"+1 704 906 4093",,https://greyfriarsclassical.org/,2701 Rice Rd.,,Matthews,Mecklenburg County,NC,"28105",US,35.13998700,-80.70314200,classical,greyfriars-classical-academy-nc-28105-fcapi-classicality-abstract.md,greyfriars-classical-academy-nc-28105-fcapi-classicality-audit.md,greyfriars-classical-academy-nc-28105-fcapi-classicality-audit.pdf,secondary,Private School,Private,0,,,,,,,,,,,,,,,,,,,,,,,,,,,,,,0,,0,0,0,0,0,0,0,placeholders/placeholder-secondary-8.png,,0,0,0,0,1184,,9-12,"9th, 10th, 11th, 12th"
001V400000tPCqe,Greystone Classical School A Scholé Academy,001V400000tOZKD,Schole Communities,greystone-classical-school-schole-academy-henderson-ky,,"",,,,,Henderson,,KY,"",US,37.83949500,-87.58847010,classical,greystone-classical-school-schole-academy-henderson-ky-fcapi-classicality-abstract.md,greystone-classical-school-schole-academy-henderson-ky-fcapi-classicality-audit.md,greystone-classical-school-schole-academy-henderson-ky-fcapi-classicality-audit.pdf,elementary-intermediate-secondary,,,0,,,,,,,,,,,,,,,,,,,,,,,5479,,,,,,,0,,0,0,0,0,0,0,0,placeholders/placeholder-schole-1.png,,0,0,0,0,5515,,,
001V400000tPCqf,Grove City Christian Academy,,,grove-city-christian-academy-pa-16127,headmaster@grovecitychristianacademy.com,"+1 724 991 6967",,https://grovecitychristianacademy.com/,105 Mill St.,,Grove City,Mercer County,PA,"16127",US,41.16280190,-80.07648050,classical,grove-city-christian-academy-pa-16127-fcapi-classicality-abstract.md,grove-city-christian-academy-pa-16127-fcapi-classicality-audit.md,grove-city-christian-academy-pa-16127-fcapi-classicality-audit.pdf,elementary-intermediate-secondary,Private School,Private,0,,,,,,,,,,,,,,,,,,,,,,,,,,,,,,0,,0,0,0,0,0,0,0,placeholders/placeholder-elementary-0.png,,0,0,0,0,1188,,K-12,"K, 1st, 2nd, 3rd, 4th, 5th, 6th, 7th, 8th, 9th, 10th, 11th, 12th"
001V400000tPCqh,Gulf Coast Classical Academy,,,gulf-coast-classical-academy-fl-33761,jjohnson@gcclassical.org,"+1 727 558 3864",,https://gcclassical.org/,3166 McMullen Booth Road,,Clearwater,Pinellas County,FL,"33761",US,28.03561380,-82.70984650,classical,gulf-coast-classical-academy-fl-33761-fcapi-classicality-abstract.md,gulf-coast-classical-academy-fl-33761-fcapi-classicality-audit.md,gulf-coast-classical-academy-fl-33761-fcapi-classicality-audit.pdf,elementary-intermediate,Private School,Private,0,,,,,,,,,,,,,,,,,,,,,,,,,,,,,,0,,0,0,0,0,0,0,0,placeholders/placeholder-elementary-3.png,,0,0,0,0,1191,,K-8,"K, 1st, 2nd, 3rd, 4th, 5th, 6th, 7th, 8th"
001V400000tPCqi,Gulf Pointe Latin School,,,gulf-pointe-latin-school-fl-32566,,"+1 850 547 6729",,https://www.gplatinschool.com/,7624 East Bay Blvd.,,Navarre,Santa Rosa County,FL,"32566",US,30.43389840,-86.90323080,classical,gulf-pointe-latin-school-fl-32566-fcapi-classicality-abstract.md,gulf-pointe-latin-school-fl-32566-fcapi-classicality-audit.md,gulf-pointe-latin-school-fl-32566-fcapi-classicality-audit.pdf,elementary-intermediate-secondary,Private School,Private,0,,,,,,,,,,,,,,,,,,,,,,,,,,,,,,0,,0,0,0,0,0,0,0,placeholders/placeholder-elementary-5.png,,0,0,0,0,1193,,PK-12,"Pre-K, K, 1st, 2nd, 3rd, 4th, 5th, 6th, 7th, 8th, 9th, 10th, 11th, 12th"
001V400000tPCqk,Hagia Sophia Classical Academy,,,hagia-sophia-classical-academy-in-46222,,"+1 317 500 4722",,https://www.hagiasophiaclassical.com/,3237 West 16th St,,Indianapolis,Marion County,IN,"46222",US,39.78744330,-86.21383420,classical,hagia-sophia-classical-academy-in-46222-fcapi-classicality-abstract.md,hagia-sophia-classical-academy-in-46222-fcapi-classicality-audit.md,hagia-sophia-classical-academy-in-46222-fcapi-classicality-audit.pdf,elementary-intermediate-secondary,Private School,Private,0,,,,,,,,,,,,,,,,,,,,,,,,,,,,,,0,,0,0,0,0,0,0,0,placeholders/placeholder-elementary-9.png,,0,0,0,0,1197,,PK-12,"Pre-K, K, 1st, 2nd, 3rd, 4th, 5th, 6th, 7th, 8th, 9th, 10th, 11th, 12th"
001V400000tPCqm,Harbor Christian Academy,,,harbor-christian-academy-tx-77379,info@harborchristianacademy.org,"+1 713 637 4406",,https://harborchristianacademy.org/,623 Kress St. 77020,,Houston,Harris County,TX,"77379",US,29.77716080,-95.30702400,classical,harbor-christian-academy-tx-77379-fcapi-classicality-abstract.md,harbor-christian-academy-tx-77379-fcapi-classicality-audit.md,harbor-christian-academy-tx-77379-fcapi-classicality-audit.pdf,elementary-intermediate,Private School,Private,0,,,,,,,,,,,,,,,,,,,,,,,,,,,,,,0,,0,0,0,0,0,0,0,placeholders/placeholder-elementary-3.png,,0,0,0,0,1202,,PK-8,"Pre-K, K, 1st, 2nd, 3rd, 4th, 5th, 6th, 7th, 8th"
001V400000tPCqn,Harrisonville Classical Christian Academy,,,harrisonville-classical-christian-academy-mo-64701,office@harrisonvillecca.com,"+1 816 865 6970",,https://harrisonvillecca.com/,504 West Wall St.,,Harrisonville,Cass County,MO,"64701",US,38.65465620,-94.35190140,classical,harrisonville-classical-christian-academy-mo-64701-fcapi-classicality-abstract.md,harrisonville-classical-christian-academy-mo-64701-fcapi-classicality-audit.md,harrisonville-classical-christian-academy-mo-64701-fcapi-classicality-audit.pdf,elementary-intermediate,Private School,Private,0,,,,,,,,,,,,,,,,,,,,,,,,,,,,,,0,,0,0,0,0,0,0,0,placeholders/placeholder-elementary-6.png,,0,0,0,0,1205,,PK-9,"Pre-K, K, 1st, 2nd, 3rd, 4th, 5th, 6th, 7th, 8th, 9th"
001V400000tPCqo,Harvest Academy,,,harvest-academy-nc-27455,,"",,http://harvest-academy.com,5945 North Church St.,,Greensboro,,NC,"27455",US,36.22544740,-79.79149840,classical,harvest-academy-nc-27455-fcapi-classicality-abstract.md,harvest-academy-nc-27455-fcapi-classicality-audit.md,harvest-academy-nc-27455-fcapi-classicality-audit.pdf,elementary-intermediate-secondary,,,0,,,,,,,,,,,,,,,,,,,,,,,,,,,,,,0,,0,0,0,0,0,0,0,placeholders/placeholder-elementary-7.png,,0,0,0,0,5172,,K-12,"K, 1st, 2nd, 3rd, 4th, 5th, 6th, 7th, 8th, 9th, 10th, 11th, 12th"
001V400000tPCqp,Harvest Christian School,,,harvest-christian-school-ca-94954,sarancio@harvestpetaluma.org,"+1 707 763 2954",,https://harvestpetaluma.org/,3700 Lakeville Hwy Ste 210,,Petaluma,Sonoma County,CA,"94954",US,38.23369900,-122.58958680,classical,harvest-christian-school-ca-94954-fcapi-classicality-abstract.md,harvest-christian-school-ca-94954-fcapi-classicality-audit.md,harvest-christian-school-ca-94954-fcapi-classicality-audit.pdf,elementary-intermediate,Private School,Private,0,,,,,,,,,,,,,,,,,,,,,,,,,,,,,,0,,0,0,0,0,0,0,0,placeholders/placeholder-elementary-0.png,,0,0,0,0,1208,,PK-8,"Pre-K, K, 1st, 2nd, 3rd, 4th, 5th, 6th, 7th, 8th"
001V400000tPCqq,"Harvest Homeschool Academy, A Schole Group",001V400000tOZKD,Schole Communities,harvest-homeschool-academy-schole-group-harrisburg-pa,,"",,https://www.harvesthomeschool.com,,,Harrisburg,,PA,"",US,40.27319110,-76.88670080,classical,harvest-homeschool-academy-schole-group-harrisburg-pa-fcapi-classicality-abstract.md,harvest-homeschool-academy-schole-group-harrisburg-pa-fcapi-classicality-audit.md,harvest-homeschool-academy-schole-group-harrisburg-pa-fcapi-classicality-audit.pdf,elementary-intermediate-secondary,,,0,,,,,,,,,,,,,,,,,,,,,,,5479,,,,,,,0,,0,0,0,0,0,0,0,placeholders/placeholder-schole-1.png,,0,0,0,0,5540,,,
001V400000tPCqr,Hastings Christian School,,,hastings-christian-school-ne-68901,,"+1 256 627 6830",,https://hastingschristian.org/,200 N Burlington Ave,,Hastings,,NE,"68901",US,40.58544260,-98.39219790,classical,hastings-christian-school-ne-68901-fcapi-classicality-abstract.md,hastings-christian-school-ne-68901-fcapi-classicality-audit.md,hastings-christian-school-ne-68901-fcapi-classicality-audit.pdf,elementary-intermediate-secondary,Private School,Private School,0,,30,,,,,,,,,,,,,,,,,,,,,,,,,,,,1,,0,0,0,0,0,0,0,placeholders/placeholder-elementary-2.png,,0,0,0,0,1210,,K-12,"K, 1st, 2nd, 3rd, 4th, 5th, 6th, 7th, 8th, 9th, 10th, 11th, 12th"
001V400000tPCqs,Haw River Christian Academy,,,haw-river-christian-academy-nc-27312,info@hawriverchristian.org,"+1 919 533 4139",,https://hawriverchristian.org/,2428 Silk Hope Gum Springs Rd.,,Pittsboro,Chatham County,NC,"27312",US,35.77216730,-79.27245490,classical,haw-river-christian-academy-nc-27312-fcapi-classicality-abstract.md,haw-river-christian-academy-nc-27312-fcapi-classicality-audit.md,haw-river-christian-academy-nc-27312-fcapi-classicality-audit.pdf,elementary-intermediate-secondary,Private School,Private,0,,,,,,,,,,,,,,,,,,,,,,,,,,,,,,0,,0,0,0,0,0,0,0,placeholders/placeholder-elementary-5.png,,0,0,0,0,1213,,PK-12,"Pre-K, K, 1st, 2nd, 3rd, 4th, 5th, 6th, 7th, 8th, 9th, 10th, 11th, 12th"
001V400000tPCqt,Headington Hill Classical Academy,,,headington-hill-classical-academy-mo-65804,headingtonhill.academy@gmail.com,"+1 417 227 0338",,https://headingtonhill.academy/,2751 E Galloway St.,,Springfield,Greene County,MO,"65804",US,37.14814830,-93.24095430,classical,headington-hill-classical-academy-mo-65804-fcapi-classicality-abstract.md,headington-hill-classical-academy-mo-65804-fcapi-classicality-audit.md,headington-hill-classical-academy-mo-65804-fcapi-classicality-audit.pdf,elementary-intermediate,Private School,Private,0,,,,,,,,,,,,,,,,,,,,,,,,,,,,,,0,,0,0,0,0,0,0,0,placeholders/placeholder-elementary-8.png,,0,0,0,0,1216,,PK-9,"Pre-K, K, 1st, 2nd, 3rd, 4th, 5th, 6th, 7th, 8th, 9th"
001V400000tPCqu,"Headington Hill Classical Academy, A Scholé School",001V400000tOZKD,Schole Communities,headington-hill-classical-academy-schole-school-springfield-mo,headingtonhill.academy@gmail.com,"",,https://headingtonhill.academy,,,Springfield,,MO,"",US,37.20895720,-93.29229890,classical,headington-hill-classical-academy-schole-school-springfield-mo-fcapi-classicality-abstract.md,headington-hill-classical-academy-schole-school-springfield-mo-fcapi-classicality-audit.md,headington-hill-classical-academy-schole-school-springfield-mo-fcapi-classicality-audit.pdf,elementary-intermediate-secondary,,,0,,,,,,,,,,,,,,,,,,,,,,,5479,,,,,,,0,,0,0,0,0,0,0,0,placeholders/placeholder-schole-1.png,,0,0,0,0,5520,,,
001V400000tPCqw,Headwaters Christian Academy,,,headwaters-christian-academy-nc-28625,kim@southriverbaptist.com,"+1 704 876 1520",,https://southriverbaptist.com/,650 Glover Street,,Statesville,Iredell County,NC,"28625",US,35.78206440,-80.85649050,classical,headwaters-christian-academy-nc-28625-fcapi-classicality-abstract.md,headwaters-christian-academy-nc-28625-fcapi-classicality-audit.md,headwaters-christian-academy-nc-28625-fcapi-classicality-audit.pdf,elementary-intermediate-secondary,Private School,Private,0,,,,,,,,,,,,,,,,,,,,,,,,,,,,,,0,,0,0,0,0,0,0,0,placeholders/placeholder-elementary-9.png,,0,0,0,0,1218,,PK-12,"Pre-K, K, 1st, 2nd, 3rd, 4th, 5th, 6th, 7th, 8th, 9th, 10th, 11th, 12th"
001V400000tPL6H,Heart of Ohio Classical Academy,,,heart-ohio-classical-academy-oh-43016,,"+1 614 325 4495",,https://ohioclassical.org/dublin/,4650 Lakehurst Ct.,,Dublin,Franklin County,OH,"43016",US,40.07847020,-83.13813390,somewhat-classical,heart-ohio-classical-academy-oh-43016-fcapi-classicality-abstract.md,heart-ohio-classical-academy-oh-43016-fcapi-classicality-audit.md,heart-ohio-classical-academy-oh-43016-fcapi-classicality-audit.pdf,elementary-intermediate,Charter,Public,0,,,,,,,,,,,,,,,,,,,,,,,,,,,,,,0,,0,0,0,0,0,0,0,placeholders/placeholder-elementary-0.png,,0,0,0,0,1219,,K-6,"K, 1st, 2nd, 3rd, 4th, 5th, 6th"
001V400000tPCqy,Heritage Academy,,,heritage-academy-az-85210,,"+1 805 341 1668",,https://www.mpsaz.org/eva/,32 South Center Street,,Mesa,Maricopa County,AZ,"85210",US,33.41419320,-111.83171890,classical,heritage-academy-az-85210-fcapi-classicality-abstract.md,heritage-academy-az-85210-fcapi-classicality-audit.md,heritage-academy-az-85210-fcapi-classicality-audit.pdf,elementary-intermediate-secondary,Charter,Public,0,,,,,,,,,,,,,,,,,,,,,,,,,,,,,,0,,0,0,0,0,0,0,0,placeholders/placeholder-elementary-6.png,,0,0,0,0,1226,,K-12,"K, 1st, 2nd, 3rd, 4th, 5th, 6th, 7th, 8th, 9th, 10th, 11th, 12th"
001V400000tPCqz,Heritage Christian Academy,,,heritage-christian-academy-sc-29072,info@heritagechristiansc.com,"+1 803 951 3901",,https://heritagechristiansc.com/,649 Barr Rd.,,Lexington,Lexington County,SC,"29072",US,33.95990220,-81.27394970,classical,heritage-christian-academy-sc-29072-fcapi-classicality-abstract.md,heritage-christian-academy-sc-29072-fcapi-classicality-audit.md,heritage-christian-academy-sc-29072-fcapi-classicality-audit.pdf,elementary-intermediate,Private School,Private,0,,,,,,,,,,,,,,,,,,,,,,,,,,,,,,0,,0,0,0,0,0,0,0,placeholders/placeholder-elementary-0.png,,0,0,0,0,1234,,PK-8,"Pre-K, K, 1st, 2nd, 3rd, 4th, 5th, 6th, 7th, 8th"
001V400000tPCr6,Heritage Christian Academy,,,heritage-christian-academy-mo-63026,,"+1 918 236 9686",,https://www.heritagestl.org,1694 Smizer Station Rd,,Fenton,,MO,"63026",US,38.52666380,-90.48614950,classical,heritage-christian-academy-mo-63026-fcapi-classicality-abstract.md,heritage-christian-academy-mo-63026-fcapi-classicality-audit.md,heritage-christian-academy-mo-63026-fcapi-classicality-audit.pdf,intermediate-secondary,,,0,,,,,,,,,,,,,,,,,,,,,,,,,,,,,,0,,0,0,0,0,0,0,0,,,0,0,0,0,1242,,7-12,"7th, 8th, 9th, 10th, 11th, 12th"
001V400000tPCr0,Heritage Christian Academy of North Idaho,,,heritage-christian-academy-north-idaho-id-83869,ann@spiritlakechristian.org,"+1 208 623 4446",,https://spiritlakechristian.org/,32168 N 5th Ave.,,Spirit Lake,Kootenai County,ID,"83869",US,47.96495200,-116.86832100,classical,heritage-christian-academy-north-idaho-id-83869-fcapi-classicality-abstract.md,heritage-christian-academy-north-idaho-id-83869-fcapi-classicality-audit.md,heritage-christian-academy-north-idaho-id-83869-fcapi-classicality-audit.pdf,elementary-intermediate-secondary,Private School,Private,0,,,,,,,,,,,,,,,,,,,,,,,,,,,,,,0,,0,0,0,0,0,0,0,placeholders/placeholder-elementary-1.png,,0,0,0,0,1233,,K-12,"K, 1st, 2nd, 3rd, 4th, 5th, 6th, 7th, 8th, 9th, 10th, 11th, 12th"
001V400000tPCr1,Heritage Christian School,,,heritage-christian-school-wa-98467,,"+1 253 564 6276",,https://heritagecs.net/,5412 67th Avenue West,,University Place,Pierce County,WA,"98467",US,35.38962610,-118.96567920,classical,heritage-christian-school-wa-98467-fcapi-classicality-abstract.md,heritage-christian-school-wa-98467-fcapi-classicality-audit.md,heritage-christian-school-wa-98467-fcapi-classicality-audit.pdf,elementary-intermediate-secondary,Private School,Private,0,,,,,,,,,,,,,,,,,,,,,,,,,,,,,,0,,0,0,0,0,0,0,0,placeholders/placeholder-elementary-2.png,,0,0,0,0,1237,,K-12,"K, 1st, 2nd, 3rd, 4th, 5th, 6th, 7th, 8th, 9th, 10th, 11th, 12th"
001V400000tPCr2,Heritage Christian Schools,,,heritage-christian-schools-ca,info@hacademy.org,"+1 661 871 4545",,https://hacademy.org,2401 Bernard St,,Bakersfield,,CA,"93306",US,35.38958060,-118.96578220,classical,heritage-christian-schools-ca-fcapi-classicality-abstract.md,heritage-christian-schools-ca-fcapi-classicality-audit.md,heritage-christian-schools-ca-fcapi-classicality-audit.pdf,elementary-intermediate,,,0,,,,,,,,,,,,,,,,,,,,,,,,,,,,,,0,,0,0,0,0,0,0,0,placeholders/placeholder-elementary-4.png,,0,0,0,0,3197,,K-8,"K, 1st, 2nd, 3rd, 4th, 5th, 6th, 7th, 8th"
001V400000tPCr3,Heritage Classical Academy,,,heritage-classical-academy-nc-28002,,"",,https://myheritageclassical.com/,401 Park Ridge Road,,Albemarle,Stanly County,NC,"28002",US,35.37201110,-80.18845780,classical,heritage-classical-academy-nc-28002-fcapi-classicality-abstract.md,heritage-classical-academy-nc-28002-fcapi-classicality-audit.md,heritage-classical-academy-nc-28002-fcapi-classicality-audit.pdf,elementary,Private School,Private School,0,,,,,,,,,,,,,,,,,,,,,,,,,,,,,,1,,0,0,0,0,0,0,0,placeholders/placeholder-virtual-1.png,,0,0,0,0,1239,,K-4,"K, 1st, 2nd, 3rd, 4th"
001V400000tPCr4,Heritage Classical Academy,,,heritage-classical-academy-oh-44023,info@heritageclassicalacademy.org,"+1 330 548 1738",,https://heritageclassicalacademy.org/,3737 Lander Rd.,,Pepper Pike,Cuyahoga County,OH,"44023",US,41.45653080,-81.46076780,classical,heritage-classical-academy-oh-44023-fcapi-classicality-abstract.md,heritage-classical-academy-oh-44023-fcapi-classicality-audit.md,heritage-classical-academy-oh-44023-fcapi-classicality-audit.pdf,elementary-intermediate-secondary,Private School,Private,0,,,,,,,,,,,,,,,,,,,,,,,,,,,,,,0,,0,0,0,0,0,0,0,placeholders/placeholder-virtual-2.png,,0,0,0,0,1240,,K-11,"K, 1st, 2nd, 3rd, 4th, 5th, 6th, 7th, 8th, 9th, 10th, 11th"
001V400000tPCr5,Heritage Classical Academy,,,heritage-classical-academy-tx-77018,,"+1 713 914 9778",,https://www.heritageed.org/,1130 West 34th Street,,Houston,Harris County,TX,"77018",US,29.81791530,-95.41973150,classical,heritage-classical-academy-tx-77018-fcapi-classicality-abstract.md,heritage-classical-academy-tx-77018-fcapi-classicality-audit.md,heritage-classical-academy-tx-77018-fcapi-classicality-audit.pdf,elementary-intermediate,Charter,Public,0,,,,,,,,,,,,,,,,,,,,,,,,,,,,,,0,,0,0,0,0,0,0,0,placeholders/placeholder-elementary-5.png,,0,0,0,0,1241,,PK-8,"Pre-K, K, 1st, 2nd, 3rd, 4th, 5th, 6th, 7th, 8th"
001V400000tPCr8,Heritage Oak School,,,heritage-oak-school-ca-93561,info@heritageoakschool.com,"+1 661 823 0885",,https://heritageoakschool.com/,20915 Schout Rd.,,Tehachapi,Kern County,CA,"93561",US,35.11765540,-118.50237450,classical,heritage-oak-school-ca-93561-fcapi-classicality-abstract.md,heritage-oak-school-ca-93561-fcapi-classicality-audit.md,heritage-oak-school-ca-93561-fcapi-classicality-audit.pdf,elementary-intermediate-secondary,Private School,Private,0,,,,,,,,,,,,,,,,,,,,,,,,,,,,,,0,,0,0,0,0,0,0,0,placeholders/placeholder-elementary-1.png,,0,0,0,0,1247,,K-12,"K, 1st, 2nd, 3rd, 4th, 5th, 6th, 7th, 8th, 9th, 10th, 11th, 12th"
001V400000tPCr9,Heritage Preparatory School,,,heritage-preparatory-school-ga-30324,administration@heritageprep.org,"+1 404 815 7711",,https://www.heritageprep.org,1700 Piedmont Ave. Ne,,Atlanta,Fulton County,GA,"30324",US,33.80177880,-84.36818050,classical,heritage-preparatory-school-ga-30324-fcapi-classicality-abstract.md,heritage-preparatory-school-ga-30324-fcapi-classicality-audit.md,heritage-preparatory-school-ga-30324-fcapi-classicality-audit.pdf,elementary-intermediate-secondary,Private School,Private,0,,,,,,,,,,,,,,,,,,,,,,,,,,,,,,0,,0,0,0,0,0,0,0,placeholders/placeholder-k12-9.png,,0,0,0,0,1248,,PK-12,"Pre-K, K, 1st, 2nd, 3rd, 4th, 5th, 6th, 7th, 8th, 9th, 10th, 11th, 12th"
001V400000tPCrA,Heritage School,,,heritage-school-tx-78624,info@heritageschool.org,"+1 830 997 6597",,https://heritageschool.org/,310 Smokehouse Rd.,,Fredericksburg,Gillespie County,TX,"78624",US,30.26194700,-98.89886900,classical,heritage-school-tx-78624-fcapi-classicality-abstract.md,heritage-school-tx-78624-fcapi-classicality-audit.md,heritage-school-tx-78624-fcapi-classicality-audit.pdf,elementary-intermediate-secondary,Private School,Private,0,,,,,,,,,,,,,,,,,,,,,,,,,,,,,,0,,0,0,0,0,0,0,0,placeholders/placeholder-elementary-2.png,,0,0,0,0,1250,,PK-12,"Pre-K, K, 1st, 2nd, 3rd, 4th, 5th, 6th, 7th, 8th, 9th, 10th, 11th, 12th"
001V400000tPCrF,Hickory Christian Academy,,,hickory-christian-academy-nc-28601,trobinson@hickorychristianacademy.com,"+1 828 324 5405",,https://hickorychristianacademy.com/,3260 6th St. Dr.ive Nw,,Hickory,Catawba County,NC,"28601",US,35.78032840,-81.34007740,classical,hickory-christian-academy-nc-28601-fcapi-classicality-abstract.md,hickory-christian-academy-nc-28601-fcapi-classicality-audit.md,hickory-christian-academy-nc-28601-fcapi-classicality-audit.pdf,elementary-intermediate-secondary,Private School,Private,0,,,,,,,,,,,,,,,,,,,,,,,,,,,,,,0,,0,0,0,0,0,0,0,placeholders/placeholder-elementary-7.png,,0,0,0,0,1256,,PK-12,"Pre-K, K, 1st, 2nd, 3rd, 4th, 5th, 6th, 7th, 8th, 9th, 10th, 11th, 12th"
001V400000tPCrG,Hickory Classical Christian School,,,hickory-classical-christian-school-tn-38501,headmaster@hickoryccs.org,"+1 931 576 5669",,https://hickoryccs.org,200 N Old Kentucky Rd,,Cookeville,,TN,"38501",US,36.16814540,-85.47245320,classical,hickory-classical-christian-school-tn-38501-fcapi-classicality-abstract.md,hickory-classical-christian-school-tn-38501-fcapi-classicality-audit.md,hickory-classical-christian-school-tn-38501-fcapi-classicality-audit.pdf,elementary-intermediate-secondary,,,0,,,,,,,,,,,,,,,,,,,,,,,,,,,,,,0,,0,0,0,0,0,0,0,placeholders/placeholder-elementary-8.png,,0,0,0,0,3200,,K-12,"K, 1st, 2nd, 3rd, 4th, 5th, 6th, 7th, 8th, 9th, 10th, 11th, 12th"
001V400000tPL6j,High School of St. Thomas More,,,high-school-st-thomas-more-il-61820,info@hs-stm.org,"+1 217 352 7210",,https://hs-stm.org/,Cusd #4502 West Windsor Rd.,,Champaign,Champaign County,IL,"61820",US,40.08441610,-88.31340150,somewhat-classical,high-school-st-thomas-more-il-61820-fcapi-classicality-abstract.md,high-school-st-thomas-more-il-61820-fcapi-classicality-audit.md,high-school-st-thomas-more-il-61820-fcapi-classicality-audit.pdf,elementary-intermediate-secondary,Private School,Private,0,,,,,,,,,,,,,,,,,,,,,,,,,,,,,,0,,0,0,0,0,0,0,0,placeholders/placeholder-elementary-3.png,,0,0,0,0,1261,,K-12,"K, 1st, 2nd, 3rd, 4th, 5th, 6th, 7th, 8th, 9th, 10th, 11th, 12th"
001V400000tPCrH,Highland Rim Academy,,,highland-rim-academy-tn-38502,info@highlandrimacademy.org,"+1 615 796 4635",,https://highlandrimacademy.org/,PO Box 3022,,Cookeville,Putnam County,TN,"38502",US,36.13670520,-85.48600820,classical,highland-rim-academy-tn-38502-fcapi-classicality-abstract.md,highland-rim-academy-tn-38502-fcapi-classicality-audit.md,highland-rim-academy-tn-38502-fcapi-classicality-audit.pdf,elementary-intermediate-secondary,Private School,Private,0,,,,,,,,,,,,,,,,,,,,,,,,,,,,,,0,,0,0,0,0,0,0,0,placeholders/placeholder-elementary-4.png,,0,0,0,0,1262,,K-12,"K, 1st, 2nd, 3rd, 4th, 5th, 6th, 7th, 8th, 9th, 10th, 11th, 12th"
001V400000tPCrR,Highlands Latin School of Louisville,,,highlands-latin-school-louisville-ky-40243,,"+1 502 895 5333",,https://hls.org/,10901 Shelbyville Rd,,Louisville,,KY,"40243",US,38.23716870,-85.53547240,classical,highlands-latin-school-louisville-ky-40243-fcapi-classicality-abstract.md,highlands-latin-school-louisville-ky-40243-fcapi-classicality-audit.md,highlands-latin-school-louisville-ky-40243-fcapi-classicality-audit.pdf,elementary-intermediate-secondary,,,0,,,,,,,,,,,,,,,,,,,,,,,,,,,,,,0,,0,0,0,0,0,0,0,placeholders/placeholder-elementary-0.png,,0,0,0,0,5141,,K-12,"K, 1st, 2nd, 3rd, 4th, 5th, 6th, 7th, 8th, 9th, 10th, 11th, 12th"
001V400000tPCrS,Highlands Latin School – Houston,,,highlands-latin-school-houston-tx-77059,,"",,,11910 Mighty Redwood Dr,,Houston,,TX,"77059",US,29.59646910,-95.09928480,classical,highlands-latin-school-houston-tx-77059-fcapi-classicality-abstract.md,highlands-latin-school-houston-tx-77059-fcapi-classicality-audit.md,highlands-latin-school-houston-tx-77059-fcapi-classicality-audit.pdf,elementary-intermediate-secondary,,,0,,,,,,,,,,,,,,,,,,,,,,,,,,,,,,0,,0,0,0,0,0,0,0,placeholders/placeholder-k12-5.png,,0,0,0,0,5265,,,
001V400000tPL6q,Highlands Latin School: Orlando,001V400000tOBYT,Highlands Latin Schools,highlands-latin-school-orlando-fl-32792,,"+1 407 442 0393",,https://highlandslatin.org/orlando/,2025 State Road 436,,Winter Park,,FL,"32792",US,28.61229890,-81.31081550,somewhat-classical,highlands-latin-school-orlando-fl-32792-fcapi-classicality-abstract.md,highlands-latin-school-orlando-fl-32792-fcapi-classicality-audit.md,highlands-latin-school-orlando-fl-32792-fcapi-classicality-audit.pdf,elementary-intermediate-secondary,Private School,Private School,0,,,,,,,,,,,,,,,,,,,,,,,178,,,,,,,0,,0,0,0,0,0,0,0,placeholders/placeholder-elementary-1.png,,0,0,0,0,176,,PK-12,"Pre-K, K, 1st, 2nd, 3rd, 4th, 5th, 6th, 7th, 8th, 9th, 10th, 11th, 12th"
001V400000tPCrV,Hill Country Christian School of Austin,,,hill-country-christian-school-austin-tx-78750,,"+1 512 331 7036",,https://www.hillcountrychristianschool.org/,12124 Rr 620 North,,Austin,Williamson County,TX,"78750",US,30.46446250,-97.81881560,classical,hill-country-christian-school-austin-tx-78750-fcapi-classicality-abstract.md,hill-country-christian-school-austin-tx-78750-fcapi-classicality-audit.md,hill-country-christian-school-austin-tx-78750-fcapi-classicality-audit.pdf,elementary-intermediate-secondary,Private School,Private,0,,,,,,,,,,,,,,,,,,,,,,,,,,,,,,0,,0,0,0,0,0,0,0,placeholders/placeholder-elementary-4.png,,0,0,0,0,1266,,PK-12,"Pre-K, K, 1st, 2nd, 3rd, 4th, 5th, 6th, 7th, 8th, 9th, 10th, 11th, 12th"
001V400000tPCrW,Hillcrest Lutheran Academy,,,hillcrest-lutheran-academy-mn-56537,office@ffhillcrest.org,"+1 218 739 0490",,https://ffhillcrest.org/,10 Hillcrest Dr.,,Fergus Falls,Otter Tail County,MN,"56537",US,46.27777110,-96.08614230,classical,hillcrest-lutheran-academy-mn-56537-fcapi-classicality-abstract.md,hillcrest-lutheran-academy-mn-56537-fcapi-classicality-audit.md,hillcrest-lutheran-academy-mn-56537-fcapi-classicality-audit.pdf,elementary-intermediate-secondary,Private School,Private,0,,,,,,,,,,,,,,,,,,,,,,,,,,,,,,0,,0,0,0,0,0,0,0,placeholders/placeholder-elementary-8.png,,0,0,0,0,1270,,PK-12,"Pre-K, K, 1st, 2nd, 3rd, 4th, 5th, 6th, 7th, 8th, 9th, 10th, 11th, 12th"
001V400000tPCrX,Hillsdale Academy,,,hillsdale-academy-mi-49242,,"+1 517 439 8644",,https://academy.hillsdale.edu/,1 Academy Lane,,Hillsdale,Hillsdale County,MI,"49242",US,41.92845170,-84.62336770,classical,hillsdale-academy-mi-49242-fcapi-classicality-abstract.md,hillsdale-academy-mi-49242-fcapi-classicality-audit.md,hillsdale-academy-mi-49242-fcapi-classicality-audit.pdf,elementary-intermediate-secondary,Private School,Private,0,,,,,,,,,,,,,,,,,,,,,,,,,,,,,,0,,0,0,0,0,0,0,0,placeholders/placeholder-elementary-1.png,,0,0,0,0,1273,,K-12,"K, 1st, 2nd, 3rd, 4th, 5th, 6th, 7th, 8th, 9th, 10th, 11th, 12th"
001V400000tPCrY,Hillside Christian Academy,,,hillside-christian-academy-wv,,"",,https://www.hillsidechristianacademy.org/,72 College St,,Lost Creek,,WV,"26385",US,39.16359450,-80.34998650,classical,hillside-christian-academy-wv-fcapi-classicality-abstract.md,hillside-christian-academy-wv-fcapi-classicality-audit.md,hillside-christian-academy-wv-fcapi-classicality-audit.pdf,elementary-intermediate,,,0,,,,,,,,,,,,,,,,,,,,,,,,,,,,,,0,,0,0,0,0,0,0,0,placeholders/placeholder-elementary-2.png,,0,0,0,0,3202,,PK-8,"Pre-K, K, 1st, 2nd, 3rd, 4th, 5th, 6th, 7th, 8th"
001V400000tPCrZ,Holy Angels Academy,,,holy-angels-academy-ky-40223,,"+1 502 254 9440",,https://www.holyangelslouisville.com/,12201 Old Henry Road,,Louisville,Jefferson County,KY,"40223",US,38.25421990,-85.52863880,classical,holy-angels-academy-ky-40223-fcapi-classicality-abstract.md,holy-angels-academy-ky-40223-fcapi-classicality-audit.md,holy-angels-academy-ky-40223-fcapi-classicality-audit.pdf,elementary-intermediate-secondary,Private School,Private,0,,,,,,,,,,,,,,,,,,,,,,,,,,,,,,0,,0,0,0,0,0,0,0,placeholders/placeholder-elementary-3.png,,0,0,0,0,1274,,PK-12,"Pre-K, K, 1st, 2nd, 3rd, 4th, 5th, 6th, 7th, 8th, 9th, 10th, 11th, 12th"
001V400000tPCra,Holy Child Catholic School,,,holy-child-catholic-school-nm-87059,,"",,https://www.holychildnm.com/home/,19 Camino De Santo Nino,,Tijeras,Bernalillo County,NM,"87059",US,35.08225040,-106.38107190,classical,holy-child-catholic-school-nm-87059-fcapi-classicality-abstract.md,holy-child-catholic-school-nm-87059-fcapi-classicality-audit.md,holy-child-catholic-school-nm-87059-fcapi-classicality-audit.pdf,elementary-intermediate,Private School,Private,0,,,,,,,,,,,,,,,,,,,,,,,,,,,,,,0,,0,0,0,0,0,0,0,placeholders/placeholder-elementary-4.png,,0,0,0,0,1275,,K-8,"K, 1st, 2nd, 3rd, 4th, 5th, 6th, 7th, 8th"
001V400000tPL76,Holy Family Academy,,,holy-family-academy-mn-55416,info@hfamn.org,"+1 563 271 6976",,https://hfamn.org/,5925 West Lake St,,Minneapolis,Hennepin County,MN,"55416",US,44.94499040,-93.35495650,somewhat-classical,holy-family-academy-mn-55416-fcapi-classicality-abstract.md,holy-family-academy-mn-55416-fcapi-classicality-audit.md,holy-family-academy-mn-55416-fcapi-classicality-audit.pdf,elementary-intermediate,Private School,Private,0,,,,,,,,,,,,,,,,,,,,,,,,,,,,,,0,,0,0,0,0,0,0,0,placeholders/placeholder-elementary-0.png,,0,0,0,0,1282,,PK-8,"Pre-K, K, 1st, 2nd, 3rd, 4th, 5th, 6th, 7th, 8th"
001V400000tPL77,Holy Family Academy,,,holy-family-academy-nh-03102,,"+1 603 644 7247",,https://holyfamilyacademy.org/,281 Cartier St.,,Manchester,Hillsborough County,NH,"03102",US,42.99129410,-71.47640210,somewhat-classical,holy-family-academy-nh-03102-fcapi-classicality-abstract.md,holy-family-academy-nh-03102-fcapi-classicality-audit.md,holy-family-academy-nh-03102-fcapi-classicality-audit.pdf,intermediate-secondary,Private School,Private,0,,,,,,,,,,,,,,,,,,,,,,,,,,,,,,0,,0,0,0,0,0,0,0,placeholders/placeholder-intermediate-1.png,,0,0,0,0,1283,,7-12,"7th, 8th, 9th, 10th, 11th, 12th"
001V400000tPCrb,Holy Family Academy,,,holy-family-academy-or-97305,,"+1 503 792 3630",,https://holyfamily.redeemer.ab.ca/,10697 Howell Prairie Rd. Ne,,Brooks,Marion County,OR,"97305",US,45.07393000,-122.86712140,classical,holy-family-academy-or-97305-fcapi-classicality-abstract.md,holy-family-academy-or-97305-fcapi-classicality-audit.md,holy-family-academy-or-97305-fcapi-classicality-audit.pdf,elementary-intermediate-secondary,,,0,,,,,,,,,,,,,,,,,,,,,,,,,,,,,,0,,0,0,0,0,0,0,0,placeholders/placeholder-elementary-1.png,,0,0,0,0,1284,,K-12,"K, 1st, 2nd, 3rd, 4th, 5th, 6th, 7th, 8th, 9th, 10th, 11th, 12th"
001V400000tPCrc,Holy Family Academy,,,holy-family-academy-va-20111,,"+1 703 368 5679",,https://www.holyfamilyacademy.net/,10580 Pineview Road,,Manassas,Prince William County,VA,"20111",US,38.72500190,-77.42976940,classical,holy-family-academy-va-20111-fcapi-classicality-abstract.md,holy-family-academy-va-20111-fcapi-classicality-audit.md,holy-family-academy-va-20111-fcapi-classicality-audit.pdf,elementary-intermediate-secondary,Private School,Private,0,,,,,,,,,,,,,,,,,,,,,,,,,,,,,,0,,0,0,0,0,0,0,0,placeholders/placeholder-elementary-2.png,,0,0,0,0,1285,,K-12,"K, 1st, 2nd, 3rd, 4th, 5th, 6th, 7th, 8th, 9th, 10th, 11th, 12th"
001V400000tPCrd,Holy Family Classical Academy,,,holy-family-classical-academy-tx-76301,,"+1 940 257 7392",,https://www.holyfamilyclassical.org/,1504 10th Street,,Wichita Falls,Wichita County,TX,"76301",US,33.90481500,-98.50005390,classical,holy-family-classical-academy-tx-76301-fcapi-classicality-abstract.md,holy-family-classical-academy-tx-76301-fcapi-classicality-audit.md,holy-family-classical-academy-tx-76301-fcapi-classicality-audit.pdf,elementary-intermediate,Private School,Private,0,,,,,,,,,,,,,,,,,,,,,,,,,,,,,,0,,0,0,0,0,0,0,0,placeholders/placeholder-elementary-4.png,,0,0,0,0,1288,,PK-8,"Pre-K, K, 1st, 2nd, 3rd, 4th, 5th, 6th, 7th, 8th"
001V400000tPCre,Holy Family Classical School,,,holy-family-classical-school-ok-74119,marlene.f.brown1226@gmail.com,"+1 918 582 0422",,https://www.holyfamilyclassicalschool.org/,820 S Boulder Ave.,,Tulsa,Tulsa County,OK,"74119",US,36.14742300,-95.98973200,classical,holy-family-classical-school-ok-74119-fcapi-classicality-abstract.md,holy-family-classical-school-ok-74119-fcapi-classicality-audit.md,holy-family-classical-school-ok-74119-fcapi-classicality-audit.pdf,elementary-intermediate-secondary,Private School,Private,0,,,,,,,,,,,,,,,,,,,,,,,,,,,,,,0,,0,0,0,0,0,0,0,placeholders/placeholder-elementary-5.png,,0,0,0,0,1289,,K-12,"K, 1st, 2nd, 3rd, 4th, 5th, 6th, 7th, 8th, 9th, 10th, 11th, 12th"
001V400000tPCrf,Holy Innocents Catholic School,,,holy-innocents-catholic-school-ca-90806,,"+1 562 424 1018",,https://www.lbcatholicschool.com/,2500 Pacific Ave.,,Long Beach,Los Angeles County,CA,"90806",US,33.80271980,-118.19340160,classical,holy-innocents-catholic-school-ca-90806-fcapi-classicality-abstract.md,holy-innocents-catholic-school-ca-90806-fcapi-classicality-audit.md,holy-innocents-catholic-school-ca-90806-fcapi-classicality-audit.pdf,elementary-intermediate-secondary,Private School,Private,0,,,,,,,,,,,,,,,,,,,,,,,,,,,,,,0,,0,0,0,0,0,0,0,placeholders/placeholder-elementary-9.png,,0,0,0,0,1293,,PK-12,"Pre-K, K, 1st, 2nd, 3rd, 4th, 5th, 6th, 7th, 8th, 9th, 10th, 11th, 12th"
001V400000tPCrg,Holy Name High School a Chesterton Academy,001V400000tOZJi,Chesterton Schools Network,holy-name-high-school-chesterton-academy-mi-49829,,"+1 906 786 7550",,https://highschool.holynamecrusaders.com/,2203 7th Ave. S,,Escanaba,Delta County,MI,"49829",US,45.73686420,-87.07885820,classical,holy-name-high-school-chesterton-academy-mi-49829-fcapi-classicality-abstract.md,holy-name-high-school-chesterton-academy-mi-49829-fcapi-classicality-audit.md,holy-name-high-school-chesterton-academy-mi-49829-fcapi-classicality-audit.pdf,secondary,Private School,Private,0,,,,,,,,,,,,,,,,,,,,,,,5446,,,,,,,0,,0,0,0,0,0,0,0,placeholders/placeholder-secondary-4.png,,0,0,0,0,96,,9-12,"9th, 10th, 11th, 12th"
001V400000tPCrh,Holy Rosary Academy,,,holy-rosary-academy-ak-99503,frontoffice@hraak.org,"+1 425 922 3159",,https://hraak.org/,1010 W. Fireweed Lane,,Anchorage,Anchorage Municipality,AK,"99503",US,61.19863940,-149.90153300,classical,holy-rosary-academy-ak-99503-fcapi-classicality-abstract.md,holy-rosary-academy-ak-99503-fcapi-classicality-audit.md,holy-rosary-academy-ak-99503-fcapi-classicality-audit.pdf,elementary-intermediate-secondary,Private School,Private,0,,,,,,,,,,,,,,,,,,,,,,,,,,,,,,0,,0,0,0,0,0,0,0,placeholders/placeholder-elementary-1.png,,0,0,0,0,1296,,PK-12,"Pre-K, K, 1st, 2nd, 3rd, 4th, 5th, 6th, 7th, 8th, 9th, 10th, 11th, 12th"
001V400000tPCri,Holy Spirit Academy,,,holy-spirit-academy-mn-55362,,"+1 763 220 2402",,https://holyspiritacademy.org/,1001 7th St E,Suite 1,Monticello,Wright County,MN,"55362",US,45.29639900,-93.78171700,classical,holy-spirit-academy-mn-55362-fcapi-classicality-abstract.md,holy-spirit-academy-mn-55362-fcapi-classicality-audit.md,holy-spirit-academy-mn-55362-fcapi-classicality-audit.pdf,secondary,Private School,Private,0,,,,,,,,,,,,,,,,,,,,,,,,,,,,,,0,,0,0,0,0,0,0,0,placeholders/placeholder-secondary-5.png,,0,0,0,0,1299,,9-12,"9th, 10th, 11th, 12th"
001V400000tPCrj,Holy Spirit Preparatory School,,,holy-spirit-preparatory-school-ga-30327,,"+1 404 309 3484",,https://holyspiritprep.org/,4449 Northside Dr. Nw,,Atlanta,Fulton County,GA,"30327",US,33.87726380,-84.40984040,classical,holy-spirit-preparatory-school-ga-30327-fcapi-classicality-abstract.md,holy-spirit-preparatory-school-ga-30327-fcapi-classicality-audit.md,holy-spirit-preparatory-school-ga-30327-fcapi-classicality-audit.pdf,elementary-intermediate-secondary,Private School,Private,0,,,,,,,,,,,,,,,,,,,,,,,,,,,,,,0,,0,0,0,0,0,0,0,placeholders/placeholder-elementary-6.png,,0,0,0,0,1302,,K-12,"K, 1st, 2nd, 3rd, 4th, 5th, 6th, 7th, 8th, 9th, 10th, 11th, 12th"
001V400000tPCrk,Holy Trinity Academy,,,holy-trinity-academy-la-70395,admin@holytrinityacademy.org,"+1 985 492 7598",,https://www.holytrinityacademy.org/lower-school,478 North Main Project Road,,Schriever,Terrebonne Parish,LA,"70395",US,29.75128120,-90.82470560,classical,holy-trinity-academy-la-70395-fcapi-classicality-abstract.md,holy-trinity-academy-la-70395-fcapi-classicality-audit.md,holy-trinity-academy-la-70395-fcapi-classicality-audit.pdf,elementary-intermediate,Private School,Private,0,,,,,,,,,,,,,,,,,,,,,,,,,,,,,,0,,0,0,0,0,0,0,0,placeholders/placeholder-elementary-9.png,,0,0,0,0,1305,,PK-8,"Pre-K, K, 1st, 2nd, 3rd, 4th, 5th, 6th, 7th, 8th"
001V400000tPCrl,Holy Trinity Classical Christian School,,,holy-trinity-classical-christian-school-sc-29902,htadmin@htccs.org,"+1 843 290 5508",,https://htccs.org/,302 Burroughs Ave.,,Beaufort,Beaufort County,SC,"29902",US,32.43156060,-80.69080090,classical,holy-trinity-classical-christian-school-sc-29902-fcapi-classicality-abstract.md,holy-trinity-classical-christian-school-sc-29902-fcapi-classicality-audit.md,holy-trinity-classical-christian-school-sc-29902-fcapi-classicality-audit.pdf,elementary-intermediate-secondary,Private School,Private,0,,,,,,,,,,,,,,,,,,,,,,,,,,,,,,0,,0,0,0,0,0,0,0,placeholders/placeholder-elementary-1.png,,0,0,0,0,1308,,PK-12,"Pre-K, K, 1st, 2nd, 3rd, 4th, 5th, 6th, 7th, 8th, 9th, 10th, 11th, 12th"
001V400000tPCrm,Holy Trinity School,,,holy-trinity-school-mn-55395,,"+1 763 227 3539",,https://winstedholytrinity.org/,110 Winsted Avenue West,,Winsted,McLeod County,MN,"55395",US,44.96573940,-94.04757320,classical,holy-trinity-school-mn-55395-fcapi-classicality-abstract.md,holy-trinity-school-mn-55395-fcapi-classicality-audit.md,holy-trinity-school-mn-55395-fcapi-classicality-audit.pdf,elementary-intermediate-secondary,Private School,Private,0,,,,,,,,,,,,,,,,,,,,,,,,,,,,,,0,,0,0,0,0,0,0,0,placeholders/placeholder-elementary-5.png,,0,0,0,0,1313,,PK-12,"Pre-K, K, 1st, 2nd, 3rd, 4th, 5th, 6th, 7th, 8th, 9th, 10th, 11th, 12th"
001V400000tPCrn,Hope Academy,,,hope-academy-mn-55404,admissions@hopeschool.org,"+1 612 655 0857",,https://hopeschool.org/,710 E. 24th St.‚Äö√Ñ√ß,,Minneapolis,Hennepin County,MN,"55404-3834",US,44.95947110,-93.26435760,classical,hope-academy-mn-55404-fcapi-classicality-abstract.md,hope-academy-mn-55404-fcapi-classicality-audit.md,hope-academy-mn-55404-fcapi-classicality-audit.pdf,elementary-intermediate-secondary,Private School,Private,0,,,,,,,,,,,,,,,,,,,,,,,,,,,,,,0,,0,0,0,0,0,0,0,placeholders/placeholder-elementary-9.png,,0,0,0,0,1317,,K-12,"K, 1st, 2nd, 3rd, 4th, 5th, 6th, 7th, 8th, 9th, 10th, 11th, 12th"
001V400000tPCro,Hope Christian Academy,,,hope-christian-academy-ca-96067,hello@hopeemc.com,"+1 623 285 5269",,https://hopeemc.com/,974 Lassen Lane,,Mt Shasta,Siskiyou County,CA,"96067",US,41.31918280,-122.33618480,classical,hope-christian-academy-ca-96067-fcapi-classicality-abstract.md,hope-christian-academy-ca-96067-fcapi-classicality-audit.md,hope-christian-academy-ca-96067-fcapi-classicality-audit.pdf,elementary-intermediate-secondary,,,0,,,,,,,,,,,,,,,,,,,,,,,,,,,,,,0,,0,0,0,0,0,0,0,placeholders/placeholder-k12-3.png,,0,0,0,0,1318,,,
001V400000tPCrp,Hope Christian Academy,,,hope-christian-academy-nd-58601,hope@hcadickinson.org,"+1 701 225 3919",,https://www.hcadickinson.org/,2891 5th Avenue West,,Dickinson,Stark County,ND,"58601",US,46.91180320,-102.79265060,classical,hope-christian-academy-nd-58601-fcapi-classicality-abstract.md,hope-christian-academy-nd-58601-fcapi-classicality-audit.md,hope-christian-academy-nd-58601-fcapi-classicality-audit.pdf,elementary-intermediate-secondary,Private School,Private,0,,,,,,,,,,,,,,,,,,,,,,,,,,,,,,0,,0,0,0,0,0,0,0,placeholders/placeholder-elementary-1.png,,0,0,0,0,1320,,PK-12,"Pre-K, K, 1st, 2nd, 3rd, 4th, 5th, 6th, 7th, 8th, 9th, 10th, 11th, 12th"
001V400000tPCrq,Hope Lutheran Classical Academy,,,hope-lutheran-classical-academy-id-83404,,"+1 208 529 8080",,https://www.allabouthope.org/,2071 12th Street,,Idaho Falls,Bonneville County,ID,"83404",US,43.48741540,-111.99458390,classical,hope-lutheran-classical-academy-id-83404-fcapi-classicality-abstract.md,hope-lutheran-classical-academy-id-83404-fcapi-classicality-audit.md,hope-lutheran-classical-academy-id-83404-fcapi-classicality-audit.pdf,elementary-intermediate,Private School,Private,0,,,,,,,,,,,,,,,,,,,,,,,,,,,,,,0,,0,0,0,0,0,0,0,placeholders/placeholder-elementary-3.png,,0,0,0,0,1322,,K-8,"K, 1st, 2nd, 3rd, 4th, 5th, 6th, 7th, 8th"
001V400000tPCrr,Hope Lutheran School,,,hope-lutheran-school-id,,"+1 208 529 8080",,http://allabouthope.org,2071 12th Street,,Idaho Falls,,ID,"83404",US,43.48753010,-111.99440720,classical,hope-lutheran-school-id-fcapi-classicality-abstract.md,hope-lutheran-school-id-fcapi-classicality-audit.md,hope-lutheran-school-id-fcapi-classicality-audit.pdf,elementary-intermediate,,,0,,,,,,,,,,,,,,,,,,,,,,,,,,,,,,0,,0,0,0,0,0,0,0,placeholders/placeholder-elementary-5.png,,0,0,0,0,5288,,K-8,"K, 1st, 2nd, 3rd, 4th, 5th, 6th, 7th, 8th"
001V400000tPCrs,Hope Preparatory School,,,hope-preparatory-school-nc-28504,,"+1 252 549 4164",,https://hopeprepschool.org/,2600 Rouse Rd.,C/O First Baptist Church,Kinston,Lenoir County,NC,"28504",US,35.29903060,-77.61629080,classical,hope-preparatory-school-nc-28504-fcapi-classicality-abstract.md,hope-preparatory-school-nc-28504-fcapi-classicality-audit.md,hope-preparatory-school-nc-28504-fcapi-classicality-audit.pdf,elementary-intermediate,Private School,Private,0,,,,,,,,,,,,,,,,,,,,,,,,,,,,,,0,,0,0,0,0,0,0,0,placeholders/placeholder-elementary-6.png,,0,0,0,0,1324,,K-7,"K, 1st, 2nd, 3rd, 4th, 5th, 6th, 7th"
001V400000tPCru,Huckleberry Homescholé Academy,001V400000tOZKD,Schole Communities,huckleberry-homeschole-academy-spirit-lake-id,HuckleberryHomeschoolAcademy@proton.me,"",,,,,Spirit Lake,,ID,"",US,47.96629240,-116.86853140,classical,huckleberry-homeschole-academy-spirit-lake-id-fcapi-classicality-abstract.md,huckleberry-homeschole-academy-spirit-lake-id-fcapi-classicality-audit.md,huckleberry-homeschole-academy-spirit-lake-id-fcapi-classicality-audit.pdf,elementary-intermediate-secondary,,,0,,,,,,,,,,,,,,,,,,,,,,,5479,,,,,,,0,,0,0,0,0,0,0,0,placeholders/placeholder-schole-1.png,,0,0,0,0,5511,,,
001V400000tPCrv,Hudson Valley Classical Academy: Lower,001V400000tOBYU,Hudson Valley Classical Academies,hudson-valley-classical-academy-lower-ny-12598,,"+1 845 628 2775",,http://hudsonvalleychristian.org,531 New York 6N,,Mahopac,,NY,"12598",US,41.37255430,-73.76635230,classical,hudson-valley-classical-academy-lower-ny-12598-fcapi-classicality-abstract.md,hudson-valley-classical-academy-lower-ny-12598-fcapi-classicality-audit.md,hudson-valley-classical-academy-lower-ny-12598-fcapi-classicality-audit.pdf,elementary-intermediate-secondary,,,0,,,,,,,,,,,,,,,,,,,,,,,5190,,,,,,,0,,0,0,0,0,0,0,0,placeholders/placeholder-virtual-0.png,,0,0,0,0,5425,,,
001V400000tPCrw,Hunter Classical Christian School,,,hunter-classical-christian-school-va-23229,info@hunterclassicalchristian.org,"+1 804 708 0048",,https://www.hunterclassicalchristian.org/,"8800 Derbyshire Rd, Richmond, VA",,Richmond,Goochland County,VA,"23229",US,37.60878950,-77.70252750,classical,hunter-classical-christian-school-va-23229-fcapi-classicality-abstract.md,hunter-classical-christian-school-va-23229-fcapi-classicality-audit.md,hunter-classical-christian-school-va-23229-fcapi-classicality-audit.pdf,elementary-intermediate,Private School,Private School,0,,127,,,,,,,,,,,,,,,,,,,,,,,,,,,,1,,1,0,1,1,0,0,0,placeholders/placeholder-elementary-4.png,,0,0,0,0,1332,,K-8,"K, 1st, 2nd, 3rd, 4th, 5th, 6th, 7th, 8th"
001V400000tPL7a,Hózhó Academy,,,hozho-academy-nm-87301,hozhoacademy@gmail.com,"+1 505 722 8922",,https://hozhoacademy.org/,305 State Rd. 564,,Gallup,McKinley County,NM,"87301",US,35.51861570,-108.74201200,classical,hozho-academy-nm-87301-fcapi-classicality-abstract.md,hozho-academy-nm-87301-fcapi-classicality-audit.md,hozho-academy-nm-87301-fcapi-classicality-audit.pdf,elementary-intermediate-secondary,Charter,Public,0,,,,,,,,,,,,,,,,,,,,,,,,,,,,,,0,,0,0,0,0,0,0,0,placeholders/placeholder-elementary-2.png,,0,0,0,0,1330,,K-12,"K, 1st, 2nd, 3rd, 4th, 5th, 6th, 7th, 8th, 9th, 10th, 11th, 12th"
001V400000tPCrz,Idaho Novus Classical Academy,001V400000vNclQ,American Classical Schools of Idaho,idaho-novus-classical-academy-id-83714,,"+1 208 817 0618",,https://idahonovus.org/,19255 North McLeod Way,,INCA,Ada County,ID,"83714",US,43.77896940,-116.26357170,classical,idaho-novus-classical-academy-id-83714-fcapi-classicality-abstract.md,idaho-novus-classical-academy-id-83714-fcapi-classicality-audit.md,idaho-novus-classical-academy-id-83714-fcapi-classicality-audit.pdf,elementary-intermediate,Charter,Public,0,,,,,,,,,,,,,,,,,,,,,,,7637,,,,,,,0,,0,0,0,0,0,0,0,placeholders/placeholder-elementary-8.png,,0,0,0,0,1334,,K-6,"K, 1st, 2nd, 3rd, 4th, 5th, 6th"
001V400000tPCs0,Ignite Classical School,,,ignite-classical-school-la-71108,,"+1 318 924 3764",,https://igniteclassical.org/,6400 Hearne Ave.,,Shreveport,Caddo Parish,LA,"71108",US,32.46044250,-93.79775250,classical,ignite-classical-school-la-71108-fcapi-classicality-abstract.md,ignite-classical-school-la-71108-fcapi-classicality-audit.md,ignite-classical-school-la-71108-fcapi-classicality-audit.pdf,elementary-intermediate-secondary,Private School,Private,0,,,,,,,,,,,,,,,,,,,,,,,,,,,,,,0,,0,0,0,0,0,0,0,placeholders/placeholder-elementary-9.png,,0,0,0,0,1336,,K-12,"K, 1st, 2nd, 3rd, 4th, 5th, 6th, 7th, 8th, 9th, 10th, 11th, 12th"
001V400000tPCs5,Imago Dei Academy,,,imago-dei-academy-nm-88310,headmaster@imagodeiacademy.net,"+1 575 434 3903",,https://www.imagodei.academy/,3601 N. Scenic Dr.,,Alamogordo,Otero County,NM,"88310",US,32.93778110,-105.95367880,classical,imago-dei-academy-nm-88310-fcapi-classicality-abstract.md,imago-dei-academy-nm-88310-fcapi-classicality-audit.md,imago-dei-academy-nm-88310-fcapi-classicality-audit.pdf,elementary-intermediate-secondary,Private School,Private,0,,,,,,,,,,,,,,,,,,,,,,,,,,,,,,0,,0,0,0,0,0,0,0,placeholders/placeholder-elementary-2.png,,0,0,0,0,1340,,K-12,"K, 1st, 2nd, 3rd, 4th, 5th, 6th, 7th, 8th, 9th, 10th, 11th, 12th"
001V400000tPCs6,Imago Dei Academy,,,imago-dei-academy-wi-54848,jochimsen.shaunida@gmail.com,"+1 715 403 2786",,https://imagodeiacademywi.com/,N8331 Reichel Rd,,Ladysmith,,WI,"54848",US,45.46302310,-91.10403580,classical,imago-dei-academy-wi-54848-fcapi-classicality-abstract.md,imago-dei-academy-wi-54848-fcapi-classicality-audit.md,imago-dei-academy-wi-54848-fcapi-classicality-audit.pdf,elementary-intermediate,Private School,Private School,0,,31,,,,,,,,,,,,,,,,,,,,,,,,,,,,1,,0,1,1,1,0,0,0,placeholders/placeholder-elementary-3.png,,0,0,0,0,1341,,PK-9,"Pre-K, K, 1st, 2nd, 3rd, 4th, 5th, 6th, 7th, 8th, 9th"
001V400000tPCs7,Imago Dei Classical Academy,,,imago-dei-classical-academy-la-70131,,"+1 828 513 4966",,https://www.imagodeict.org/,3514 Timber Bluff Ln.,,New Orleans,Orleans Parish,LA,"70131",US,29.89937260,-89.99662480,classical,imago-dei-classical-academy-la-70131-fcapi-classicality-abstract.md,imago-dei-classical-academy-la-70131-fcapi-classicality-audit.md,imago-dei-classical-academy-la-70131-fcapi-classicality-audit.pdf,elementary-intermediate-secondary,,,0,,,,,,,,,,,,,,,,,,,,,,,,,,,,,,0,,0,0,0,0,0,0,0,placeholders/placeholder-elementary-4.png,,0,0,0,0,1342,,K-12,"K, 1st, 2nd, 3rd, 4th, 5th, 6th, 7th, 8th, 9th, 10th, 11th, 12th"
001V400000tPCs9,Imago Dei Classical School,,,imago-dei-classical-school-wi-53144,office@imagodeiclassicalschool.org,"+1 262 484 4117",,https://www.imagodeiclassicalschool.org/,5214 47th Ave.nue,,Kenosha,Kenosha County,WI,"53144",US,42.58814450,-87.86609420,classical,imago-dei-classical-school-wi-53144-fcapi-classicality-abstract.md,imago-dei-classical-school-wi-53144-fcapi-classicality-audit.md,imago-dei-classical-school-wi-53144-fcapi-classicality-audit.pdf,elementary-intermediate,Private School,Private,0,,,,,,,,,,,,,,,,,,,,,,,,,,,,,,0,,0,0,0,0,0,0,0,placeholders/placeholder-elementary-6.png,,0,0,0,0,1344,,K-6,"K, 1st, 2nd, 3rd, 4th, 5th, 6th"
001V400000tPCsA,Imago Dei Neighborhood School,,,imago-dei-neighborhood-school-va-23222,office@imagodeirichmond.org,"+1 804 716 7265",,https://imagodeirichmond.org/,2904 Moss Side Ave.,,Richmond,,VA,"23222",US,37.57078860,-77.44122050,classical,imago-dei-neighborhood-school-va-23222-fcapi-classicality-abstract.md,imago-dei-neighborhood-school-va-23222-fcapi-classicality-audit.md,imago-dei-neighborhood-school-va-23222-fcapi-classicality-audit.pdf,elementary-intermediate-secondary,Private School,Private,0,,,,,,,,,,,,,,,,,,,,,,,,,,,,,,0,,0,0,0,0,0,0,0,placeholders/placeholder-elementary-7.png,,0,0,0,0,1345,,K-12,"K, 1st, 2nd, 3rd, 4th, 5th, 6th, 7th, 8th, 9th, 10th, 11th, 12th"
001V400000tPCsB,Immaculate Conception Academy,,,immaculate-conception-academy-oh-45212,office@icaohio.com,"+1 513 731 0154",,https://www.icaohio.com/,4510 Floral Ave,,Cincinnati,,OH,"45212",US,39.15780400,-84.44904980,classical,immaculate-conception-academy-oh-45212-fcapi-classicality-abstract.md,immaculate-conception-academy-oh-45212-fcapi-classicality-audit.md,immaculate-conception-academy-oh-45212-fcapi-classicality-audit.pdf,elementary-intermediate-secondary,Private School,Private School,0,,132,,,,,,,,,,,,,,,,,,,,,,,,,,,,1,,1,0,0,0,0,0,0,placeholders/placeholder-elementary-0.png,,0,0,0,0,1349,,K-12,"K, 1st, 2nd, 3rd, 4th, 5th, 6th, 7th, 8th, 9th, 10th, 11th, 12th"
001V400000tPCsD,Immanuel Lutheran School,,,immanuel-lutheran-school-va-22301,school@immanuelalexandria.org,"+1 703 549 0155",,https://www.ilsalexandria.org/,1801 Russell Rd.,,Alexandria,,VA,"22301",US,38.82201200,-77.06514900,classical,immanuel-lutheran-school-va-22301-fcapi-classicality-abstract.md,immanuel-lutheran-school-va-22301-fcapi-classicality-audit.md,immanuel-lutheran-school-va-22301-fcapi-classicality-audit.pdf,elementary-intermediate,Private School,Private,0,,,,,,,,,,,,,,,,,,,,,,,,,,,,,,0,,0,0,0,0,0,0,0,placeholders/placeholder-elementary-6.png,,0,0,0,0,1357,,PK-8,"Pre-K, K, 1st, 2nd, 3rd, 4th, 5th, 6th, 7th, 8th"
001V400000tPCsE,Incarnation Catholic School,,,incarnation-catholic-school-fl-34239,,"+1 941 924 8588",,https://www.incarnationschool.edu/,2911 Bee Ridge Rd.,,Sarasota,Sarasota County,FL,"34239",US,27.29998880,-82.51201540,classical,incarnation-catholic-school-fl-34239-fcapi-classicality-abstract.md,incarnation-catholic-school-fl-34239-fcapi-classicality-audit.md,incarnation-catholic-school-fl-34239-fcapi-classicality-audit.pdf,elementary-intermediate,Private School,Private,0,,,,,,,,,,,,,,,,,,,,,,,,,,,,,,0,,0,0,0,0,0,0,0,placeholders/placeholder-elementary-9.png,,0,0,0,0,1360,,PK-8,"Pre-K, K, 1st, 2nd, 3rd, 4th, 5th, 6th, 7th, 8th"
001V400000tPCsG,Innovate Academy,,,innovate-academy-pa-19317,cprange@innovateacademy.com,"+1 610 545 6216",,https://www.innovateacademy.com/,500 Brandywine Dr.,,Chadds Ford,Delaware County,PA,"19317",US,39.88242940,-75.55552180,classical,innovate-academy-pa-19317-fcapi-classicality-abstract.md,innovate-academy-pa-19317-fcapi-classicality-audit.md,innovate-academy-pa-19317-fcapi-classicality-audit.pdf,elementary-intermediate,Private School,Private,0,,,,,,,,,,,,,,,,,,,,,,,,,,,,,,0,,0,0,0,0,0,0,0,placeholders/placeholder-elementary-4.png,,0,0,0,0,1365,,PK-8,"Pre-K, K, 1st, 2nd, 3rd, 4th, 5th, 6th, 7th, 8th"
001V400000tPCsN,Ironbridge Christian Academy,,,ironbridge-christian-academy-va-23831,info@ironbridge.academy,"+1 804 796 6868",,https://ironbridge.academy,10900 Iron Bridge Rd,,Chester,,VA,"23831",US,37.36537350,-77.49993660,classical,ironbridge-christian-academy-va-23831-fcapi-classicality-abstract.md,ironbridge-christian-academy-va-23831-fcapi-classicality-audit.md,ironbridge-christian-academy-va-23831-fcapi-classicality-audit.pdf,elementary,,,0,,,,,,,,,,,,,,,,,,,,,,,,,,,,,,0,,0,0,0,0,0,0,0,placeholders/placeholder-elementary-0.png,,0,0,0,0,3207,,PK-2,"Pre-K, K, 1st, 2nd"
001V400000tPCsO,Island Christian Academy,,,island-christian-academy-wa-98260,islandchristianacademy@gmail.com,"+1 360 221 0919",,https://www.islandchristianacademy.com/,PO Box 1048,,Langley,Island County,WA,"98260",US,48.01481620,-122.40868370,classical,island-christian-academy-wa-98260-fcapi-classicality-abstract.md,island-christian-academy-wa-98260-fcapi-classicality-audit.md,island-christian-academy-wa-98260-fcapi-classicality-audit.pdf,elementary-intermediate-secondary,Private School,Private,0,,,,,,,,,,,,,,,,,,,,,,,,,,,,,,0,,0,0,0,0,0,0,0,placeholders/placeholder-elementary-1.png,,0,0,0,0,1373,,K-12,"K, 1st, 2nd, 3rd, 4th, 5th, 6th, 7th, 8th, 9th, 10th, 11th, 12th"
001V400000tPL86,Ivy Classical Academy,,,ivy-classical-academy-al-36066,info@ivyclassical.org,"+1 334 595 5580",,https://ivyclassical.org/,1000 Vista Point Boulevard,,Prattville,Elmore County,AL,"36066",US,32.46482360,-86.39755930,classical,ivy-classical-academy-al-36066-fcapi-classicality-abstract.md,ivy-classical-academy-al-36066-fcapi-classicality-audit.md,ivy-classical-academy-al-36066-fcapi-classicality-audit.pdf,elementary,Charter,Public,0,,,,,,,,,,,,,,,,,,,,,,,,,,,,,,0,,0,0,0,0,0,0,0,placeholders/placeholder-elementary-4.png,,0,0,0,0,1376,,K-5,"K, 1st, 2nd, 3rd, 4th, 5th"
001V400000tPCsQ,Ivywood Classical Academy,,,ivywood-classical-academy-mi-48170,,"+1 248 207 1757",,https://ivywoodclassicalacademy.com/,14356 Genoa Ct,,Plymouth,Wayne County,MI,"48170",US,42.38614390,-83.51528860,classical,ivywood-classical-academy-mi-48170-fcapi-classicality-abstract.md,ivywood-classical-academy-mi-48170-fcapi-classicality-audit.md,ivywood-classical-academy-mi-48170-fcapi-classicality-audit.pdf,elementary-intermediate-secondary,Charter,Public,0,,,,,,,,,,,,,,,,,,,,,,,,,,,,,,0,,0,0,0,0,0,0,0,placeholders/placeholder-elementary-5.png,,0,0,0,0,1377,,K-10,"K, 1st, 2nd, 3rd, 4th, 5th, 6th, 7th, 8th, 9th, 10th"
001V400000tPCsR,Jackson Hole Classical Academy,,,jackson-hole-classical-academy-wy-83001,info@jhclassical.org,"+1 585 213 1584",,https://jhclassical.org/,2500 S Park Loop Rd.,,Jackson,Teton County,WY,"83001",US,43.44318460,-110.81160910,classical,jackson-hole-classical-academy-wy-83001-fcapi-classicality-abstract.md,jackson-hole-classical-academy-wy-83001-fcapi-classicality-audit.md,jackson-hole-classical-academy-wy-83001-fcapi-classicality-audit.pdf,elementary-intermediate-secondary,Private School,Private,0,,,,,,,,,,,,,,,,,,,,,,,,,,,,,,0,,0,0,0,0,0,0,0,placeholders/placeholder-elementary-6.png,,0,0,0,0,1378,,K-12,"K, 1st, 2nd, 3rd, 4th, 5th, 6th, 7th, 8th, 9th, 10th, 11th, 12th"
001V400000tPCsS,Jacksonville Classical Academy: Fort Caroline,001V400000tOBYV,Jacksonville Classical Academies,jacksonville-classical-academy-fort-caroline-fl-32277,,"",,https://www.jaxclassical.org/,5900 Fort Caroline Rd,,Jacksonville,,FL,"32277",US,30.36490110,-81.59974500,classical,jacksonville-classical-academy-fort-caroline-fl-32277-fcapi-classicality-abstract.md,jacksonville-classical-academy-fort-caroline-fl-32277-fcapi-classicality-audit.md,jacksonville-classical-academy-fort-caroline-fl-32277-fcapi-classicality-audit.pdf,elementary,Charter,,0,,300,,,,,,,,,,,,,,,,,,,,,5475,,,,,,,1,,1,0,1,1,0,0,0,placeholders/placeholder-elementary-7.png,,0,0,0,0,1379,,PK-5,"Pre-K, K, 1st, 2nd, 3rd, 4th, 5th"
001V400000tPCsT,Jacksonville Classical Academy: Riverside,001V400000tOBYV,Jacksonville Classical Academies,jacksonville-classical-academy-riverside-fl-32204,,"",,https://www.jaxclassical.org/,2043 Forest St.,,Jacksonville,,FL,"32204",US,30.32531890,-81.68356270,classical,jacksonville-classical-academy-riverside-fl-32204-fcapi-classicality-abstract.md,jacksonville-classical-academy-riverside-fl-32204-fcapi-classicality-audit.md,jacksonville-classical-academy-riverside-fl-32204-fcapi-classicality-audit.pdf,elementary-intermediate-secondary,Charter,,0,,300,,,,,,,,,,,,,,,,,,,,,5475,,,,,,,1,,1,0,1,1,0,0,0,placeholders/placeholder-elementary-8.png,,0,0,0,0,5347,,PK-12,"Pre-K, K, 1st, 2nd, 3rd, 4th, 5th, 6th, 7th, 8th, 9th, 10th, 11th, 12th"
001V400000tPCsY,John Paul the Great Academy,,,john-paul-great-academy-la-70501,,"+1 337 889 5345",,https://jpgacademy.org/,1522 Carmel Dr.,,Lafayette,Lafayette Parish,LA,"70501",US,30.22927720,-91.98386730,classical,john-paul-great-academy-la-70501-fcapi-classicality-abstract.md,john-paul-great-academy-la-70501-fcapi-classicality-audit.md,john-paul-great-academy-la-70501-fcapi-classicality-audit.pdf,elementary-intermediate-secondary,Private School,Private,0,,,,,,,,,,,,,,,,,,,,,,,,,,,,,,0,,0,0,0,0,0,0,0,placeholders/placeholder-elementary-7.png,,0,0,0,0,1388,,PK-12,"Pre-K, K, 1st, 2nd, 3rd, 4th, 5th, 6th, 7th, 8th, 9th, 10th, 11th, 12th"
001V400000tPCsZ,Johnson Ferry Christian Academy,,,johnson-ferry-christian-academy-ga-30068,admissions@jfca.org,"+1 678 784 5231",,https://jfca.org/,955 Johnson Ferry Road,,Marietta,Cobb County,GA,"30068",US,33.97253200,-84.41472700,classical,johnson-ferry-christian-academy-ga-30068-fcapi-classicality-abstract.md,johnson-ferry-christian-academy-ga-30068-fcapi-classicality-audit.md,johnson-ferry-christian-academy-ga-30068-fcapi-classicality-audit.pdf,elementary,Private School,Private,0,,,,,,,,,,,,,,,,,,,,,,,,,,,,,,0,,0,0,0,0,0,0,0,placeholders/placeholder-elementary-8.png,,0,0,0,0,1389,,PK-3,"Pre-K, K, 1st, 2nd, 3rd"
001V400000tPCsb,Jonathan Edwards Classical Academy,,,jonathan-edwards-classical-academy-tn-37189,office@jecanashville.org,"+1 615 876 7291",,https://jecanashville.org/,4479 Jackson Rd.,,Whites Creek,Davidson County,TN,"37189",US,36.29593970,-86.77369410,classical,jonathan-edwards-classical-academy-tn-37189-fcapi-classicality-abstract.md,jonathan-edwards-classical-academy-tn-37189-fcapi-classicality-audit.md,jonathan-edwards-classical-academy-tn-37189-fcapi-classicality-audit.pdf,elementary-intermediate-secondary,Private School,Private,0,,,,,,,,,,,,,,,,,,,,,,,,,,,,,,0,,0,0,0,0,0,0,0,placeholders/placeholder-elementary-9.png,,0,0,0,0,1390,,K-12,"K, 1st, 2nd, 3rd, 4th, 5th, 6th, 7th, 8th, 9th, 10th, 11th, 12th"
001V400000tPCsh,Judah Christian Academy,,,judah-christian-academy-nc-28164,info@judahchristianacademy.com,"+1 704 908 8088",,https://judahchristianacademy.com/,299 S Peterson St,,Stanley,,NC,"28164",US,35.35684440,-81.09109790,classical,judah-christian-academy-nc-28164-fcapi-classicality-abstract.md,judah-christian-academy-nc-28164-fcapi-classicality-audit.md,judah-christian-academy-nc-28164-fcapi-classicality-audit.pdf,elementary-intermediate-secondary,,,0,,,,,,,,,,,,,,,,,,,,,,,,,,,,,,0,,0,0,0,0,0,0,0,placeholders/placeholder-elementary-6.png,,0,0,0,0,3209,,,
001V400000tPCsj,Kairos Classical Christian Academy,,,kairos-classical-christian-academy-nc-28052,,"+1 704 865 7132",,https://www.vcagastonia.org/,317 South Chester Street,,Gastonia,Gaston County,NC,"28052",US,35.25998470,-81.18797410,classical,kairos-classical-christian-academy-nc-28052-fcapi-classicality-abstract.md,kairos-classical-christian-academy-nc-28052-fcapi-classicality-audit.md,kairos-classical-christian-academy-nc-28052-fcapi-classicality-audit.pdf,elementary-intermediate-secondary,Private School,Private,0,,,,,,,,,,,,,,,,,,,,,,,,,,,,,,0,,0,0,0,0,0,0,0,placeholders/placeholder-elementary-9.png,,0,0,0,0,1401,,K-12,"K, 1st, 2nd, 3rd, 4th, 5th, 6th, 7th, 8th, 9th, 10th, 11th, 12th"
001V400000tPCsk,Kalos Christian Academy,,,kalos-christian-academy-mo-64117,office@kaloskc.com,"+1 816 888 0839",,https://kaloskc.com/,4513 North Jackson Avenue,,Kansas City,Clay County,MO,"64117",US,39.17612240,-94.52998990,classical,kalos-christian-academy-mo-64117-fcapi-classicality-abstract.md,kalos-christian-academy-mo-64117-fcapi-classicality-audit.md,kalos-christian-academy-mo-64117-fcapi-classicality-audit.pdf,elementary-intermediate-secondary,Private School,Private,0,,,,,,,,,,,,,,,,,,,,,,,,,,,,,,0,,0,0,0,0,0,0,0,placeholders/placeholder-elementary-1.png,,0,0,0,0,1403,,K-12,"K, 1st, 2nd, 3rd, 4th, 5th, 6th, 7th, 8th, 9th, 10th, 11th, 12th"
001V400000tPCsl,Kardia Classical School,,,kardia-classical-school-wa-98272,office@kardiaclassical.org,"+1 360 453 7334",,https://kardiaclassical.org/,14751 N Kelsey St Ste 105#243,#243,Monroe,Snohomish County,WA,"98272",US,47.86402590,-121.97520800,classical,kardia-classical-school-wa-98272-fcapi-classicality-abstract.md,kardia-classical-school-wa-98272-fcapi-classicality-audit.md,kardia-classical-school-wa-98272-fcapi-classicality-audit.pdf,elementary-intermediate,Private School,Private,0,,,,,,,,,,,,,,,,,,,,,,,,,,,,,,0,,0,0,0,0,0,0,0,placeholders/placeholder-elementary-3.png,,0,0,0,0,1405,,PK-8,"Pre-K, K, 1st, 2nd, 3rd, 4th, 5th, 6th, 7th, 8th"
001V400000tPCsm,Katy Classical Academy,,,katy-classical-academy-tx-77494,Admissions@katyclassicalacademy.org,"+1 281 962 8522",,https://katyclassicalacademy.org/,26600 Westheimer Parkway In,,Katy,Fort Bend County,TX,"77494",US,29.76113310,-95.80712130,classical,katy-classical-academy-tx-77494-fcapi-classicality-abstract.md,katy-classical-academy-tx-77494-fcapi-classicality-audit.md,katy-classical-academy-tx-77494-fcapi-classicality-audit.pdf,elementary-intermediate-secondary,Private School,Private,0,,,,,,,,,,,,,,,,,,,,,,,,,,,,,,0,,0,0,0,0,0,0,0,placeholders/placeholder-elementary-4.png,,0,0,0,0,1406,,K-12,"K, 1st, 2nd, 3rd, 4th, 5th, 6th, 7th, 8th, 9th, 10th, 11th, 12th"
001V400000tPCsn,Kawartha Classical Christian School,,,kawartha-classical-christian-school-on-ca-k9l1c3,office@kawarthaclassical.com,"+1 705 768 3434",,https://www.kawarthaclassical.com/,366 Parkhill Road East,,Peterborough,Peterborough County,ON,"K9L 1C3",CA,44.32070510,-78.30122800,classical,kawartha-classical-christian-school-on-ca-k9l1c3-fcapi-classicality-abstract.md,kawartha-classical-christian-school-on-ca-k9l1c3-fcapi-classicality-audit.md,kawartha-classical-christian-school-on-ca-k9l1c3-fcapi-classicality-audit.pdf,elementary-intermediate,Private School,Private,0,,,,,,,,,,,,,,,,,,,,,,,,,,,,,,0,,0,0,0,0,0,0,0,placeholders/placeholder-elementary-5.png,,0,0,0,0,1407,,K-8,"K, 1st, 2nd, 3rd, 4th, 5th, 6th, 7th, 8th"
001V400000tPCso,Kenai Classical School,,,kenai-classical-school-ak-99669,,"+1 208 957 0100",,https://kenaiclassical.org/,35555 Kenai Spur Hwy 301,,Soldotna,Kenai Peninsula Borough,AK,"99669",US,60.47404870,-151.10390310,classical,kenai-classical-school-ak-99669-fcapi-classicality-abstract.md,kenai-classical-school-ak-99669-fcapi-classicality-audit.md,kenai-classical-school-ak-99669-fcapi-classicality-audit.pdf,elementary-intermediate-secondary,Private School,Private,0,,,,,,,,,,,,,,,,,,,,,,,,,,,,,,0,,0,0,0,0,0,0,0,placeholders/placeholder-elementary-8.png,,0,0,0,0,1410,,K-12,"K, 1st, 2nd, 3rd, 4th, 5th, 6th, 7th, 8th, 9th, 10th, 11th, 12th"
001V400000tPCsp,Kepler Education,,,kepler-education-id-83843,,"+1 208 402 8518",,https://kepler.education/,121 E 3rd St,,Moscow,Latah County,ID,"83843",US,46.73215750,-117.00040600,classical,kepler-education-id-83843-fcapi-classicality-abstract.md,kepler-education-id-83843-fcapi-classicality-audit.md,kepler-education-id-83843-fcapi-classicality-audit.pdf,elementary-intermediate-secondary,Private School,Private,0,,,,,,,,,,,,,,,,,,,,,,,,,,,,,,0,,0,0,0,0,0,0,0,placeholders/placeholder-virtual-2.png,,0,0,0,0,1414,,K-12,"K, 1st, 2nd, 3rd, 4th, 5th, 6th, 7th, 8th, 9th, 10th, 11th, 12th"
001V400000tPCsq,King Alfred Academy,,,king-alfred-academy-on-ca-n2j4g8,kingalfredchristianschool@gmail.com,"+1 519 658 6333",,https://kingalfred.ca/,1373 Lobsinger Line,,Waterloo,Waterloo Regional Municipality,ON,"N2J 4G8",CA,43.51662950,-80.56865540,classical,king-alfred-academy-on-ca-n2j4g8-fcapi-classicality-abstract.md,king-alfred-academy-on-ca-n2j4g8-fcapi-classicality-audit.md,king-alfred-academy-on-ca-n2j4g8-fcapi-classicality-audit.pdf,elementary-intermediate,Private School,Private,0,,,,,,,,,,,,,,,,,,,,,,,,,,,,,,0,,0,0,0,0,0,0,0,placeholders/placeholder-elementary-7.png,,0,0,0,0,1422,,PK-8,"Pre-K, K, 1st, 2nd, 3rd, 4th, 5th, 6th, 7th, 8th"
001V400000tPL8l,King's Academy,,,kings-academy-tn-37211,,"+1 615 241 0505",,https://www.kingsacademynashville.com/,394 Strasser Dr.,,Nashville,Davidson County,TN,"37211",US,36.06064980,-86.71538540,somewhat-classical,kings-academy-tn-37211-fcapi-classicality-abstract.md,kings-academy-tn-37211-fcapi-classicality-audit.md,kings-academy-tn-37211-fcapi-classicality-audit.pdf,elementary-intermediate,Private School,Private,0,,,,,,,,,,,,,,,,,,,,,,,,,,,,,,0,,0,0,0,0,0,0,0,placeholders/placeholder-elementary-2.png,,0,0,0,0,1438,,PK-8,"Pre-K, K, 1st, 2nd, 3rd, 4th, 5th, 6th, 7th, 8th"
001V400000tPCst,King's Classical Academy,,,kings-classical-academy-ca-94550,office@kingsclassical.org,"+1 209 275 9860",,https://kingsclassical.org/,945 Concannon Blvd.,,Livermore,Alameda County,CA,"94550",US,37.66009900,-121.78395080,classical,kings-classical-academy-ca-94550-fcapi-classicality-abstract.md,kings-classical-academy-ca-94550-fcapi-classicality-audit.md,kings-classical-academy-ca-94550-fcapi-classicality-audit.pdf,elementary-intermediate-secondary,Private School,Private,0,,,,,,,,,,,,,,,,,,,,,,,,,,,,,,0,,0,0,0,0,0,0,0,placeholders/placeholder-elementary-5.png,,0,0,0,0,1440,,K-12,"K, 1st, 2nd, 3rd, 4th, 5th, 6th, 7th, 8th, 9th, 10th, 11th, 12th"
001V400000tPCsu,King's Classical School,,,kings-classical-school-sc-29605,info@kingsclassicalschool.com,"",,https://kingsclassicalschool.com,3030 August Rd,,Greenville,,SC,"29605",US,34.80672030,-82.37978940,classical,kings-classical-school-sc-29605-fcapi-classicality-abstract.md,kings-classical-school-sc-29605-fcapi-classicality-audit.md,kings-classical-school-sc-29605-fcapi-classicality-audit.pdf,elementary,,,0,,,,,,,,,,,,,,,,,,,,,,,,,,,,,,0,,0,0,0,0,0,0,0,placeholders/placeholder-elementary-6.png,,0,0,0,0,3212,,K-2,"K, 1st, 2nd"
001V400000tPCsw,King's Way Classical Academy,,,kings-way-classical-academy-or-97015,admin@kingswayclassicalacaedmy.com,"+1 503 433 7733",,https://www.kingswayclassicalacademy.com/,9836 Southeast Empire Ct,,Clackamas,Clackamas County,OR,"97015",US,45.41929730,-122.56034270,classical,kings-way-classical-academy-or-97015-fcapi-classicality-abstract.md,kings-way-classical-academy-or-97015-fcapi-classicality-audit.md,kings-way-classical-academy-or-97015-fcapi-classicality-audit.pdf,elementary-intermediate-secondary,Private School,Private,0,,,,,,,,,,,,,,,,,,,,,,,,,,,,,,0,,0,0,0,0,0,0,0,placeholders/placeholder-virtual-1.png,,0,0,0,0,1444,,K-12,"K, 1st, 2nd, 3rd, 4th, 5th, 6th, 7th, 8th, 9th, 10th, 11th, 12th"
001V400000tPCsx,Kingdom Classical Academy,,,kingdom-classical-academy-pa-17025,hello@kingdomclassical.com,"+1 717 478 3740",,https://kingdomclassical.com/,PO Box 553,,Enola,Cumberland County,PA,"17025",US,40.20996280,-76.93090160,classical,kingdom-classical-academy-pa-17025-fcapi-classicality-abstract.md,kingdom-classical-academy-pa-17025-fcapi-classicality-audit.md,kingdom-classical-academy-pa-17025-fcapi-classicality-audit.pdf,elementary-intermediate,Private School,Private,0,,,,,,,,,,,,,,,,,,,,,,,,,,,,,,0,,0,0,0,0,0,0,0,placeholders/placeholder-elementary-2.png,,0,0,0,0,1426,,PK-9,"Pre-K, K, 1st, 2nd, 3rd, 4th, 5th, 6th, 7th, 8th, 9th"
001V400000tPOHF,Kingdom Collegiate Academies,,,kingdom-collegiate-academies-tx-75232,,"+1 214 672 9200",,https://ourkca.org/,1821 W Camp Wisdom Rd.,,Dallas,Dallas County,TX,"75232",US,32.66301300,-96.84757660,classical,kingdom-collegiate-academies-tx-75232-fcapi-classicality-abstract.md,kingdom-collegiate-academies-tx-75232-fcapi-classicality-audit.md,kingdom-collegiate-academies-tx-75232-fcapi-classicality-audit.pdf,elementary-intermediate-secondary,Private School,Private,0,,,,,,,,,,,,,,,,,,,,,,,,,,,,,,0,,0,0,0,0,0,0,0,placeholders/placeholder-elementary-3.png,,0,0,0,0,1427,,K-12,"K, 1st, 2nd, 3rd, 4th, 5th, 6th, 7th, 8th, 9th, 10th, 11th, 12th"
001V400000tPCsy,Kingdom Preparatory Academy,,,kingdom-preparatory-academy-tx-79464,,"+1 806 767 9334",,https://www.kingdomprep.org/,PO Box 64028,,Lubbock,Lubbock County,TX,"79464",US,33.58452350,-101.85521390,classical,kingdom-preparatory-academy-tx-79464-fcapi-classicality-abstract.md,kingdom-preparatory-academy-tx-79464-fcapi-classicality-audit.md,kingdom-preparatory-academy-tx-79464-fcapi-classicality-audit.pdf,elementary-intermediate-secondary,Private School,Private,0,,,,,,,,,,,,,,,,,,,,,,,,,,,,,,0,,0,0,0,0,0,0,0,placeholders/placeholder-elementary-7.png,,0,0,0,0,1431,,K-12,"K, 1st, 2nd, 3rd, 4th, 5th, 6th, 7th, 8th, 9th, 10th, 11th, 12th"
001V400000tPCt0,Kings Academy Christian School: Lower,001V400000tOBYW,Kings Academy Christian Schools TX,kings-academy-christian-school-lower-tx-75703,info@kacs.net,"+1 903 534 9992",,https://kacs.net/,7330 South Broadway Avenue,,Tyler,Smith County,TX,"75703",US,32.26931820,-95.30574410,classical,kings-academy-christian-school-lower-tx-75703-fcapi-classicality-abstract.md,kings-academy-christian-school-lower-tx-75703-fcapi-classicality-audit.md,kings-academy-christian-school-lower-tx-75703-fcapi-classicality-audit.pdf,elementary-intermediate,Private School,Private,0,,,,,,,,,,,,,,,,,,,,,,,5342,,,,,,,0,,0,0,0,0,0,0,0,placeholders/placeholder-elementary-8.png,,0,0,0,0,1434,,K-8,"K, 1st, 2nd, 3rd, 4th, 5th, 6th, 7th, 8th"
001V400000tPCt2,King’s Cross Academy,001V400000tOZKD,Schole Communities,king’s-cross-academy-lynchburg-va,renaphillips@icloud.com,"",,,,,Lynchburg,,VA,"",US,37.41488190,-79.14220710,classical,king’s-cross-academy-lynchburg-va-fcapi-classicality-abstract.md,king’s-cross-academy-lynchburg-va-fcapi-classicality-audit.md,king’s-cross-academy-lynchburg-va-fcapi-classicality-audit.pdf,elementary-intermediate-secondary,,,0,,,,,,,,,,,,,,,,,,,,,,,5479,,,,,,,0,,0,0,0,0,0,0,0,placeholders/placeholder-schole-1.png,,0,0,0,0,5557,,,
001V400000tPCt3,Knight's Christian Academy,,,knights-christian-academy-fl-32168,contact@kcafl.org,"+1 386 426 0800",,https://www.kcafl.org/,310 Douglas St 2nd Floor,,New Smyrna Beach,Volusia County,FL,"32168",US,29.02289060,-80.92315180,classical,knights-christian-academy-fl-32168-fcapi-classicality-abstract.md,knights-christian-academy-fl-32168-fcapi-classicality-audit.md,knights-christian-academy-fl-32168-fcapi-classicality-audit.pdf,elementary-intermediate,Private School,Private,0,,,,,,,,,,,,,,,,,,,,,,,,,,,,,,0,,0,0,0,0,0,0,0,placeholders/placeholder-elementary-2.png,,0,0,0,0,1446,,PK-8,"Pre-K, K, 1st, 2nd, 3rd, 4th, 5th, 6th, 7th, 8th"
001V400000tPCt4,"Knox Academy, A Scholé School",001V400000tOZKD,Schole Communities,knox-academy-schole-school-medford-or,benmc@knoxclassicalacademy.com,"",,https://www.knoxmedford.com,,,Medford,,OR,"",US,42.32301120,-122.87673960,classical,knox-academy-schole-school-medford-or-fcapi-classicality-abstract.md,knox-academy-schole-school-medford-or-fcapi-classicality-audit.md,knox-academy-schole-school-medford-or-fcapi-classicality-audit.pdf,elementary-intermediate-secondary,,,0,,,,,,,,,,,,,,,,,,,,,,,5479,,,,,,,0,,0,0,0,0,0,0,0,placeholders/placeholder-schole-1.png,,0,0,0,0,5537,,,
001V400000tPCt5,Knox Classical Academy,,,knox-classical-academy-mn-55113,,"+1 612 877 2686",,https://www.knoxclassical.com/,1310 County Road B2 West,,Roseville,Ramsey County,MN,"55113",US,45.01304940,-93.15525730,classical,knox-classical-academy-mn-55113-fcapi-classicality-abstract.md,knox-classical-academy-mn-55113-fcapi-classicality-audit.md,knox-classical-academy-mn-55113-fcapi-classicality-audit.pdf,elementary-intermediate-secondary,Private School,Private,0,,,,,,,,,,,,,,,,,,,,,,,,,,,,,,0,,0,0,0,0,0,0,0,placeholders/placeholder-elementary-3.png,,0,0,0,0,1447,,K-12,"K, 1st, 2nd, 3rd, 4th, 5th, 6th, 7th, 8th, 9th, 10th, 11th, 12th"
001V400000tPCt6,Knox Classical Academy,,,knox-classical-academy-or-97502,,"+1 541 531 9949",,https://www.knoxmedford.com/,PO BOX 4767,,Central Point,,OR,"97502",US,42.37230340,-122.93022700,classical,knox-classical-academy-or-97502-fcapi-classicality-abstract.md,knox-classical-academy-or-97502-fcapi-classicality-audit.md,knox-classical-academy-or-97502-fcapi-classicality-audit.pdf,elementary-intermediate-secondary,Private School,Private School,0,,87,,,,,,,,,,,,,,,,,,,,,,,,,,,,1,,1,0,0,0,0,0,0,placeholders/placeholder-elementary-4.png,,0,0,0,0,1448,,K-12,"K, 1st, 2nd, 3rd, 4th, 5th, 6th, 7th, 8th, 9th, 10th, 11th, 12th"
001V400000tPCt7,Knox Classical School,,,knox-classical-school-ks-66219,,"+1 505 205 4799",,https://www.knoxkc.org/,15621 West 87th St. Pkwy,#136,Lenexa,Johnson County,KS,"66219",US,38.97054210,-94.76705520,classical,knox-classical-school-ks-66219-fcapi-classicality-abstract.md,knox-classical-school-ks-66219-fcapi-classicality-audit.md,knox-classical-school-ks-66219-fcapi-classicality-audit.pdf,elementary,Private School,Private,0,,,,,,,,,,,,,,,,,,,,,,,,,,,,,,0,,0,0,0,0,0,0,0,placeholders/placeholder-elementary-5.png,,0,0,0,0,1449,,K-3,"K, 1st, 2nd, 3rd"
001V400000tPCt8,Koinonia Classical Christian School,,,koinonia-classical-christian-school-tx-76574,info@koinoniaschool.org,"+1 512 981 9386",,https://www.koinoniaschool.org/,1517 Mclain St.,,Taylor,Williamson County,TX,"76574",US,30.57601540,-97.42632680,classical,koinonia-classical-christian-school-tx-76574-fcapi-classicality-abstract.md,koinonia-classical-christian-school-tx-76574-fcapi-classicality-audit.md,koinonia-classical-christian-school-tx-76574-fcapi-classicality-audit.pdf,elementary-intermediate-secondary,Private School,Private,0,,,,,,,,,,,,,,,,,,,,,,,,,,,,,,0,,0,0,0,0,0,0,0,placeholders/placeholder-elementary-8.png,,0,0,0,0,1452,,K-12,"K, 1st, 2nd, 3rd, 4th, 5th, 6th, 7th, 8th, 9th, 10th, 11th, 12th"
001V400000tPCt9,Kootenai Classical Academy,,,kootenai-classical-academy-id-83854,,"+1 208 694 6333",,https://www.kootenaiclassical.org/,4318 Fennecus Road,,Post Falls,Kootenai County,ID,"83854",US,47.74718870,-116.88210810,classical,kootenai-classical-academy-id-83854-fcapi-classicality-abstract.md,kootenai-classical-academy-id-83854-fcapi-classicality-audit.md,kootenai-classical-academy-id-83854-fcapi-classicality-audit.pdf,elementary-intermediate,Charter,Public,0,,,,,,,,,,,,,,,,,,,,,,,,,,,,,,0,,0,0,0,0,0,0,0,placeholders/placeholder-elementary-1.png,,0,0,0,0,1455,,K-9,"K, 1st, 2nd, 3rd, 4th, 5th, 6th, 7th, 8th, 9th"
001V400000tPCtB,"Kurios Academy, a Scholé Community",001V400000tOZKD,Schole Communities,kurios-academy-schole-community-marco-island-fl,denise.leaser@gmail.com,"",,http://www.kuriosacademy.com,,,Marco Island,,FL,"",US,25.93974120,-81.70753550,classical,kurios-academy-schole-community-marco-island-fl-fcapi-classicality-abstract.md,kurios-academy-schole-community-marco-island-fl-fcapi-classicality-audit.md,kurios-academy-schole-community-marco-island-fl-fcapi-classicality-audit.pdf,elementary-intermediate-secondary,,,0,,,,,,,,,,,,,,,,,,,,,,,5479,,,,,,,0,,0,0,0,0,0,0,0,placeholders/placeholder-schole-1.png,,0,0,0,0,5506,,,
001V400000tPCtC,L.E.A.D. Academy Classical School,,,lead-academy-classical-school-fl-32571,contact@leadacademylions.com,"+1 850 889 7080",,https://www.leadacademylions.com/,7121 Chumuckla Hwy,,Pace,,FL,"32571",US,30.69663820,-87.18084210,classical,lead-academy-classical-school-fl-32571-fcapi-classicality-abstract.md,lead-academy-classical-school-fl-32571-fcapi-classicality-audit.md,lead-academy-classical-school-fl-32571-fcapi-classicality-audit.pdf,elementary-intermediate-secondary,Private School,Private School,0,,463,,,,,,,,,,,,,,,,,,,,,,,,,,,,1,,0,0,1,0,0,0,0,placeholders/placeholder-elementary-2.png,,0,0,0,0,1482,,PK-12,"Pre-K, K, 1st, 2nd, 3rd, 4th, 5th, 6th, 7th, 8th, 9th, 10th, 11th, 12th"
001V400000tPCtD,LEAP Academy,,,leap-academy-ga-30103,office@leapaca.org,"+1 770 547 8335",,https://leapaca.org,32 Orchard Rd,,Adairsville,,GA,"30103",US,34.32039680,-84.89703540,classical,leap-academy-ga-30103-fcapi-classicality-abstract.md,leap-academy-ga-30103-fcapi-classicality-audit.md,leap-academy-ga-30103-fcapi-classicality-audit.pdf,elementary,,,0,,,,,,,,,,,,,,,,,,,,,,,,,,,,,,0,,0,0,0,0,0,0,0,placeholders/placeholder-elementary-4.png,,0,0,0,0,3215,,K-3,"K, 1st, 2nd, 3rd"
001V400000tPCtE,La Luz Christian Academy,,,la-luz-christian-academy-nm-87120,info@laluzchristianacademy.org,"+1 505 226 0860",,https://laluzchristianacademy.org,6051 Winter Haven Rd Nw,,Albuquerque,,NM,"87120",US,35.15029360,-106.68338450,classical,la-luz-christian-academy-nm-87120-fcapi-classicality-abstract.md,la-luz-christian-academy-nm-87120-fcapi-classicality-audit.md,la-luz-christian-academy-nm-87120-fcapi-classicality-audit.pdf,elementary-intermediate,,,0,,,,,,,,,,,,,,,,,,,,,,,,,,,,,,0,,0,0,0,0,0,0,0,placeholders/placeholder-elementary-6.png,,0,0,0,0,3214,,K-8,"K, 1st, 2nd, 3rd, 4th, 5th, 6th, 7th, 8th"
001V400000tPL96,Lafayette Academy,,,lafayette-academy-mo-63367,,"+1 636 329 9366",,https://lafayetteacademy.org/,20 Hawk Ridge Circle,,Lake St. Louis,St. Charles County,MO,"63367",US,38.77521530,-90.80254890,somewhat-classical,lafayette-academy-mo-63367-fcapi-classicality-abstract.md,lafayette-academy-mo-63367-fcapi-classicality-audit.md,lafayette-academy-mo-63367-fcapi-classicality-audit.pdf,elementary-intermediate-secondary,Private School,Private,0,,,,,,,,,,,,,,,,,,,,,,,,,,,,,,0,,0,0,0,0,0,0,0,placeholders/placeholder-elementary-8.png,,0,0,0,0,1457,,K-12,"K, 1st, 2nd, 3rd, 4th, 5th, 6th, 7th, 8th, 9th, 10th, 11th, 12th"
001V400000tPCtF,Lake Country Classical Academy,,,lake-country-classical-academy-wi-53118,Info@LakeCountryClassical.org,"+1 262 269 0279",,https://www.lakecountryclassical.org,818 W Wisconsin Ave.,,Oconomowoc,Waukesha County,WI,"53118",US,43.11537740,-88.51259370,classical,lake-country-classical-academy-wi-53118-fcapi-classicality-abstract.md,lake-country-classical-academy-wi-53118-fcapi-classicality-audit.md,lake-country-classical-academy-wi-53118-fcapi-classicality-audit.pdf,elementary-intermediate-secondary,Charter,Public,0,,,,,,,,,,,,,,,,,,,,,,,,,,,,,,0,,0,0,0,0,0,0,0,placeholders/placeholder-elementary-0.png,,0,0,0,0,1459,,K-12,"K, 1st, 2nd, 3rd, 4th, 5th, 6th, 7th, 8th, 9th, 10th, 11th, 12th"
001V400000tPCtG,Lake Pointe Academy,,,lake-pointe-academy-sc-29745,mailbox@lakepointacademy.org,"+1 803 631 5253",,https://lakepointacademy.com/,117 Carolina Crossing Drive,,York,York County,SC,"29745",US,34.99342890,-81.15497550,classical,lake-pointe-academy-sc-29745-fcapi-classicality-abstract.md,lake-pointe-academy-sc-29745-fcapi-classicality-audit.md,lake-pointe-academy-sc-29745-fcapi-classicality-audit.pdf,elementary-intermediate-secondary,Private School,Private,0,,,,,,,,,,,,,,,,,,,,,,,,,,,,,,0,,0,0,0,0,0,0,0,placeholders/placeholder-elementary-4.png,,0,0,0,0,1463,,K-12,"K, 1st, 2nd, 3rd, 4th, 5th, 6th, 7th, 8th, 9th, 10th, 11th, 12th"
001V400000tPCtI,Lakewood Presbyterian School,,,lakewood-presbyterian-school-tx-75214,Vivian.Brockwell@lakewoodpres.com,"+1 214 321 2864",,https://lakewoodpres.school/,7020 Gaston Avenue,,Dallas,Dallas County,TX,"75214",US,32.81444340,-96.73704900,classical,lakewood-presbyterian-school-tx-75214-fcapi-classicality-abstract.md,lakewood-presbyterian-school-tx-75214-fcapi-classicality-audit.md,lakewood-presbyterian-school-tx-75214-fcapi-classicality-audit.pdf,elementary-intermediate-secondary,Private School,Private,0,,,,,,,,,,,,,,,,,,,,,,,,,,,,,,0,,0,0,0,0,0,0,0,placeholders/placeholder-elementary-1.png,,0,0,0,0,1469,,K-12,"K, 1st, 2nd, 3rd, 4th, 5th, 6th, 7th, 8th, 9th, 10th, 11th, 12th"
001V400000tPCtJ,Lalumiere School,,,lalumiere-school-in,,"+1 219 326 7450",,http://lalumiere.org,6801 North Wilhelm Road,,La Porte,,IN,"46350",US,41.70370490,-86.71006040,classical,lalumiere-school-in-fcapi-classicality-abstract.md,lalumiere-school-in-fcapi-classicality-audit.md,lalumiere-school-in-fcapi-classicality-audit.pdf,elementary-intermediate-secondary,,,0,,,,,,,,,,,,,,,,,,,,,,,,,,,,,,0,,0,0,0,0,0,0,0,placeholders/placeholder-k12-7.png,,0,0,0,0,5222,,,
001V400000tPCtK,Lancaster Christian Academy,,,lancaster-christian-academy-tn-37167,,"+1 615 223 0451",,https://www.lancasterchristianacademy.org,150 Soccer Way,,Smyrna,Rutherford County,TN,"37167",US,35.97900860,-86.50986700,classical,lancaster-christian-academy-tn-37167-fcapi-classicality-abstract.md,lancaster-christian-academy-tn-37167-fcapi-classicality-audit.md,lancaster-christian-academy-tn-37167-fcapi-classicality-audit.pdf,elementary-intermediate,Private School,Private,0,,,,,,,,,,,,,,,,,,,,,,,,,,,,,,0,,0,0,0,0,0,0,0,placeholders/placeholder-elementary-3.png,,0,0,0,0,1472,,PK-8,"Pre-K, K, 1st, 2nd, 3rd, 4th, 5th, 6th, 7th, 8th"
001V400000tPCtL,Laramie Christian Academy,,,laramie-christian-academy-wy-82072,info@laramiechristianacademy.com,"+1 307 222 2425",,https://laramiechristianacademy.com/,1517 E. Canby St.,,Laramie,Albany County,WY,"82072",US,41.32025590,-105.57642460,classical,laramie-christian-academy-wy-82072-fcapi-classicality-abstract.md,laramie-christian-academy-wy-82072-fcapi-classicality-audit.md,laramie-christian-academy-wy-82072-fcapi-classicality-audit.pdf,elementary-intermediate,Private School,Private,0,,,,,,,,,,,,,,,,,,,,,,,,,,,,,,0,,0,0,0,0,0,0,0,placeholders/placeholder-elementary-7.png,,0,0,0,0,1476,,K-8,"K, 1st, 2nd, 3rd, 4th, 5th, 6th, 7th, 8th"
001V400000tPL9N,Laurel Community School,,,laurel-community-school-mn-55119,,"+1 612 325 4035",,https://carver.isd622.org/,616 Ruth St. North,,St Paul,Ramsey County,MN,"55119",US,44.95992910,-93.01457220,somewhat-classical,laurel-community-school-mn-55119-fcapi-classicality-abstract.md,laurel-community-school-mn-55119-fcapi-classicality-audit.md,laurel-community-school-mn-55119-fcapi-classicality-audit.pdf,elementary-intermediate-secondary,Private School,Private,0,,,,,,,,,,,,,,,,,,,,,,,,,,,,,,0,,0,0,0,0,0,0,0,placeholders/placeholder-elementary-9.png,,0,0,0,0,1479,,K-12,"K, 1st, 2nd, 3rd, 4th, 5th, 6th, 7th, 8th, 9th, 10th, 11th, 12th"
001V400000tPL9R,Leadership Academy of Utah,,,leadership-academy-utah-ut-84015,admin@lautah.org,"+1 800 200 6869",,https://lautah.org/,1366 S Legend Hills Dr.,Suite 190,Clearfield,Davis County,UT,"84015",US,41.09543680,-111.99419430,somewhat-classical,leadership-academy-utah-ut-84015-fcapi-classicality-abstract.md,leadership-academy-utah-ut-84015-fcapi-classicality-audit.md,leadership-academy-utah-ut-84015-fcapi-classicality-audit.pdf,secondary,Charter,Public,0,,,,,,,,,,,,,,,,,,,,,,,,,,,,,,0,,0,0,0,0,0,0,0,placeholders/placeholder-secondary-5.png,,0,0,0,0,1486,,9-12,"9th, 10th, 11th, 12th"
001V400000tPCtN,Learning Tree Academy,,,learning-tree-academy-ga-30577,lharris@thelearningtreeacademy.com,"+1 706 886 9900",,http://thelearningtreeacademy.com,1661 Fernside Drive,,Toccoa,,GA,"30577",US,34.56882330,-83.29733910,classical,learning-tree-academy-ga-30577-fcapi-classicality-abstract.md,learning-tree-academy-ga-30577-fcapi-classicality-audit.md,learning-tree-academy-ga-30577-fcapi-classicality-audit.pdf,elementary-intermediate-secondary,,,0,,,,,,,,,,,,,,,,,,,,,,,,,,,,,,0,,0,0,0,0,0,0,0,placeholders/placeholder-elementary-7.png,,0,0,0,0,5197,,K-12,"K, 1st, 2nd, 3rd, 4th, 5th, 6th, 7th, 8th, 9th, 10th, 11th, 12th"
001V400000tPCtO,Legacy Academy,,,legacy-academy-ar-71846,jessica.gallagher@legacymail.org,"+1 870 642 8937",,https://www.legacymail.org,124 Darter Circle,,Lockesburg,Sevier County,AR,"71846",US,33.96125790,-94.15357700,classical,legacy-academy-ar-71846-fcapi-classicality-abstract.md,legacy-academy-ar-71846-fcapi-classicality-audit.md,legacy-academy-ar-71846-fcapi-classicality-audit.pdf,elementary-intermediate-secondary,Private School,Private,0,,,,,,,,,,,,,,,,,,,,,,,,,,,,,,0,,0,0,0,0,0,0,0,placeholders/placeholder-elementary-0.png,,0,0,0,0,1490,,K-12,"K, 1st, 2nd, 3rd, 4th, 5th, 6th, 7th, 8th, 9th, 10th, 11th, 12th"
001V400000tPCtP,Legacy Academy,,,legacy-academy-de-19947,info@legacyacademyde.org,"+1 870 642 8937",,https://www.legacyacademyde.org/,124 Darter Circle,,Georgetown,,DE,"19947",US,38.69011340,-75.38547280,classical,legacy-academy-de-19947-fcapi-classicality-abstract.md,legacy-academy-de-19947-fcapi-classicality-audit.md,legacy-academy-de-19947-fcapi-classicality-audit.pdf,elementary-intermediate,Private School,Private School,0,,14,,,,,,,,,,,,,,,,,,,,,,,,,,,,1,,1,0,1,1,0,0,0,placeholders/placeholder-elementary-1.png,,0,0,0,0,1491,,K-8,"K, 1st, 2nd, 3rd, 4th, 5th, 6th, 7th, 8th"
001V400000tPCtQ,Legacy Academy,,,legacy-academy-mo,office@legacybranson.com,"+1 417 336 2139",,https://www.legacybranson.com,949 State Hwy 165,,Branson,,MO,"65616",US,36.62059170,-93.28482020,classical,legacy-academy-mo-fcapi-classicality-abstract.md,legacy-academy-mo-fcapi-classicality-audit.md,legacy-academy-mo-fcapi-classicality-audit.pdf,elementary-intermediate,,,0,,,,,,,,,,,,,,,,,,,,,,,,,,,,,,0,,0,0,0,0,0,0,0,placeholders/placeholder-elementary-2.png,,0,0,0,0,3216,,K-8,"K, 1st, 2nd, 3rd, 4th, 5th, 6th, 7th, 8th"
001V400000tPL9Z,Legacy Christian Academy,,,legacy-christian-academy-ca-91355,,"+1 661 257 7377",,https://legacy-christian.com/,27680 Dickason Drive,,Santa Clarita,Los Angeles County,CA,"91355",US,34.43848800,-118.56248470,somewhat-classical,legacy-christian-academy-ca-91355-fcapi-classicality-abstract.md,legacy-christian-academy-ca-91355-fcapi-classicality-audit.md,legacy-christian-academy-ca-91355-fcapi-classicality-audit.pdf,elementary-intermediate-secondary,Private School,Private,0,,,,,,,,,,,,,,,,,,,,,,,,,,,,,,0,,0,0,0,0,0,0,0,placeholders/placeholder-elementary-4.png,,0,0,0,0,1493,,K-12,"K, 1st, 2nd, 3rd, 4th, 5th, 6th, 7th, 8th, 9th, 10th, 11th, 12th"
001V400000tPCtR,Legacy Christian Academy,,,legacy-christian-academy-mo-65616,office@legacybranson.com,"+1 417 336 2139",,https://www.legacybranson.com,400 S Sunshine St,,Branson,Taney County,MO,"65616",US,36.64168630,-93.22951740,classical,legacy-christian-academy-mo-65616-fcapi-classicality-abstract.md,legacy-christian-academy-mo-65616-fcapi-classicality-audit.md,legacy-christian-academy-mo-65616-fcapi-classicality-audit.pdf,elementary-intermediate,Private School,Private,0,,,,,,,,,,,,,,,,,,,,,,,,,,,,,,0,,0,0,0,0,0,0,0,placeholders/placeholder-elementary-7.png,,0,0,0,0,1497,,K-8,"K, 1st, 2nd, 3rd, 4th, 5th, 6th, 7th, 8th"
001V400000tPCtS,Legacy Christian Academy,,,legacy-christian-academy-tx-75034,,"+1 214 250 3573",,https://www.legacyca.com/,5000 Academy Drive,,Frisco,Denton County,TX,"75034",US,33.13025150,-96.84516290,classical,legacy-christian-academy-tx-75034-fcapi-classicality-abstract.md,legacy-christian-academy-tx-75034-fcapi-classicality-audit.md,legacy-christian-academy-tx-75034-fcapi-classicality-audit.pdf,elementary-intermediate-secondary,Private School,Private,0,,,,,,,,,,,,,,,,,,,,,,,,,,,,,,0,,0,0,0,0,0,0,0,placeholders/placeholder-elementary-8.png,,0,0,0,0,1498,,K-12,"K, 1st, 2nd, 3rd, 4th, 5th, 6th, 7th, 8th, 9th, 10th, 11th, 12th"
001V400000tPCtT,Legacy Christian Academy,,,legacy-christian-academy-nh-03443,lpattison@legacychristian-nh.com,"+1 802 359 2115",,https://legacychristian-nh.com,183 Pinnacle Springs Road,,Keene,,NH,"03443",US,42.91291880,-72.46135550,classical,legacy-christian-academy-nh-03443-fcapi-classicality-abstract.md,legacy-christian-academy-nh-03443-fcapi-classicality-audit.md,legacy-christian-academy-nh-03443-fcapi-classicality-audit.pdf,elementary-intermediate-secondary,,,0,,,,,,,,,,,,,,,,,,,,,,,,,,,,,,0,,0,0,0,0,0,0,0,placeholders/placeholder-k12-9.png,,0,0,0,0,3217,,,"Pre-K, K, 1st, 2nd, 3rd, 9th"
001V400000tPCtU,Legacy Classical Academy,,,legacy-classical-academy-tx-77573,info@legacyclassicalacademy.com,"+1 713 724 7498",,https://legacyclassicalacademy.com,2450 E Main St,Suite H,League City,,TX,"77573",US,29.52907910,-95.07414340,classical,legacy-classical-academy-tx-77573-fcapi-classicality-abstract.md,legacy-classical-academy-tx-77573-fcapi-classicality-audit.md,legacy-classical-academy-tx-77573-fcapi-classicality-audit.pdf,elementary-intermediate-secondary,,,0,,,,,,,,,,,,,,,,,,,,,,,,,,,,,,0,,0,0,0,0,0,0,0,placeholders/placeholder-elementary-4.png,,0,0,0,0,3218,,,
001V400000tPCtV,"Legacy Classical Academy, a Schole Community",001V400000tOZKD,Schole Communities,legacy-classical-academy-schole-community-rocklin-ca,admissions@legacyschole.com,"",,https://www.legacyschole.com/,,,Rocklin,,CA,"",US,38.79073390,-121.23578280,classical,legacy-classical-academy-schole-community-rocklin-ca-fcapi-classicality-abstract.md,legacy-classical-academy-schole-community-rocklin-ca-fcapi-classicality-audit.md,legacy-classical-academy-schole-community-rocklin-ca-fcapi-classicality-audit.pdf,elementary-intermediate-secondary,,,0,,,,,,,,,,,,,,,,,,,,,,,5479,,,,,,,0,,0,0,0,0,0,0,0,placeholders/placeholder-schole-1.png,,0,0,0,0,5501,,,
001V400000tPCtW,Legacy Classical Christian Academy,,,legacy-classical-christian-academy-tx-76179,belinda.henson@legacyclassical.org,"+1 817 363 3652",,https://legacyclassical.org/,1209 N. Saginaw Blvd.,G-207,Haslet,Tarrant County,TX,"76179",US,32.88016730,-97.38318620,classical,legacy-classical-christian-academy-tx-76179-fcapi-classicality-abstract.md,legacy-classical-christian-academy-tx-76179-fcapi-classicality-audit.md,legacy-classical-christian-academy-tx-76179-fcapi-classicality-audit.pdf,elementary-intermediate-secondary,Private School,Private,0,,,,,,,,,,,,,,,,,,,,,,,,,,,,,,0,,0,0,0,0,0,0,0,placeholders/placeholder-elementary-5.png,,0,0,0,0,1504,,K-12,"K, 1st, 2nd, 3rd, 4th, 5th, 6th, 7th, 8th, 9th, 10th, 11th, 12th"
001V400000tPL9n,Leman Academy of Excellence: Central Tucson,001V400000tOBYX,Leman Academies of Excellence,leman-academy-excellence-central-tucson-az-85712,,"+1 520 462 1202",,https://lemanacademy.com/schools/arizona/central-tucson-k-8/,6188 E Pima St,,Tucson,Pima County,AZ,"85712",US,32.24282550,-110.86040490,somewhat-classical,leman-academy-excellence-central-tucson-az-85712-fcapi-classicality-abstract.md,leman-academy-excellence-central-tucson-az-85712-fcapi-classicality-audit.md,leman-academy-excellence-central-tucson-az-85712-fcapi-classicality-audit.pdf,elementary-intermediate,Charter,Public,0,,,,,,,,,,,,,,,,,,,,,,,196,,,,,,,0,,0,0,0,0,0,0,0,placeholders/placeholder-elementary-1.png,,0,0,0,0,1510,,K-8,"K, 1st, 2nd, 3rd, 4th, 5th, 6th, 7th, 8th"
001V400000tPCtZ,Leman Academy of Excellence: East Tucson,001V400000tOBYX,Leman Academies of Excellence,leman-academy-excellence-east-tucson-az-85730,,"+1 520 526 0474",,https://lemanacademy.com/schools/arizona/east-tucson-k-8/,"10100 E Golf Links Rd.
",,Tucson,Pima County,AZ,"85730",US,32.19089560,-110.77625280,classical,leman-academy-excellence-east-tucson-az-85730-fcapi-classicality-abstract.md,leman-academy-excellence-east-tucson-az-85730-fcapi-classicality-audit.md,leman-academy-excellence-east-tucson-az-85730-fcapi-classicality-audit.pdf,elementary-intermediate,Charter,Public,0,,,,,,,,,,,,,,,,,,,,,,,196,,,,,,,0,,0,0,0,0,0,0,0,placeholders/placeholder-elementary-2.png,,0,0,0,0,5336,,K-8,"K, 1st, 2nd, 3rd, 4th, 5th, 6th, 7th, 8th"
001V400000tPL9o,Leman Academy of Excellence: Marana,001V400000tOBYX,Leman Academies of Excellence,leman-academy-excellence-marana-az-85743,,"+1 520 639 8080",,https://lemanacademy.com/schools/arizona/marana-k-8/,7720 N Silverbell Rd,,Tucson,Pima County,AZ,"85743",US,32.34735830,-111.09621190,somewhat-classical,leman-academy-excellence-marana-az-85743-fcapi-classicality-abstract.md,leman-academy-excellence-marana-az-85743-fcapi-classicality-audit.md,leman-academy-excellence-marana-az-85743-fcapi-classicality-audit.pdf,elementary-intermediate,Charter,Public,0,,,,,,,,,,,,,,,,,,,,,,,196,,,,,,,0,,0,0,0,0,0,0,0,placeholders/placeholder-elementary-3.png,,0,0,0,0,5337,,K-8,"K, 1st, 2nd, 3rd, 4th, 5th, 6th, 7th, 8th"
001V400000tPL9p,Leman Academy of Excellence: Mesa,001V400000tOBYX,Leman Academies of Excellence,leman-academy-excellence-mesa-az-85212,,"+1 602 975 4750",,https://lemanacademy.com/schools/arizona/mesa-k-8/,3761 S Power Rd.,,Tucson,Pima County,AZ,"85212",US,33.34769820,-111.68519140,somewhat-classical,leman-academy-excellence-mesa-az-85212-fcapi-classicality-abstract.md,leman-academy-excellence-mesa-az-85212-fcapi-classicality-audit.md,leman-academy-excellence-mesa-az-85212-fcapi-classicality-audit.pdf,elementary-intermediate,Charter,Public,0,,,,,,,,,,,,,,,,,,,,,,,196,,,,,,,0,,0,0,0,0,0,0,0,placeholders/placeholder-elementary-4.png,,0,0,0,0,5338,,K-8,"K, 1st, 2nd, 3rd, 4th, 5th, 6th, 7th, 8th"
001V400000tPL9q,Leman Academy of Excellence: Oro Valley,001V400000tOBYX,Leman Academies of Excellence,leman-academy-excellence-oro-valley-az-85755,,"+1 520 912 4005",,https://lemanacademy.com/schools/arizona/oro-valley-k-8/,12255 N La Cañada Drive,,Oro Valley,Pima County,AZ,"85755",US,32.42867880,-110.99590480,somewhat-classical,leman-academy-excellence-oro-valley-az-85755-fcapi-classicality-abstract.md,leman-academy-excellence-oro-valley-az-85755-fcapi-classicality-audit.md,leman-academy-excellence-oro-valley-az-85755-fcapi-classicality-audit.pdf,elementary-intermediate,Charter,Public,0,,,,,,,,,,,,,,,,,,,,,,,196,,,,,,,0,,0,0,0,0,0,0,0,placeholders/placeholder-elementary-5.png,,0,0,0,0,1511,,K-8,"K, 1st, 2nd, 3rd, 4th, 5th, 6th, 7th, 8th"
001V400000tPL9r,Leman Academy of Excellence: Parker-Bayou,001V400000tOBYX,Leman Academies of Excellence,leman-academy-excellence-parker-bayou-co-80134,,"+1 720 523 9950",,https://lemanacademy.com/schools/colorado/parker-bayou-gulch-k-8/,6405 Estancia Boulevard,,Bayou Gulch,Douglas County,CO,"80134",US,39.45527200,-104.78217600,somewhat-classical,leman-academy-excellence-parker-bayou-co-80134-fcapi-classicality-abstract.md,leman-academy-excellence-parker-bayou-co-80134-fcapi-classicality-audit.md,leman-academy-excellence-parker-bayou-co-80134-fcapi-classicality-audit.pdf,elementary-intermediate,Charter,Public,0,,,,,,,,,,,,,,,,,,,,,,,196,,,,,,,0,,0,0,0,0,0,0,0,placeholders/placeholder-elementary-6.png,,0,0,0,0,197,,K-8,"K, 1st, 2nd, 3rd, 4th, 5th, 6th, 7th, 8th"
001V400000tOBYX,Leman Academy of Excellence: Parker-Stroh,001V400000tOBYX,Leman Academies of Excellence,leman-academy-excellence-parker-stroh-co-80134,,"+1 720 767 1600",,https://lemanacademy.com/schools/colorado/parker-stroh-k-8/,19560 Stroh Rd.,,Parker,Douglas County,CO,"80134",US,39.47727640,-104.76226380,somewhat-classical,leman-academy-excellence-parker-stroh-co-80134-fcapi-classicality-abstract.md,leman-academy-excellence-parker-stroh-co-80134-fcapi-classicality-audit.md,leman-academy-excellence-parker-stroh-co-80134-fcapi-classicality-audit.pdf,elementary-intermediate,Charter,Public,0,,,,,,,,,,,,,,,,,,,,,,,196,,,,,,,0,,0,0,0,0,0,0,0,placeholders/placeholder-elementary-7.png,,0,0,0,0,196,,K-8,"K, 1st, 2nd, 3rd, 4th, 5th, 6th, 7th, 8th"
001V400000tPL9s,Leman Academy of Excellence: Sierra Vista,001V400000tOBYX,Leman Academies of Excellence,leman-academy-excellence-sierra-vista-az-85635,,"+1 520 352 7780",,https://lemanacademy.com/schools/arizona/sierra-vista-k-8/,1000 E Wilcox Dr,,Oro Valley,Pima County,AZ,"85635",US,31.55156560,-110.28787580,somewhat-classical,leman-academy-excellence-sierra-vista-az-85635-fcapi-classicality-abstract.md,leman-academy-excellence-sierra-vista-az-85635-fcapi-classicality-audit.md,leman-academy-excellence-sierra-vista-az-85635-fcapi-classicality-audit.pdf,elementary-intermediate,Charter,Public,0,,,,,,,,,,,,,,,,,,,,,,,196,,,,,,,0,,0,0,0,0,0,0,0,placeholders/placeholder-elementary-8.png,,0,0,0,0,5339,,K-8,"K, 1st, 2nd, 3rd, 4th, 5th, 6th, 7th, 8th"
001V400000tPCtb,Level Up Learning Academy,,,level-up-learning-academy-ms,2023levelupacademy@gmail.com,"+1 662 379 6456",,https://www.leveluplearningcenter19.com/,811 Harris Street,,Greenville,,MS,"38701",US,33.38892700,-91.07123700,classical,level-up-learning-academy-ms-fcapi-classicality-abstract.md,level-up-learning-academy-ms-fcapi-classicality-audit.md,level-up-learning-academy-ms-fcapi-classicality-audit.pdf,elementary-intermediate-secondary,,,0,,,,,,,,,,,,,,,,,,,,,,,,,,,,,,0,,0,0,0,0,0,0,0,placeholders/placeholder-elementary-0.png,,0,0,0,0,3220,,PK-12,"Pre-K, K, 1st, 2nd, 3rd, 4th, 5th, 6th, 7th, 8th, 9th, 10th, 11th, 12th"
001V400000tPCtc,Lewis Clark Christian School,,,lewis-clark-christian-school-id-83501,lccsquestions@gmail.com,"+1 208 503 6337",,https://lewisclarkchristianschool.org/,1228 9th Ave.,,Lewiston,Nez Perce County,ID,"83501",US,46.41107270,-117.01437970,classical,lewis-clark-christian-school-id-83501-fcapi-classicality-abstract.md,lewis-clark-christian-school-id-83501-fcapi-classicality-audit.md,lewis-clark-christian-school-id-83501-fcapi-classicality-audit.pdf,elementary-intermediate-secondary,Private School,Private,0,,,,,,,,,,,,,,,,,,,,,,,,,,,,,,0,,0,0,0,0,0,0,0,placeholders/placeholder-elementary-1.png,,0,0,0,0,1513,,K-12,"K, 1st, 2nd, 3rd, 4th, 5th, 6th, 7th, 8th, 9th, 10th, 11th, 12th"
,Lewisville School of Science & Technology,001V400000tOZK8,Founders Classical Academies (ResponsiveEd),founders-classical-academy-lewisville-science-tech-tx-75067,,"+1 972 829 4492",,https://foundersclassical.com/lewisvillescitech/,1800 Lakeway Dr,,Lewisville,Denton County,TX,"75057",US,33.01900190,-96.97729700,classical,founders-classical-academy-lewisville-science-tech-tx-75067-fcapi-classicality-abstract.md,founders-classical-academy-lewisville-science-tech-tx-75067-fcapi-classicality-audit.md,founders-classical-academy-lewisville-science-tech-tx-75067-fcapi-classicality-audit.pdf,intermediate-secondary,Charter,Public,0,,,,,,,,,,,,,,,,,,,,,,,5449,,,,,,,0,,0,0,0,0,0,0,0,placeholders/placeholder-secondary-3.png,,0,0,0,0,7647,,7-12,"7th, 8th, 9th, 10th, 11th, 12th"
001V400000tPCtd,Lexington Latin School,,,lexington-latin-school-ky-40503,,"+1 859 429 8654",,https://www.lexingtonlatinschool.com/,See Notes,,Lexington,Fayette County,KY,"40503",US,37.99705960,-84.53728170,classical,lexington-latin-school-ky-40503-fcapi-classicality-abstract.md,lexington-latin-school-ky-40503-fcapi-classicality-audit.md,lexington-latin-school-ky-40503-fcapi-classicality-audit.pdf,elementary-intermediate-secondary,Private School,Private,0,,,,,,,,,,,,,,,,,,,,,,,,,,,,,,0,,0,0,0,0,0,0,0,placeholders/placeholder-elementary-3.png,,0,0,0,0,1515,,PK-12,"Pre-K, K, 1st, 2nd, 3rd, 4th, 5th, 6th, 7th, 8th, 9th, 10th, 11th, 12th"
001V400000tPCte,Libertas Christian Academy,,,libertas-christian-academy-mo-63640,jcravens@libertasmo.org,"+1 573 664 1036",,https://www.libertasmo.org/,1260 Karsch Blvd.,,Farmington,St. Francois County,MO,"63640",US,37.76804860,-90.39585640,classical,libertas-christian-academy-mo-63640-fcapi-classicality-abstract.md,libertas-christian-academy-mo-63640-fcapi-classicality-audit.md,libertas-christian-academy-mo-63640-fcapi-classicality-audit.pdf,elementary-intermediate-secondary,Private School,Private,0,,,,,,,,,,,,,,,,,,,,,,,,,,,,,,0,,0,0,0,0,0,0,0,placeholders/placeholder-elementary-6.png,,0,0,0,0,1518,,PK-10,"Pre-K, K, 1st, 2nd, 3rd, 4th, 5th, 6th, 7th, 8th, 9th, 10th"
001V400000tPCtf,Libertas Christian School,,,libertas-christian-school-mi-49426,esteenwky@libertaschristianschool.org,"+1 616 669 2270",,https://libertaschristianschool.org/,5181 64th Ave.,,Hudsonville,Ottawa County,MI,"49426",US,42.86256530,-85.94091400,classical,libertas-christian-school-mi-49426-fcapi-classicality-abstract.md,libertas-christian-school-mi-49426-fcapi-classicality-audit.md,libertas-christian-school-mi-49426-fcapi-classicality-audit.pdf,elementary-intermediate-secondary,Private School,Private,0,,,,,,,,,,,,,,,,,,,,,,,,,,,,,,0,,0,0,0,0,0,0,0,placeholders/placeholder-elementary-7.png,,0,0,0,0,1519,,PK-12,"Pre-K, K, 1st, 2nd, 3rd, 4th, 5th, 6th, 7th, 8th, 9th, 10th, 11th, 12th"
001V400000tPCtg,Libertas Classical Academy,,,libertas-classical-academy-tx-77354,,"+1 281 825 2086",,https://www.magnoliaclassicalacademy.com/,8103 Farm to Market Road 1488,,Magnolia,Montgomery County,TX,"77354",US,30.22027450,-95.59607600,classical,libertas-classical-academy-tx-77354-fcapi-classicality-abstract.md,libertas-classical-academy-tx-77354-fcapi-classicality-audit.md,libertas-classical-academy-tx-77354-fcapi-classicality-audit.pdf,elementary-intermediate-secondary,Private School,Private,0,,,,,,,,,,,,,,,,,,,,,,,,,,,,,,0,,0,0,0,0,0,0,0,placeholders/placeholder-elementary-8.png,,0,0,0,0,1520,,PK-12,"Pre-K, K, 1st, 2nd, 3rd, 4th, 5th, 6th, 7th, 8th, 9th, 10th, 11th, 12th"
001V400000tPCth,Liberty Christian Classical School,,,liberty-christian-classical-school-mi-49106,info.libertychristian@gmail.com,"+1 269 405 2771",,https://www.libertychristianmi.org/,3555 West Shawnee Road,,Baroda,Berrien County,MI,"49106",US,41.94375840,-86.53916000,classical,liberty-christian-classical-school-mi-49106-fcapi-classicality-abstract.md,liberty-christian-classical-school-mi-49106-fcapi-classicality-audit.md,liberty-christian-classical-school-mi-49106-fcapi-classicality-audit.pdf,elementary-intermediate-secondary,Private School,Private,0,,,,,,,,,,,,,,,,,,,,,,,,,,,,,,0,,0,0,0,0,0,0,0,placeholders/placeholder-elementary-2.png,,0,0,0,0,1524,,PK-12,"Pre-K, K, 1st, 2nd, 3rd, 4th, 5th, 6th, 7th, 8th, 9th, 10th, 11th, 12th"
001V400000tPCti,Liberty Christian School,,,liberty-christian-school-wa-99350,,"",,https://libertychristian.net,2200 Williams Blvd,,Richland,,WA,"99354",US,46.28549480,-119.30028530,classical,liberty-christian-school-wa-99350-fcapi-classicality-abstract.md,liberty-christian-school-wa-99350-fcapi-classicality-audit.md,liberty-christian-school-wa-99350-fcapi-classicality-audit.pdf,elementary-intermediate,Private School,Private School,0,,17,,,,,,,,,,,,,,,,,,,,,,,,,,,,1,,1,0,0,0,0,0,0,placeholders/placeholder-elementary-4.png,,0,0,0,0,1526,,K-6,"K, 1st, 2nd, 3rd, 4th, 5th, 6th"
001V400000tPCtj,Liberty Classical Academy,,,liberty-classical-academy-co-81647,classical@lca-co.com,"+1 970 984 0604",,https://www.lca-co.com/,5033 County Road 335,,New Castle,,CO,"81647",US,39.56132660,-107.54829630,classical,liberty-classical-academy-co-81647-fcapi-classicality-abstract.md,liberty-classical-academy-co-81647-fcapi-classicality-audit.md,liberty-classical-academy-co-81647-fcapi-classicality-audit.pdf,elementary-intermediate-secondary,Private School,Private School,0,,198,,,,,,,,,,,,,,,,,,,,,,,,,,,,1,,1,0,1,0,0,0,0,placeholders/placeholder-elementary-5.png,,0,0,0,0,1527,,PK-12,"Pre-K, K, 1st, 2nd, 3rd, 4th, 5th, 6th, 7th, 8th, 9th, 10th, 11th, 12th"
001V400000tPCtk,Liberty Classical Academy,,,liberty-classical-academy-mn-55110,ksmith@libertyclassicalacademy.org,"+1 651 772 2777",,https://libertyclassicalacademy.org/,3878 Highland Ave.,,White Bear Lake,Ramsey County,MN,"55110",US,45.05845570,-93.01921110,classical,liberty-classical-academy-mn-55110-fcapi-classicality-abstract.md,liberty-classical-academy-mn-55110-fcapi-classicality-audit.md,liberty-classical-academy-mn-55110-fcapi-classicality-audit.pdf,elementary-intermediate-secondary,Private School,Private,0,,,,,,,,,,,,,,,,,,,,,,,,,,,,,,0,,0,0,0,0,0,0,0,placeholders/placeholder-k12-2.png,,0,0,0,0,1528,,PK-12,"Pre-K, K, 1st, 2nd, 3rd, 4th, 5th, 6th, 7th, 8th, 9th, 10th, 11th, 12th"
001V400000tPCtl,Liberty Classical School,,,liberty-classical-school-ne,,"+1 970 397 4027",,http://libertyclassicalschool.org,5011 Starling Dr,,Lincoln,,NE,"68516",US,40.76353760,-96.63445860,classical,liberty-classical-school-ne-fcapi-classicality-abstract.md,liberty-classical-school-ne-fcapi-classicality-audit.md,liberty-classical-school-ne-fcapi-classicality-audit.pdf,elementary,,,0,,,,,,,,,,,,,,,,,,,,,,,,,,,,,,0,,0,0,0,0,0,0,0,placeholders/placeholder-elementary-6.png,,0,0,0,0,5247,,K,Kindergarten
001V400000tPCto,Liberty Common High School,001V400000tOBYY,Liberty Common Schools,liberty-common-high-school-co-80525,hsinfo@libertycommon.org,"+1 970 672 5500",,https://libertycommon.org/,2745 Minnesota Dr.,,Fort Collins,Larimer County,CO,"80525",US,40.55019420,-105.03323090,classical,liberty-common-high-school-co-80525-fcapi-classicality-abstract.md,liberty-common-high-school-co-80525-fcapi-classicality-audit.md,liberty-common-high-school-co-80525-fcapi-classicality-audit.pdf,secondary,Charter,Public,0,,,,,,,,,,,,,,,,,,,,,,,201,,,,,,,0,,0,0,0,0,0,0,0,placeholders/placeholder-secondary-7.png,,0,0,0,0,200,,9-12,"9th, 10th, 11th, 12th"
001V400000tPCtr,Life Challenge Academy,,,life-challenge-academy-tx-79762,lcacademy19@gmail.com,"+1 432 363 5433",,https://www.lcodessa.org/,4500 North Grandview Avenue,,Odessa,Ector County,TX,"79762",US,31.89833330,-102.35388890,classical,life-challenge-academy-tx-79762-fcapi-classicality-abstract.md,life-challenge-academy-tx-79762-fcapi-classicality-audit.md,life-challenge-academy-tx-79762-fcapi-classicality-audit.pdf,elementary-intermediate-secondary,Private School,Private,0,,,,,,,,,,,,,,,,,,,,,,,,,,,,,,0,,0,0,0,0,0,0,0,placeholders/placeholder-elementary-3.png,,0,0,0,0,1532,,K-11,"K, 1st, 2nd, 3rd, 4th, 5th, 6th, 7th, 8th, 9th, 10th, 11th"
001V400000tPCts,Life Christian Academy,,,life-christian-academy-ok,,"+1 770 301 3377",,http://lifechristianacademy.com,11601 Jeffords Avenue,,Choctaw,,OK,"73020",US,35.49107470,-97.32430540,classical,life-christian-academy-ok-fcapi-classicality-abstract.md,life-christian-academy-ok-fcapi-classicality-audit.md,life-christian-academy-ok-fcapi-classicality-audit.pdf,elementary-intermediate-secondary,,,0,,,,,,,,,,,,,,,,,,,,,,,,,,,,,,0,,0,0,0,0,0,0,0,placeholders/placeholder-k12-3.png,,0,0,0,0,5252,,,
001V400000tPCtu,Light of Christ Academy,,,light-christ-academy-mi-49012,office@lightofchristacademy.org,"+1 269 203 6808",,https://lightofchristacademy.org/,12648 East D Ave.,,Augusta,Kalamazoo County,MI,"49012",US,42.37211750,-85.38341230,classical,light-christ-academy-mi-49012-fcapi-classicality-abstract.md,light-christ-academy-mi-49012-fcapi-classicality-audit.md,light-christ-academy-mi-49012-fcapi-classicality-audit.pdf,elementary-intermediate,Private School,Private,0,,,,,,,,,,,,,,,,,,,,,,,,,,,,,,0,,0,0,0,0,0,0,0,placeholders/placeholder-elementary-5.png,,0,0,0,0,1535,,K-8,"K, 1st, 2nd, 3rd, 4th, 5th, 6th, 7th, 8th"
001V400000tPCtv,Lighted Path Scholé Community,001V400000tOZKD,Schole Communities,lighted-path-schole-community-columbus-oh,jon.heather.ash@outlook.com,"",,https://lightedpathschole.com/,,,Columbus,,OH,"",US,39.96251120,-83.00322180,classical,lighted-path-schole-community-columbus-oh-fcapi-classicality-abstract.md,lighted-path-schole-community-columbus-oh-fcapi-classicality-audit.md,lighted-path-schole-community-columbus-oh-fcapi-classicality-audit.pdf,elementary-intermediate-secondary,,,0,,,,,,,,,,,,,,,,,,,,,,,5479,,,,,,,0,,0,0,0,0,0,0,0,placeholders/placeholder-schole-1.png,,0,0,0,0,5533,,,
001V400000tPCtw,Lighthouse Christian Academy,,,lighthouse-christian-academy-md-21666,k.guerra@lcacademy.org,"+1 443 864 2125",,https://lcacademy.org/,931 Love Point Rd.,,Stevensville,Queen Anne's County,MD,"21666",US,38.99302200,-76.31320000,classical,lighthouse-christian-academy-md-21666-fcapi-classicality-abstract.md,lighthouse-christian-academy-md-21666-fcapi-classicality-audit.md,lighthouse-christian-academy-md-21666-fcapi-classicality-audit.pdf,elementary-intermediate,Private School,Private,0,,,,,,,,,,,,,,,,,,,,,,,,,,,,,,0,,0,0,0,0,0,0,0,placeholders/placeholder-elementary-7.png,,0,0,0,0,1537,,PK-8,"Pre-K, K, 1st, 2nd, 3rd, 4th, 5th, 6th, 7th, 8th"
001V400000tPLAH,Lionheart Classical Academy,,,lionheart-classical-academy-nh-03458,,"+1 603 602 1560",,https://lionheartclassical.org/,10 Sharon Rd.,,Peterborough,Hillsborough County,NH,"03458",US,42.85408580,-71.96314990,somewhat-classical,lionheart-classical-academy-nh-03458-fcapi-classicality-abstract.md,lionheart-classical-academy-nh-03458-fcapi-classicality-audit.md,lionheart-classical-academy-nh-03458-fcapi-classicality-audit.pdf,elementary-intermediate,Charter,Public,0,,,,,,,,,,,,,,,,,,,,,,,,,,,,,,0,,0,0,0,0,0,0,0,placeholders/placeholder-elementary-7.png,,0,0,0,0,1547,,K-7,"K, 1st, 2nd, 3rd, 4th, 5th, 6th, 7th"
001V400000tPCtz,Live Oak Christian Scholé Community,001V400000tOZKD,Schole Communities,live-oak-christian-schole-community-moreauville-la,delightnjc@hotmail.com,"",,https://www.facebook.com/Live-Oak-Christian-Scholé-Community-112230208213520,,,Moreauville,,LA,"",US,31.03463230,-91.97567680,classical,live-oak-christian-schole-community-moreauville-la-fcapi-classicality-abstract.md,live-oak-christian-schole-community-moreauville-la-fcapi-classicality-audit.md,live-oak-christian-schole-community-moreauville-la-fcapi-classicality-audit.pdf,elementary-intermediate-secondary,,,0,,,,,,,,,,,,,,,,,,,,,,,5479,,,,,,,0,,0,0,0,0,0,0,0,placeholders/placeholder-schole-1.png,,0,0,0,0,5516,,,
001V400000tPCu0,Live Oak Classical School,,,live-oak-classical-school-tx-76706,,"+1 254 714 1007",,https://liveoakclassical.com/,400 S. 4th St.,,Waco,McLennan County,TX,"76706",US,31.55503850,-97.12754130,classical,live-oak-classical-school-tx-76706-fcapi-classicality-abstract.md,live-oak-classical-school-tx-76706-fcapi-classicality-audit.md,live-oak-classical-school-tx-76706-fcapi-classicality-audit.pdf,elementary-intermediate-secondary,Private School,Private,0,,,,,,,,,,,,,,,,,,,,,,,,,,,,,,0,,0,0,0,0,0,0,0,placeholders/placeholder-elementary-1.png,,0,0,0,0,1551,,PK-12,"Pre-K, K, 1st, 2nd, 3rd, 4th, 5th, 6th, 7th, 8th, 9th, 10th, 11th, 12th"
001V400000tPCu1,Living Water School,,,living-water-school-md-20744,,"+1 301 971 2619",,https://thelwschool.org/,201 N. Union St. Suite 110 #11074,,Fort Washington,Prince George's County,MD,"20744",US,38.70733790,-77.02303130,classical,living-water-school-md-20744-fcapi-classicality-abstract.md,living-water-school-md-20744-fcapi-classicality-audit.md,living-water-school-md-20744-fcapi-classicality-audit.pdf,elementary-intermediate-secondary,Private School,Private,0,,,,,,,,,,,,,,,,,,,,,,,,,,,,,,0,,0,0,0,0,0,0,0,placeholders/placeholder-elementary-3.png,,0,0,0,0,1555,,K-12,"K, 1st, 2nd, 3rd, 4th, 5th, 6th, 7th, 8th, 9th, 10th, 11th, 12th"
001V400000tPCu2,Living Waters Classical Christian Academy,,,living-waters-classical-christian-academy-mi-49837,admin@livingwaters906.com,"+1 906 420 2519",,https://www.livingwaters906.com/,1022 Wisconsin Ave,,Gladstone,,MI,"49837",US,45.84531370,-87.02279480,classical,living-waters-classical-christian-academy-mi-49837-fcapi-classicality-abstract.md,living-waters-classical-christian-academy-mi-49837-fcapi-classicality-audit.md,living-waters-classical-christian-academy-mi-49837-fcapi-classicality-audit.pdf,elementary-intermediate,Private School,Private,0,,,,,,,,,,,,,,,,,,,,,,,,,,,,,,0,,0,0,0,0,0,0,0,placeholders/placeholder-elementary-4.png,,0,0,0,0,1554,,K-8,"K, 1st, 2nd, 3rd, 4th, 5th, 6th, 7th, 8th"
001V400000tPCu3,Logos Academy,,,logos-academy-pa-17102,,"+1 972 437 3493",,https://logoshbg.org/,251 Verbeke St,,Harrisburg,,PA,"17102",US,40.26901390,-76.88974370,classical,logos-academy-pa-17102-fcapi-classicality-abstract.md,logos-academy-pa-17102-fcapi-classicality-audit.md,logos-academy-pa-17102-fcapi-classicality-audit.pdf,elementary,Private School,Private School,0,,100,,,,,,,,,,,,,,,,,,,,,,,,,,,,1,,0,0,0,0,0,0,0,placeholders/placeholder-elementary-8.png,,0,0,0,0,1560,,PK-5,"Pre-K, K, 1st, 2nd, 3rd, 4th, 5th"
001V400000tPCu4,Logos Christian Academy,,,logos-christian-academy-az-85122,office@logosclassical.org,"+1 520 421 1220",,https://logosclassical.org/,9745 North Trekell Road,,Casa Grande,Pinal County,AZ,"85122",US,32.91100270,-111.77339020,classical,logos-christian-academy-az-85122-fcapi-classicality-abstract.md,logos-christian-academy-az-85122-fcapi-classicality-audit.md,logos-christian-academy-az-85122-fcapi-classicality-audit.pdf,elementary-intermediate,Private School,Private School,0,,153,,,,,,,,,,,,,,,,,,,,,,,,,,,,1,,0,0,0,0,0,0,0,placeholders/placeholder-elementary-1.png,,0,0,0,0,1562,,K-8,"K, 1st, 2nd, 3rd, 4th, 5th, 6th, 7th, 8th"
001V400000tPCu5,Logos Christian Academy,,,logos-christian-academy-nv-89406,office@logosfallon.org,"+1 775 428 1825",,https://logosfallon.org/,665 Scheckler Rd.,,Fallon,Churchill County,NV,"89406-9224",US,39.45942480,-118.79416240,classical,logos-christian-academy-nv-89406-fcapi-classicality-abstract.md,logos-christian-academy-nv-89406-fcapi-classicality-audit.md,logos-christian-academy-nv-89406-fcapi-classicality-audit.pdf,elementary-intermediate,Private School,Private School,0,,67,,,,,,,,,,,,,,,,,,,,,,,,,,,,1,,0,0,0,0,0,0,0,placeholders/placeholder-elementary-3.png,,0,0,0,0,1564,,K-8,"K, 1st, 2nd, 3rd, 4th, 5th, 6th, 7th, 8th"
001V400000tPCu6,Logos Christian School,,,logos-christian-school-tx-75075,admin@logoschristianschool.org,"+1 214 597 2904",,https://www.logoschristianschool.org/,3300 West Parker Road,,Plano,Collin County,TX,"75075",US,33.04045140,-96.75669270,classical,logos-christian-school-tx-75075-fcapi-classicality-abstract.md,logos-christian-school-tx-75075-fcapi-classicality-audit.md,logos-christian-school-tx-75075-fcapi-classicality-audit.pdf,elementary,Private School,Private,0,,,,,,,,,,,,,,,,,,,,,,,,,,,,,,0,,0,0,0,0,0,0,0,placeholders/placeholder-elementary-4.png,,0,0,0,0,1565,,PK-5,"Pre-K, K, 1st, 2nd, 3rd, 4th, 5th"
001V400000tPCu7,Logos Classical Academy,,,logos-classical-academy-ga-30809,scrawford@logosclassicalacademy.org,"+1 706 901 7823",,https://logosclassicalacademy.org,Po Box 741,,Evans,Columbia County,GA,"30809",US,33.53586270,-82.12836070,classical,logos-classical-academy-ga-30809-fcapi-classicality-abstract.md,logos-classical-academy-ga-30809-fcapi-classicality-audit.md,logos-classical-academy-ga-30809-fcapi-classicality-audit.pdf,elementary-intermediate-secondary,,,0,,,,,,,,,,,,,,,,,,,,,,,,,,,,,,0,,0,0,0,0,0,0,0,placeholders/placeholder-elementary-6.png,,0,0,0,0,3222,,K-11,"K, 1st, 2nd, 3rd, 4th, 5th, 6th, 7th, 8th, 9th, 10th, 11th"
001V400000tPCu8,Logos Classical Christian School,,,logos-classical-christian-school-mi-48451,jcoldwell.logos@gmail.com,"+1 810 516 0586",,https://www.logosclassicalchristian.com/,4518 Silver Lake Rd.,,Linden,Genesee County,MI,"48451",US,42.81214520,-83.76456720,classical,logos-classical-christian-school-mi-48451-fcapi-classicality-abstract.md,logos-classical-christian-school-mi-48451-fcapi-classicality-audit.md,logos-classical-christian-school-mi-48451-fcapi-classicality-audit.pdf,elementary,Private School,Private,0,,,,,,,,,,,,,,,,,,,,,,,,,,,,,,0,,0,0,0,0,0,0,0,placeholders/placeholder-elementary-7.png,,0,0,0,0,1567,,K-5,"K, 1st, 2nd, 3rd, 4th, 5th"
001V400000tPCu9,Logos School,,,logos-school-id-83843,mainoffice@logosschool.com,"+1 208 882 1226",,https://logosschool.com/,110 Baker St.,,Moscow,Latah County,ID,"83843",US,46.73407180,-117.01971540,classical,logos-school-id-83843-fcapi-classicality-abstract.md,logos-school-id-83843-fcapi-classicality-audit.md,logos-school-id-83843-fcapi-classicality-audit.pdf,elementary-intermediate-secondary,Private School,Private,0,,,,,,,,,,,,,,,,,,,,,,,,,,,,,,0,,0,0,0,0,0,0,0,placeholders/placeholder-elementary-9.png,,0,0,0,0,1570,,K-12,"K, 1st, 2nd, 3rd, 4th, 5th, 6th, 7th, 8th, 9th, 10th, 11th, 12th"
001V400000tPCuA,Los Altos Classical Christian Academy,,,los-altos-classical-christian-academy-ca-90815,office@longbeachchristianschools.org,"+1 562 430 6983",,https://laclassical.org/,6565 Stearns Ave.,,Long Beach,,CA,"90815",US,33.79579620,-118.10447720,classical,los-altos-classical-christian-academy-ca-90815-fcapi-classicality-abstract.md,los-altos-classical-christian-academy-ca-90815-fcapi-classicality-audit.md,los-altos-classical-christian-academy-ca-90815-fcapi-classicality-audit.pdf,elementary,Private School,Private School,0,,,,,,,,,,,,,,,,,,,,,,,,,,,,,,1,,1,0,1,0,0,0,0,placeholders/placeholder-elementary-2.png,,0,0,0,0,1574,,K-5,"K, 1st, 2nd, 3rd, 4th, 5th"
001V400000tPCuB,Los Senderos Antiguos,001V400000tOZKD,Schole Communities,los-senderos-antiguos-oklahoma-city-ok,,"",,https://www.facebook.com/groups/1006761703364590,,,Oklahoma City,,OK,"",US,35.46886920,-97.51953900,classical,los-senderos-antiguos-oklahoma-city-ok-fcapi-classicality-abstract.md,los-senderos-antiguos-oklahoma-city-ok-fcapi-classicality-audit.md,los-senderos-antiguos-oklahoma-city-ok-fcapi-classicality-audit.pdf,elementary-intermediate-secondary,,,0,,,,,,,,,,,,,,,,,,,,,,,5479,,,,,,,0,,0,0,0,0,0,0,0,placeholders/placeholder-schole-1.png,,0,0,0,0,5534,,,
001V400000tPCuC,Loudoun Classical School,,,loudoun-classical-school-va-20132,admin@loudounclassicalschool.com,"+1 703 915 3071",,https://loudounclassicalschool.com/,770 S 20th St,,Purcellville,Loudoun County,VA,"20132",US,39.12875390,-77.71113550,classical,loudoun-classical-school-va-20132-fcapi-classicality-abstract.md,loudoun-classical-school-va-20132-fcapi-classicality-audit.md,loudoun-classical-school-va-20132-fcapi-classicality-audit.pdf,intermediate-secondary,Private School,Private,0,,,,,,,,,,,,,,,,,,,,,,,,,,,,,,0,,0,0,0,0,0,0,0,placeholders/placeholder-intermediate-3.png,,0,0,0,0,1576,,6-12,"6th, 7th, 8th, 9th, 10th, 11th, 12th"
001V400000tPCuD,Loveland Classical School: Academy Campus,001V400000tOZJy,Loveland Classical Schools,loveland-classical-school-academy-campus-co-80537,info@lovelandclassical.org,"+1 970 541 1507",,https://lovelandclassical.org/,3835 14th St. Southwest,,Loveland,Larimer County,CO,"80537",US,40.37920230,-105.12978570,classical,loveland-classical-school-academy-campus-co-80537-fcapi-classicality-abstract.md,loveland-classical-school-academy-campus-co-80537-fcapi-classicality-audit.md,loveland-classical-school-academy-campus-co-80537-fcapi-classicality-audit.pdf,elementary-intermediate-secondary,Charter,Public,0,,,,,,,,,,,,,,,,,,,,,,,5421,,,,,,,0,,0,0,0,0,0,0,0,placeholders/placeholder-elementary-5.png,,0,0,0,0,202,,K-12,"K, 1st, 2nd, 3rd, 4th, 5th, 6th, 7th, 8th, 9th, 10th, 11th, 12th"
001V400000tPCuE,Loveland Classical School: Lyceum Campus,001V400000tOZJy,Loveland Classical Schools,loveland-classical-school-lyceum-campus-co-80538,info@lovelandclassical.org,"+1 970 541 1507",,https://lovelandclassical.org/,3015 West 29th St.,,Loveland,Larimer County,CO,"80538",US,40.42186360,-105.11865590,classical,loveland-classical-school-lyceum-campus-co-80538-fcapi-classicality-abstract.md,loveland-classical-school-lyceum-campus-co-80538-fcapi-classicality-audit.md,loveland-classical-school-lyceum-campus-co-80538-fcapi-classicality-audit.pdf,elementary-intermediate-secondary,Charter,Public,0,,,,,,,,,,,,,,,,,,,,,,,5421,,,,,,,0,,0,0,0,0,0,0,0,placeholders/placeholder-elementary-6.png,,0,0,0,0,203,,K-12,"K, 1st, 2nd, 3rd, 4th, 5th, 6th, 7th, 8th, 9th, 10th, 11th, 12th"
001V400000tPCuF,Lumen Gentium Academy,,,lumen-gentium-academy-nj-07005,,"+1 973 996 4545",,https://www.lumengentium.academy/,513 Birch St.,,Boonton,Morris County,NJ,"07005",US,40.90659200,-74.40983470,classical,lumen-gentium-academy-nj-07005-fcapi-classicality-abstract.md,lumen-gentium-academy-nj-07005-fcapi-classicality-audit.md,lumen-gentium-academy-nj-07005-fcapi-classicality-audit.pdf,secondary,Private School,Private,0,,,,,,,,,,,,,,,,,,,,,,,,,,,,,,0,,0,0,0,0,0,0,0,placeholders/placeholder-secondary-9.png,,0,0,0,0,1583,,9-12,"9th, 10th, 11th, 12th"
001V400000tPCuG,Lumine Academy: A Schole Community,001V400000tOZKD,Schole Communities,lumine-academy-schole-community-coatesville-pa,lumineacademy@gmail.com,"",,https://www.facebook.com/Lumine-Academy-A-Schol%C3%A9-Community-114521450411215,,,Coatesville,,PA,"",US,39.98316160,-75.82383550,classical,lumine-academy-schole-community-coatesville-pa-fcapi-classicality-abstract.md,lumine-academy-schole-community-coatesville-pa-fcapi-classicality-audit.md,lumine-academy-schole-community-coatesville-pa-fcapi-classicality-audit.pdf,elementary-intermediate-secondary,,,0,,,,,,,,,,,,,,,,,,,,,,,5479,,,,,,,0,,0,0,0,0,0,0,0,placeholders/placeholder-schole-1.png,,0,0,0,0,5541,,,
001V400000tPCuH,Lutheran High School Association,,,lutheran-high-school-association-mi-48309,,"+1 248 856 0240",,http://lhsa.com,1100 Bagley Ave.,,Rochester Hills,,MI,"48309",US,42.64181850,-83.15484960,classical,lutheran-high-school-association-mi-48309-fcapi-classicality-abstract.md,lutheran-high-school-association-mi-48309-fcapi-classicality-audit.md,lutheran-high-school-association-mi-48309-fcapi-classicality-audit.pdf,secondary,,,0,,,,,,,,,,,,,,,,,,,,,,,,,,,,,,0,,0,0,0,0,0,0,0,placeholders/placeholder-secondary-1.png,,0,0,0,0,5208,,9-12,"9th, 10th, 11th, 12th"
001V400000tPCuK,Lyceum,,,lyceum-oh-44121,,"+1 216 707 1121",,https://www.thelyceum.org/,1556 South Green Road,,South Euclid,Cuyahoga County,OH,"44121",US,41.51837860,-81.51907880,classical,lyceum-oh-44121-fcapi-classicality-abstract.md,lyceum-oh-44121-fcapi-classicality-audit.md,lyceum-oh-44121-fcapi-classicality-audit.pdf,intermediate-secondary,Private School,Private,0,,,,,,,,,,,,,,,,,,,,,,,,,,,,,,0,,0,0,0,0,0,0,0,placeholders/placeholder-intermediate-4.png,,0,0,0,0,1589,,6-12,"6th, 7th, 8th, 9th, 10th, 11th, 12th"
001V400000tPCuL,MEI Schools,,,mei-schools,,"+1 604 859 3700",,http://meischools.com,4081 Clearbrook Road,,Abbotsford British Columbia,,BC,"V4X 2MB",CA,49.07625700,-122.34783490,classical,mei-schools-fcapi-classicality-abstract.md,mei-schools-fcapi-classicality-audit.md,mei-schools-fcapi-classicality-audit.pdf,elementary-intermediate-secondary,,,0,,,,,,,,,,,,,,,,,,,,,,,,,,,,,,0,,0,0,0,0,0,0,0,placeholders/placeholder-k12-4.png,,0,0,0,0,5300,,,
001V400000tPCuM,Maeser Preparatory Academy,,,maeser-preparatory-academy-ut-84042,,"+1 435 644 5821",,https://maeserprep.org/,320 West 600 South Street,,Lindon,Utah County,UT,"84042",US,40.32725460,-111.72323700,classical,maeser-preparatory-academy-ut-84042-fcapi-classicality-abstract.md,maeser-preparatory-academy-ut-84042-fcapi-classicality-audit.md,maeser-preparatory-academy-ut-84042-fcapi-classicality-audit.pdf,intermediate-secondary,Charter,Public,0,,,,,,,,,,,,,,,,,,,,,,,,,,,,,,0,,0,0,0,0,0,0,0,placeholders/placeholder-intermediate-5.png,,0,0,0,0,1592,,7-12,"7th, 8th, 9th, 10th, 11th, 12th"
001V400000tPCuO,Magnolia Classical Academy,,,magnolia-classical-academy-ok-74701,info@mcadurant.com,"+1 405 517 5966",,https://mcadurant.com/,416 W Mulberry St,,Durant,Bryan County,OK,"74701",US,33.99765600,-96.35895130,classical,magnolia-classical-academy-ok-74701-fcapi-classicality-abstract.md,magnolia-classical-academy-ok-74701-fcapi-classicality-audit.md,magnolia-classical-academy-ok-74701-fcapi-classicality-audit.pdf,elementary-intermediate-secondary,Private School,Private,0,,,,,,,,,,,,,,,,,,,,,,,,,,,,,,0,,0,0,0,0,0,0,0,placeholders/placeholder-elementary-8.png,,0,0,0,0,1593,,PK-12,"Pre-K, K, 1st, 2nd, 3rd, 4th, 5th, 6th, 7th, 8th, 9th, 10th, 11th, 12th"
001V400000tPCuP,Main Street Preschool,,,main-street-preschool-ga,,"+1 770 878 8541",,http://fbctucker.org,5073 Lavista Road,,Tucker,,GA,"30084",US,33.85575700,-84.21428630,classical,main-street-preschool-ga-fcapi-classicality-abstract.md,main-street-preschool-ga-fcapi-classicality-audit.md,main-street-preschool-ga-fcapi-classicality-audit.pdf,elementary-intermediate-secondary,,,0,,,,,,,,,,,,,,,,,,,,,,,,,,,,,,0,,0,0,0,0,0,0,0,placeholders/placeholder-k12-6.png,,0,0,0,0,5206,,,
001V400000tPCuQ,Mansfield Classical Academy,,,mansfield-classical-academy-oh-44905,Mansfieldclassicalacademy@gmail.com,"+1 419 512 1300",,https://www.mansfieldclassicalacademy.org/,1150 Rayfield Road,,Mansfield,,OH,"44905",US,40.78160370,-82.47198680,classical,mansfield-classical-academy-oh-44905-fcapi-classicality-abstract.md,mansfield-classical-academy-oh-44905-fcapi-classicality-audit.md,mansfield-classical-academy-oh-44905-fcapi-classicality-audit.pdf,elementary-intermediate-secondary,,,0,,,,,,,,,,,,,,,,,,,,,,,,,,,,,,0,,0,0,0,0,0,0,0,placeholders/placeholder-elementary-1.png,,0,0,0,0,3225,,PK-12,"Pre-K, K, 1st, 2nd, 3rd, 4th, 5th, 6th, 7th, 8th, 9th, 10th, 11th, 12th"
001V400000tPCuR,"Mansfield Classical Academy, A Scholé School",001V400000tOZKD,Schole Communities,mansfield-classical-academy-schole-school-mansfield-oh,mansfieldclassicalacademy@gmail.com,"",,https://www.mansfieldclassicalacademy.org/,,,Mansfield,,OH,"",US,40.75853590,-82.51408460,classical,mansfield-classical-academy-schole-school-mansfield-oh-fcapi-classicality-abstract.md,mansfield-classical-academy-schole-school-mansfield-oh-fcapi-classicality-audit.md,mansfield-classical-academy-schole-school-mansfield-oh-fcapi-classicality-audit.pdf,elementary-intermediate-secondary,,,0,,,,,,,,,,,,,,,,,,,,,,,5479,,,,,,,0,,0,0,0,0,0,0,0,placeholders/placeholder-schole-1.png,,0,0,0,0,5531,,,
001V400000tPCuS,Maranatha Academy,,,maranatha-academy-wi-54880,maracademy@gmail.com,"+1 715 399 8757",,https://maranathachristian.academy/,4916 S State Rd. 35,,Superior,Douglas County,WI,"54880",US,46.58566660,-92.11885830,classical,maranatha-academy-wi-54880-fcapi-classicality-abstract.md,maranatha-academy-wi-54880-fcapi-classicality-audit.md,maranatha-academy-wi-54880-fcapi-classicality-audit.pdf,elementary-intermediate-secondary,Private School,Private,0,,,,,,,,,,,,,,,,,,,,,,,,,,,,,,0,,0,0,0,0,0,0,0,placeholders/placeholder-elementary-2.png,,0,0,0,0,1596,,PK-12,"Pre-K, K, 1st, 2nd, 3rd, 4th, 5th, 6th, 7th, 8th, 9th, 10th, 11th, 12th"
001V400000tPCuT,Mars Hill Academy,,,mars-hill-academy-oh-45040,info@marshill.edu,"+1 513 770 3223",,https://marshill.edu/,4230 Aero Dr.,,Mason,Warren County,OH,"45040",US,39.34159100,-84.29107970,classical,mars-hill-academy-oh-45040-fcapi-classicality-abstract.md,mars-hill-academy-oh-45040-fcapi-classicality-audit.md,mars-hill-academy-oh-45040-fcapi-classicality-audit.pdf,elementary-intermediate-secondary,Private School,Private,0,,,,,,,,,,,,,,,,,,,,,,,,,,,,,,0,,0,0,0,0,0,0,0,placeholders/placeholder-elementary-9.png,,0,0,0,0,1605,,PK-12,"Pre-K, K, 1st, 2nd, 3rd, 4th, 5th, 6th, 7th, 8th, 9th, 10th, 11th, 12th"
001V400000tPCuU,Martin Luther Grammar School,,,martin-luther-grammar-school-wy-82801,immanuellutheran82801@gmail.com,"+1 307 461 7643",,https://wyoschool.faith/,1300 W 5th St,,Sheridan,Sheridan County,WY,"82801",US,44.80657950,-106.97554370,classical,martin-luther-grammar-school-wy-82801-fcapi-classicality-abstract.md,martin-luther-grammar-school-wy-82801-fcapi-classicality-audit.md,martin-luther-grammar-school-wy-82801-fcapi-classicality-audit.pdf,elementary-intermediate,Private School,Private,0,,,,,,,,,,,,,,,,,,,,,,,,,,,,,,0,,0,0,0,0,0,0,0,placeholders/placeholder-elementary-0.png,,0,0,0,0,1606,,K-8,"K, 1st, 2nd, 3rd, 4th, 5th, 6th, 7th, 8th"
001V400000tPCuV,Martin Saints Classical High School,,,martin-saints-classical-high-school-pa-19403,info@martinsaintsclassical.org,"+1 267 495 4865",,https://martinsaintsclassical.org/,3000 Keenwood Rd.,,East Norriton,Montgomery County,PA,"19403",US,40.15188890,-75.33023480,classical,martin-saints-classical-high-school-pa-19403-fcapi-classicality-abstract.md,martin-saints-classical-high-school-pa-19403-fcapi-classicality-audit.md,martin-saints-classical-high-school-pa-19403-fcapi-classicality-audit.pdf,secondary,Private School,Private,0,,,,,,,,,,,,,,,,,,,,,,,,,,,,,,0,,0,0,0,0,0,0,0,placeholders/placeholder-secondary-4.png,,0,0,0,0,1608,,9-12,"9th, 10th, 11th, 12th"
001V400000tPCuW,Mary Seat of Wisdom Academy,,,mary-seat-wisdom-academy-ks-67213,,"+1 316 444 8486",,https://www.mswwichita.org/,1840 West University Avenue,,Wichita,Sedgwick County,KS,"67213",US,37.67824400,-97.36242700,classical,mary-seat-wisdom-academy-ks-67213-fcapi-classicality-abstract.md,mary-seat-wisdom-academy-ks-67213-fcapi-classicality-audit.md,mary-seat-wisdom-academy-ks-67213-fcapi-classicality-audit.pdf,secondary,Charter,Public,0,,,,,,,,,,,,,,,,,,,,,,,,,,,,,,0,,0,0,0,0,0,0,0,placeholders/placeholder-elementary-3.png,,0,0,0,0,1611,,9-10,"9th, 10th"
001V400000tPCuX,Maryvale Preparatory Academy,001V400000tOBYR,Great Hearts America,maryvale-preparatory-academy-az-85031,,"+1 616 295 0051",,https://maryvaleprep.greatheartsamerica.org/,4825 W Camelback Rd.,,Maryvale,Maricopa County,AZ,"85031",US,33.50890790,-112.16318510,classical,maryvale-preparatory-academy-az-85031-fcapi-classicality-abstract.md,maryvale-preparatory-academy-az-85031-fcapi-classicality-audit.md,maryvale-preparatory-academy-az-85031-fcapi-classicality-audit.pdf,elementary-intermediate-secondary,Charter,Public,0,,940,,,,,,,,,,,,,,,,,,,,,157,,,,,,,1,,0,1,0,0,1,0,0,placeholders/placeholder-elementary-7.png,,0,0,0,0,174,,K-12,"K, 1st, 2nd, 3rd, 4th, 5th, 6th, 7th, 8th, 9th, 10th, 11th, 12th"
001V400000tPLBB,Mason Classical Academy,,,mason-classical-academy-fl-34104,,"+1 239 227 2838",,https://www.masonacademy.com/,3073 Horseshoe Dr. South,Suite 104,Naples,Collier County,FL,"34104",US,26.16216580,-81.76899200,classical,mason-classical-academy-fl-34104-fcapi-classicality-abstract.md,mason-classical-academy-fl-34104-fcapi-classicality-audit.md,mason-classical-academy-fl-34104-fcapi-classicality-audit.pdf,elementary-intermediate-secondary,Charter,Public,0,,,,,,,,,,,,,,,,,,,,,,,,,,,,,,0,,0,0,0,0,0,0,0,placeholders/placeholder-elementary-9.png,,0,0,0,0,1616,,K-12,"K, 1st, 2nd, 3rd, 4th, 5th, 6th, 7th, 8th, 9th, 10th, 11th, 12th"
001V400000tPCuY,Master's Classical School,,,masters-classical-school-in-47882,,"+1 812 638 2999",,https://www.mastersclassicalschool.com/,9 E Jackson St,,Sullivan,Sullivan County,IN,"47882",US,39.09423310,-87.40669780,classical,masters-classical-school-in-47882-fcapi-classicality-abstract.md,masters-classical-school-in-47882-fcapi-classicality-audit.md,masters-classical-school-in-47882-fcapi-classicality-audit.pdf,elementary-intermediate-secondary,Private School,Private,0,,,,,,,,,,,,,,,,,,,,,,,,,,,,,,0,,0,0,0,0,0,0,0,placeholders/placeholder-elementary-1.png,,0,0,0,0,1623,,PK-12,"Pre-K, K, 1st, 2nd, 3rd, 4th, 5th, 6th, 7th, 8th, 9th, 10th, 11th, 12th"
001V400000tPLBJ,Mater Dei Apostolate,,,mater-dei-apostolate-mn-55720,,"+1 218 622 0882",,https://materdeiapostolate.org/,102 4th St.,,Cloquet,Carlton County,MN,"55720",US,46.71905540,-92.45875020,somewhat-classical,mater-dei-apostolate-mn-55720-fcapi-classicality-abstract.md,mater-dei-apostolate-mn-55720-fcapi-classicality-audit.md,mater-dei-apostolate-mn-55720-fcapi-classicality-audit.pdf,secondary,Private School,Private,0,,,,,,,,,,,,,,,,,,,,,,,,,,,,,,0,,0,0,0,0,0,0,0,placeholders/placeholder-secondary-8.png,,0,0,0,0,1630,,9-12,"9th, 10th, 11th, 12th"
001V400000tPCua,Mayflower Christian Academy,,,mayflower-christian-academy-va-24301,,"+1 540 230 2584",,https://www.mayflowerswva.com/,995 Peppers Ferry Rd.,,Pulaski,Pulaski County,VA,"24301",US,37.05638750,-80.76521770,classical,mayflower-christian-academy-va-24301-fcapi-classicality-abstract.md,mayflower-christian-academy-va-24301-fcapi-classicality-audit.md,mayflower-christian-academy-va-24301-fcapi-classicality-audit.pdf,elementary-intermediate-secondary,Private School,Private,0,,,,,,,,,,,,,,,,,,,,,,,,,,,,,,0,,0,0,0,0,0,0,0,placeholders/placeholder-elementary-8.png,,0,0,0,0,1633,,K-12,"K, 1st, 2nd, 3rd, 4th, 5th, 6th, 7th, 8th, 9th, 10th, 11th, 12th"
001V400000tPCuc,Meadow Scholé,001V400000tOZKD,Schole Communities,meadow-schole-arlington-tx,Meadowhousedfw@gmail.com,"",,https://www.facebook.com/groups/593521511651391,,,Arlington,,TX,"",US,32.73568700,-97.10806560,classical,meadow-schole-arlington-tx-fcapi-classicality-abstract.md,meadow-schole-arlington-tx-fcapi-classicality-audit.md,meadow-schole-arlington-tx-fcapi-classicality-audit.pdf,elementary-intermediate-secondary,,,0,,,,,,,,,,,,,,,,,,,,,,,5479,,,,,,,0,,0,0,0,0,0,0,0,placeholders/placeholder-schole-1.png,,0,0,0,0,5551,,,
001V400000tPCud,Medina Christian Academy,,,medina-christian-academy-oh-44256,,"+1 330 725 3227",,https://medinachristian.org,5399 River Styx Rd.,,Medina,Medina County,OH,"44256",US,41.12711190,-81.80907100,classical,medina-christian-academy-oh-44256-fcapi-classicality-abstract.md,medina-christian-academy-oh-44256-fcapi-classicality-audit.md,medina-christian-academy-oh-44256-fcapi-classicality-audit.pdf,elementary-intermediate-secondary,Private School,Private,0,,,,,,,,,,,,,,,,,,,,,,,,,,,,,,0,,0,0,0,0,0,0,0,placeholders/placeholder-elementary-5.png,,0,0,0,0,1641,,K-12,"K, 1st, 2nd, 3rd, 4th, 5th, 6th, 7th, 8th, 9th, 10th, 11th, 12th"
001V400000tPCuf,Memorial Lutheran School,,,memorial-lutheran-school-tx-77057,,"+1 580 262 0806",,https://www.memoriallutheranschool.org/,5800 Westheimer Rd.,,Houston,Harris County,TX,"77057",US,29.73887300,-95.48014900,classical,memorial-lutheran-school-tx-77057-fcapi-classicality-abstract.md,memorial-lutheran-school-tx-77057-fcapi-classicality-audit.md,memorial-lutheran-school-tx-77057-fcapi-classicality-audit.pdf,elementary-intermediate-secondary,Private School,Private,0,,,,,,,,,,,,,,,,,,,,,,,,,,,,,,0,,0,0,0,0,0,0,0,placeholders/placeholder-elementary-7.png,,0,0,0,0,1645,,PK-12,"Pre-K, K, 1st, 2nd, 3rd, 4th, 5th, 6th, 7th, 8th, 9th, 10th, 11th, 12th"
001V400000tPCug,Mesquite Christian Academy,,,mesquite-christian-academy-nv-89027,info@mesquitechristianacademy.org,"+1 702 613 5863",,https://mesquitechristianacademy.org/,70 N Yucca St,,Mesquite,Clark County,NV,"89027",US,36.80945260,-114.10580030,classical,mesquite-christian-academy-nv-89027-fcapi-classicality-abstract.md,mesquite-christian-academy-nv-89027-fcapi-classicality-audit.md,mesquite-christian-academy-nv-89027-fcapi-classicality-audit.pdf,elementary-intermediate,Private School,Private,0,,,,,,,,,,,,,,,,,,,,,,,,,,,,,,0,,0,0,0,0,0,0,0,placeholders/placeholder-elementary-0.png,,0,0,0,0,1648,,K-8,"K, 1st, 2nd, 3rd, 4th, 5th, 6th, 7th, 8th"
001V400000tPCuh,Messiah Lutheran Classical Academy,,,messiah-lutheran-classical-academy-tx-76248,schooloffice@mlcatexas.org,"+1 817 431 5486",,https://mlcatexas.org/,1308 Whitley Rd.,,Keller,Tarrant County,TX,"76248",US,32.91150850,-97.25380800,classical,messiah-lutheran-classical-academy-tx-76248-fcapi-classicality-abstract.md,messiah-lutheran-classical-academy-tx-76248-fcapi-classicality-audit.md,messiah-lutheran-classical-academy-tx-76248-fcapi-classicality-audit.pdf,elementary-intermediate,Private School,Private,0,,,,,,,,,,,,,,,,,,,,,,,,,,,,,,0,,0,0,0,0,0,0,0,placeholders/placeholder-elementary-1.png,,0,0,0,0,1649,,PK-8,"Pre-K, K, 1st, 2nd, 3rd, 4th, 5th, 6th, 7th, 8th"
001V400000tPCuj,Midland Classical Academy,,,midland-classical-academy-tx-79705,,"+1 432 694 0995",,https://www.mcaknights.org/,5711 Whitman Dr.,,Midland,Midland County,TX,"79705",US,32.05062500,-102.12623700,classical,midland-classical-academy-tx-79705-fcapi-classicality-abstract.md,midland-classical-academy-tx-79705-fcapi-classicality-audit.md,midland-classical-academy-tx-79705-fcapi-classicality-audit.pdf,elementary-intermediate-secondary,Private School,Private,0,,,,,,,,,,,,,,,,,,,,,,,,,,,,,,0,,0,0,0,0,0,0,0,placeholders/placeholder-elementary-0.png,,0,0,0,0,1662,,K-12,"K, 1st, 2nd, 3rd, 4th, 5th, 6th, 7th, 8th, 9th, 10th, 11th, 12th"
001V400000tPCuk,Midway Covenant Christian School,,,midway-covenant-christian-school-ga-30127,,"+1 770 590 1866",,https://www.midwayschool.org/,4635 Dallas Hwy,,Powder Springs,Cobb County,GA,"30127",US,33.94365690,-84.68770610,classical,midway-covenant-christian-school-ga-30127-fcapi-classicality-abstract.md,midway-covenant-christian-school-ga-30127-fcapi-classicality-audit.md,midway-covenant-christian-school-ga-30127-fcapi-classicality-audit.pdf,elementary-intermediate,Private School,Private,0,,,,,,,,,,,,,,,,,,,,,,,,,,,,,,0,,0,0,0,0,0,0,0,placeholders/placeholder-elementary-1.png,,0,0,0,0,1663,,PK-8,"Pre-K, K, 1st, 2nd, 3rd, 4th, 5th, 6th, 7th, 8th"
001V400000tPCul,Millennium Charter Academy,,,millennium-charter-academy-nc-27030,,"+1 336 789 7570",,https://www.mcacademy.com/,500 Old Springs Rd.,,Mt Airy,Surry County,NC,"27030",US,36.51648640,-80.59694310,classical,millennium-charter-academy-nc-27030-fcapi-classicality-abstract.md,millennium-charter-academy-nc-27030-fcapi-classicality-audit.md,millennium-charter-academy-nc-27030-fcapi-classicality-audit.pdf,elementary-intermediate-secondary,Charter,Public,0,,,,,,,,,,,,,,,,,,,,,,,,,,,,,,0,,0,0,0,0,0,0,0,placeholders/placeholder-elementary-2.png,,0,0,0,0,1664,,K-12,"K, 1st, 2nd, 3rd, 4th, 5th, 6th, 7th, 8th, 9th, 10th, 11th, 12th"
001V400000tPCun,Mineral Christian School,,,mineral-christian-school-va-23117,juned344@gmail.com,"+1 512 351 5117",,https://www.mineralchristianschool.org/,51 Louisa Ave.,,Mineral,Louisa County,VA,"23117",US,38.01414810,-77.90739470,classical,mineral-christian-school-va-23117-fcapi-classicality-abstract.md,mineral-christian-school-va-23117-fcapi-classicality-audit.md,mineral-christian-school-va-23117-fcapi-classicality-audit.pdf,elementary-intermediate,Private School,Private,0,,,,,,,,,,,,,,,,,,,,,,,,,,,,,,0,,0,0,0,0,0,0,0,placeholders/placeholder-elementary-3.png,,0,0,0,0,1665,,K-7,"K, 1st, 2nd, 3rd, 4th, 5th, 6th, 7th"
001V400000tPCuo,Mirus Academy,,,mirus-academy-me-04605,office@mirusacademy.info,"+1 207 664 4698",,https://mirusacademy.info/,460 High St.,,Ellsworth,Hancock County,ME,"04605",US,44.51673830,-68.39428360,classical,mirus-academy-me-04605-fcapi-classicality-abstract.md,mirus-academy-me-04605-fcapi-classicality-audit.md,mirus-academy-me-04605-fcapi-classicality-audit.pdf,elementary-intermediate-secondary,Private School,Private,0,,,,,,,,,,,,,,,,,,,,,,,,,,,,,,0,,0,0,0,0,0,0,0,placeholders/placeholder-elementary-6.png,,0,0,0,0,1668,,K-12,"K, 1st, 2nd, 3rd, 4th, 5th, 6th, 7th, 8th, 9th, 10th, 11th, 12th"
001V400000tPCuq,Montana Christian Academy,,,montana-christian-academy-mt,info@montanachristian.com,"+1 406 306 0306",,https://montanachristian.com,489 Constitution Ave,,Billings,,MT,"59106",US,45.82310690,-108.49996510,classical,montana-christian-academy-mt-fcapi-classicality-abstract.md,montana-christian-academy-mt-fcapi-classicality-audit.md,montana-christian-academy-mt-fcapi-classicality-audit.pdf,elementary,,,0,,,,,,,,,,,,,,,,,,,,,,,,,,,,,,0,,0,0,0,0,0,0,0,placeholders/placeholder-elementary-3.png,,0,0,0,0,3227,,K-2,"K, 1st, 2nd"
001V400000tPCur,Montgomery Academy A Schole Community,001V400000tOZKD,Schole Communities,montgomery-academy-schole-community-clarksville-tn,,"",,https://www.maclarksville.org,,,Clarksville,,TN,"",US,36.52977060,-87.36116940,classical,montgomery-academy-schole-community-clarksville-tn-fcapi-classicality-abstract.md,montgomery-academy-schole-community-clarksville-tn-fcapi-classicality-audit.md,montgomery-academy-schole-community-clarksville-tn-fcapi-classicality-audit.pdf,elementary-intermediate-secondary,,,0,,,,,,,,,,,,,,,,,,,,,,,5479,,,,,,,0,,0,0,0,0,0,0,0,placeholders/placeholder-schole-1.png,,0,0,0,0,5548,,,
001V400000tPCus,Morning Star Academy,,,morning-star-academy-ia-52722,rob.spykstra@msa-qc.org,"+1 563 359 5700",,https://msa-qc.org/,1426 Tanglefoot Lane,,Bettendorf,Scott County,IA,"52722-2414",US,41.56085970,-90.51166990,classical,morning-star-academy-ia-52722-fcapi-classicality-abstract.md,morning-star-academy-ia-52722-fcapi-classicality-audit.md,morning-star-academy-ia-52722-fcapi-classicality-audit.pdf,elementary-intermediate-secondary,Private School,Private School,0,,218,,,,,,,,,,,,,,,,,,,,,,,,,,,,0,,0,0,0,0,0,0,0,placeholders/placeholder-elementary-8.png,,0,0,0,0,1679,,K-12,"K, 1st, 2nd, 3rd, 4th, 5th, 6th, 7th, 8th, 9th, 10th, 11th, 12th"
001V400000tPLC2,Mount Olive Lutheran School,,,mount-olive-lutheran-school-mt-59102,,"+1 406 656 6687",,https://mountoliveschool.org/,2336 Saint Johns Ave.,,Billings,Yellowstone County,MT,"59102",US,45.77100910,-108.57562740,somewhat-classical,mount-olive-lutheran-school-mt-59102-fcapi-classicality-abstract.md,mount-olive-lutheran-school-mt-59102-fcapi-classicality-audit.md,mount-olive-lutheran-school-mt-59102-fcapi-classicality-audit.pdf,elementary-intermediate,Private School,Private,0,,,,,,,,,,,,,,,,,,,,,,,,,,,,,,0,,0,0,0,0,0,0,0,placeholders/placeholder-elementary-7.png,,0,0,0,0,1688,,PK-8,"Pre-K, K, 1st, 2nd, 3rd, 4th, 5th, 6th, 7th, 8th"
001V400000tPCut,Mount Tabor School of the Liberal Arts,,,mount-tabor-school-liberal-arts-mo-64128,perpetualfelicity203@gmail.com,"+1 423 227 3599",,https://mounttaborschool.org/,3015 Forest Ave.,,Kansas City,Jackson County,MO,"64128",US,39.07170660,-94.56964650,classical,mount-tabor-school-liberal-arts-mo-64128-fcapi-classicality-abstract.md,mount-tabor-school-liberal-arts-mo-64128-fcapi-classicality-audit.md,mount-tabor-school-liberal-arts-mo-64128-fcapi-classicality-audit.pdf,elementary-intermediate-secondary,Private School,Private,0,,,,,,,,,,,,,,,,,,,,,,,,,,,,,,0,,0,0,0,0,0,0,0,placeholders/placeholder-elementary-0.png,,0,0,0,0,1691,,K-12,"K, 1st, 2nd, 3rd, 4th, 5th, 6th, 7th, 8th, 9th, 10th, 11th, 12th"
001V400000tPCuv,Mt Bethel Christian Academy,,,mt-bethel-christian-academy-ga,,"+1 770 971 0245",,http://mtbethelchristian.org,4385 Lower Roswell Road,,Marietta,,GA,"30068",US,33.96521310,-84.42317510,classical,mt-bethel-christian-academy-ga-fcapi-classicality-abstract.md,mt-bethel-christian-academy-ga-fcapi-classicality-audit.md,mt-bethel-christian-academy-ga-fcapi-classicality-audit.pdf,elementary-intermediate-secondary,,,0,,,,,,,,,,,,,,,,,,,,,,,,,,,,,,0,,0,0,0,0,0,0,0,placeholders/placeholder-k12-5.png,,0,0,0,0,5207,,,
001V400000tPCuw,Mt Royal Academy,,,mt-royal-academy-nh-03782,,"+1 603 763 9010",,https://www.mountroyalacademy.com/,26 Seven Hearths Lane,,Sunapee,Sullivan County,NH,"03782",US,43.39999760,-72.08492320,classical,mt-royal-academy-nh-03782-fcapi-classicality-abstract.md,mt-royal-academy-nh-03782-fcapi-classicality-audit.md,mt-royal-academy-nh-03782-fcapi-classicality-audit.pdf,elementary-intermediate-secondary,Private School,Private,0,,,,,,,,,,,,,,,,,,,,,,,,,,,,,,0,,0,0,0,0,0,0,0,placeholders/placeholder-elementary-1.png,,0,0,0,0,1692,,PK-12,"Pre-K, K, 1st, 2nd, 3rd, 4th, 5th, 6th, 7th, 8th, 9th, 10th, 11th, 12th"
001V400000tPCuz,Naperville Christian Academy,,,naperville-christian-academy-il-60563,rruff@ncaclassical.org,"+1 630 637 9622",,https://ncaclassical.org/,1451 Raymond Dr.,,Naperville,DuPage County,IL,"60563",US,41.79308700,-88.18804160,classical,naperville-christian-academy-il-60563-fcapi-classicality-abstract.md,naperville-christian-academy-il-60563-fcapi-classicality-audit.md,naperville-christian-academy-il-60563-fcapi-classicality-audit.pdf,elementary-intermediate-secondary,Private School,Private,0,,,,,,,,,,,,,,,,,,,,,,,,,,,,,,0,,0,0,0,0,0,0,0,placeholders/placeholder-elementary-8.png,,0,0,0,0,1697,,PK-12,"Pre-K, K, 1st, 2nd, 3rd, 4th, 5th, 6th, 7th, 8th, 9th, 10th, 11th, 12th"
001V400000tPCv0,Naples Classical Academy,,,naples-classical-academy-fl-34120,,"+1 239 449 8773",,https://www.naplesclassical.org/,10270 Immokalee Road,,Naples,Collier County,FL,"34120",US,26.27151350,-81.66216240,classical,naples-classical-academy-fl-34120-fcapi-classicality-abstract.md,naples-classical-academy-fl-34120-fcapi-classicality-audit.md,naples-classical-academy-fl-34120-fcapi-classicality-audit.pdf,elementary-intermediate-secondary,Charter,Public,0,,,,,,,,,,,,,,,,,,,,,,,,,,,,,,0,,0,0,0,0,0,0,0,placeholders/placeholder-elementary-9.png,,0,0,0,0,1698,,K-12,"K, 1st, 2nd, 3rd, 4th, 5th, 6th, 7th, 8th, 9th, 10th, 11th, 12th"
001V400000tPCv1,Nashville Classical Charter School,,,nashville-classical-charter-school-tn-37206,,"+1 615 538 5841",,https://nashvilleclassical.org/,2000 Greenwood Ave.,,Nashville,Davidson County,TN,"37206",US,36.18825730,-86.73308380,classical,nashville-classical-charter-school-tn-37206-fcapi-classicality-abstract.md,nashville-classical-charter-school-tn-37206-fcapi-classicality-audit.md,nashville-classical-charter-school-tn-37206-fcapi-classicality-audit.pdf,elementary-intermediate-secondary,Charter,Public,0,,,,,,,,,,,,,,,,,,,,,,,,,,,,,,0,,0,0,0,0,0,0,0,placeholders/placeholder-elementary-0.png,,0,0,0,0,1699,,K-12,"K, 1st, 2nd, 3rd, 4th, 5th, 6th, 7th, 8th, 9th, 10th, 11th, 12th"
001V400000tPCv3,Neighborhood Christian Schools,,,neighborhood-christian-schools-mo-65793,,"+1 417 469 1117",,https://classicalncs.com,5098 County Road 2980,,Willow Springs,,MO,"65793",US,36.96075670,-91.88254970,classical,neighborhood-christian-schools-mo-65793-fcapi-classicality-abstract.md,neighborhood-christian-schools-mo-65793-fcapi-classicality-audit.md,neighborhood-christian-schools-mo-65793-fcapi-classicality-audit.pdf,elementary-intermediate-secondary,,,0,,,,,,,,,,,,,,,,,,,,,,,,,,,,,,0,,0,0,0,0,0,0,0,placeholders/placeholder-elementary-9.png,,0,0,0,0,3228,,K-12,"K, 1st, 2nd, 3rd, 4th, 5th, 6th, 7th, 8th, 9th, 10th, 11th, 12th"
001V400000tPLCN,Nevada Classical Academy Elko,,,nevada-classical-academy-elko-nv-89801,,"+1 775 860 4300",,https://www.ncaelko.org/,1031 Railroad Street,,Elko,Elko County,NV,"89801",US,40.83621250,-115.75783730,classical,nevada-classical-academy-elko-nv-89801-fcapi-classicality-abstract.md,nevada-classical-academy-elko-nv-89801-fcapi-classicality-audit.md,nevada-classical-academy-elko-nv-89801-fcapi-classicality-audit.pdf,elementary,Charter,Public,0,,,,,,,,,,,,,,,,,,,,,,,,,,,,,,0,,0,0,0,0,0,0,0,placeholders/placeholder-elementary-2.png,,0,0,0,0,1712,,K-3,"K, 1st, 2nd, 3rd"
001V400000tPCv5,New Braunfels Christian Academy,,,new-braunfels-christian-academy-tx-78132,,"+1 830 643 9926",,https://www.nbcatx.org/,220 Farm to Market Road 1863,,New Braunfels,Comal County,TX,"78132",US,29.71898780,-98.18297140,classical,new-braunfels-christian-academy-tx-78132-fcapi-classicality-abstract.md,new-braunfels-christian-academy-tx-78132-fcapi-classicality-audit.md,new-braunfels-christian-academy-tx-78132-fcapi-classicality-audit.pdf,elementary-intermediate,Private School,Private,0,,,,,,,,,,,,,,,,,,,,,,,,,,,,,,0,,0,0,0,0,0,0,0,placeholders/placeholder-elementary-3.png,,0,0,0,0,1713,,K-7,"K, 1st, 2nd, 3rd, 4th, 5th, 6th, 7th"
001V400000tPCv6,New City Classical Academy,,,new-city-classical-academy-ia-52722,info@newcityclassical.com,"+1 563 343 0776",,https://www.newcityclassical.com/,1811 18th Street,,Bettendorf,Scott County,IA,"52722",US,41.54116070,-90.50665900,classical,new-city-classical-academy-ia-52722-fcapi-classicality-abstract.md,new-city-classical-academy-ia-52722-fcapi-classicality-audit.md,new-city-classical-academy-ia-52722-fcapi-classicality-audit.pdf,elementary-intermediate-secondary,Private School,Private,0,,,,,,,,,,,,,,,,,,,,,,,,,,,,,,0,,0,0,0,0,0,0,0,placeholders/placeholder-elementary-4.png,,0,0,0,0,1714,,PK-12,"Pre-K, K, 1st, 2nd, 3rd, 4th, 5th, 6th, 7th, 8th, 9th, 10th, 11th, 12th"
001V400000tPCv8,New Covenant Christian Academy,,,new-covenant-christian-academy-ky-42048,siress@nccaky.org,"+1 270 437 3170",,https://nccaky.org/,218 College St,,Hardin,Marshall County,KY,"42048",US,36.76363400,-88.29679020,classical,new-covenant-christian-academy-ky-42048-fcapi-classicality-abstract.md,new-covenant-christian-academy-ky-42048-fcapi-classicality-audit.md,new-covenant-christian-academy-ky-42048-fcapi-classicality-audit.pdf,elementary-intermediate-secondary,Private School,Private,0,,,,,,,,,,,,,,,,,,,,,,,,,,,,,,0,,0,0,0,0,0,0,0,placeholders/placeholder-elementary-8.png,,0,0,0,0,1718,,PK-12,"Pre-K, K, 1st, 2nd, 3rd, 4th, 5th, 6th, 7th, 8th, 9th, 10th, 11th, 12th"
001V400000tPCv9,New Covenant Christian Academy,,,new-covenant-christian-academy-mi-49643,sue@nccaeagles.org,"+1 231 640 2324",,https://newcovenantchristianacademy.org/,18201 Honor Highway,,Interlochen,,MI,"49643",US,44.65764340,-85.87388980,classical,new-covenant-christian-academy-mi-49643-fcapi-classicality-abstract.md,new-covenant-christian-academy-mi-49643-fcapi-classicality-audit.md,new-covenant-christian-academy-mi-49643-fcapi-classicality-audit.pdf,elementary-intermediate-secondary,Private School,Private School,0,,106,,,,,,,,,,,,,,,,,,,,,,,,,,,,1,,0,0,0,0,0,0,0,placeholders/placeholder-elementary-9.png,,0,0,0,0,1719,,K-12,"K, 1st, 2nd, 3rd, 4th, 5th, 6th, 7th, 8th, 9th, 10th, 11th, 12th"
001V400000tPCvA,New Covenant Christian School,,,new-covenant-christian-school-md-21009,nccs@nccsmd.org,"+1 443 512 0771",,https://www.nccsmd.org/,128 Saint Marys Church Road,,Abingdon,Harford County,MD,"21009",US,39.49018280,-76.31378290,classical,new-covenant-christian-school-md-21009-fcapi-classicality-abstract.md,new-covenant-christian-school-md-21009-fcapi-classicality-audit.md,new-covenant-christian-school-md-21009-fcapi-classicality-audit.pdf,elementary-intermediate-secondary,Private School,Private,0,,,,,,,,,,,,,,,,,,,,,,,,,,,,,,0,,0,0,0,0,0,0,0,placeholders/placeholder-elementary-0.png,,0,0,0,0,1720,,K-12,"K, 1st, 2nd, 3rd, 4th, 5th, 6th, 7th, 8th, 9th, 10th, 11th, 12th"
001V400000tPCvB,New Covenant School,,,new-covenant-school-sc-29621,school@newcovschool.net,"+1 864 224 5675",,https://newcovschool.net/,303 Simpson Rd.,,Anderson,Anderson County,SC,"29621",US,34.53740410,-82.62582050,classical,new-covenant-school-sc-29621-fcapi-classicality-abstract.md,new-covenant-school-sc-29621-fcapi-classicality-audit.md,new-covenant-school-sc-29621-fcapi-classicality-audit.pdf,elementary-intermediate-secondary,Private School,Private,0,,,,,,,,,,,,,,,,,,,,,,,,,,,,,,0,,0,0,0,0,0,0,0,placeholders/placeholder-elementary-1.png,,0,0,0,0,1721,,K-12,"K, 1st, 2nd, 3rd, 4th, 5th, 6th, 7th, 8th, 9th, 10th, 11th, 12th"
001V400000tPCvD,New Hope Academy,,,new-hope-academy-tn-37064,,"+1 615 595 0324",,https://www.nhafranklin.org/,1820 Downs Blvd.,,Franklin,Williamson County,TN,"37064",US,35.91777980,-86.89915430,classical,new-hope-academy-tn-37064-fcapi-classicality-abstract.md,new-hope-academy-tn-37064-fcapi-classicality-audit.md,new-hope-academy-tn-37064-fcapi-classicality-audit.pdf,elementary-intermediate-secondary,Private School,Private,0,,,,,,,,,,,,,,,,,,,,,,,,,,,,,,0,,0,0,0,0,0,0,0,placeholders/placeholder-elementary-5.png,,0,0,0,0,1725,,K-12,"K, 1st, 2nd, 3rd, 4th, 5th, 6th, 7th, 8th, 9th, 10th, 11th, 12th"
001V400000tPCvE,New Hope Christian Academy,,,new-hope-christian-academy-tn,,"+1 901 358 3183",,http://newhopememphis.org,3000 University Street,,Memphis,,TN,"38127",US,35.20780550,-89.98965310,classical,new-hope-christian-academy-tn-fcapi-classicality-abstract.md,new-hope-christian-academy-tn-fcapi-classicality-audit.md,new-hope-christian-academy-tn-fcapi-classicality-audit.pdf,elementary-intermediate-secondary,,,0,,,,,,,,,,,,,,,,,,,,,,,,,,,,,,0,,0,0,0,0,0,0,0,placeholders/placeholder-k12-9.png,,0,0,0,0,5235,,,
001V400000tPCvF,New Hope Christian Academy of Southern Illinois,,,new-hope-christian-academy-southern-illinois-il-62946,hello@nhcalions.org,"+1 618 205 6707",,https://nhcalions.org/,1520 W Mchaney Rd.,,Harrisburg,Saline County,IL,"62946",US,37.74134260,-88.52707150,classical,new-hope-christian-academy-southern-illinois-il-62946-fcapi-classicality-abstract.md,new-hope-christian-academy-southern-illinois-il-62946-fcapi-classicality-audit.md,new-hope-christian-academy-southern-illinois-il-62946-fcapi-classicality-audit.pdf,elementary-intermediate-secondary,Private School,Private,0,,,,,,,,,,,,,,,,,,,,,,,,,,,,,,0,,0,0,0,0,0,0,0,placeholders/placeholder-elementary-6.png,,0,0,0,0,1726,,K-12,"K, 1st, 2nd, 3rd, 4th, 5th, 6th, 7th, 8th, 9th, 10th, 11th, 12th"
001V400000tPCvG,New Life Christian School,,,new-life-christian-school-wa-98823,nlcs@nlcs.us,"+1 509 754 5558",,https://nlcs.us/,911 Division Avenue East,,Ephrata,Grant County,WA,"98823",US,47.31926460,-119.53830760,classical,new-life-christian-school-wa-98823-fcapi-classicality-abstract.md,new-life-christian-school-wa-98823-fcapi-classicality-audit.md,new-life-christian-school-wa-98823-fcapi-classicality-audit.pdf,elementary-intermediate-secondary,Private School,Private,0,,,,,,,,,,,,,,,,,,,,,,,,,,,,,,0,,0,0,0,0,0,0,0,placeholders/placeholder-elementary-0.png,,0,0,0,0,1730,,K-12,"K, 1st, 2nd, 3rd, 4th, 5th, 6th, 7th, 8th, 9th, 10th, 11th, 12th"
001V400000tPCvH,New Life Community Church School,,,new-life-community-church-school-ia-52302,karlin.stutzman@gmail.com,"+1 319 930 7234",,https://newlifecr.com/,275 29th Ave.,,Marion,,IA,"52302",US,42.05000480,-91.61243280,classical,new-life-community-church-school-ia-52302-fcapi-classicality-abstract.md,new-life-community-church-school-ia-52302-fcapi-classicality-audit.md,new-life-community-church-school-ia-52302-fcapi-classicality-audit.pdf,elementary-intermediate-secondary,,,0,,,,,,,,,,,,,,,,,,,,,,,,,,,,,,0,,0,0,0,0,0,0,0,placeholders/placeholder-k12-1.png,,0,0,0,0,3231,,,
001V400000tPCvL,Nolan Catholic High School,,,nolan-catholic-high-school-tx-76103,ekeoughan@nchstx.org,"+1 817 457 2920",,https://nchstx.org/,4501 Bridge St,,Fort Worth,Tarrant County,TX,"76103",US,32.76145760,-97.25625510,classical,nolan-catholic-high-school-tx-76103-fcapi-classicality-abstract.md,nolan-catholic-high-school-tx-76103-fcapi-classicality-audit.md,nolan-catholic-high-school-tx-76103-fcapi-classicality-audit.pdf,secondary,Private School,Private,0,,,,,,,,,,,,,,,,,,,,,,,,,,,,,,0,,0,0,0,0,0,0,0,placeholders/placeholder-secondary-6.png,,0,0,0,0,1741,,9-12,"9th, 10th, 11th, 12th"
001V400000tPCvM,North Branch Scholé,001V400000tOZKD,Schole Communities,north-branch-schole-danville-pa,NorthBranchSchole@gmail.com,"",,https://www.facebook.com/groups/2297623387162189,,,Danville,,PA,"",US,40.96342000,-76.61273290,classical,north-branch-schole-danville-pa-fcapi-classicality-abstract.md,north-branch-schole-danville-pa-fcapi-classicality-audit.md,north-branch-schole-danville-pa-fcapi-classicality-audit.pdf,elementary-intermediate-secondary,,,0,,,,,,,,,,,,,,,,,,,,,,,5479,,,,,,,0,,0,0,0,0,0,0,0,placeholders/placeholder-schole-1.png,,0,0,0,0,5538,,,
001V400000tPCvN,North Hills Christian School,,,north-hills-christian-school-nc-28144,,"+1 704 636 3005",,https://www.northhillschristian.com/,2970 West Innes St.,,Salisbury,Rowan County,NC,"28144",US,35.70311540,-80.48183860,classical,north-hills-christian-school-nc-28144-fcapi-classicality-abstract.md,north-hills-christian-school-nc-28144-fcapi-classicality-audit.md,north-hills-christian-school-nc-28144-fcapi-classicality-audit.pdf,elementary-intermediate-secondary,Private School,Private,0,,,,,,,,,,,,,,,,,,,,,,,,,,,,,,0,,0,0,0,0,0,0,0,placeholders/placeholder-elementary-0.png,,0,0,0,0,1743,,K-12,"K, 1st, 2nd, 3rd, 4th, 5th, 6th, 7th, 8th, 9th, 10th, 11th, 12th"
001V400000tPLCi,North Idaho Classical Academy,001V400000vNclQ,American Classical Schools of Idaho,north-idaho-classical-academy-id-83805,info@nicak12.org,"+1 208 614 2445​​",,https://www.nicak12.org/,378 Emerson Ln,PO Box 88,Bonners Ferry,,ID,"83805",US,48.66585900,-116.23362800,classical,north-idaho-classical-academy-id-83805-fcapi-classicality-abstract.md,north-idaho-classical-academy-id-83805-fcapi-classicality-audit.md,north-idaho-classical-academy-id-83805-fcapi-classicality-audit.pdf,elementary-intermediate,Charter,Public,0,,,,,,,,,,,,,,,,,,,,,,,7637,,,,,,,0,,0,0,0,0,0,0,0,placeholders/placeholder-elementary-2.png,,0,0,0,0,1745,,K-7,"K, 1st, 2nd, 3rd, 4th, 5th, 6th, 7th"
001V400000tPCvO,North Phoenix Preparatory Academy,001V400000tOBYR,Great Hearts America,north-phoenix-preparatory-academy-az-85032,bsokolis@northphoenixprep.org,"+1 602 438 7045",,https://northphoenixprep.greatheartsamerica.org/,14100 North 32nd Street,,Phoenix,Maricopa County,AZ,"85032",US,33.61615920,-112.01437120,classical,north-phoenix-preparatory-academy-az-85032-fcapi-classicality-abstract.md,north-phoenix-preparatory-academy-az-85032-fcapi-classicality-audit.md,north-phoenix-preparatory-academy-az-85032-fcapi-classicality-audit.pdf,intermediate-secondary,,,0,,634,,,,,,,,,,,,,,,,,,,,,157,,,,,,,0,,0,0,0,0,0,0,0,placeholders/placeholder-intermediate-6.png,,0,0,0,0,175,,6-12,"6th, 7th, 8th, 9th, 10th, 11th, 12th"
001V400000tPCvP,North Star Classical Christian School,,,north-star-classical-christian-school-il-60030,kadjei@nsclassical.com,"+1 847 915 0116",,https://nsclassical.com/,1350 -137,,Grayslake,Lake County,IL,"60030",US,42.31919230,-88.00933840,classical,north-star-classical-christian-school-il-60030-fcapi-classicality-abstract.md,north-star-classical-christian-school-il-60030-fcapi-classicality-audit.md,north-star-classical-christian-school-il-60030-fcapi-classicality-audit.pdf,elementary-intermediate-secondary,Private School,Private,0,,,,,,,,,,,,,,,,,,,,,,,,,,,,,,0,,0,0,0,0,0,0,0,placeholders/placeholder-elementary-5.png,,0,0,0,0,1749,,K-11,"K, 1st, 2nd, 3rd, 4th, 5th, 6th, 7th, 8th, 9th, 10th, 11th"
001V400000tPCvQ,NorthShore Classical Academy,,,northshore-classical-academy-53092,info@ncawi.org,"+1 262 241 1555",,https://ncawi.org/,341 S. Dries St,,Saukville,,WI,"53080",US,43.37972160,-87.94411230,classical,northshore-classical-academy-53092-fcapi-classicality-abstract.md,northshore-classical-academy-53092-fcapi-classicality-audit.md,northshore-classical-academy-53092-fcapi-classicality-audit.pdf,secondary,,,0,,,,,,,,,,,,,,,,,,,,,,,,,,,,,,0,,0,0,0,0,0,0,0,placeholders/placeholder-k12-5.png,,0,0,0,0,5232,,9-12,"9th, 10th, 11th, 12th"
001V400000tPCvR,Northeast Ohio Classical Academy,,,northeast-ohio-classical-academy-oh-44321,info@NEOCAcademy.org,"+1 330 331 4352",,https://neocacademy.org/,137 Heritage Woods Drive,,Copley,Summit County,OH,"44321",US,41.13213660,-81.65811600,classical,northeast-ohio-classical-academy-oh-44321-fcapi-classicality-abstract.md,northeast-ohio-classical-academy-oh-44321-fcapi-classicality-audit.md,northeast-ohio-classical-academy-oh-44321-fcapi-classicality-audit.pdf,elementary,Private School,Private,0,,,,,,,,,,,,,,,,,,,,,,,,,,,,,,0,,0,0,0,0,0,0,0,placeholders/placeholder-elementary-8.png,,0,0,0,0,1751,,K-5,"K, 1st, 2nd, 3rd, 4th, 5th"
001V400000tPCvS,Northern Colorado Christian Academy,,,northern-colorado-christian-academy-co-80615,,"+1 970 703 6222",,https://www.nocochristian.org/,1561 Benjamin Dr.,,Eaton,Weld County,CO,"80615",US,40.51711500,-104.73248600,classical,northern-colorado-christian-academy-co-80615-fcapi-classicality-abstract.md,northern-colorado-christian-academy-co-80615-fcapi-classicality-audit.md,northern-colorado-christian-academy-co-80615-fcapi-classicality-audit.pdf,elementary-intermediate-secondary,Private School,Private,0,,,,,,,,,,,,,,,,,,,,,,,,,,,,,,0,,0,0,0,0,0,0,0,placeholders/placeholder-elementary-9.png,,0,0,0,0,1752,,PK-12,"Pre-K, K, 1st, 2nd, 3rd, 4th, 5th, 6th, 7th, 8th, 9th, 10th, 11th, 12th"
001V400000tPCvT,Northlake Christian School,,,northlake-christian-school-la,,"+1 985 635 0400",,http://northlakechristian.org,70104 Wolverine Dr,,Covington,,LA,"70433",US,30.44653370,-90.09044740,classical,northlake-christian-school-la-fcapi-classicality-abstract.md,northlake-christian-school-la-fcapi-classicality-audit.md,northlake-christian-school-la-fcapi-classicality-audit.pdf,elementary-intermediate-secondary,,,0,,,,,,,,,,,,,,,,,,,,,,,,,,,,,,0,,0,0,0,0,0,0,0,placeholders/placeholder-k12-6.png,,0,0,0,0,5241,,,
001V400000tPLCx,Northwest Classical Academy,,Liberty Classical Schools,northwest-classical-academy-ga-30152,communications@nwclassical.org,"+1 470 502 9700",,https://www.nwclassical.org/,3010 Cobb Parkway North,,Kennesaw,Cobb County,GA,"30152",US,34.02810530,-84.64105400,classical,northwest-classical-academy-ga-30152-fcapi-classicality-abstract.md,northwest-classical-academy-ga-30152-fcapi-classicality-audit.md,northwest-classical-academy-ga-30152-fcapi-classicality-audit.pdf,elementary-intermediate-secondary,Charter,Public,0,,,,,,,,,,,,,,,,,,,,,,,,,,,,,,0,,0,0,0,0,0,0,0,placeholders/placeholder-elementary-7.png,,0,0,0,0,1763,,K-10,"K, 1st, 2nd, 3rd, 4th, 5th, 6th, 7th, 8th, 9th, 10th"
001V400000tPCvV,Northwest Ohio Classical Academy,,,northwest-ohio-classical-academy-oh-43614,,"+1 567 420 6180",,https://nocacademy.org/,5025 Glendale Ave.,,Toledo,Lucas County,OH,"43614",US,41.60353440,-83.66031950,classical,northwest-ohio-classical-academy-oh-43614-fcapi-classicality-abstract.md,northwest-ohio-classical-academy-oh-43614-fcapi-classicality-audit.md,northwest-ohio-classical-academy-oh-43614-fcapi-classicality-audit.pdf,elementary-intermediate-secondary,Charter,Public,0,,,,,,,,,,,,,,,,,,,,,,,,,,,,,,0,,0,0,0,0,0,0,0,placeholders/placeholder-elementary-8.png,,0,0,0,0,1764,,K-12,"K, 1st, 2nd, 3rd, 4th, 5th, 6th, 7th, 8th, 9th, 10th, 11th, 12th"
001V400000tPCvW,Notre Dame Academy,,,notre-dame-academy-ca-92130,ndaadmissions@ndasd.org,"+1 858 509 2300",,https://ndasd.org/,4345 Del Mar Trails Rd.,,San Diego,San Diego County,CA,"92130",US,32.94197170,-117.22099130,classical,notre-dame-academy-ca-92130-fcapi-classicality-abstract.md,notre-dame-academy-ca-92130-fcapi-classicality-audit.md,notre-dame-academy-ca-92130-fcapi-classicality-audit.pdf,elementary-intermediate,Private School,Private,0,,,,,,,,,,,,,,,,,,,,,,,,,,,,,,0,,0,0,0,0,0,0,0,placeholders/placeholder-elementary-9.png,,0,0,0,0,1765,,K-8,"K, 1st, 2nd, 3rd, 4th, 5th, 6th, 7th, 8th"
001V400000tPCvX,Oak Grove Christian Academy,,,oak-grove-christian-academy-nc-27932,,"+1 252 642 9854",,https://www.oakgroveedenton.com/,131 Morristown Rd.,,Edenton,Chowan County,NC,"27932",US,36.13135120,-76.66028600,classical,oak-grove-christian-academy-nc-27932-fcapi-classicality-abstract.md,oak-grove-christian-academy-nc-27932-fcapi-classicality-audit.md,oak-grove-christian-academy-nc-27932-fcapi-classicality-audit.pdf,elementary-intermediate,Private School,Private,0,,,,,,,,,,,,,,,,,,,,,,,,,,,,,,0,,0,0,0,0,0,0,0,placeholders/placeholder-elementary-7.png,,0,0,0,0,1773,,K-9,"K, 1st, 2nd, 3rd, 4th, 5th, 6th, 7th, 8th, 9th"
001V400000tPCvY,Oak Grove Classical Academy,,,oak-grove-classical-academy-nm-87068,info@oakgroveclassical.com,"+1 505 269 2696",,https://oakgroveclassical.com/,8888 Harper Road Northeast,,Albuquerque,Bernalillo County,NM,"87068",US,38.79459520,-106.53483790,classical,oak-grove-classical-academy-nm-87068-fcapi-classicality-abstract.md,oak-grove-classical-academy-nm-87068-fcapi-classicality-audit.md,oak-grove-classical-academy-nm-87068-fcapi-classicality-audit.pdf,elementary-intermediate-secondary,Private School,Private,0,,,,,,,,,,,,,,,,,,,,,,,,,,,,,,0,,0,0,0,0,0,0,0,placeholders/placeholder-elementary-8.png,,0,0,0,0,1774,,PK-12,"Pre-K, K, 1st, 2nd, 3rd, 4th, 5th, 6th, 7th, 8th, 9th, 10th, 11th, 12th"
001V400000tPCvZ,Oak Hill Academy,,,oak-hill-academy-tx-75220,,"+1 214 353 8804",,https://oakhillacademy.org/,9407 Midway Rd.,,Dallas,Dallas County,TX,"75220",US,32.86765980,-96.83876180,classical,oak-hill-academy-tx-75220-fcapi-classicality-abstract.md,oak-hill-academy-tx-75220-fcapi-classicality-audit.md,oak-hill-academy-tx-75220-fcapi-classicality-audit.pdf,elementary-intermediate-secondary,,,0,,,,,,,,,,,,,,,,,,,,,,,,,,,,,,0,,0,0,0,0,0,0,0,placeholders/placeholder-elementary-0.png,,0,0,0,0,1776,,K-12,"K, 1st, 2nd, 3rd, 4th, 5th, 6th, 7th, 8th, 9th, 10th, 11th, 12th"
001V400000tPCva,Oak Hill Christian School,,,oak-hill-christian-school-va-20171,office@OakHillK12.com,"+1 703 796 6887",,https://oakhillk12.com/,13525 Dulles Technology Dr.,Suite 101,Herndon,Fairfax County,VA,"20171",US,38.95349160,-77.41201230,classical,oak-hill-christian-school-va-20171-fcapi-classicality-abstract.md,oak-hill-christian-school-va-20171-fcapi-classicality-audit.md,oak-hill-christian-school-va-20171-fcapi-classicality-audit.pdf,elementary-intermediate-secondary,Private School,Private,0,,,,,,,,,,,,,,,,,,,,,,,,,,,,,,0,,0,0,0,0,0,0,0,placeholders/placeholder-elementary-1.png,,0,0,0,0,1777,,PK-12,"Pre-K, K, 1st, 2nd, 3rd, 4th, 5th, 6th, 7th, 8th, 9th, 10th, 11th, 12th"
001V400000tPCvb,Oak Hill Classical School,,,oak-hill-classical-school-ga-30019,info@oakhillclassical.org,"+1 770 338 7945",,https://oakhillclassical.org/,2955 Old Fountain Rd.,,Dacula,Gwinnett County,GA,"30019",US,34.03559760,-83.91216470,classical,oak-hill-classical-school-ga-30019-fcapi-classicality-abstract.md,oak-hill-classical-school-ga-30019-fcapi-classicality-audit.md,oak-hill-classical-school-ga-30019-fcapi-classicality-audit.pdf,elementary-intermediate,Private School,Private,0,,,,,,,,,,,,,,,,,,,,,,,,,,,,,,0,,0,0,0,0,0,0,0,placeholders/placeholder-elementary-2.png,,0,0,0,0,1778,,PK-8,"Pre-K, K, 1st, 2nd, 3rd, 4th, 5th, 6th, 7th, 8th"
001V400000tPCvc,Oak Hill Scholé,001V400000tOZKD,Schole Communities,oak-hill-schole-hampton-va,peninsulaclassicalschole@gmail.com,"",,,,,Hampton,,VA,"",US,37.02986870,-76.34522180,classical,oak-hill-schole-hampton-va-fcapi-classicality-abstract.md,oak-hill-schole-hampton-va-fcapi-classicality-audit.md,oak-hill-schole-hampton-va-fcapi-classicality-audit.pdf,elementary-intermediate-secondary,,,0,,,,,,,,,,,,,,,,,,,,,,,5479,,,,,,,0,,0,0,0,0,0,0,0,placeholders/placeholder-schole-1.png,,0,0,0,0,5558,,,
001V400000tPCvd,Oak Hills Academy,,,oak-hills-academy-mn-55057,,"+1 507 338 0004",,https://www.facebook.com/OakHillsAcademy/,13248 Gates Ave.,,Northfield,Rice County,MN,"55057",US,44.39511000,-93.16510400,classical,oak-hills-academy-mn-55057-fcapi-classicality-abstract.md,oak-hills-academy-mn-55057-fcapi-classicality-audit.md,oak-hills-academy-mn-55057-fcapi-classicality-audit.pdf,elementary-intermediate-secondary,Private School,Private,0,,,,,,,,,,,,,,,,,,,,,,,,,,,,,,0,,0,0,0,0,0,0,0,placeholders/placeholder-elementary-3.png,,0,0,0,0,1779,,K-12,"K, 1st, 2nd, 3rd, 4th, 5th, 6th, 7th, 8th, 9th, 10th, 11th, 12th"
001V400000tPCve,Oakcrest School,,,oakcrest-school-va-22182,,"",,https://www.oakcrest.org/,1619 Crowell Rd,,Vienna,,VA,"22182",US,38.94998460,-77.30691660,classical,oakcrest-school-va-22182-fcapi-classicality-abstract.md,oakcrest-school-va-22182-fcapi-classicality-audit.md,oakcrest-school-va-22182-fcapi-classicality-audit.pdf,intermediate-secondary,Private School,Private School,0,,300,,,,,,,,,,,,,,,,,,,,,,,,,,,,1,,0,1,0,1,1,0,0,placeholders/placeholder-intermediate-7.png,,0,0,0,0,1781,,6-12,"6th, 7th, 8th, 9th, 10th, 11th, 12th"
001V400000tPCvf,Oakdale Academy,,,oakdale-academy-mi-48329,office@oakdaleacademy.com,"+1 248 481 9039",,https://oakdaleacademy.com/,3200 Beacham Dr.,,Waterford,Oakland County,MI,"48329",US,42.68513800,-83.32934890,classical,oakdale-academy-mi-48329-fcapi-classicality-abstract.md,oakdale-academy-mi-48329-fcapi-classicality-audit.md,oakdale-academy-mi-48329-fcapi-classicality-audit.pdf,elementary-intermediate-secondary,Private School,Private,0,,,,,,,,,,,,,,,,,,,,,,,,,,,,,,0,,0,0,0,0,0,0,0,placeholders/placeholder-elementary-5.png,,0,0,0,0,1782,,PK-12,"Pre-K, K, 1st, 2nd, 3rd, 4th, 5th, 6th, 7th, 8th, 9th, 10th, 11th, 12th"
001V400000tPCvg,Oaks Classical Academy,,,oaks-classical-academy-ca-92009,info@oaksclassicalacademy.com,"+1 760 425 0206",,https://oaksclassicalacademy.com,2215 Calle Barcelona,,Carlsbad,,CA,"92009",US,33.07340340,-117.25860970,classical,oaks-classical-academy-ca-92009-fcapi-classicality-abstract.md,oaks-classical-academy-ca-92009-fcapi-classicality-audit.md,oaks-classical-academy-ca-92009-fcapi-classicality-audit.pdf,elementary-intermediate,,,0,,,,,,,,,,,,,,,,,,,,,,,,,,,,,,0,,0,0,0,0,0,0,0,placeholders/placeholder-elementary-7.png,,0,0,0,0,3234,,K-8,"K, 1st, 2nd, 3rd, 4th, 5th, 6th, 7th, 8th"
001V400000tPCvh,Oakwell Academy,,,oakwell-academy-tx-77842,info@oakwellacademy.org,"+1 979 324 8194",,https://oakwellacademy.org/,PO Box 11016,,College Station,Brazos County,TX,"77842",US,30.62104820,-96.32550160,classical,oakwell-academy-tx-77842-fcapi-classicality-abstract.md,oakwell-academy-tx-77842-fcapi-classicality-audit.md,oakwell-academy-tx-77842-fcapi-classicality-audit.pdf,elementary-intermediate-secondary,Private School,Private,0,,,,,,,,,,,,,,,,,,,,,,,,,,,,,,0,,0,0,0,0,0,0,0,placeholders/placeholder-elementary-8.png,,0,0,0,0,1792,,PK-12,"Pre-K, K, 1st, 2nd, 3rd, 4th, 5th, 6th, 7th, 8th, 9th, 10th, 11th, 12th"
001V400000tPCvj,Olive Branch Christian School,,,olive-branch-christian-school-ms-38654,,"+1 951 279 9977",,,6860 Craft Road,,Olive Branch,,MS,"38654",US,34.96102140,-89.86497680,classical,olive-branch-christian-school-ms-38654-fcapi-classicality-abstract.md,olive-branch-christian-school-ms-38654-fcapi-classicality-audit.md,olive-branch-christian-school-ms-38654-fcapi-classicality-audit.pdf,elementary-intermediate-secondary,,,0,,,,,,,,,,,,,,,,,,,,,,,,,,,,,,0,,0,0,0,0,0,0,0,placeholders/placeholder-k12-8.png,,0,0,0,0,5234,,,
001V400000tPCvk,Omnia Classical School,,,omnia-classical-school-al,info@omniaclassical.org,"+1 205 452 9851",,https://omniaclassical.org,14611 Old Greensboro Rd,,Tuscaloosa,,AL,"35405",US,33.05923780,-87.56860910,classical,omnia-classical-school-al-fcapi-classicality-abstract.md,omnia-classical-school-al-fcapi-classicality-audit.md,omnia-classical-school-al-fcapi-classicality-audit.pdf,elementary-intermediate-secondary,,,0,,,,,,,,,,,,,,,,,,,,,,,,,,,,,,0,,0,0,0,0,0,0,0,placeholders/placeholder-elementary-5.png,,0,0,0,0,3235,,K-12,"K, 1st, 2nd, 3rd, 4th, 5th, 6th, 7th, 8th, 9th, 10th, 11th, 12th"
001V400000tPLDS,Open Door Christian School,,,open-door-christian-school-oh-44035,,"+1 440 322 6386",,https://www.odcs.org/,8287 West Ridge Road,,Elyria,Lorain County,OH,"44035",US,41.37257390,-82.16018930,somewhat-classical,open-door-christian-school-oh-44035-fcapi-classicality-abstract.md,open-door-christian-school-oh-44035-fcapi-classicality-audit.md,open-door-christian-school-oh-44035-fcapi-classicality-audit.pdf,elementary-intermediate-secondary,Private School,Private,0,,,,,,,,,,,,,,,,,,,,,,,,,,,,,,0,,0,0,0,0,0,0,0,placeholders/placeholder-elementary-7.png,,0,0,0,0,1811,,K-12,"K, 1st, 2nd, 3rd, 4th, 5th, 6th, 7th, 8th, 9th, 10th, 11th, 12th"
001V400000tPCvl,Open Door Christian School,,,open-door-christian-school-tx-76450,,"+1 940 549 2339",,https://www.opendoorgraham.com/,735 Oak St,,Graham,Young County,TX,"76450",US,33.10300530,-98.59095230,classical,open-door-christian-school-tx-76450-fcapi-classicality-abstract.md,open-door-christian-school-tx-76450-fcapi-classicality-audit.md,open-door-christian-school-tx-76450-fcapi-classicality-audit.pdf,elementary-intermediate-secondary,,,0,,,,,,,,,,,,,,,,,,,,,,,,,,,,,,0,,0,0,0,0,0,0,0,placeholders/placeholder-elementary-8.png,,0,0,0,0,1812,,K-12,"K, 1st, 2nd, 3rd, 4th, 5th, 6th, 7th, 8th, 9th, 10th, 11th, 12th"
001V400000tPCvm,Orange County Classical Academy,,,orange-county-classical-academy-ca-92869,info@orangecountyclassicalacademy.org,"+1 657 223 9420",,https://orangecountyclassicalacademy.org/,4100 E Walnut Ave.,,Orange,Orange County,CA,"92869",US,33.79455940,-117.80972290,classical,orange-county-classical-academy-ca-92869-fcapi-classicality-abstract.md,orange-county-classical-academy-ca-92869-fcapi-classicality-audit.md,orange-county-classical-academy-ca-92869-fcapi-classicality-audit.pdf,elementary-intermediate,Charter,Public,0,,,,,,,,,,,,,,,,,,,,,,,,,,,,,,0,,0,0,0,0,0,0,0,placeholders/placeholder-elementary-2.png,,0,0,0,0,1818,,PK-9,"Pre-K, K, 1st, 2nd, 3rd, 4th, 5th, 6th, 7th, 8th, 9th"
001V400000tPCvn,Ordered Steps Schole School of life,001V400000tOZKD,Schole Communities,ordered-steps-schole-school-life-springfield-il,thardy73@att.net,"",,https://www.facebook.com/profile.php?id=100088278789509,,,Springfield,,IL,"",US,39.80065930,-89.64493450,classical,ordered-steps-schole-school-life-springfield-il-fcapi-classicality-abstract.md,ordered-steps-schole-school-life-springfield-il-fcapi-classicality-audit.md,ordered-steps-schole-school-life-springfield-il-fcapi-classicality-audit.pdf,elementary-intermediate-secondary,,,0,,,,,,,,,,,,,,,,,,,,,,,5479,,,,,,,0,,0,0,0,0,0,0,0,placeholders/placeholder-schole-1.png,,0,0,0,0,5512,,,
001V400000tPCvo,Ordo Amoris Classical Academy,,,ordo-amoris-classical-academy-mi-49617,info@oaclassical.org,"+1 231 871 0704",,https://oaclassical.org/,7991 Worden Rd.,,Beulah,Benzie County,MI,"49617",US,44.65327240,-86.07897330,classical,ordo-amoris-classical-academy-mi-49617-fcapi-classicality-abstract.md,ordo-amoris-classical-academy-mi-49617-fcapi-classicality-audit.md,ordo-amoris-classical-academy-mi-49617-fcapi-classicality-audit.pdf,elementary-intermediate-secondary,,,0,,,,,,,,,,,,,,,,,,,,,,,,,,,,,,0,,0,0,0,0,0,0,0,placeholders/placeholder-elementary-6.png,,0,0,0,0,1822,,K-12,"K, 1st, 2nd, 3rd, 4th, 5th, 6th, 7th, 8th, 9th, 10th, 11th, 12th"
001V400000tPCvp,Ordo Amoris Classical Academy,,,ordo-amoris-classical-academy-al-36532,,"",,https://ordoamorisclassical.com/,10613 County Road 1,,Fairhope,Baldwin County,AL,"36532",US,30.37860170,-87.85087010,classical,ordo-amoris-classical-academy-al-36532-fcapi-classicality-abstract.md,ordo-amoris-classical-academy-al-36532-fcapi-classicality-audit.md,ordo-amoris-classical-academy-al-36532-fcapi-classicality-audit.pdf,elementary-intermediate-secondary,,,0,,,,,,,,,,,,,,,,,,,,,,,,,,,,,,0,,0,0,0,0,0,0,0,placeholders/placeholder-elementary-7.png,,0,0,0,0,5133,,K-12,"K, 1st, 2nd, 3rd, 4th, 5th, 6th, 7th, 8th, 9th, 10th, 11th, 12th"
001V400000tPCvr,Our Lady Seat of Wisdom,,,our-lady-seat-wisdom-co-80221,,"+1 720 446 6188",,https://www.olswdenver.org/,1843 W 52nd Ave,,Denver,,CO,"80221",US,39.79148960,-105.00887200,classical,our-lady-seat-wisdom-co-80221-fcapi-classicality-abstract.md,our-lady-seat-wisdom-co-80221-fcapi-classicality-audit.md,our-lady-seat-wisdom-co-80221-fcapi-classicality-audit.pdf,secondary,Private School,Private,0,,,,,,,,,,,,,,,,,,,,,,,,,,,,,,0,,0,0,0,0,0,0,0,placeholders/placeholder-secondary-3.png,,0,0,0,0,1848,,9-12,"9th, 10th, 11th, 12th"
001V400000tPCvs,Our Lady Star of the Sea Catholic School,,,our-lady-star-sea-catholic-school-wa-98337,,"+1 360 373 5162",,https://school.starofthesea.net/,1516 5th Street,,Bremerton,Kitsap County,WA,"98337",US,47.56683160,-122.63923730,classical,our-lady-star-sea-catholic-school-wa-98337-fcapi-classicality-abstract.md,our-lady-star-sea-catholic-school-wa-98337-fcapi-classicality-audit.md,our-lady-star-sea-catholic-school-wa-98337-fcapi-classicality-audit.pdf,elementary-intermediate,Private School,Private,0,,,,,,,,,,,,,,,,,,,,,,,,,,,,,,0,,0,0,0,0,0,0,0,placeholders/placeholder-elementary-4.png,,0,0,0,0,1849,,PK-8,"Pre-K, K, 1st, 2nd, 3rd, 4th, 5th, 6th, 7th, 8th"
001V400000tPCvt,Our Lady of Lourdes Catholic Classical School,,,our-lady-lourdes-catholic-classical-school-co-80210,office@lourdesclassical.org,"+1 303 722 7525",,https://lourdesclassical.org/,2256 S. Logan St.,,Denver,Denver County,CO,"80210",US,39.67579540,-104.98196710,classical,our-lady-lourdes-catholic-classical-school-co-80210-fcapi-classicality-abstract.md,our-lady-lourdes-catholic-classical-school-co-80210-fcapi-classicality-audit.md,our-lady-lourdes-catholic-classical-school-co-80210-fcapi-classicality-audit.pdf,elementary-intermediate,Private School,Private,0,,,,,,,,,,,,,,,,,,,,,,,,,,,,,,0,,0,0,0,0,0,0,0,placeholders/placeholder-elementary-9.png,,0,0,0,0,1831,,PK-8,"Pre-K, K, 1st, 2nd, 3rd, 4th, 5th, 6th, 7th, 8th"
001V400000tPLDl,Our Lady of Mount Carmel School,,,our-lady-mount-carmel-school-nj-07005,,"+1 973 334 2777",,https://olmc.academy/,205 Oak St,,Boonton,Morris County,NJ,"07005",US,40.90825540,-74.41356400,somewhat-classical,our-lady-mount-carmel-school-nj-07005-fcapi-classicality-abstract.md,our-lady-mount-carmel-school-nj-07005-fcapi-classicality-audit.md,our-lady-mount-carmel-school-nj-07005-fcapi-classicality-audit.pdf,elementary-intermediate,Private School,Private,0,,,,,,,,,,,,,,,,,,,,,,,,,,,,,,0,,0,0,0,0,0,0,0,placeholders/placeholder-elementary-1.png,,0,0,0,0,1834,,PK-8,"Pre-K, K, 1st, 2nd, 3rd, 4th, 5th, 6th, 7th, 8th"
001V400000tPCvu,Our Lady of the Pillar Academy,,,our-lady-pillar-academy-ca-94019,info@olp.academy,"+1 408 548 7922",,https://olp.academy/,400 Church St,,Half Moon Bay,,CA,"94019",US,37.46492010,-122.43132230,classical,our-lady-pillar-academy-ca-94019-fcapi-classicality-abstract.md,our-lady-pillar-academy-ca-94019-fcapi-classicality-audit.md,our-lady-pillar-academy-ca-94019-fcapi-classicality-audit.pdf,elementary-intermediate,Private School,Private School,0,,32,,,,,,,,,,,,,,,,,,,,,,,,,,,,1,,1,1,1,1,1,1,1,placeholders/placeholder-k12-1.png,,0,0,0,0,1841,,PK-8,"Pre-K, K, 1st, 2nd, 3rd, 4th, 5th, 6th, 7th, 8th"
001V400000tPCvv,Our Lady of the Rosary Catholic School,,,our-lady-rosary-catholic-school-sc-29605,,"+1 864 277 5350",,https://olr.school/,2 James Dr.,,Greenville,Greenville County,SC,"29605",US,34.79960320,-82.38084350,classical,our-lady-rosary-catholic-school-sc-29605-fcapi-classicality-abstract.md,our-lady-rosary-catholic-school-sc-29605-fcapi-classicality-audit.md,our-lady-rosary-catholic-school-sc-29605-fcapi-classicality-audit.pdf,elementary-intermediate-secondary,Private School,Private,0,,,,,,,,,,,,,,,,,,,,,,,,,,,,,,0,,0,0,0,0,0,0,0,placeholders/placeholder-elementary-9.png,,0,0,0,0,1843,,K-12,"K, 1st, 2nd, 3rd, 4th, 5th, 6th, 7th, 8th, 9th, 10th, 11th, 12th"
001V400000tPCvw,Our Lady of the Sacred Heart Academy,,,our-lady-sacred-heart-academy-il-61101,,"+1 815 597 0972",,https://olsha.org/,3445 Elmwood Rd.,,Rockford,Winnebago County,IL,"61101",US,42.33307410,-89.10617500,classical,our-lady-sacred-heart-academy-il-61101-fcapi-classicality-abstract.md,our-lady-sacred-heart-academy-il-61101-fcapi-classicality-audit.md,our-lady-sacred-heart-academy-il-61101-fcapi-classicality-audit.pdf,elementary-intermediate-secondary,Private School,Private,0,,,,,,,,,,,,,,,,,,,,,,,,,,,,,,0,,0,0,0,0,0,0,0,placeholders/placeholder-elementary-0.png,,0,0,0,0,1844,,PK-12,"Pre-K, K, 1st, 2nd, 3rd, 4th, 5th, 6th, 7th, 8th, 9th, 10th, 11th, 12th"
001V400000tPCvx,Our Savior Lutheran School,,,our-savior-lutheran-school-mi-49506,,"+1 616 949 0710",,https://www.oslsgr.org/,1916 Ridgewood Avenue Southeast,,Grand Rapids,Kent County,MI,"49506",US,42.92863140,-85.59644390,classical,our-savior-lutheran-school-mi-49506-fcapi-classicality-abstract.md,our-savior-lutheran-school-mi-49506-fcapi-classicality-audit.md,our-savior-lutheran-school-mi-49506-fcapi-classicality-audit.pdf,elementary-intermediate-secondary,Private School,Private,0,,,,,,,,,,,,,,,,,,,,,,,,,,,,,,0,,0,0,0,0,0,0,0,placeholders/placeholder-elementary-7.png,,0,0,0,0,1855,,K-12,"K, 1st, 2nd, 3rd, 4th, 5th, 6th, 7th, 8th, 9th, 10th, 11th, 12th"
001V400000tPCvy,Our Savior Lutheran School,,,our-savior-lutheran-school-tx-77091,,"+1 713 290 8277",,https://www.oslschool.org/,5000 West Tidwell Road,,Houston,,TX,"77091",US,29.85119300,-95.46682740,classical,our-savior-lutheran-school-tx-77091-fcapi-classicality-abstract.md,our-savior-lutheran-school-tx-77091-fcapi-classicality-audit.md,our-savior-lutheran-school-tx-77091-fcapi-classicality-audit.pdf,elementary-intermediate,Private School,Private School,0,,323,,,,,,,,,,,,,,,,,,,,,,,,,,,,1,,0,0,0,0,0,1,0,placeholders/placeholder-elementary-8.png,,0,0,0,0,1856,,K-8,"K, 1st, 2nd, 3rd, 4th, 5th, 6th, 7th, 8th"
001V400000tPCvz,Our Savior New American School,,,our-savior-new-american-school-ny-11720,wil.stelzer@osnas.org,"+1 631 946 1373",,https://osnas.org/,140 Mark Tree Rd.,,Centereach,Suffolk County,NY,"11720",US,40.86448380,-73.08392850,classical,our-savior-new-american-school-ny-11720-fcapi-classicality-abstract.md,our-savior-new-american-school-ny-11720-fcapi-classicality-audit.md,our-savior-new-american-school-ny-11720-fcapi-classicality-audit.pdf,elementary-intermediate-secondary,Private School,Private,0,,,,,,,,,,,,,,,,,,,,,,,,,,,,,,0,,0,0,0,0,0,0,0,placeholders/placeholder-elementary-9.png,,0,0,0,0,1857,,PK-12,"Pre-K, K, 1st, 2nd, 3rd, 4th, 5th, 6th, 7th, 8th, 9th, 10th, 11th, 12th"
001V400000tPCw0,Ovilla Christian School,,,ovilla-christian-school-tx-75154,,"+1 972 617 1177",,https://www.ovillachristianschool.org/,3251 Rd.,,Ovilla,Ellis County,TX,"75154",US,32.53077390,-96.88260190,classical,ovilla-christian-school-tx-75154-fcapi-classicality-abstract.md,ovilla-christian-school-tx-75154-fcapi-classicality-audit.md,ovilla-christian-school-tx-75154-fcapi-classicality-audit.pdf,elementary-intermediate-secondary,Private School,Private,0,,,,,,,,,,,,,,,,,,,,,,,,,,,,,,0,,0,0,0,0,0,0,0,placeholders/placeholder-elementary-1.png,,0,0,0,0,1859,,K-12,"K, 1st, 2nd, 3rd, 4th, 5th, 6th, 7th, 8th, 9th, 10th, 11th, 12th"
001V400000tPCw2,Ozark Catholic Academy,,,ozark-catholic-academy-ar-72762,,"+1 785 432 2249",,https://www.ozarkcatholic.org/,192 E. Henri De Tonti Blvd.,,Tontitown,Washington County,AR,"72762",US,36.17702380,-94.23312350,classical,ozark-catholic-academy-ar-72762-fcapi-classicality-abstract.md,ozark-catholic-academy-ar-72762-fcapi-classicality-audit.md,ozark-catholic-academy-ar-72762-fcapi-classicality-audit.pdf,secondary,Private School,Private,0,,,,,,,,,,,,,,,,,,,,,,,,,,,,,,0,,0,0,0,0,0,0,0,placeholders/placeholder-secondary-4.png,,0,0,0,0,1863,,9-12,"9th, 10th, 11th, 12th"
001V400000tPCw3,Ozarks Christian Academy,,,ozarks-christian-academy-mo-65775,ozarkschristianacademy@gmail.com,"+1 920 469 6720",,https://www.ozarkschristianacademy.com/,210 Allen St,,West Plains,Howell County,MO,"65775",US,36.72866820,-91.84052270,classical,ozarks-christian-academy-mo-65775-fcapi-classicality-abstract.md,ozarks-christian-academy-mo-65775-fcapi-classicality-audit.md,ozarks-christian-academy-mo-65775-fcapi-classicality-audit.pdf,elementary-intermediate-secondary,Private School,Private,0,,,,,,,,,,,,,,,,,,,,,,,,,,,,,,0,,0,0,0,0,0,0,0,placeholders/placeholder-elementary-5.png,,0,0,0,0,1864,,K-12,"K, 1st, 2nd, 3rd, 4th, 5th, 6th, 7th, 8th, 9th, 10th, 11th, 12th"
001V400000tPLE8,PEL Prep Ministries Classical Christian Community: A Scholé School,001V400000tOZKD,Schole Communities,pel-prep-ministries-classical-christian-community-schole-school-east-northport-ny,info@pelprep.org,"",,https://www.pelprep.org,,,East Northport,,NY,"",US,40.87676470,-73.32456130,classical,pel-prep-ministries-classical-christian-community-schole-school-east-northport-ny-fcapi-classicality-abstract.md,pel-prep-ministries-classical-christian-community-schole-school-east-northport-ny-fcapi-classicality-audit.md,pel-prep-ministries-classical-christian-community-schole-school-east-northport-ny-fcapi-classicality-audit.pdf,elementary-intermediate-secondary,,,0,,,,,,,,,,,,,,,,,,,,,,,5479,,,,,,,0,,0,0,0,0,0,0,0,placeholders/placeholder-schole-1.png,,0,0,0,0,5526,,,
001V400000tPCw6,Packinghouse Christian Academy,,,packinghouse-christian-academy-ca-92374,,"+1 909 793 4984",,https://www.packinghouseacademy.org/,9700 Alabama St.,,Redlands,San Bernardino County,CA,"92374",US,34.07724940,-117.20975100,classical,packinghouse-christian-academy-ca-92374-fcapi-classicality-abstract.md,packinghouse-christian-academy-ca-92374-fcapi-classicality-audit.md,packinghouse-christian-academy-ca-92374-fcapi-classicality-audit.pdf,elementary-intermediate-secondary,Private School,Private,0,,,,,,,,,,,,,,,,,,,,,,,,,,,,,,0,,0,0,0,0,0,0,0,placeholders/placeholder-elementary-2.png,,0,0,0,0,1870,,K-12,"K, 1st, 2nd, 3rd, 4th, 5th, 6th, 7th, 8th, 9th, 10th, 11th, 12th"
001V400000tPCw7,Paideia Academy,,,paideia-academy-tn-37932,chale@paideiaknoxville.org,"+1 865 670 0440",,https://paideiaknoxville.org/,10825 Yarnell Rd.,,Knoxville,Knox County,TN,"37932",US,35.93238830,-84.15494100,classical,paideia-academy-tn-37932-fcapi-classicality-abstract.md,paideia-academy-tn-37932-fcapi-classicality-audit.md,paideia-academy-tn-37932-fcapi-classicality-audit.pdf,elementary-intermediate-secondary,Private School,Private,0,,,,,,,,,,,,,,,,,,,,,,,,,,,,,,0,,0,0,0,0,0,0,0,placeholders/placeholder-elementary-5.png,,0,0,0,0,1873,,PK-12,"Pre-K, K, 1st, 2nd, 3rd, 4th, 5th, 6th, 7th, 8th, 9th, 10th, 11th, 12th"
,Paideia Christian Academy,,,paideia-christian-academy-wa-99350,info@paideiachristian.com,"+1 575 746 2721",,https://www.paideiachristian.com,PO Box 534,,Prosser,,WA,"99350",US,46.20679970,-119.76892220,classical,paideia-christian-academy-wa-99350-fcapi-classicality-abstract.md,paideia-christian-academy-wa-99350-fcapi-classicality-audit.md,paideia-christian-academy-wa-99350-fcapi-classicality-audit.pdf,elementary-intermediate,Private School,Private,0,,,,,,,,,,,,,,,,,,,,,,,,,,,,,,0,,0,0,0,0,0,0,0,placeholders/placeholder-elementary-6.png,,0,0,0,0,5679,,K-8,"K, 1st, 2nd, 3rd, 4th, 5th, 6th, 7th, 8th"
001V400000tPCw9,Paideia Classical Academy,,,paideia-classical-academy-fl-33063,drweber@paideiaclassical.org,"+1 954 974 1121",,https://paideiaclassical.org/,2370 Hammock Boulevard,,Coconut Creek,Broward County,FL,"33063",US,26.25709930,-80.19096630,classical,paideia-classical-academy-fl-33063-fcapi-classicality-abstract.md,paideia-classical-academy-fl-33063-fcapi-classicality-audit.md,paideia-classical-academy-fl-33063-fcapi-classicality-audit.pdf,elementary-intermediate-secondary,Private School,Private,0,,,,,,,,,,,,,,,,,,,,,,,,,,,,,,0,,0,0,0,0,0,0,0,placeholders/placeholder-elementary-7.png,,0,0,0,0,1875,,PK-12,"Pre-K, K, 1st, 2nd, 3rd, 4th, 5th, 6th, 7th, 8th, 9th, 10th, 11th, 12th"
001V400000tPCwA,Paideia Classical Christian School,,,paideia-classical-christian-school-or-97045,paideiaoffice@gmail.com,"+1 360 601 1376",,https://paideiaclassicalchristian.com/,1423 Madison St,,Oregon City,Clackamas County,OR,"97045",US,45.36083770,-122.59698230,classical,paideia-classical-christian-school-or-97045-fcapi-classicality-abstract.md,paideia-classical-christian-school-or-97045-fcapi-classicality-audit.md,paideia-classical-christian-school-or-97045-fcapi-classicality-audit.pdf,elementary-intermediate-secondary,Private School,Private,0,,,,,,,,,,,,,,,,,,,,,,,,,,,,,,0,,0,0,0,0,0,0,0,placeholders/placeholder-elementary-8.png,,0,0,0,0,1876,,K-12,"K, 1st, 2nd, 3rd, 4th, 5th, 6th, 7th, 8th, 9th, 10th, 11th, 12th"
001V400000tPCwB,Paideia Classical School,,,paideia-classical-school-wa-98250,paideiaschool@rockisland.com,"+1 360 378 8322",,https://rockisland.com/,265 Price Street,,Friday Harbor,San Juan County,WA,"98250",US,48.53372960,-123.02482040,classical,paideia-classical-school-wa-98250-fcapi-classicality-abstract.md,paideia-classical-school-wa-98250-fcapi-classicality-audit.md,paideia-classical-school-wa-98250-fcapi-classicality-audit.pdf,elementary-intermediate-secondary,Private School,Private,0,,,,,,,,,,,,,,,,,,,,,,,,,,,,,,0,,0,0,0,0,0,0,0,placeholders/placeholder-elementary-9.png,,0,0,0,0,1878,,K-12,"K, 1st, 2nd, 3rd, 4th, 5th, 6th, 7th, 8th, 9th, 10th, 11th, 12th"
001V400000tPCwD,Paideia Classical School Spring,001V400000tOBYZ,Paideia Classical Schools of Texas,paideia-classical-school-spring-tx-77379,,"",,https://www.pcsedu.co/spring-campus/,20010 Kuykendahl Rd,,Spring,,TX,"77379",US,30.06346330,-95.50023160,classical,paideia-classical-school-spring-tx-77379-fcapi-classicality-abstract.md,paideia-classical-school-spring-tx-77379-fcapi-classicality-audit.md,paideia-classical-school-spring-tx-77379-fcapi-classicality-audit.pdf,elementary-intermediate-secondary,Private School,Private School,0,,,,,,,,,,,,,,,,,,,,,,,207,,,,,,,1,,0,0,0,1,1,1,0,placeholders/placeholder-k12-9.png,,0,0,0,0,206,,PK-12,"Pre-K, K, 1st, 2nd, 3rd, 4th, 5th, 6th, 7th, 8th, 9th, 10th, 11th, 12th"
001V400000tPCwF,Paideia School of Tampa Bay,,,paideia-school-tampa-bay-fl-33617,headmaster@thepaideiaschool.org,"+1 813 988 7700",,https://paideiatampa.org/,7834 N 56th Blvd.,,Tampa,Hillsborough County,FL,"33617",US,28.01919660,-82.39506380,classical,paideia-school-tampa-bay-fl-33617-fcapi-classicality-abstract.md,paideia-school-tampa-bay-fl-33617-fcapi-classicality-audit.md,paideia-school-tampa-bay-fl-33617-fcapi-classicality-audit.pdf,elementary-intermediate-secondary,Private School,Private,0,,,,,,,,,,,,,,,,,,,,,,,,,,,,,,0,,0,0,0,0,0,0,0,placeholders/placeholder-elementary-2.png,,0,0,0,0,1880,,K-12,"K, 1st, 2nd, 3rd, 4th, 5th, 6th, 7th, 8th, 9th, 10th, 11th, 12th"
001V400000tPCwG,Palm Beach Christian Academy: Downtown,001V400000tOBYa,Palm Beach Christian Academies,palm-beach-christian-academy-downtown-fl-33401,info@pbchristianacademy.org,"+1 561 655 1188",,https://www.pbchristianacademy.org/downtown-west-palm-beach,1101 South Flagler Dr.,,West Palm Beach,Palm Beach County,FL,"33401",US,26.70408740,-80.05117840,classical,palm-beach-christian-academy-downtown-fl-33401-fcapi-classicality-abstract.md,palm-beach-christian-academy-downtown-fl-33401-fcapi-classicality-audit.md,palm-beach-christian-academy-downtown-fl-33401-fcapi-classicality-audit.pdf,elementary-intermediate,Private School,Private,0,,,,,,,,,,,,,,,,,,,,,,,1883,,,,,,,0,,0,0,0,0,0,0,0,placeholders/placeholder-elementary-5.png,,0,0,0,0,1882,,PK-8,"Pre-K, K, 1st, 2nd, 3rd, 4th, 5th, 6th, 7th, 8th"
001V400000tPCwH,Palm Beach Christian Academy: Lake Park,001V400000tOBYa,Palm Beach Christian Academies,palm-beach-christian-academy-lake-park-fl-33403,info@pbchristianacademy.org,"+1 561 904 3135",,https://www.pbchristianacademy.org/lake-park,625 Lake Ave,,Lake Park,Palm Beach County,FL,"33403",US,26.79757860,-80.08639480,classical,palm-beach-christian-academy-lake-park-fl-33403-fcapi-classicality-abstract.md,palm-beach-christian-academy-lake-park-fl-33403-fcapi-classicality-audit.md,palm-beach-christian-academy-lake-park-fl-33403-fcapi-classicality-audit.pdf,elementary-intermediate,Private School,Private,0,,,,,,,,,,,,,,,,,,,,,,,1883,,,,,,,0,,0,0,0,0,0,0,0,placeholders/placeholder-elementary-6.png,,0,0,0,0,5431,,PK-8,"Pre-K, K, 1st, 2nd, 3rd, 4th, 5th, 6th, 7th, 8th"
001V400000tPCwI,Palm Beach Christian Academy: North Stuart,001V400000tOBYa,Palm Beach Christian Academies,palm-beach-christian-academy-north-stuart-fl-34994,info@pbchristianacademy.org,"+1 772 788 9000",,https://www.pbchristianacademy.org/north-stuart,1950 NW Federal Hwy,,North Stuart,Palm Beach County,FL,"34994",US,27.22848900,-80.26768500,classical,palm-beach-christian-academy-north-stuart-fl-34994-fcapi-classicality-abstract.md,palm-beach-christian-academy-north-stuart-fl-34994-fcapi-classicality-audit.md,palm-beach-christian-academy-north-stuart-fl-34994-fcapi-classicality-audit.pdf,elementary,Private School,Private,0,,,,,,,,,,,,,,,,,,,,,,,1883,,,,,,,0,,0,0,0,0,0,0,0,placeholders/placeholder-elementary-7.png,,0,0,0,0,5432,,PK-K,"Pre-K, K"
001V400000tPCwJ,Palm Beach Christian Academy: PBCA Bridges,001V400000tOBYa,Palm Beach Christian Academies,palm-beach-christian-academy-pbca-bridges-fl-33401,info@pbchristianacademy.org,"+1 561 671 5795",,https://www.pbchristianacademy.org/pbca-bridges,1101 South Flagler Dr.,,West Palm Beach,Palm Beach County,FL,"33401",US,26.70408740,-80.05117840,classical,palm-beach-christian-academy-pbca-bridges-fl-33401-fcapi-classicality-abstract.md,palm-beach-christian-academy-pbca-bridges-fl-33401-fcapi-classicality-audit.md,palm-beach-christian-academy-pbca-bridges-fl-33401-fcapi-classicality-audit.pdf,elementary-intermediate-secondary,Private School,Private,0,,,,,,,,,,,,,,,,,,,,,,,1883,,,,,,,0,,0,0,0,0,0,0,0,placeholders/placeholder-elementary-8.png,,0,0,0,0,5433,,4-12,"4th, 5th, 6th, 7th, 8th, 9th, 10th, 11th, 12th"
001V400000tPCwK,Palm Beach Christian Academy: Palm Beach Gardens,001V400000tOBYa,Palm Beach Christian Academies,palm-beach-christian-academy-palm-beach-gardens-fl-33418,info@pbchristianacademy.org,"+1 561 904 3135",,https://www.pbchristianacademy.org/palm-beach-gardens,4891 PGA Blvd.,,Palm Beach Gardens,Palm Beach County,FL,"33418",US,26.83950840,-80.11058470,classical,palm-beach-christian-academy-palm-beach-gardens-fl-33418-fcapi-classicality-abstract.md,palm-beach-christian-academy-palm-beach-gardens-fl-33418-fcapi-classicality-audit.md,palm-beach-christian-academy-palm-beach-gardens-fl-33418-fcapi-classicality-audit.pdf,elementary,Private School,Private,0,,,,,,,,,,,,,,,,,,,,,,,1883,,,,,,,0,,0,0,0,0,0,0,0,placeholders/placeholder-elementary-9.png,,0,0,0,0,5430,,PK-K,"Pre-K, K"
001V400000tPCwL,Pangaea Schoolhouse,,,pangaea-schoolhouse-az-85260,,"+1 480 788 2672",,https://pangaeaschoolhouse.com/,9375 E. Shea Blvd.,Suite 100,Scottsdale,Maricopa County,AZ,"85260",US,33.58125100,-111.87888990,classical,pangaea-schoolhouse-az-85260-fcapi-classicality-abstract.md,pangaea-schoolhouse-az-85260-fcapi-classicality-audit.md,pangaea-schoolhouse-az-85260-fcapi-classicality-audit.pdf,elementary-intermediate-secondary,Private School,Private,0,,,,,,,,,,,,,,,,,,,,,,,,,,,,,,0,,0,0,0,0,0,0,0,placeholders/placeholder-elementary-3.png,,0,0,0,0,1885,,K-12,"K, 1st, 2nd, 3rd, 4th, 5th, 6th, 7th, 8th, 9th, 10th, 11th, 12th"
001V400000tPCwM,Paterson Prep,001V400000tOBYN,Brilla Schools Network,paterson-prep-nj-07505,,"+1 347 523 8905",,https://patersonprep.org/,190 Oliver St.,,Paterson,Passaic County,NJ,"07505",US,40.91357630,-74.17374520,classical,paterson-prep-nj-07505-fcapi-classicality-abstract.md,paterson-prep-nj-07505-fcapi-classicality-audit.md,paterson-prep-nj-07505-fcapi-classicality-audit.pdf,elementary-intermediate-secondary,Charter,Public,0,,,,,,,,,,,,,,,,,,,,,,,5130,,,,,,,0,,0,0,0,0,0,0,0,placeholders/placeholder-elementary-5.png,,0,0,0,0,1898,,K-12,"K, 1st, 2nd, 3rd, 4th, 5th, 6th, 7th, 8th, 9th, 10th, 11th, 12th"
001V400000tPCwP,Pax Schoolhouse- Veritas Scholé,001V400000tOZKD,Schole Communities,pax-schoolhouse-veritas-schole-vass-nc,karisacirce@gmail.com,"",,https://paxschoolhouseveritasschole.com,,,Vass,,NC,"",US,35.25626840,-79.28224910,classical,pax-schoolhouse-veritas-schole-vass-nc-fcapi-classicality-abstract.md,pax-schoolhouse-veritas-schole-vass-nc-fcapi-classicality-audit.md,pax-schoolhouse-veritas-schole-vass-nc-fcapi-classicality-audit.pdf,elementary-intermediate-secondary,,,0,,,,,,,,,,,,,,,,,,,,,,,5479,,,,,,,0,,0,0,0,0,0,0,0,placeholders/placeholder-schole-1.png,,0,0,0,0,5530,,,
001V400000tPCwQ,"Peace, Wonder, and Wisdom Schole",001V400000tOZKD,Schole Communities,peace-wonder-wisdom-schole-east-hartford-ct,peacewonderwisdomschole@gmail.com,"",,,,,East Hartford,,CT,"",US,41.76342190,-72.61283390,classical,peace-wonder-wisdom-schole-east-hartford-ct-fcapi-classicality-abstract.md,peace-wonder-wisdom-schole-east-hartford-ct-fcapi-classicality-audit.md,peace-wonder-wisdom-schole-east-hartford-ct-fcapi-classicality-audit.pdf,elementary-intermediate-secondary,,,0,,,,,,,,,,,,,,,,,,,,,,,5479,,,,,,,0,,0,0,0,0,0,0,0,placeholders/placeholder-schole-1.png,,0,0,0,0,5505,,,
001V400000tPCwR,Penn Woods Classical Academy,,,penn-woods-classical-academy-pa-15243,,"+1 412 447 5181",,https://pennwoodsclassical.org/,1734 Bower Hill Rd.,,Pittsburgh,Allegheny County,PA,"15243",US,40.37100390,-80.08464800,classical,penn-woods-classical-academy-pa-15243-fcapi-classicality-abstract.md,penn-woods-classical-academy-pa-15243-fcapi-classicality-audit.md,penn-woods-classical-academy-pa-15243-fcapi-classicality-audit.pdf,elementary-intermediate-secondary,Private School,Private,0,,,,,,,,,,,,,,,,,,,,,,,,,,,,,,0,,0,0,0,0,0,0,0,placeholders/placeholder-elementary-0.png,,0,0,0,0,1907,,K-12,"K, 1st, 2nd, 3rd, 4th, 5th, 6th, 7th, 8th, 9th, 10th, 11th, 12th"
001V400000tPCwS,Penobscot Christian School,,,penobscot-christian-school-me-04401,headmaster@penobscotchristian.org,"+1 207 947 2704",,https://penobscotchristian.org/,1423 Ohio St,,Bangor,Penobscot County,ME,"04401",US,44.83527410,-68.82155500,classical,penobscot-christian-school-me-04401-fcapi-classicality-abstract.md,penobscot-christian-school-me-04401-fcapi-classicality-audit.md,penobscot-christian-school-me-04401-fcapi-classicality-audit.pdf,elementary-intermediate-secondary,Private School,Private,0,,,,,,,,,,,,,,,,,,,,,,,,,,,,,,0,,0,0,0,0,0,0,0,placeholders/placeholder-elementary-1.png,,0,0,0,0,1908,,PK-12,"Pre-K, K, 1st, 2nd, 3rd, 4th, 5th, 6th, 7th, 8th, 9th, 10th, 11th, 12th"
001V400000tPCwT,Petra Academy,,,petra-academy-mt-59718,office@petraacademy.com,"+1 406 582 8165",,https://petraacademy.com/,4720 Classical Way,,Bozeman,Gallatin County,MT,"59718",US,45.68324870,-111.10561140,classical,petra-academy-mt-59718-fcapi-classicality-abstract.md,petra-academy-mt-59718-fcapi-classicality-audit.md,petra-academy-mt-59718-fcapi-classicality-audit.pdf,elementary-intermediate-secondary,Private School,Private,0,,,,,,,,,,,,,,,,,,,,,,,,,,,,,,0,,0,0,0,0,0,0,0,placeholders/placeholder-elementary-5.png,,0,0,0,0,1913,,PK-12,"Pre-K, K, 1st, 2nd, 3rd, 4th, 5th, 6th, 7th, 8th, 9th, 10th, 11th, 12th"
001V400000tPCwU,Petra Christian Academy,,,petra-christian-academy-id-83713,admissions@petrachristian.org,"+1 208 505 0066",,https://petrachristian.org/,3080 Wildwood St.,,Boise,Ada County,ID,"83713",US,43.63273700,-116.32137030,classical,petra-christian-academy-id-83713-fcapi-classicality-abstract.md,petra-christian-academy-id-83713-fcapi-classicality-audit.md,petra-christian-academy-id-83713-fcapi-classicality-audit.pdf,elementary-intermediate-secondary,Private School,Private,0,,,,,,,,,,,,,,,,,,,,,,,,,,,,,,0,,0,0,0,0,0,0,0,placeholders/placeholder-elementary-6.png,,0,0,0,0,1914,,K-12,"K, 1st, 2nd, 3rd, 4th, 5th, 6th, 7th, 8th, 9th, 10th, 11th, 12th"
001V400000tPCwV,Petra Schole Classical Community,001V400000tOZKD,Schole Communities,petra-schole-classical-community-longmont-co,director@petraschole.com,"",,http://www.petraschole.com,,,Longmont,,CO,"",US,40.16720680,-105.10192750,classical,petra-schole-classical-community-longmont-co-fcapi-classicality-abstract.md,petra-schole-classical-community-longmont-co-fcapi-classicality-audit.md,petra-schole-classical-community-longmont-co-fcapi-classicality-audit.pdf,elementary-intermediate-secondary,,,0,,,,,,,,,,,,,,,,,,,,,,,5479,,,,,,,0,,0,0,0,0,0,0,0,placeholders/placeholder-schole-1.png,,0,0,0,0,5504,,,
001V400000tPCwW,Philadelphia Classical School,,,philadelphia-classical-school-pa-19147,office@philaclassical.org,"+1 267 990 2698",,https://philaclassical.org/,PO Box 2428,,Philadelphia,Philadelphia County,PA,"19147",US,39.90997150,-75.18144660,classical,philadelphia-classical-school-pa-19147-fcapi-classicality-abstract.md,philadelphia-classical-school-pa-19147-fcapi-classicality-audit.md,philadelphia-classical-school-pa-19147-fcapi-classicality-audit.pdf,elementary-intermediate-secondary,Private School,Private,0,,,,,,,,,,,,,,,,,,,,,,,,,,,,,,0,,0,0,0,0,0,0,0,placeholders/placeholder-elementary-8.png,,0,0,0,0,1916,,K-12,"K, 1st, 2nd, 3rd, 4th, 5th, 6th, 7th, 8th, 9th, 10th, 11th, 12th"
001V400000tPCwX,Philos Classical Christian School,,,philos-classical-christian-school-tn-37034,,"+1 615 308 8658",,https://philosclassicalchristian.org/,1982 Rolling Meadow Ln,,Chapel Hill,,TN,"37034",US,35.63057420,-86.72576090,classical,philos-classical-christian-school-tn-37034-fcapi-classicality-abstract.md,philos-classical-christian-school-tn-37034-fcapi-classicality-audit.md,philos-classical-christian-school-tn-37034-fcapi-classicality-audit.pdf,elementary,,,0,,,,,,,,,,,,,,,,,,,,,,,,,,,,,,0,,0,0,0,0,0,0,0,placeholders/placeholder-elementary-9.png,,0,0,0,0,5213,,K-4,"K, 1st, 2nd, 3rd, 4th"
001V400000tPCwY,Pietas Classical Christian School: Melbourne,001V400000tOBYb,Pietas Classical Christian Schools,pietas-classical-christian-school-melbourne-fl-32940,info@pietasclassical.com,"+1 321 432 4280",,https://pietasclassical.com,5995 N Wickam Rd,,Melbourne,,FL,"32940",US,28.20797760,-80.66972500,classical,pietas-classical-christian-school-melbourne-fl-32940-fcapi-classicality-abstract.md,pietas-classical-christian-school-melbourne-fl-32940-fcapi-classicality-audit.md,pietas-classical-christian-school-melbourne-fl-32940-fcapi-classicality-audit.pdf,elementary-intermediate-secondary,,,0,,,,,,,,,,,,,,,,,,,,,,,5648,,,,,,,0,,0,0,0,0,0,0,0,placeholders/placeholder-virtual-2.png,,0,0,0,0,3238,,K-12,"K, 1st, 2nd, 3rd, 4th, 5th, 6th, 7th, 8th, 9th, 10th, 11th, 12th"
001V400000tPCwZ,Pietas Classical Christian School: Rockledge,001V400000tOBYb,Pietas Classical Christian Schools,pietas-classical-christian-school-rockledge-fl-32955,info@pietasclassical.com,"+1 321 432 4280",,https://pietasclassical.com,1935 S Fiske Blvd,,Rockledge,,FL,"32955",US,28.32769940,-80.74330990,classical,pietas-classical-christian-school-rockledge-fl-32955-fcapi-classicality-abstract.md,pietas-classical-christian-school-rockledge-fl-32955-fcapi-classicality-audit.md,pietas-classical-christian-school-rockledge-fl-32955-fcapi-classicality-audit.pdf,elementary-intermediate-secondary,,,0,,,,,,,,,,,,,,,,,,,,,,,5648,,,,,,,0,,0,0,0,0,0,0,0,placeholders/placeholder-virtual-0.png,,0,0,0,0,5358,,K-12,"K, 1st, 2nd, 3rd, 4th, 5th, 6th, 7th, 8th, 9th, 10th, 11th, 12th"
001V400000tOBYb,Pietas Classical Christian Schools,,Pietas Classical Christian Schools,pietas-classical-christian-schools-fl-32940,info@pietasclassical.com,"+1 321 432 4280",,https://pietasclassical.com,5995 N Wickam Rd,,Melbourne,,FL,"32940",US,28.20797760,-80.66972500,classical,pietas-classical-christian-schools-fl-32940-fcapi-classicality-abstract.md,pietas-classical-christian-schools-fl-32940-fcapi-classicality-audit.md,pietas-classical-christian-schools-fl-32940-fcapi-classicality-audit.pdf,elementary-intermediate-secondary,,,0,,,,,,,,,,,,,,,,,,,,,,,,,,,,,,0,,0,0,0,0,0,0,0,placeholders/placeholder-virtual-2.png,,0,0,0,0,5648,,K-12,"K, 1st, 2nd, 3rd, 4th, 5th, 6th, 7th, 8th, 9th, 10th, 11th, 12th"
001V400000tPCwe,Pinnacle Classical Academy,,,pinnacle-classical-academy-ar-72204,information@pinnacleclassical.com,"+1 501 240 9080",,https://www.pinnacleclassical.com/,5224 Stagecoach Rd,,Little Rock,,AR,"72204",US,34.69993210,-92.38650700,classical,pinnacle-classical-academy-ar-72204-fcapi-classicality-abstract.md,pinnacle-classical-academy-ar-72204-fcapi-classicality-audit.md,pinnacle-classical-academy-ar-72204-fcapi-classicality-audit.pdf,elementary-intermediate-secondary,Private School,Private School,0,,60,,,,,,,,,,,,,,,,,,,,,,,,,,,,1,,1,0,1,1,0,0,0,placeholders/placeholder-elementary-4.png,,0,0,0,0,1928,,PK-12,"Pre-K, K, 1st, 2nd, 3rd, 4th, 5th, 6th, 7th, 8th, 9th, 10th, 11th, 12th"
001V400000tPLF2,Plainview Classical Academy,,,plainview-classical-academy-tx-79072,,"+1 806 296 6034",,https://www.plainviewclassical.com/,310 South Ennis Street,,Plainview,Hale County,TX,"79072",US,34.17464060,-101.74207300,somewhat-classical,plainview-classical-academy-tx-79072-fcapi-classicality-abstract.md,plainview-classical-academy-tx-79072-fcapi-classicality-audit.md,plainview-classical-academy-tx-79072-fcapi-classicality-audit.pdf,elementary-intermediate-secondary,Charter,Public,0,,,,,,,,,,,,,,,,,,,,,,,,,,,,,,0,,0,0,0,0,0,0,0,placeholders/placeholder-elementary-9.png,,0,0,0,0,1933,,K-12,"K, 1st, 2nd, 3rd, 4th, 5th, 6th, 7th, 8th, 9th, 10th, 11th, 12th"
001V400000tPCwi,Point Christian Academy,,,point-christian-academy-tn-37415,info@pointacademy.org,"+1 423 847 2919",,https://pointacademy.org/,4000 Dayton Boulevard,,Chattanooga,Hamilton County,TN,"37415",US,35.12037590,-85.28824520,classical,point-christian-academy-tn-37415-fcapi-classicality-abstract.md,point-christian-academy-tn-37415-fcapi-classicality-audit.md,point-christian-academy-tn-37415-fcapi-classicality-audit.pdf,elementary,Private School,Private,0,,,,,,,,,,,,,,,,,,,,,,,,,,,,,,0,,0,0,0,0,0,0,0,placeholders/placeholder-elementary-6.png,,0,0,0,0,1939,,K-4,"K, 1st, 2nd, 3rd, 4th"
001V400000tPCwj,Potomac Classical Conservatory,,,potomac-classical-conservatory-va-22305,info@classicalalexandria.org,"+1 202 465 6659",,https://classicalalexandria.org/,3510 Cameron Mills Rd.,,Alexandria,,VA,"22305",US,38.83796910,-77.07708640,classical,potomac-classical-conservatory-va-22305-fcapi-classicality-abstract.md,potomac-classical-conservatory-va-22305-fcapi-classicality-audit.md,potomac-classical-conservatory-va-22305-fcapi-classicality-audit.pdf,elementary-intermediate-secondary,Private School,Private,0,,,,,,,,,,,,,,,,,,,,,,,,,,,,,,0,,0,0,0,0,0,0,0,placeholders/placeholder-elementary-1.png,,0,0,0,0,1945,,K-10,"K, 1st, 2nd, 3rd, 4th, 5th, 6th, 7th, 8th, 9th, 10th"
001V400000tPCwk,Prairie Scholé Homeschool Co-Op,001V400000tOZKD,Schole Communities,prairie-schole-homeschool-co-op-aberdeen-sd,,"",,https://www.facebook.com/groups/485394685368955,,,Aberdeen,,SD,"",US,45.46469850,-98.48648290,classical,prairie-schole-homeschool-co-op-aberdeen-sd-fcapi-classicality-abstract.md,prairie-schole-homeschool-co-op-aberdeen-sd-fcapi-classicality-audit.md,prairie-schole-homeschool-co-op-aberdeen-sd-fcapi-classicality-audit.pdf,elementary-intermediate-secondary,,,0,,,,,,,,,,,,,,,,,,,,,,,5479,,,,,,,0,,0,0,0,0,0,0,0,placeholders/placeholder-schole-1.png,,0,0,0,0,5543,,,
001V400000tPCwl,Praise Academy at Lakeside,,,praise-academy-lakeside-la-71103,,"+1 952 994 8142",,http://praiselakeside.org,1434 Yale Avenue,,Shreveport,,LA,"71103",US,32.49774200,-93.77253000,classical,praise-academy-lakeside-la-71103-fcapi-classicality-abstract.md,praise-academy-lakeside-la-71103-fcapi-classicality-audit.md,praise-academy-lakeside-la-71103-fcapi-classicality-audit.pdf,elementary-intermediate-secondary,,,0,,,,,,,,,,,,,,,,,,,,,,,,,,,,,,0,,0,0,0,0,0,0,0,placeholders/placeholder-elementary-3.png,,0,0,0,0,5245,,K-12,"K, 1st, 2nd, 3rd, 4th, 5th, 6th, 7th, 8th, 9th, 10th, 11th, 12th"
001V400000tPCwm,Privested Academy,,,privested-academy-tx,,"+1 214 210 1095",,,4141 Lyndon B Johnson Freeway,,Dallas,,TX,"75244",US,32.92580970,-96.84172400,classical,privested-academy-tx-fcapi-classicality-abstract.md,privested-academy-tx-fcapi-classicality-audit.md,privested-academy-tx-fcapi-classicality-audit.pdf,elementary-intermediate-secondary,,,0,,,,,,,,,,,,,,,,,,,,,,,,,,,,,,0,,0,0,0,0,0,0,0,placeholders/placeholder-k12-7.png,,0,0,0,0,5258,,,
001V400000tPCwn,Providence,,,providence-mo-63125,office@providencestl.org,"+1 314 842 6846",,https://providencestl.org/,800 Buckley Rd,,St Louis,St. Louis County,MO,"63125",US,38.51178810,-90.30806450,classical,providence-mo-63125-fcapi-classicality-abstract.md,providence-mo-63125-fcapi-classicality-audit.md,providence-mo-63125-fcapi-classicality-audit.pdf,elementary-intermediate-secondary,Private School,Private,0,,,,,,,,,,,,,,,,,,,,,,,,,,,,,,0,,0,0,0,0,0,0,0,placeholders/placeholder-elementary-2.png,,0,0,0,0,1972,,PK-12,"Pre-K, K, 1st, 2nd, 3rd, 4th, 5th, 6th, 7th, 8th, 9th, 10th, 11th, 12th"
001V400000tPCwo,Providence Academy,,,providence-academy-oh-44130,info@ProvidenceCLE.com,"+1 440 382 0745",,https://providencecle.com/,12193 W. Pleasant Valley Rd.,,Parma,Cuyahoga County,OH,"44130",US,41.36338180,-81.77501350,classical,providence-academy-oh-44130-fcapi-classicality-abstract.md,providence-academy-oh-44130-fcapi-classicality-audit.md,providence-academy-oh-44130-fcapi-classicality-audit.pdf,elementary-intermediate,Private School,Private,0,,,,,,,,,,,,,,,,,,,,,,,,,,,,,,0,,0,0,0,0,0,0,0,placeholders/placeholder-elementary-4.png,,0,0,0,0,1957,,PK-8,"Pre-K, K, 1st, 2nd, 3rd, 4th, 5th, 6th, 7th, 8th"
001V400000tPCwp,Providence Academy,,,providence-academy-tn-37615,paknights@providenceacademy.com,"+1 423 854 9819",,https://providenceacademy.com/,2788 Carroll Creek Rd.,,Johnson City,Washington County,TN,"37615",US,36.33681950,-82.43545740,classical,providence-academy-tn-37615-fcapi-classicality-abstract.md,providence-academy-tn-37615-fcapi-classicality-audit.md,providence-academy-tn-37615-fcapi-classicality-audit.pdf,elementary-intermediate-secondary,Private School,Private,0,,,,,,,,,,,,,,,,,,,,,,,,,,,,,,0,,0,0,0,0,0,0,0,placeholders/placeholder-elementary-5.png,,0,0,0,0,1958,,K-12,"K, 1st, 2nd, 3rd, 4th, 5th, 6th, 7th, 8th, 9th, 10th, 11th, 12th"
001V400000tPCwq,Providence Academy,,,providence-academy-tx-75032,,"+1 469 500 3150",,https://www.providencelions.org/,3021 Ridge Rd. A22,,Rockwall,Rockwall County,TX,"75032",US,32.88746290,-96.47288900,classical,providence-academy-tx-75032-fcapi-classicality-abstract.md,providence-academy-tx-75032-fcapi-classicality-audit.md,providence-academy-tx-75032-fcapi-classicality-audit.pdf,elementary-intermediate-secondary,Private School,Private,0,,,,,,,,,,,,,,,,,,,,,,,,,,,,,,0,,0,0,0,0,0,0,0,placeholders/placeholder-elementary-6.png,,0,0,0,0,1959,,PK-12,"Pre-K, K, 1st, 2nd, 3rd, 4th, 5th, 6th, 7th, 8th, 9th, 10th, 11th, 12th"
001V400000tPCwr,Providence Academy,,,providence-academy-wi-54303,info@providencegb.org,"+1 920 265 1629",,https://providencegb.org/,3435 Shawano Ave.,,Green Bay,Brown County,WI,"54303",US,44.56077390,-88.11763690,classical,providence-academy-wi-54303-fcapi-classicality-abstract.md,providence-academy-wi-54303-fcapi-classicality-audit.md,providence-academy-wi-54303-fcapi-classicality-audit.pdf,elementary-intermediate-secondary,Private School,Private,0,,,,,,,,,,,,,,,,,,,,,,,,,,,,,,0,,0,0,0,0,0,0,0,placeholders/placeholder-elementary-7.png,,0,0,0,0,1961,,PK-12,"Pre-K, K, 1st, 2nd, 3rd, 4th, 5th, 6th, 7th, 8th, 9th, 10th, 11th, 12th"
001V400000tPCws,Providence Christian Academy,,,providence-christian-academy-in-46311,info@providenceca.org,"+1 219 588 9090",,https://providenceca.org/,14795 101St Ave.,,Dyer,Lake County,IN,"46311",US,41.43497130,-87.51281220,classical,providence-christian-academy-in-46311-fcapi-classicality-abstract.md,providence-christian-academy-in-46311-fcapi-classicality-audit.md,providence-christian-academy-in-46311-fcapi-classicality-audit.pdf,elementary-intermediate-secondary,Private School,Private,0,,,,,,,,,,,,,,,,,,,,,,,,,,,,,,0,,0,0,0,0,0,0,0,placeholders/placeholder-elementary-0.png,,0,0,0,0,1963,,K-11,"K, 1st, 2nd, 3rd, 4th, 5th, 6th, 7th, 8th, 9th, 10th, 11th"
001V400000tPCwu,Providence Christian School,,,providence-christian-school-al-36303,info@prov-cs.net,"+1 334 702 8933",,https://www.providencechristianschool.com/,4847 Murphy Mill Rd.,,Dothan,,AL,"36303",US,31.25820830,-85.47171900,classical,providence-christian-school-al-36303-fcapi-classicality-abstract.md,providence-christian-school-al-36303-fcapi-classicality-audit.md,providence-christian-school-al-36303-fcapi-classicality-audit.pdf,elementary-intermediate-secondary,Private School,Private School,0,,859,,,,,,,,,,,,,,,,,,,,,,,,,,,,1,,0,0,1,0,0,1,0,placeholders/placeholder-elementary-2.png,,0,0,0,0,1966,,PK-12,"Pre-K, K, 1st, 2nd, 3rd, 4th, 5th, 6th, 7th, 8th, 9th, 10th, 11th, 12th"
001V400000tPCwv,Providence Christian School of Texas,,,providence-christian-school-texas-tx-75209,,"+1 214 302 2800",,https://www.pcstx.org/,5002 W Lovers Ln,,Dallas,Dallas County,TX,"75209",US,32.85044600,-96.82546870,classical,providence-christian-school-texas-tx-75209-fcapi-classicality-abstract.md,providence-christian-school-texas-tx-75209-fcapi-classicality-audit.md,providence-christian-school-texas-tx-75209-fcapi-classicality-audit.pdf,elementary-intermediate,Private School,Private,0,,,,,,,,,,,,,,,,,,,,,,,,,,,,,,0,,0,0,0,0,0,0,0,placeholders/placeholder-elementary-4.png,,0,0,0,0,1968,,PK-8,"Pre-K, K, 1st, 2nd, 3rd, 4th, 5th, 6th, 7th, 8th"
001V400000tPCww,Providence Classical Academy,,,providence-classical-academy-la-71111,contact@pcabossier.org,"+1 318 820 9465",,https://pcabossier.org/,4525 Old Brownlee Rd.,,Bossier City,Bossier Parish,LA,"71111",US,32.58536840,-93.72107890,classical,providence-classical-academy-la-71111-fcapi-classicality-abstract.md,providence-classical-academy-la-71111-fcapi-classicality-audit.md,providence-classical-academy-la-71111-fcapi-classicality-audit.pdf,elementary-intermediate-secondary,Private School,Private,0,,,,,,,,,,,,,,,,,,,,,,,,,,,,,,0,,0,0,0,0,0,0,0,placeholders/placeholder-elementary-5.png,,0,0,0,0,1969,,PK-12,"Pre-K, K, 1st, 2nd, 3rd, 4th, 5th, 6th, 7th, 8th, 9th, 10th, 11th, 12th"
001V400000tPCwx,Providence Classical Academy,,,providence-classical-academy-ri-02888,luke@pcaconway.org,"+1 318 243 2187",,https://www.pvdclassicalacademy.com/,TBD,,Warwick,,RI,"02888",US,41.74751420,-71.41212500,classical,providence-classical-academy-ri-02888-fcapi-classicality-abstract.md,providence-classical-academy-ri-02888-fcapi-classicality-audit.md,providence-classical-academy-ri-02888-fcapi-classicality-audit.pdf,elementary-intermediate,Private School,Private School,0,,30,,,,,,,,,,,,,,,,,,,,,,,,,,,,1,,1,0,1,1,0,0,0,placeholders/placeholder-elementary-6.png,,0,0,0,0,1970,,PK-6,"Pre-K, K, 1st, 2nd, 3rd, 4th, 5th, 6th"
001V400000tPCwy,Providence Classical Academy,,,providence-classical-academy-ca,office@bakersfieldclassical.com,"+1 661 381 1503",,https://bakersfieldclassical.com,4500 Rosedale Lane,,Bakersfield,,CA,"93314",US,35.40002240,-119.14712730,classical,providence-classical-academy-ca-fcapi-classicality-abstract.md,providence-classical-academy-ca-fcapi-classicality-audit.md,providence-classical-academy-ca-fcapi-classicality-audit.pdf,elementary-intermediate,,,0,,,,,,,,,,,,,,,,,,,,,,,,,,,,,,0,,0,0,0,0,0,0,0,placeholders/placeholder-elementary-7.png,,0,0,0,0,3242,,PK-8,"Pre-K, K, 1st, 2nd, 3rd, 4th, 5th, 6th, 7th, 8th"
001V400000tPCwz,Providence Classical Christian Academy,,,providence-classical-christian-academy-ar-72758,admissions@providence-academy.com,"+1 479 263 8861",,https://providence-academy.com/,2555 S 26th St.,,Rogers,Benton County,AR,"72758",US,36.29657500,-94.15626920,classical,providence-classical-christian-academy-ar-72758-fcapi-classicality-abstract.md,providence-classical-christian-academy-ar-72758-fcapi-classicality-audit.md,providence-classical-christian-academy-ar-72758-fcapi-classicality-audit.pdf,elementary-intermediate-secondary,Private School,Private,0,,,,,,,,,,,,,,,,,,,,,,,,,,,,,,0,,0,0,0,0,0,0,0,placeholders/placeholder-elementary-8.png,,0,0,0,0,1971,,K-12,"K, 1st, 2nd, 3rd, 4th, 5th, 6th, 7th, 8th, 9th, 10th, 11th, 12th"
001V400000tPCx0,Providence Classical Christian School,,,providence-classical-christian-school-ga-30054,mainoffice@providenceclassicalchristian.org,"+1 770 788 6618",,https://www.providenceclassicalchristian.org/,252 Byrd Road,,Oxford,,GA,"30054",US,33.65748620,-83.86685080,classical,providence-classical-christian-school-ga-30054-fcapi-classicality-abstract.md,providence-classical-christian-school-ga-30054-fcapi-classicality-audit.md,providence-classical-christian-school-ga-30054-fcapi-classicality-audit.pdf,elementary-intermediate-secondary,Private School,Private School,0,,125,,,,,,,,,,,,,,,,,,,,,,,,,,,,1,,0,1,0,0,1,0,0,placeholders/placeholder-elementary-9.png,,0,0,0,0,1974,,PK-12,"Pre-K, K, 1st, 2nd, 3rd, 4th, 5th, 6th, 7th, 8th, 9th, 10th, 11th, 12th"
001V400000tPCx1,Providence Classical Christian School,,,providence-classical-christian-school-wa-98011,education@pccs.org,"+1 360 481 7889",,https://pccs.org/,18943 120th Ave. Ne,,Bothell,King County,WA,"98011",US,47.76450190,-122.18013730,classical,providence-classical-christian-school-wa-98011-fcapi-classicality-abstract.md,providence-classical-christian-school-wa-98011-fcapi-classicality-audit.md,providence-classical-christian-school-wa-98011-fcapi-classicality-audit.pdf,elementary-intermediate-secondary,Private School,Private,0,,,,,,,,,,,,,,,,,,,,,,,,,,,,,,0,,0,0,0,0,0,0,0,placeholders/placeholder-elementary-0.png,,0,0,0,0,1975,,K-12,"K, 1st, 2nd, 3rd, 4th, 5th, 6th, 7th, 8th, 9th, 10th, 11th, 12th"
001V400000tPCx2,Providence Classical School,,,providence-classical-school-al-35801,pcsoffice@providenceclassical.org,"+1 256 852 8884",,https://providenceclassical.org/,605 Clinton Ave. E,,Huntsville,Madison County,AL,"35801",US,34.73561730,-86.57915070,classical,providence-classical-school-al-35801-fcapi-classicality-abstract.md,providence-classical-school-al-35801-fcapi-classicality-audit.md,providence-classical-school-al-35801-fcapi-classicality-audit.pdf,elementary-intermediate-secondary,Private School,Private,0,,,,,,,,,,,,,,,,,,,,,,,,,,,,,,0,,0,0,0,0,0,0,0,placeholders/placeholder-elementary-1.png,,0,0,0,0,1976,,K-12,"K, 1st, 2nd, 3rd, 4th, 5th, 6th, 7th, 8th, 9th, 10th, 11th, 12th"
001V400000tPCx3,Providence Classical School,,,providence-classical-school-sc-29730,office@pcsrh.org,"+1 803 900 9582",,https://www.providenceclassicalrockhill.com/,318 N Jones Ave,,Rock Hill,,SC,"29730",US,34.92347050,-81.01216530,classical,providence-classical-school-sc-29730-fcapi-classicality-abstract.md,providence-classical-school-sc-29730-fcapi-classicality-audit.md,providence-classical-school-sc-29730-fcapi-classicality-audit.pdf,elementary-intermediate-secondary,Private School,Private School,0,,302,,,,,,,,,,,,,,,,,,,,,,,,,,,,1,,0,1,0,0,0,0,1,placeholders/placeholder-k12-2.png,,0,0,0,0,1977,,K-12,"K, 1st, 2nd, 3rd, 4th, 5th, 6th, 7th, 8th, 9th, 10th, 11th, 12th"
001V400000tPCx4,Providence Classical School,,,providence-classical-school-tx-77379,headmaster@pcsclassical.org,"+1 281 320 0500",,https://pcsclassical.org/,18100 Stuebner Airline Rd.,,Spring,Harris County,TX,"77379",US,30.03919210,-95.53039550,classical,providence-classical-school-tx-77379-fcapi-classicality-abstract.md,providence-classical-school-tx-77379-fcapi-classicality-audit.md,providence-classical-school-tx-77379-fcapi-classicality-audit.pdf,elementary-intermediate-secondary,Private School,Private,0,,,,,,,,,,,,,,,,,,,,,,,,,,,,,,0,,0,0,0,0,0,0,0,placeholders/placeholder-elementary-2.png,,0,0,0,0,1978,,K-12,"K, 1st, 2nd, 3rd, 4th, 5th, 6th, 7th, 8th, 9th, 10th, 11th, 12th"
001V400000tPCx5,Providence Classical School,,,providence-classical-school-va-23188,pcs@pcsvirginia.org,"+1 757 565 2900",,https://www.pcsvirginia.org,6000 Easter Circle,,Williamsburg,James City County,VA,"23188",US,37.25527080,-76.78470520,classical,providence-classical-school-va-23188-fcapi-classicality-abstract.md,providence-classical-school-va-23188-fcapi-classicality-audit.md,providence-classical-school-va-23188-fcapi-classicality-audit.pdf,elementary-intermediate-secondary,Private School,Private,0,,,,,,,,,,,,,,,,,,,,,,,,,,,,,,0,,0,0,0,0,0,0,0,placeholders/placeholder-elementary-3.png,,0,0,0,0,1979,,PK-12,"Pre-K, K, 1st, 2nd, 3rd, 4th, 5th, 6th, 7th, 8th, 9th, 10th, 11th, 12th"
001V400000tPCx6,Providence Hybrid Academy,,,providence-hybrid-academy-pa-18036,,"",,http://www.providencehybridacademy.org,6782 N. Main St.,,Coopersburg,,PA,"18036",US,40.51747460,-75.39112920,classical,providence-hybrid-academy-pa-18036-fcapi-classicality-abstract.md,providence-hybrid-academy-pa-18036-fcapi-classicality-audit.md,providence-hybrid-academy-pa-18036-fcapi-classicality-audit.pdf,elementary-intermediate-secondary,,,0,,,,,,,,,,,,,,,,,,,,,,,,,,,,,,0,,0,0,0,0,0,0,0,placeholders/placeholder-elementary-5.png,,0,0,0,0,5180,,K-12,"K, 1st, 2nd, 3rd, 4th, 5th, 6th, 7th, 8th, 9th, 10th, 11th, 12th"
001V400000tPCx7,Providence Preparatory Academy,,,providence-preparatory-academy-nc-28403,info@providencewilmington.com,"+1 910 232 5590",,https://providencewilmington.com/,702 Eastwood Road,,Wilmington,New Hanover County,NC,"28403",US,34.24027200,-77.85606920,classical,providence-preparatory-academy-nc-28403-fcapi-classicality-abstract.md,providence-preparatory-academy-nc-28403-fcapi-classicality-audit.md,providence-preparatory-academy-nc-28403-fcapi-classicality-audit.pdf,elementary-intermediate-secondary,Private School,Private,0,,,,,,,,,,,,,,,,,,,,,,,,,,,,,,0,,0,0,0,0,0,0,0,placeholders/placeholder-elementary-6.png,,0,0,0,0,1981,,K-12,"K, 1st, 2nd, 3rd, 4th, 5th, 6th, 7th, 8th, 9th, 10th, 11th, 12th"
001V400000tPCx8,Providence Preparatory School,,,providence-preparatory-school-tx-76513,info@provprep.org,"+1 254 319 0210",,https://provprep.org/,2608 N Main St,,Belton,Bell County,TX,"76513",US,31.06183570,-97.46192320,classical,providence-preparatory-school-tx-76513-fcapi-classicality-abstract.md,providence-preparatory-school-tx-76513-fcapi-classicality-audit.md,providence-preparatory-school-tx-76513-fcapi-classicality-audit.pdf,elementary-intermediate-secondary,Private School,Private,0,,,,,,,,,,,,,,,,,,,,,,,,,,,,,,0,,0,0,0,0,0,0,0,placeholders/placeholder-elementary-7.png,,0,0,0,0,1982,,PK-12,"Pre-K, K, 1st, 2nd, 3rd, 4th, 5th, 6th, 7th, 8th, 9th, 10th, 11th, 12th"
001V400000tPCx9,Providence Preparatory School-Belton,,,providence-preparatory-school-belton-tx-76513,info@provprep.org,"+1 254 307 1165",,https://www.provprep.org/,"2608 N Main St., Ste. B-193",,Belton,,TX,"76513",US,31.08188480,-97.45829320,classical,providence-preparatory-school-belton-tx-76513-fcapi-classicality-abstract.md,providence-preparatory-school-belton-tx-76513-fcapi-classicality-audit.md,providence-preparatory-school-belton-tx-76513-fcapi-classicality-audit.pdf,elementary-intermediate-secondary,,,0,,,,,,,,,,,,,,,,,,,,,,,,,,,,,,0,,0,0,0,0,0,0,0,placeholders/placeholder-virtual-0.png,,0,0,0,0,5274,,PK-12,"Pre-K, K, 1st, 2nd, 3rd, 4th, 5th, 6th, 7th, 8th, 9th, 10th, 11th, 12th"
001V400000tPCxA,Providence School,,,providence-school-ca-93103,,"+1 805 962 4400",,https://providencesb.org/search/,630 East Canon Perdido Street,,Santa Barbara,Santa Barbara County,CA,"93103",US,34.42717320,-119.69317420,classical,providence-school-ca-93103-fcapi-classicality-abstract.md,providence-school-ca-93103-fcapi-classicality-audit.md,providence-school-ca-93103-fcapi-classicality-audit.pdf,elementary-intermediate-secondary,Private School,Private,0,,,,,,,,,,,,,,,,,,,,,,,,,,,,,,0,,0,0,0,0,0,0,0,placeholders/placeholder-elementary-8.png,,0,0,0,0,1983,,K-12,"K, 1st, 2nd, 3rd, 4th, 5th, 6th, 7th, 8th, 9th, 10th, 11th, 12th"
001V400000tPCxB,Providence School of Tifton,,,providence-school-tifton-ga-31794,vharris@providencetift.com,"+1 229 445 8180",,https://providencetift.com/,2222 Murray Ave.,,Tifton,Tift County,GA,"31794",US,31.45006600,-83.50899180,classical,providence-school-tifton-ga-31794-fcapi-classicality-abstract.md,providence-school-tifton-ga-31794-fcapi-classicality-audit.md,providence-school-tifton-ga-31794-fcapi-classicality-audit.pdf,elementary-intermediate-secondary,Private School,Private,0,,,,,,,,,,,,,,,,,,,,,,,,,,,,,,0,,0,0,0,0,0,0,0,placeholders/placeholder-elementary-0.png,,0,0,0,0,1985,,PK-11,"Pre-K, K, 1st, 2nd, 3rd, 4th, 5th, 6th, 7th, 8th, 9th, 10th, 11th"
001V400000tPCxD,Prudentia Classical Academy,,,prudentia-classical-academy-la-70605,admin@prudentiaacademy.com,"+1 337 263 1372",,https://www.prudentiaacademy.com/,1611 W Sale Rd,,Lake Chales,,LA,"70605",US,30.18323520,-93.24566910,classical,prudentia-classical-academy-la-70605-fcapi-classicality-abstract.md,prudentia-classical-academy-la-70605-fcapi-classicality-audit.md,prudentia-classical-academy-la-70605-fcapi-classicality-audit.pdf,elementary-intermediate,Private School,Private School,0,,17,,,,,,,,,,,,,,,,,,,,,,,,,,,,1,,0,0,1,1,0,0,0,placeholders/placeholder-elementary-1.png,,0,0,0,0,1986,,K-8,"K, 1st, 2nd, 3rd, 4th, 5th, 6th, 7th, 8th"
001V400000tPCxE,Pusch Ridge Christian Academy,,,pusch-ridge-christian-academy-az-85718,,"+1 520 991 4793",,https://www.prca.academy/#/,6450 N Camino Miraval,,Tucson,Pima County,AZ,"85718",US,32.32363060,-110.93481060,classical,pusch-ridge-christian-academy-az-85718-fcapi-classicality-abstract.md,pusch-ridge-christian-academy-az-85718-fcapi-classicality-audit.md,pusch-ridge-christian-academy-az-85718-fcapi-classicality-audit.pdf,elementary-intermediate-secondary,Private School,Private,0,,,,,,,,,,,,,,,,,,,,,,,,,,,,,,0,,0,0,0,0,0,0,0,placeholders/placeholder-elementary-4.png,,0,0,0,0,1990,,PK-12,"Pre-K, K, 1st, 2nd, 3rd, 4th, 5th, 6th, 7th, 8th, 9th, 10th, 11th, 12th"
001V400000tPCxG,Queen of Peace Catholic School,,,queen-peace-catholic-school-mn-55720,,"+1 218 879 8516",,https://queenofpeaceschool.org/,102 4th St.,,Cloquet,Carlton County,MN,"55720",US,46.71897100,-92.45906300,classical,queen-peace-catholic-school-mn-55720-fcapi-classicality-abstract.md,queen-peace-catholic-school-mn-55720-fcapi-classicality-audit.md,queen-peace-catholic-school-mn-55720-fcapi-classicality-audit.pdf,elementary-intermediate,Private School,Private,0,,,,,,,,,,,,,,,,,,,,,,,,,,,,,,0,,0,0,0,0,0,0,0,placeholders/placeholder-elementary-7.png,,0,0,0,0,1994,,PK-8,"Pre-K, K, 1st, 2nd, 3rd, 4th, 5th, 6th, 7th, 8th"
001V400000tPCxH,Queen of the Apostles Preparatory Academy,,,queen-apostles-preparatory-academy-ct-06053,admin@qota-prep.org,"+1 860 316 0228",,https://www.qota-prep.org/,151 Broad St.,,Middletown,,CT,"06457",US,41.56081450,-72.65292160,classical,queen-apostles-preparatory-academy-ct-06053-fcapi-classicality-abstract.md,queen-apostles-preparatory-academy-ct-06053-fcapi-classicality-audit.md,queen-apostles-preparatory-academy-ct-06053-fcapi-classicality-audit.pdf,elementary-intermediate-secondary,Private School,Private School,0,,,,,,,,,,,,,,,,,,,,,,,,,,,,,,1,,1,0,1,1,0,0,0,placeholders/placeholder-k12-5.png,,0,0,0,0,1995,,PK-12,"Pre-K, K, 1st, 2nd, 3rd, 4th, 5th, 6th, 7th, 8th, 9th, 10th, 11th, 12th"
001V400000tPCxJ,Rafiki Foundation School,,,rafiki-foundation-school-fl-32727,info@rafikifoundation.org,"+1 352 483 9131",,https://rafikifoundation.org/,PO Box 1988,,Eustis,,FL,"32727",US,28.85551500,-81.68255850,classical,rafiki-foundation-school-fl-32727-fcapi-classicality-abstract.md,rafiki-foundation-school-fl-32727-fcapi-classicality-audit.md,rafiki-foundation-school-fl-32727-fcapi-classicality-audit.pdf,elementary-intermediate-secondary,Private School,Private,0,,,,,,,,,,,,,,,,,,,,,,,,,,,,,,0,,0,0,0,0,0,0,0,placeholders/placeholder-elementary-9.png,,0,0,0,0,1998,,PK-12,"Pre-K, K, 1st, 2nd, 3rd, 4th, 5th, 6th, 7th, 8th, 9th, 10th, 11th, 12th"
001V400000tPCxK,Randolph School,,,randolph-school-al,,"+1 256 799 6100",,http://randolphschool.net,1005 Drake Avenue Southeast,,Huntsville,,AL,"35802",US,34.70665290,-86.55805310,classical,randolph-school-al-fcapi-classicality-abstract.md,randolph-school-al-fcapi-classicality-audit.md,randolph-school-al-fcapi-classicality-audit.pdf,elementary-intermediate-secondary,,,0,,,,,,,,,,,,,,,,,,,,,,,,,,,,,,0,,0,0,0,0,0,0,0,placeholders/placeholder-k12-7.png,,0,0,0,0,5216,,,
001V400000tPLFp,Redeemed Classical Christian School,,,redeemed-classical-christian-school-md,info@rccs.org,"+1 410 592 9625",,https://rccs.org/,6415 Mt. Vista Rd,,Kingsville,,MD,"21087",US,39.45790270,-76.45274770,somewhat-classical,redeemed-classical-christian-school-md-fcapi-classicality-abstract.md,redeemed-classical-christian-school-md-fcapi-classicality-audit.md,redeemed-classical-christian-school-md-fcapi-classicality-audit.pdf,elementary-intermediate-secondary,Private School,Private,0,,,,,,,,,,,,,,,,,,,,,,,,,,,,,,0,,0,0,0,0,0,0,0,placeholders/placeholder-elementary-8.png,,0,0,0,0,2006,,PK-12,"Pre-K, K, 1st, 2nd, 3rd, 4th, 5th, 6th, 7th, 8th, 9th, 10th, 11th, 12th"
001V400000tPCxO,Redeemer Christian School,,,redeemer-christian-school-mi-49464,sdykstra1@gmail.com,"+1 616 250 0707",,https://www.redeemerchrschool.com/,7250 Ransom St,,Zeeland,Ottawa County,MI,"49464",US,42.84765240,-85.96174130,classical,redeemer-christian-school-mi-49464-fcapi-classicality-abstract.md,redeemer-christian-school-mi-49464-fcapi-classicality-audit.md,redeemer-christian-school-mi-49464-fcapi-classicality-audit.pdf,elementary-intermediate-secondary,,,0,,,,,,,,,,,,,,,,,,,,,,,,,,,,,,0,,0,0,0,0,0,0,0,placeholders/placeholder-k12-0.png,,0,0,0,0,2007,,K-12,"K, 1st, 2nd, 3rd, 4th, 5th, 6th, 7th, 8th, 9th, 10th, 11th, 12th"
001V400000tPCxP,Redeemer Classical Academy,,,redeemer-classical-academy-tn-37128,amanda.bell@redeemerclassicalacademy.com,"+1 615 904 0350",,https://redeemerclassicalacademy.com/,4232 Veterans Parkway,,Murfreesboro,Rutherford County,TN,"37128",US,35.83918920,-86.49263010,classical,redeemer-classical-academy-tn-37128-fcapi-classicality-abstract.md,redeemer-classical-academy-tn-37128-fcapi-classicality-audit.md,redeemer-classical-academy-tn-37128-fcapi-classicality-audit.pdf,elementary-intermediate-secondary,Private School,Private,0,,,,,,,,,,,,,,,,,,,,,,,,,,,,,,0,,0,0,0,0,0,0,0,placeholders/placeholder-elementary-9.png,,0,0,0,0,2008,,K-12,"K, 1st, 2nd, 3rd, 4th, 5th, 6th, 7th, 8th, 9th, 10th, 11th, 12th"
001V400000tPCxQ,Redeemer Classical School,,,redeemer-classical-school-ga-30269,info@redeemerclassicalschool.com,"+1 912 704 8822",,https://www.redeemerclassicalschool.com/,PO Box 2023,,Fayetteville,Fayette County,GA,"30269",US,33.39972880,-84.58275860,classical,redeemer-classical-school-ga-30269-fcapi-classicality-abstract.md,redeemer-classical-school-ga-30269-fcapi-classicality-audit.md,redeemer-classical-school-ga-30269-fcapi-classicality-audit.pdf,elementary-intermediate,Private School,Private,0,,,,,,,,,,,,,,,,,,,,,,,,,,,,,,0,,0,0,0,0,0,0,0,placeholders/placeholder-elementary-0.png,,0,0,0,0,2010,,K-8,"K, 1st, 2nd, 3rd, 4th, 5th, 6th, 7th, 8th"
001V400000tPLFq,Redeemer Classical School,,,redeemer-classical-school-in-46807,redeemerclassicalschool@gmail.com,"+1 316 650 1402",,https://fortwayneclassical.com/,202 W Rudisill Blvd.,,Fort Wayne,Allen County,IN,"46807",US,41.05035880,-85.13936320,somewhat-classical,redeemer-classical-school-in-46807-fcapi-classicality-abstract.md,redeemer-classical-school-in-46807-fcapi-classicality-audit.md,redeemer-classical-school-in-46807-fcapi-classicality-audit.pdf,elementary-intermediate-secondary,Private School,Private,0,,,,,,,,,,,,,,,,,,,,,,,,,,,,,,0,,0,0,0,0,0,0,0,placeholders/placeholder-elementary-1.png,,0,0,0,0,2011,,K-12,"K, 1st, 2nd, 3rd, 4th, 5th, 6th, 7th, 8th, 9th, 10th, 11th, 12th"
001V400000tPCxR,Redeemer Classical School,,,redeemer-classical-school-va-22832,info@redeemerclassical.org,"+1 540 271 8144",,https://redeemerclassical.org/,PO Box 737,,Keezletown,Rockingham County,VA,"22832",US,38.41576900,-78.80179120,classical,redeemer-classical-school-va-22832-fcapi-classicality-abstract.md,redeemer-classical-school-va-22832-fcapi-classicality-audit.md,redeemer-classical-school-va-22832-fcapi-classicality-audit.pdf,elementary-intermediate-secondary,,,0,,,,,,,,,,,,,,,,,,,,,,,,,,,,,,0,,0,0,0,0,0,0,0,placeholders/placeholder-elementary-2.png,,0,0,0,0,2012,,PK-12,"Pre-K, K, 1st, 2nd, 3rd, 4th, 5th, 6th, 7th, 8th, 9th, 10th, 11th, 12th"
001V400000tPCxS,Reformation Classical Academy,,,reformation-classical-academy-oh-45403,office@rcadayton.com,"+1 937 867 3468",,https://www.rcadayton.com/,1501 E 3rd St,,Dayton,,OH,"45403",US,39.76333040,-84.17156110,classical,reformation-classical-academy-oh-45403-fcapi-classicality-abstract.md,reformation-classical-academy-oh-45403-fcapi-classicality-audit.md,reformation-classical-academy-oh-45403-fcapi-classicality-audit.pdf,elementary-intermediate-secondary,Private School,Private School,0,,26,,,,,,,,,,,,,,,,,,,,,,,,,,,,1,,0,0,1,0,0,0,0,placeholders/placeholder-elementary-8.png,,0,0,0,0,2019,,1-11,"1st, 2nd, 3rd, 4th, 5th, 6th, 7th, 8th, 9th, 10th, 11th"
001V400000tPCxU,Regents Academy,,,regents-academy-tx-75961,office@regentsacademy.com,"+1 936 559 7343",,https://regentsacademy.com/,200 NE Stallings Dr.,,Nacogdoches,Nacogdoches County,TX,"75961",US,31.59395410,-94.61578540,classical,regents-academy-tx-75961-fcapi-classicality-abstract.md,regents-academy-tx-75961-fcapi-classicality-audit.md,regents-academy-tx-75961-fcapi-classicality-audit.pdf,elementary-intermediate-secondary,Private School,Private,0,,,,,,,,,,,,,,,,,,,,,,,,,,,,,,0,,0,0,0,0,0,0,0,placeholders/placeholder-elementary-0.png,,0,0,0,0,2022,,PK-12,"Pre-K, K, 1st, 2nd, 3rd, 4th, 5th, 6th, 7th, 8th, 9th, 10th, 11th, 12th"
001V400000tPCxV,Regents Classical School,,,regents-classical-school-tn-37411,headmaster@regentsclassical.com,"+1 646 580 3456",,https://www.regentschattanooga.org/,104 McBrien Rd.,C/O Anglican Church Of The Redeemer,Chattanooga,Hamilton County,TN,"37411",US,35.00871050,-85.22390280,classical,regents-classical-school-tn-37411-fcapi-classicality-abstract.md,regents-classical-school-tn-37411-fcapi-classicality-audit.md,regents-classical-school-tn-37411-fcapi-classicality-audit.pdf,elementary-intermediate-secondary,Private School,Private,0,,,,,,,,,,,,,,,,,,,,,,,,,,,,,,0,,0,0,0,0,0,0,0,placeholders/placeholder-elementary-1.png,,0,0,0,0,2023,,K-12,"K, 1st, 2nd, 3rd, 4th, 5th, 6th, 7th, 8th, 9th, 10th, 11th, 12th"
001V400000tPCxW,Regents School of Austin,,,regents-school-austin-tx-78735,info@regentsaustin.org,"+1 512 899 8095",,https://regentsaustin.org/,3230 Travis Country Circle,,Austin,Travis County,TX,"78735",US,30.25452800,-97.84535850,classical,regents-school-austin-tx-78735-fcapi-classicality-abstract.md,regents-school-austin-tx-78735-fcapi-classicality-audit.md,regents-school-austin-tx-78735-fcapi-classicality-audit.pdf,elementary-intermediate-secondary,Private School,Private,0,,,,,,,,,,,,,,,,,,,,,,,,,,,,,,0,,0,0,0,0,0,0,0,placeholders/placeholder-elementary-2.png,,0,0,0,0,2024,,K-12,"K, 1st, 2nd, 3rd, 4th, 5th, 6th, 7th, 8th, 9th, 10th, 11th, 12th"
001V400000tPCxX,Regents School of Charlottesville,,,regents-school-charlottesville-va-22903,cpalumbo@regents-school.org,"+1 434 293 0633",,https://regents-school.org/,200 Bob Finley Way,,Charlottesville,Santa Clara County,VA,"22903",US,37.42266030,-122.07671930,classical,regents-school-charlottesville-va-22903-fcapi-classicality-abstract.md,regents-school-charlottesville-va-22903-fcapi-classicality-audit.md,regents-school-charlottesville-va-22903-fcapi-classicality-audit.pdf,elementary-intermediate-secondary,Private School,Private,0,,,,,,,,,,,,,,,,,,,,,,,,,,,,,,0,,0,0,0,0,0,0,0,placeholders/placeholder-elementary-3.png,,0,0,0,0,2025,,K-12,"K, 1st, 2nd, 3rd, 4th, 5th, 6th, 7th, 8th, 9th, 10th, 11th, 12th"
001V400000tPCxY,Regents School of Oxford,,,regents-school-oxford-ms-38655,info@regentsoxford.com,"+1 662 232 1945",,https://www.regentsoxford.com,14 Cr 130,,Oxford,Lafayette County,MS,"38655",US,34.42194600,-89.56800000,classical,regents-school-oxford-ms-38655-fcapi-classicality-abstract.md,regents-school-oxford-ms-38655-fcapi-classicality-audit.md,regents-school-oxford-ms-38655-fcapi-classicality-audit.pdf,elementary-intermediate-secondary,Private School,Private,0,,,,,,,,,,,,,,,,,,,,,,,,,,,,,,0,,0,0,0,0,0,0,0,placeholders/placeholder-elementary-4.png,,0,0,0,0,2026,,PK-12,"Pre-K, K, 1st, 2nd, 3rd, 4th, 5th, 6th, 7th, 8th, 9th, 10th, 11th, 12th"
001V400000tPCxZ,Regina Angelorum Academy,001V400000tOZK6,Regina Academies,regina-angelorum-academy-pa-19003,,"+1 484 587 0379",,https://reginaangelorumacademy.org/,105 Argyle Road,,Ardmore,Montgomery County,PA,"19003",US,40.00577460,-75.28812410,classical,regina-angelorum-academy-pa-19003-fcapi-classicality-abstract.md,regina-angelorum-academy-pa-19003-fcapi-classicality-audit.md,regina-angelorum-academy-pa-19003-fcapi-classicality-audit.pdf,elementary-intermediate,Private School,Private,0,,,,,,,,,,,,,,,,,,,,,,,218,,,,,,,0,,0,0,0,0,0,0,0,placeholders/placeholder-elementary-7.png,,0,0,0,0,220,,PK-8,"Pre-K, K, 1st, 2nd, 3rd, 4th, 5th, 6th, 7th, 8th"
001V400000tPCxb,Regina Coeli Academy,001V400000tOZK6,Regina Academies,regina-coeli-academy-pa-19001,,"+1 215 277 1386",,https://reginacoeliacademy.com/,1525 Marian Road,,Abington,Montgomery County,PA,"19001",US,40.12636710,-75.11453390,classical,regina-coeli-academy-pa-19001-fcapi-classicality-abstract.md,regina-coeli-academy-pa-19001-fcapi-classicality-audit.md,regina-coeli-academy-pa-19001-fcapi-classicality-audit.pdf,elementary-intermediate,Private School,Private,0,,,,,,,,,,,,,,,,,,,,,,,218,,,,,,,0,,0,0,0,0,0,0,0,placeholders/placeholder-elementary-4.png,,0,0,0,0,221,,K-8,"K, 1st, 2nd, 3rd, 4th, 5th, 6th, 7th, 8th"
001V400000tPCxc,Regina Luminis Academy,,,regina-luminis-academy-pa-19312,info@reginaluminis.org,"+1 610 269 3905",,https://reginaluminis.org/,601 First Ave.,,Berwyn,Chester County,PA,"19312",US,40.04619460,-75.43961620,classical,regina-luminis-academy-pa-19312-fcapi-classicality-abstract.md,regina-luminis-academy-pa-19312-fcapi-classicality-audit.md,regina-luminis-academy-pa-19312-fcapi-classicality-audit.pdf,elementary-intermediate-secondary,Private School,Private,0,,,,,,,,,,,,,,,,,,,,,,,,,,,,,,0,,0,0,0,0,0,0,0,placeholders/placeholder-elementary-5.png,,0,0,0,0,2029,,K-12,"K, 1st, 2nd, 3rd, 4th, 5th, 6th, 7th, 8th, 9th, 10th, 11th, 12th"
001V400000tPCxd,Rehoboth Classical School,,,reheboth-classical-school-ga-30084,reception@rehoboth.org,"+1 770 939 3182",,https://rehoboth.org/academies/,2997 Lawrenceville Hwy,,Tucker,,GA,"30084",US,33.82950970,-84.24738870,classical,reheboth-classical-school-ga-30084-fcapi-classicality-abstract.md,reheboth-classical-school-ga-30084-fcapi-classicality-audit.md,reheboth-classical-school-ga-30084-fcapi-classicality-audit.pdf,elementary,,,0,,,,,,,,,,,,,,,,,,,,,,,,,,,,,,0,,0,0,0,0,0,0,0,placeholders/placeholder-elementary-8.png,,0,0,0,0,3246,,PK-3,"Pre-K, K, 1st, 2nd, 3rd"
001V400000tPCxe,Reign Christian Academy,,,reign-christian-academy-co-80223,,"",,https://www.reignchristian.org/,1501 S Zuni St.,,Denver,Denver County,CO,"80223",US,39.68921420,-105.01653560,classical,reign-christian-academy-co-80223-fcapi-classicality-abstract.md,reign-christian-academy-co-80223-fcapi-classicality-audit.md,reign-christian-academy-co-80223-fcapi-classicality-audit.pdf,elementary-intermediate-secondary,Private School,Private,0,,,,,,,,,,,,,,,,,,,,,,,,,,,,,,0,,0,0,0,0,0,0,0,placeholders/placeholder-elementary-0.png,,0,0,0,0,2036,,K-12,"K, 1st, 2nd, 3rd, 4th, 5th, 6th, 7th, 8th, 9th, 10th, 11th, 12th"
001V400000tPCxf,Renaissance Classical Christian Academy,,,renaissance-classical-christian-academy-nc-28314,hendrickson.ray@mindspring.com,"+1 910 221 0400",,https://mindspring.com/,6427 Cliffdale Road,,Fayetteville,Cumberland County,NC,"28314",US,35.05753810,-78.99385270,classical,renaissance-classical-christian-academy-nc-28314-fcapi-classicality-abstract.md,renaissance-classical-christian-academy-nc-28314-fcapi-classicality-audit.md,renaissance-classical-christian-academy-nc-28314-fcapi-classicality-audit.pdf,elementary-intermediate-secondary,Private School,Private,0,,,,,,,,,,,,,,,,,,,,,,,,,,,,,,0,,0,0,0,0,0,0,0,placeholders/placeholder-elementary-2.png,,0,0,0,0,2038,,K-12,"K, 1st, 2nd, 3rd, 4th, 5th, 6th, 7th, 8th, 9th, 10th, 11th, 12th"
001V400000tPCxm,Restoration Academy,,,restoration-academy-al-35064,,"+1 205 785 8805",,https://www.restorationacademy.org/,4801 Gary Ave.,,Fairfield,Jefferson County,AL,"35064",US,33.48985500,-86.91537530,classical,restoration-academy-al-35064-fcapi-classicality-abstract.md,restoration-academy-al-35064-fcapi-classicality-audit.md,restoration-academy-al-35064-fcapi-classicality-audit.pdf,elementary-intermediate-secondary,Private School,Private,0,,,,,,,,,,,,,,,,,,,,,,,,,,,,,,0,,0,0,0,0,0,0,0,placeholders/placeholder-elementary-4.png,,0,0,0,0,2040,,K-12,"K, 1st, 2nd, 3rd, 4th, 5th, 6th, 7th, 8th, 9th, 10th, 11th, 12th"
001V400000tPCxn,Restoration Scholé,001V400000tOZKD,Schole Communities,restoration-schole-spring-hill-tn,restorationschole@gmail.com,"",,https://restorationschole.com,,,Spring Hill,,TN,"",US,35.75117900,-86.93000230,classical,restoration-schole-spring-hill-tn-fcapi-classicality-abstract.md,restoration-schole-spring-hill-tn-fcapi-classicality-audit.md,restoration-schole-spring-hill-tn-fcapi-classicality-audit.pdf,elementary-intermediate-secondary,,,0,,,,,,,,,,,,,,,,,,,,,,,5479,,,,,,,0,,0,0,0,0,0,0,0,placeholders/placeholder-schole-1.png,,0,0,0,0,5546,,,
001V400000tPCxp,Revive Academy,,,revive-academy-ak-99603,admin@reviveacademyak.org,"+1 616 212 7149",,https://reviveacademyak.org,818 Smoky Bay Way,,Homer,,AK,"99603",US,59.64641300,-151.52119050,classical,revive-academy-ak-99603-fcapi-classicality-abstract.md,revive-academy-ak-99603-fcapi-classicality-audit.md,revive-academy-ak-99603-fcapi-classicality-audit.pdf,elementary-intermediate,,,0,,,,,,,,,,,,,,,,,,,,,,,,,,,,,,0,,0,0,0,0,0,0,0,placeholders/placeholder-elementary-7.png,,0,0,0,0,3247,,K-8,"K, 1st, 2nd, 3rd, 4th, 5th, 6th, 7th, 8th"
001V400000tPCxs,Rivendell Academy,,,rivendell-academy-ga-31907,frontdesk@rivendellacademyga.org,"+1 706 223 0877",,https://rivendellacademyga.org,8303 Whitesville Rd,,Columbus,,GA,"31907",US,32.57027480,-84.96988810,classical,rivendell-academy-ga-31907-fcapi-classicality-abstract.md,rivendell-academy-ga-31907-fcapi-classicality-audit.md,rivendell-academy-ga-31907-fcapi-classicality-audit.pdf,elementary-intermediate-secondary,,,0,,,,,,,,,,,,,,,,,,,,,,,,,,,,,,0,,0,0,0,0,0,0,0,placeholders/placeholder-elementary-7.png,,0,0,0,0,3248,,K-12,"K, 1st, 2nd, 3rd, 4th, 5th, 6th, 7th, 8th, 9th, 10th, 11th, 12th"
001V400000tPCxu,River Hills Christian Academy,,,river-hills-christian-academy-tx-78380,principal@rhca.cc,"+1 361 933 1114",,https://www.rhca.cc,13505 # Ih-37,,Corpus Christi,Nueces County,TX,"78380",US,27.86955540,-97.62449580,classical,river-hills-christian-academy-tx-78380-fcapi-classicality-abstract.md,river-hills-christian-academy-tx-78380-fcapi-classicality-audit.md,river-hills-christian-academy-tx-78380-fcapi-classicality-audit.pdf,elementary-intermediate-secondary,Private School,Private,0,,,,,,,,,,,,,,,,,,,,,,,,,,,,,,0,,0,0,0,0,0,0,0,placeholders/placeholder-elementary-0.png,,0,0,0,0,2056,,K-12,"K, 1st, 2nd, 3rd, 4th, 5th, 6th, 7th, 8th, 9th, 10th, 11th, 12th"
001V400000tPCxw,Riverbend Academy,,,riverbend-academy-fl-32174,aglenfield@riverbendacademy.org,"+1 386 615 0986",,https://riverbendacademy.org/,2080 W. Granada Blvd.,,Ormond Beach,Volusia County,FL,"32174",US,29.24991140,-81.13488230,classical,riverbend-academy-fl-32174-fcapi-classicality-abstract.md,riverbend-academy-fl-32174-fcapi-classicality-audit.md,riverbend-academy-fl-32174-fcapi-classicality-audit.pdf,elementary-intermediate-secondary,Private School,Private,0,,,,,,,,,,,,,,,,,,,,,,,,,,,,,,0,,0,0,0,0,0,0,0,placeholders/placeholder-elementary-3.png,,0,0,0,0,2058,,PK-12,"Pre-K, K, 1st, 2nd, 3rd, 4th, 5th, 6th, 7th, 8th, 9th, 10th, 11th, 12th"
001V400000tPCxx,Riverstone Classical Academy,,,riverstone-classical-academy-fl-34209,,"+1 813 245 4998",,https://www.riverstoneclassicalacademy.com/,1616 59th Street West,,Bradenton,Manatee County,FL,"34209",US,27.48599460,-82.62141550,classical,riverstone-classical-academy-fl-34209-fcapi-classicality-abstract.md,riverstone-classical-academy-fl-34209-fcapi-classicality-audit.md,riverstone-classical-academy-fl-34209-fcapi-classicality-audit.pdf,elementary-intermediate,Private School,Private,0,,,,,,,,,,,,,,,,,,,,,,,,,,,,,,0,,0,0,0,0,0,0,0,placeholders/placeholder-elementary-6.png,,0,0,0,0,2063,,K-8,"K, 1st, 2nd, 3rd, 4th, 5th, 6th, 7th, 8th"
001V400000tPCxy,Rivertree Academy,,,rivertree-academy-tx-76107,,"+1 817 420 9310",,http://rivertreeacademy.org,5548 Kilpatrick Ave.,,Fort Worth,,TX,"76107",US,32.72327980,-97.40424240,classical,rivertree-academy-tx-76107-fcapi-classicality-abstract.md,rivertree-academy-tx-76107-fcapi-classicality-audit.md,rivertree-academy-tx-76107-fcapi-classicality-audit.pdf,elementary-intermediate-secondary,,,0,,,,,,,,,,,,,,,,,,,,,,,,,,,,,,0,,0,0,0,0,0,0,0,placeholders/placeholder-elementary-7.png,,0,0,0,0,5270,,K-12,"K, 1st, 2nd, 3rd, 4th, 5th, 6th, 7th, 8th, 9th, 10th, 11th, 12th"
001V400000tPCxz,Riverwood Classical School,,,riverwood-classical-school-al-35406,secretary@riverwoodclassical.org,"+1 205 758 5502",,https://riverwoodclassical.org/,501 Rice Valley Rd. N,,Tuscaloosa,Tuscaloosa County,AL,"35406",US,33.24130500,-87.54217390,classical,riverwood-classical-school-al-35406-fcapi-classicality-abstract.md,riverwood-classical-school-al-35406-fcapi-classicality-audit.md,riverwood-classical-school-al-35406-fcapi-classicality-audit.pdf,elementary-intermediate-secondary,Private School,Private,0,,,,,,,,,,,,,,,,,,,,,,,,,,,,,,0,,0,0,0,0,0,0,0,placeholders/placeholder-elementary-9.png,,0,0,0,0,2065,,K-12,"K, 1st, 2nd, 3rd, 4th, 5th, 6th, 7th, 8th, 9th, 10th, 11th, 12th"
001V400000tPCy0,Rochester Classical Academy,,,rochester-classical-academy-ny-14610,info@rochesterclassicalacademy.org,"+1 585 935 1211",,https://rochesterclassicalacademy.org/,1775 East Ave.,,Rochester,Monroe County,NY,"14610",US,43.14537560,-77.55708130,classical,rochester-classical-academy-ny-14610-fcapi-classicality-abstract.md,rochester-classical-academy-ny-14610-fcapi-classicality-audit.md,rochester-classical-academy-ny-14610-fcapi-classicality-audit.pdf,elementary-intermediate,Private School,Private,0,,,,,,,,,,,,,,,,,,,,,,,,,,,,,,0,,0,0,0,0,0,0,0,placeholders/placeholder-elementary-1.png,,0,0,0,0,2067,,K-6,"K, 1st, 2nd, 3rd, 4th, 5th, 6th"
001V400000tPCy1,Rockbridge Academy,,,rockbridge-academy-md-21032,learning@rockbridge.org,"+1 410 923 1171",,https://www.rockbridge.org/,680 Evergreen Road,,Crownsville,,MD,"21032",US,39.06511960,-76.60697210,classical,rockbridge-academy-md-21032-fcapi-classicality-abstract.md,rockbridge-academy-md-21032-fcapi-classicality-audit.md,rockbridge-academy-md-21032-fcapi-classicality-audit.pdf,elementary-intermediate-secondary,Private School,Private School,0,,423,,,,,,,,,,,,,,,,,,,,,,,,,,,,1,,1,0,1,1,0,0,0,placeholders/placeholder-elementary-5.png,,0,0,0,0,2071,,PK-12,"Pre-K, K, 1st, 2nd, 3rd, 4th, 5th, 6th, 7th, 8th, 9th, 10th, 11th, 12th"
001V400000tPCy2,Rocky Bayou Christian School: Crestview,001V400000tOZKA,Rocky Bayou Christian Schools,rocky-bayou-christian-school-crestview-fl-32536,,"+1 850 306 3459",,http://rbcs.org,951 S Ferdon Blvd.,,Crestview,,FL,"32536",US,30.75079140,-86.56270220,classical,rocky-bayou-christian-school-crestview-fl-32536-fcapi-classicality-abstract.md,rocky-bayou-christian-school-crestview-fl-32536-fcapi-classicality-audit.md,rocky-bayou-christian-school-crestview-fl-32536-fcapi-classicality-audit.pdf,elementary-intermediate-secondary,,,0,,,,,,,,,,,,,,,,,,,,,,,5644,,,,,,,0,,0,0,0,0,0,0,0,placeholders/placeholder-k12-1.png,,0,0,0,0,5359,,K-12,"K, 1st, 2nd, 3rd, 4th, 5th, 6th, 7th, 8th, 9th, 10th, 11th, 12th"
001V400000tPCy3,Rocky Bayou Christian School: Niceville,001V400000tOZKA,Rocky Bayou Christian Schools,rocky-bayou-christian-school-niceville-fl-32578,,"+1 850 729 7227",,http://rbcs.org,2101 N Partin Dr.,,Niceville,,FL,"32578",US,30.52719120,-86.46205400,classical,rocky-bayou-christian-school-niceville-fl-32578-fcapi-classicality-abstract.md,rocky-bayou-christian-school-niceville-fl-32578-fcapi-classicality-audit.md,rocky-bayou-christian-school-niceville-fl-32578-fcapi-classicality-audit.pdf,elementary-intermediate-secondary,,,0,,,,,,,,,,,,,,,,,,,,,,,5644,,,,,,,0,,0,0,0,0,0,0,0,placeholders/placeholder-elementary-7.png,,0,0,0,0,5233,,K-12,"K, 1st, 2nd, 3rd, 4th, 5th, 6th, 7th, 8th, 9th, 10th, 11th, 12th"
001V400000tPCy4,Rogue Christian Academy,,,rogue-christian-academy-or-97526,info@roguechristianacademy.org,"+1 541 287 6080",,https://www.roguechristianacademy.org/,1121 NE Seventh St,,Grants Pass,,OR,"97526",US,42.44939820,-123.31977220,classical,rogue-christian-academy-or-97526-fcapi-classicality-abstract.md,rogue-christian-academy-or-97526-fcapi-classicality-audit.md,rogue-christian-academy-or-97526-fcapi-classicality-audit.pdf,elementary-intermediate,Private School,Private School,0,,150,,,,,,,,,,,,,,,,,,,,,,,,,,,,1,,1,0,1,1,0,1,0,placeholders/placeholder-k12-2.png,,0,0,0,0,2076,,PK-9,"Pre-K, K, 1st, 2nd, 3rd, 4th, 5th, 6th, 7th, 8th, 9th"
001V400000tPCyA,Runnels Academy,,,runnels-academy-tx-79720,jbryans27@hotmail.com,"+1 432 270 6075",,https://www.runnelsacademy.org/,102 E. 10th St.,,Big Spring,Howard County,TX,"79720",US,32.24611060,-101.47163410,classical,runnels-academy-tx-79720-fcapi-classicality-abstract.md,runnels-academy-tx-79720-fcapi-classicality-audit.md,runnels-academy-tx-79720-fcapi-classicality-audit.pdf,elementary-intermediate-secondary,Private School,Private,0,,,,,,,,,,,,,,,,,,,,,,,,,,,,,,0,,0,0,0,0,0,0,0,placeholders/placeholder-elementary-9.png,,0,0,0,0,2082,,K-11,"K, 1st, 2nd, 3rd, 4th, 5th, 6th, 7th, 8th, 9th, 10th, 11th"
001V400000tPCyB,SDG Asheville Classical Academy,,,sdg-asheville-classical-academy-nc-28786,,"",,,1000 Brevard Rd.,,Asheville,,NC,"28786",US,35.52606840,-82.60619770,classical,sdg-asheville-classical-academy-nc-28786-fcapi-classicality-abstract.md,sdg-asheville-classical-academy-nc-28786-fcapi-classicality-audit.md,sdg-asheville-classical-academy-nc-28786-fcapi-classicality-audit.pdf,elementary-intermediate-secondary,,,0,,,,,,,,,,,,,,,,,,,,,,,,,,,,,,0,,0,0,0,0,0,0,0,placeholders/placeholder-k12-5.png,,0,0,0,0,5187,,,
001V400000tPLGl,SOAR Academy,,,soar-academy-ga-30907,,"+1 970 481 1939",,https://soaracademy.net/,119 Pleasant Home Road,,Monument,Richmond County,GA,"30907",US,33.51385090,-82.07163310,somewhat-classical,soar-academy-ga-30907-fcapi-classicality-abstract.md,soar-academy-ga-30907-fcapi-classicality-audit.md,soar-academy-ga-30907-fcapi-classicality-audit.pdf,elementary-intermediate-secondary,Private School,Private,0,,,,,,,,,,,,,,,,,,,,,,,,,,,,,,0,,0,0,0,0,0,0,0,placeholders/placeholder-elementary-1.png,,0,0,0,0,2209,,K-12,"K, 1st, 2nd, 3rd, 4th, 5th, 6th, 7th, 8th, 9th, 10th, 11th, 12th"
001V400000tPCyF,Sager Classical Academy,,,sager-classical-academy-ar-72761,carrie.eben@sageracademy.com,"+1 918 289 5981",,https://sageracademy.com/,101 S Prospect St,,Siloam Springs,Benton County,AR,"72761",US,36.18068760,-94.52748470,classical,sager-classical-academy-ar-72761-fcapi-classicality-abstract.md,sager-classical-academy-ar-72761-fcapi-classicality-audit.md,sager-classical-academy-ar-72761-fcapi-classicality-audit.pdf,elementary-intermediate-secondary,Private School,Private,0,,,,,,,,,,,,,,,,,,,,,,,,,,,,,,0,,0,0,0,0,0,0,0,placeholders/placeholder-elementary-1.png,,0,0,0,0,2096,,K-12,"K, 1st, 2nd, 3rd, 4th, 5th, 6th, 7th, 8th, 9th, 10th, 11th, 12th"
001V400000tPCyG,Saint Abraham's Classical Christian Academy,,,saint-abrahams-classical-christian-academy-ca-95003,office@stabrahams.com,"+1 831 239 4657",,https://stabrahams.com/,1940 Bonita Dr.,,Aptos,Santa Cruz County,CA,"95003",US,36.95815720,-121.86458680,classical,saint-abrahams-classical-christian-academy-ca-95003-fcapi-classicality-abstract.md,saint-abrahams-classical-christian-academy-ca-95003-fcapi-classicality-audit.md,saint-abrahams-classical-christian-academy-ca-95003-fcapi-classicality-audit.pdf,elementary-intermediate-secondary,Private School,Private,0,,,,,,,,,,,,,,,,,,,,,,,,,,,,,,0,,0,0,0,0,0,0,0,placeholders/placeholder-elementary-3.png,,0,0,0,0,2098,,PK-12,"Pre-K, K, 1st, 2nd, 3rd, 4th, 5th, 6th, 7th, 8th, 9th, 10th, 11th, 12th"
001V400000tPCyH,Saint Andrew Catholic School,,,saint-andrew-catholic-school-tx-76109,Paul.Vanasse@standrewsch.org,"+1 817 924 8917",,https://standrewsch.org/,3304 Dr.yden Rd.,,Fort Worth,Tarrant County,TX,"76109",US,32.69494950,-97.36325650,classical,saint-andrew-catholic-school-tx-76109-fcapi-classicality-abstract.md,saint-andrew-catholic-school-tx-76109-fcapi-classicality-audit.md,saint-andrew-catholic-school-tx-76109-fcapi-classicality-audit.pdf,elementary-intermediate,Private School,Private,0,,,,,,,,,,,,,,,,,,,,,,,,,,,,,,0,,0,0,0,0,0,0,0,placeholders/placeholder-elementary-6.png,,0,0,0,0,2101,,PK-8,"Pre-K, K, 1st, 2nd, 3rd, 4th, 5th, 6th, 7th, 8th"
001V400000tPCyI,Saint Augustine School,,,saint-augustine-school-ms-39157,office@augustinems.com,"+1 769 972 1386",,https://augustinems.com/,1202 Highland Colony Parkway,,Ridgeland,Madison County,MS,"39157",US,32.44996530,-90.15040820,classical,saint-augustine-school-ms-39157-fcapi-classicality-abstract.md,saint-augustine-school-ms-39157-fcapi-classicality-audit.md,saint-augustine-school-ms-39157-fcapi-classicality-audit.pdf,elementary-intermediate-secondary,Private School,Private,0,,,,,,,,,,,,,,,,,,,,,,,,,,,,,,0,,0,0,0,0,0,0,0,placeholders/placeholder-elementary-9.png,,0,0,0,0,2104,,PK-12,"Pre-K, K, 1st, 2nd, 3rd, 4th, 5th, 6th, 7th, 8th, 9th, 10th, 11th, 12th"
001V400000tPCyJ,Saint Benedict Catholic School,,,saint-benedict-catholic-school-va-23221,,"+1 804 254 8850",,http://saintbenedictschool.org,3100 Grove Avenue,,Richmond,,VA,"23221",US,37.55671850,-77.47821060,classical,saint-benedict-catholic-school-va-23221-fcapi-classicality-abstract.md,saint-benedict-catholic-school-va-23221-fcapi-classicality-audit.md,saint-benedict-catholic-school-va-23221-fcapi-classicality-audit.pdf,elementary-intermediate-secondary,,,0,,,,,,,,,,,,,,,,,,,,,,,,,,,,,,0,,0,0,0,0,0,0,0,placeholders/placeholder-elementary-2.png,,0,0,0,0,2275,,K-12,"K, 1st, 2nd, 3rd, 4th, 5th, 6th, 7th, 8th, 9th, 10th, 11th, 12th"
001V400000tPCyK,Saint Boniface Academy,,,saint-boniface-academy-tn-37716,hello@boniface.academy,"+1 865 264 2008",,https://boniface.academy,3330 W Wolf Valley Rd,,Clinton,,TN,"37716",US,36.04001870,-84.16016610,classical,saint-boniface-academy-tn-37716-fcapi-classicality-abstract.md,saint-boniface-academy-tn-37716-fcapi-classicality-audit.md,saint-boniface-academy-tn-37716-fcapi-classicality-audit.pdf,elementary-intermediate,,,0,,,,,,,,,,,,,,,,,,,,,,,,,,,,,,0,,0,0,0,0,0,0,0,placeholders/placeholder-elementary-4.png,,0,0,0,0,3251,,1-9,"1st, 2nd, 3rd, 4th, 5th, 6th, 7th, 8th, 9th"
001V400000tPCyL,Saint Constantine School of Houston,,,saint-constantine-school-houston-tx-77036,info@saintconstantine.org,"+1 832 774 1944",,https://saintconstantine.org/,6000 Dale Carnegie Ln.,,Houston,Harris County,TX,"77036",US,29.71501290,-95.50711600,classical,saint-constantine-school-houston-tx-77036-fcapi-classicality-abstract.md,saint-constantine-school-houston-tx-77036-fcapi-classicality-audit.md,saint-constantine-school-houston-tx-77036-fcapi-classicality-audit.pdf,elementary-intermediate-secondary,,,0,,,,,,,,,,,,,,,,,,,,,,,,,,,,,,0,,0,0,0,0,0,0,0,placeholders/placeholder-elementary-7.png,,0,0,0,0,2110,,PK-12,"Pre-K, K, 1st, 2nd, 3rd, 4th, 5th, 6th, 7th, 8th, 9th, 10th, 11th, 12th"
001V400000tPCyN,Saint George Classical School,,,saint-george-classical-school-tx-78626,,"+1 512 522 2406",,,4051 East University Avenue,,Georgetown,Williamson County,TX,"78626",US,30.64394120,-97.62650320,classical,saint-george-classical-school-tx-78626-fcapi-classicality-abstract.md,saint-george-classical-school-tx-78626-fcapi-classicality-audit.md,saint-george-classical-school-tx-78626-fcapi-classicality-audit.pdf,elementary-intermediate-secondary,Private School,Private,0,,,,,,,,,,,,,,,,,,,,,,,,,,,,,,0,,0,0,0,0,0,0,0,placeholders/placeholder-elementary-7.png,,0,0,0,0,2118,,K-12,"K, 1st, 2nd, 3rd, 4th, 5th, 6th, 7th, 8th, 9th, 10th, 11th, 12th"
001V400000tPLHH,Saint John Bosco Academy,,,saint-john-bosco-academy-ga-30040,,"+1 404 915 0119",,https://www.sjbacademy.org/,4708 Shiloh Road,,Cumming,Forsyth County,GA,"30040",US,34.14309810,-84.20427490,somewhat-classical,saint-john-bosco-academy-ga-30040-fcapi-classicality-abstract.md,saint-john-bosco-academy-ga-30040-fcapi-classicality-audit.md,saint-john-bosco-academy-ga-30040-fcapi-classicality-audit.pdf,elementary-intermediate-secondary,Private School,Private,0,,,,,,,,,,,,,,,,,,,,,,,,,,,,,,0,,0,0,0,0,0,0,0,placeholders/placeholder-elementary-0.png,,0,0,0,0,2120,,PK-12,"Pre-K, K, 1st, 2nd, 3rd, 4th, 5th, 6th, 7th, 8th, 9th, 10th, 11th, 12th"
001V400000tPCyQ,Saint John Paul the Great Catholic High School,,,saint-john-paul-great-catholic-high-school-co-80210,,"+1 720 881 0395",,https://www.jpthegreatdenver.org/,2330 S. Sherman St.,,Denver,Denver County,CO,"80210",US,39.67416180,-104.98443090,classical,saint-john-paul-great-catholic-high-school-co-80210-fcapi-classicality-abstract.md,saint-john-paul-great-catholic-high-school-co-80210-fcapi-classicality-audit.md,saint-john-paul-great-catholic-high-school-co-80210-fcapi-classicality-audit.pdf,secondary,Private School,Private,0,,,,,,,,,,,,,,,,,,,,,,,,,,,,,,0,,0,0,0,0,0,0,0,placeholders/placeholder-elementary-2.png,,0,0,0,0,2123,,9-10,"9th, 10th"
001V400000tPCyR,Saint Mary School,,,saint-mary-school-nj-07748,,"+1 732 671 0129",,https://stmaryes.org/,538 Church Street,,Middletown,Monmouth County,NJ,"07748",US,40.41384100,-74.10186410,classical,saint-mary-school-nj-07748-fcapi-classicality-abstract.md,saint-mary-school-nj-07748-fcapi-classicality-audit.md,saint-mary-school-nj-07748-fcapi-classicality-audit.pdf,elementary-intermediate,Private School,Private School,0,,,,,,,,,,,,,,,,,,,,,,,,,,,,,,0,,0,0,0,0,0,0,0,placeholders/placeholder-elementary-9.png,,0,0,0,0,2130,,PK-8,"Pre-K, K, 1st, 2nd, 3rd, 4th, 5th, 6th, 7th, 8th"
001V400000tPCyS,Saint Monica Academy,,,saint-monica-academy-ca-91020,,"+1 626 229 0351",,https://www.stmonicaacademy.com/,2361 Del Mar Road,,Pasadena,Los Angeles County,CA,"91020",US,34.21147150,-118.23031370,classical,saint-monica-academy-ca-91020-fcapi-classicality-abstract.md,saint-monica-academy-ca-91020-fcapi-classicality-audit.md,saint-monica-academy-ca-91020-fcapi-classicality-audit.pdf,elementary-intermediate-secondary,Private School,Private,0,,,,,,,,,,,,,,,,,,,,,,,,,,,,,,0,,0,0,0,0,0,0,0,placeholders/placeholder-elementary-2.png,,0,0,0,0,2133,,1-12,"1st, 2nd, 3rd, 4th, 5th, 6th, 7th, 8th, 9th, 10th, 11th, 12th"
001V400000tPCyT,Saint Morwenna Scholé Group,001V400000tOZKD,Schole Communities,saint-morwenna-schole-group-warner-robins-ga,,"",,http://saintmorwenna.org,,,Warner Robins,,GA,"",US,32.61300070,-83.62420100,classical,saint-morwenna-schole-group-warner-robins-ga-fcapi-classicality-abstract.md,saint-morwenna-schole-group-warner-robins-ga-fcapi-classicality-audit.md,saint-morwenna-schole-group-warner-robins-ga-fcapi-classicality-audit.pdf,elementary-intermediate-secondary,,,0,,,,,,,,,,,,,,,,,,,,,,,5479,,,,,,,0,,0,0,0,0,0,0,0,placeholders/placeholder-schole-1.png,,0,0,0,0,5508,,,
001V400000tPCyV,Saint Raphael Catholic School,,,saint-raphael-catholic-school-mn-55428,,"+1 763 504 9450",,https://school.saintraphaelcrystal.org/,7301 Bass Lake Rd.,,Crystal,Hennepin County,MN,"55428",US,45.05328830,-93.37395880,classical,saint-raphael-catholic-school-mn-55428-fcapi-classicality-abstract.md,saint-raphael-catholic-school-mn-55428-fcapi-classicality-audit.md,saint-raphael-catholic-school-mn-55428-fcapi-classicality-audit.pdf,elementary-intermediate,Private School,Private,0,,,,,,,,,,,,,,,,,,,,,,,,,,,,,,0,,0,0,0,0,0,0,0,placeholders/placeholder-elementary-6.png,,0,0,0,0,2136,,K-8,"K, 1st, 2nd, 3rd, 4th, 5th, 6th, 7th, 8th"
001V400000tPCyW,Saint Rita Catholic School,,,saint-rita-catholic-school-va-22305,jcunningham@saintrita-school.org,"+1 703 548 1888",,https://saintrita-school.org/,3801 Russell Rd.,,Alexandria,Tarrant County,VA,"22305",US,32.73688680,-97.23457500,classical,saint-rita-catholic-school-va-22305-fcapi-classicality-abstract.md,saint-rita-catholic-school-va-22305-fcapi-classicality-audit.md,saint-rita-catholic-school-va-22305-fcapi-classicality-audit.pdf,elementary-intermediate,Private School,Private,0,,,,,,,,,,,,,,,,,,,,,,,,,,,,,,0,,0,0,0,0,0,0,0,placeholders/placeholder-elementary-8.png,,0,0,0,0,2140,,K-8,"K, 1st, 2nd, 3rd, 4th, 5th, 6th, 7th, 8th"
001V400000tPCyX,Saint Theresa Catholic School,,,saint-theresa-catholic-school-tx-77498,,"+1 281 494 1157",,https://sttheresacatholicschool.org/,705 St. Theresa Blvd.,,Sugar Land,Fort Bend County,TX,"77498",US,29.62881790,-95.63212660,classical,saint-theresa-catholic-school-tx-77498-fcapi-classicality-abstract.md,saint-theresa-catholic-school-tx-77498-fcapi-classicality-audit.md,saint-theresa-catholic-school-tx-77498-fcapi-classicality-audit.pdf,elementary-intermediate,Private School,Private,0,,,,,,,,,,,,,,,,,,,,,,,,,,,,,,0,,0,0,0,0,0,0,0,placeholders/placeholder-elementary-1.png,,0,0,0,0,2143,,K-8,"K, 1st, 2nd, 3rd, 4th, 5th, 6th, 7th, 8th"
001V400000tPCyY,Saint Thomas’ Episcopal,,,saint-thomas-episcopal-tx-77096,,"+1 713 666 3111",,http://stes.org,4900 Jackwood,,Houston,,TX,"77096",US,29.68536070,-95.46483910,classical,saint-thomas-episcopal-tx-77096-fcapi-classicality-abstract.md,saint-thomas-episcopal-tx-77096-fcapi-classicality-audit.md,saint-thomas-episcopal-tx-77096-fcapi-classicality-audit.pdf,elementary-intermediate-secondary,,,0,,,,,,,,,,,,,,,,,,,,,,,,,,,,,,0,,0,0,0,0,0,0,0,placeholders/placeholder-elementary-3.png,,0,0,0,0,5268,,K-12,"K, 1st, 2nd, 3rd, 4th, 5th, 6th, 7th, 8th, 9th, 10th, 11th, 12th"
001V400000tPCyZ,Samuel Fuller School,,,samuel-fuller-school-ma-02346,info@samuelfullerschool.org,"+1 508 947 3217",,https://samuelfullerschool.org/,6 Plympton St #1602,,Middleborough,Plymouth County,MA,"02346",US,41.90872540,-70.88482740,classical,samuel-fuller-school-ma-02346-fcapi-classicality-abstract.md,samuel-fuller-school-ma-02346-fcapi-classicality-audit.md,samuel-fuller-school-ma-02346-fcapi-classicality-audit.pdf,elementary-intermediate-secondary,Private School,Private,0,,,,,,,,,,,,,,,,,,,,,,,,,,,,,,0,,0,0,0,0,0,0,0,placeholders/placeholder-elementary-8.png,,0,0,0,0,2149,,K-12,"K, 1st, 2nd, 3rd, 4th, 5th, 6th, 7th, 8th, 9th, 10th, 11th, 12th"
001V400000tPCya,San Luis Obispo Classical Academy,,,san-luis-obispo-classical-academy-ca-93405,,"+1 916 580 9348",,https://sloclassical.org/,165 Grand Avenue,,San Luis Obispo,San Luis Obispo County,CA,"93405",US,35.29537990,-120.65365610,classical,san-luis-obispo-classical-academy-ca-93405-fcapi-classicality-abstract.md,san-luis-obispo-classical-academy-ca-93405-fcapi-classicality-audit.md,san-luis-obispo-classical-academy-ca-93405-fcapi-classicality-audit.pdf,elementary-intermediate-secondary,Private School,Private,0,,,,,,,,,,,,,,,,,,,,,,,,,,,,,,0,,0,0,0,0,0,0,0,placeholders/placeholder-elementary-2.png,,0,0,0,0,2153,,PK-12,"Pre-K, K, 1st, 2nd, 3rd, 4th, 5th, 6th, 7th, 8th, 9th, 10th, 11th, 12th"
001V400000tPCyb,San Marcos Academy,,,san-marcos-academy-tx-78666,,"+1 512 753 8040",,https://www.smabears.org/,2801 Ranch Rd. 12,,San Marcos,Hays County,TX,"78666",US,29.90335760,-97.99158760,classical,san-marcos-academy-tx-78666-fcapi-classicality-abstract.md,san-marcos-academy-tx-78666-fcapi-classicality-audit.md,san-marcos-academy-tx-78666-fcapi-classicality-audit.pdf,elementary-intermediate-secondary,Private School,Private,0,,,,,,,,,,,,,,,,,,,,,,,,,,,,,,0,,0,0,0,0,0,0,0,placeholders/placeholder-elementary-3.png,,0,0,0,0,2154,,K-12,"K, 1st, 2nd, 3rd, 4th, 5th, 6th, 7th, 8th, 9th, 10th, 11th, 12th"
001V400000tPCyc,San Ramon Valley Christian Academy,,,san-ramon-valley-christian-academy-ca-94526,,"+1 925 838 9622",,http://srvca.org,220 West El Pintado,,Danville,,CA,"94526",US,37.82466610,-121.99821490,classical,san-ramon-valley-christian-academy-ca-94526-fcapi-classicality-abstract.md,san-ramon-valley-christian-academy-ca-94526-fcapi-classicality-audit.md,san-ramon-valley-christian-academy-ca-94526-fcapi-classicality-audit.pdf,elementary-intermediate-secondary,,,0,,,,,,,,,,,,,,,,,,,,,,,,,,,,,,0,,0,0,0,0,0,0,0,placeholders/placeholder-k12-4.png,,0,0,0,0,5305,,,
001V400000tPCyd,Sanctuary Classical Village: A Scholé Homeschool Community,001V400000tOZKD,Schole Communities,sanctuary-classical-village-schole-homeschool-community-lapeer-mi,sanctuaryschole@gmail.com,"",,https://www.facebook.com/groups/330447871464129,,,Lapeer,,MI,"",US,43.05141610,-83.31883410,classical,sanctuary-classical-village-schole-homeschool-community-lapeer-mi-fcapi-classicality-abstract.md,sanctuary-classical-village-schole-homeschool-community-lapeer-mi-fcapi-classicality-audit.md,sanctuary-classical-village-schole-homeschool-community-lapeer-mi-fcapi-classicality-audit.pdf,elementary-intermediate-secondary,,,0,,,,,,,,,,,,,,,,,,,,,,,5479,,,,,,,0,,0,0,0,0,0,0,0,placeholders/placeholder-schole-1.png,,0,0,0,0,5518,,,
001V400000tPCye,Sandhills Classical Christian School,,,sandhills-classical-christian-school-nc-28388,office@sandhillsccs.org,"+1 910 695 1874",,https://sandhillsccs.org/,1487 Rays Bridge Rd.,,Whispering Pines,Moore County,NC,"28388",US,35.24975580,-79.40371700,classical,sandhills-classical-christian-school-nc-28388-fcapi-classicality-abstract.md,sandhills-classical-christian-school-nc-28388-fcapi-classicality-audit.md,sandhills-classical-christian-school-nc-28388-fcapi-classicality-audit.pdf,elementary-intermediate-secondary,Private School,Private,0,,,,,,,,,,,,,,,,,,,,,,,,,,,,,,0,,0,0,0,0,0,0,0,placeholders/placeholder-virtual-2.png,,0,0,0,0,2155,,PK-12,"Pre-K, K, 1st, 2nd, 3rd, 4th, 5th, 6th, 7th, 8th, 9th, 10th, 11th, 12th"
001V400000tPCyf,Sardis Classical Christian Community,,,sardis-classical-christian-community-ga-30622,admin@sardisccc.org,"+1 706 410 3366",,https://www.sardisccc.org/,2150 Lexington Road,,Bogart,Oconee County,GA,"30622",US,33.94928100,-83.53460800,classical,sardis-classical-christian-community-ga-30622-fcapi-classicality-abstract.md,sardis-classical-christian-community-ga-30622-fcapi-classicality-audit.md,sardis-classical-christian-community-ga-30622-fcapi-classicality-audit.pdf,elementary-intermediate-secondary,Private School,Private,0,,,,,,,,,,,,,,,,,,,,,,,,,,,,,,0,,0,0,0,0,0,0,0,placeholders/placeholder-elementary-7.png,,0,0,0,0,2160,,PK-10,"Pre-K, K, 1st, 2nd, 3rd, 4th, 5th, 6th, 7th, 8th, 9th, 10th"
001V400000tPCyg,Sayers Classical Academy,,,sayers-classical-academy-ky-40291,Office@SayersClassical.org,"+1 502 386 7277",,https://sayersclassical.org/,923 Lake Forest Parkway,,Louisville,Jefferson County,KY,"40291",US,38.25078850,-85.49059130,classical,sayers-classical-academy-ky-40291-fcapi-classicality-abstract.md,sayers-classical-academy-ky-40291-fcapi-classicality-audit.md,sayers-classical-academy-ky-40291-fcapi-classicality-audit.pdf,elementary-intermediate-secondary,Private School,Private,0,,,,,,,,,,,,,,,,,,,,,,,,,,,,,,0,,0,0,0,0,0,0,0,placeholders/placeholder-elementary-9.png,,0,0,0,0,2162,,K-12,"K, 1st, 2nd, 3rd, 4th, 5th, 6th, 7th, 8th, 9th, 10th, 11th, 12th"
001V400000tPCyh,Schaeffer Academy,,,schaeffer-academy-mn-55902,info@schaefferacademy.org,"+1 507 286 1050",,https://www.schaefferacademy.org/,2700 Schaeffer Lane NE,,Rochester,Olmsted County,MN,"55902",US,44.05215940,-92.41531320,classical,schaeffer-academy-mn-55902-fcapi-classicality-abstract.md,schaeffer-academy-mn-55902-fcapi-classicality-audit.md,schaeffer-academy-mn-55902-fcapi-classicality-audit.pdf,elementary-intermediate-secondary,Private School,Private,0,,,,,,,,,,,,,,,,,,,,,,,,,,,,,,0,,0,0,0,0,0,0,0,placeholders/placeholder-elementary-1.png,,0,0,0,0,2164,,K-12,"K, 1st, 2nd, 3rd, 4th, 5th, 6th, 7th, 8th, 9th, 10th, 11th, 12th"
001V400000tPCym,Schole Community of Dallas,001V400000tOZKD,Schole Communities,schole-community-of-dallas-dallas-tx,,"",,,,,Dallas,,TX,"",US,32.77666420,-96.79698790,classical,schole-community-of-dallas-dallas-tx-fcapi-classicality-abstract.md,schole-community-of-dallas-dallas-tx-fcapi-classicality-audit.md,schole-community-of-dallas-dallas-tx-fcapi-classicality-audit.pdf,elementary-intermediate-secondary,,,0,,,,,,,,,,,,,,,,,,,,,,,5479,,,,,,,0,,0,0,0,0,0,0,0,placeholders/placeholder-schole-1.png,,0,0,0,0,5554,,,
001V400000tPCyn,"Schole Community of Springfield, VA",001V400000tOZKD,Schole Communities,schole-community-springfield-va,,"",,,,,Springfield,,VA,"",US,38.78928010,-77.18720360,classical,schole-community-springfield-va-fcapi-classicality-abstract.md,schole-community-springfield-va-fcapi-classicality-audit.md,schole-community-springfield-va-fcapi-classicality-audit.pdf,elementary-intermediate-secondary,,,0,,,,,,,,,,,,,,,,,,,,,,,5479,,,,,,,0,,0,0,0,0,0,0,0,placeholders/placeholder-schole-1.png,,0,0,0,0,5561,,,
001V400000tPCyo,Schole From Grace,001V400000tOZKD,Schole Communities,schole-from-grace-williamsburg-va,scholefromgrace@gmail.com,"",,,,,Williamsburg,,VA,"",US,37.27573050,-76.70980490,classical,schole-from-grace-williamsburg-va-fcapi-classicality-abstract.md,schole-from-grace-williamsburg-va-fcapi-classicality-audit.md,schole-from-grace-williamsburg-va-fcapi-classicality-audit.pdf,elementary-intermediate-secondary,,,0,,,,,,,,,,,,,,,,,,,,,,,5479,,,,,,,0,,0,0,0,0,0,0,0,placeholders/placeholder-schole-1.png,,0,0,0,0,5562,,,
001V400000tPCyp,Schole Homeschool Center of Harrisburg,001V400000tOZKD,Schole Communities,schole-homeschool-center-harrisburg-pa,scholeHCH@gmail.com,"",,https://www.facebook.com/groups/204005006767139,,,Harrisburg,,PA,"",US,40.27319110,-76.88670080,classical,schole-homeschool-center-harrisburg-pa-fcapi-classicality-abstract.md,schole-homeschool-center-harrisburg-pa-fcapi-classicality-audit.md,schole-homeschool-center-harrisburg-pa-fcapi-classicality-audit.pdf,elementary-intermediate-secondary,,,0,,,,,,,,,,,,,,,,,,,,,,,5479,,,,,,,0,,0,0,0,0,0,0,0,placeholders/placeholder-schole-1.png,,0,0,0,0,5539,,,
001V400000tPCyq,Scholé of Northern Utah,001V400000tOZKD,Schole Communities,schole-of-northern-utah-layton-ut,scholeofutah@gmail.com,"",,https://www.facebook.com/scholeofutahhttps://scholeofutah.com,,,Layton,,UT,"",US,41.06022160,-111.97105290,classical,schole-of-northern-utah-layton-ut-fcapi-classicality-abstract.md,schole-of-northern-utah-layton-ut-fcapi-classicality-audit.md,schole-of-northern-utah-layton-ut-fcapi-classicality-audit.pdf,elementary-intermediate-secondary,,,0,,,,,,,,,,,,,,,,,,,,,,,5479,,,,,,,0,,0,0,0,0,0,0,0,placeholders/placeholder-schole-1.png,,0,0,0,0,5556,,,
001V400000tPLHw,Scottsdale Preparatory,001V400000tOBYR,Great Hearts America,scottsdale-preparatory-az-85260,,"+1 480 776 1970",,https://scottsdaleprep.greatheartsamerica.org/,16537 North 92nd St,,Scottsdale,,AZ,"85260",US,33.61602930,-111.89263030,classical,scottsdale-preparatory-az-85260-fcapi-classicality-abstract.md,scottsdale-preparatory-az-85260-fcapi-classicality-audit.md,scottsdale-preparatory-az-85260-fcapi-classicality-audit.pdf,intermediate-secondary,,,0,,,,,,,,,,,,,,,,,,,,,,,157,,,,,,,0,,0,0,0,0,0,0,0,placeholders/placeholder-intermediate-2.png,,0,0,0,0,5152,,6-12,"6th, 7th, 8th, 9th, 10th, 11th, 12th"
001V400000tPCyt,Seacoast Classical Academy,,,seacoast-classical-academy-nh-03833,,"+1 603 303 3111",,https://seacoastclassical.org/,53 Carlton E Sockwell Way,,Exeter,Rockingham County,NH,"03833",US,42.86312730,-71.06648880,classical,seacoast-classical-academy-nh-03833-fcapi-classicality-abstract.md,seacoast-classical-academy-nh-03833-fcapi-classicality-audit.md,seacoast-classical-academy-nh-03833-fcapi-classicality-audit.pdf,elementary-intermediate,Charter,Public,0,,,,,,,,,,,,,,,,,,,,,,,,,,,,,,0,,0,0,0,0,0,0,0,placeholders/placeholder-elementary-0.png,,0,0,0,0,2175,,K-8,"K, 1st, 2nd, 3rd, 4th, 5th, 6th, 7th, 8th"
001V400000tPCyu,Seale Christian Academy,,,seale-christian-academy-al-36875,SealeChristianAcademy@gmail.com,"+1 334 384 4480",,https://www.sealechristianacademy.org/,5077 Old Seale Hwy,,Seale,,AL,"36875",US,32.28219150,-85.16767200,classical,seale-christian-academy-al-36875-fcapi-classicality-abstract.md,seale-christian-academy-al-36875-fcapi-classicality-audit.md,seale-christian-academy-al-36875-fcapi-classicality-audit.pdf,elementary-intermediate-secondary,,,0,,,,,,,,,,,,,,,,,,,,,,,,,,,,,,0,,0,0,0,0,0,0,0,placeholders/placeholder-elementary-1.png,,0,0,0,0,3259,,PK-12,"Pre-K, K, 1st, 2nd, 3rd, 4th, 5th, 6th, 7th, 8th, 9th, 10th, 11th, 12th"
001V400000tPCyv,Seattle Classical Christian School,,,seattle-classical-christian-school-wa-98122,info@seattleclassicalchristianschool.org,"+1 206 261 8797",,https://www.seattleclassicalchristianschool.org/,810 18th Ave.,,Seattle,King County,WA,"98122",US,47.60960810,-122.30854360,classical,seattle-classical-christian-school-wa-98122-fcapi-classicality-abstract.md,seattle-classical-christian-school-wa-98122-fcapi-classicality-audit.md,seattle-classical-christian-school-wa-98122-fcapi-classicality-audit.pdf,elementary-intermediate-secondary,Private School,Private,0,,,,,,,,,,,,,,,,,,,,,,,,,,,,,,0,,0,0,0,0,0,0,0,placeholders/placeholder-elementary-3.png,,0,0,0,0,2177,,K-11,"K, 1st, 2nd, 3rd, 4th, 5th, 6th, 7th, 8th, 9th, 10th, 11th"
001V400000tPCyw,Second Baptist School,001V400000tOBYc,Second Baptist University Model Schools,second-baptist-school-tx-77057,,"+1 713 365 2310",,https://www.secondbaptistschool.org/,6410 Woodway Drive,,Houston,Harris County,TX,"77057",US,29.75837880,-95.49876650,classical,second-baptist-school-tx-77057-fcapi-classicality-abstract.md,second-baptist-school-tx-77057-fcapi-classicality-audit.md,second-baptist-school-tx-77057-fcapi-classicality-audit.pdf,elementary-intermediate-secondary,Private School,Private,0,,,,,,,,,,,,,,,,,,,,,,,5331,,,,,,,0,,0,0,0,0,0,0,0,placeholders/placeholder-elementary-4.png,,0,0,0,0,2178,,K-12,"K, 1st, 2nd, 3rd, 4th, 5th, 6th, 7th, 8th, 9th, 10th, 11th, 12th"
001V400000tPCyx,Second Baptist School University Model 1463,001V400000tOBYc,Second Baptist University Model Schools,second-baptist-school-university-model-1463-tx-77494,,"+1 713 365 2383",,https://www.sbsum-1463.org/,5757 FM 1463,,Katy,,TX,"77494",US,29.70928640,-95.84483880,classical,second-baptist-school-university-model-1463-tx-77494-fcapi-classicality-abstract.md,second-baptist-school-university-model-1463-tx-77494-fcapi-classicality-audit.md,second-baptist-school-university-model-1463-tx-77494-fcapi-classicality-audit.pdf,elementary-intermediate-secondary,Private School,Private School,0,,188,,,,,,,,,,,,,,,,,,,,,5331,,,,,,,1,,0,0,1,1,0,1,0,placeholders/placeholder-elementary-5.png,,0,0,0,0,2179,,PK-12,"Pre-K, K, 1st, 2nd, 3rd, 4th, 5th, 6th, 7th, 8th, 9th, 10th, 11th, 12th"
001V400000tPCyy,Second Baptist School University Model Cypress,001V400000tOBYc,Second Baptist University Model Schools,second-baptist-school-university-model-cypress-tx-77433,,"+1 713 365 2383",,https://www.sbsum-cypress.org/,29900 Hwy 290,,Cypress,,TX,"77433",US,29.99874640,-95.76256010,classical,second-baptist-school-university-model-cypress-tx-77433-fcapi-classicality-abstract.md,second-baptist-school-university-model-cypress-tx-77433-fcapi-classicality-audit.md,second-baptist-school-university-model-cypress-tx-77433-fcapi-classicality-audit.pdf,elementary-intermediate-secondary,Private School,Private School,0,,188,,,,,,,,,,,,,,,,,,,,,5331,,,,,,,1,,0,0,1,1,0,1,0,placeholders/placeholder-elementary-6.png,,0,0,0,0,2180,,PK-12,"Pre-K, K, 1st, 2nd, 3rd, 4th, 5th, 6th, 7th, 8th, 9th, 10th, 11th, 12th"
001V400000tPCyz,Second Baptist School University Model Memorial,001V400000tOBYc,Second Baptist University Model Schools,second-baptist-school-university-model-memorial-tx-77024,,"+1 713 365 2383",,https://www.sbsum-memorial.org/,11750 Memorial Drive,,Houston,,TX,"77024",US,29.75497120,-95.52883990,classical,second-baptist-school-university-model-memorial-tx-77024-fcapi-classicality-abstract.md,second-baptist-school-university-model-memorial-tx-77024-fcapi-classicality-audit.md,second-baptist-school-university-model-memorial-tx-77024-fcapi-classicality-audit.pdf,elementary-intermediate-secondary,Private School,Private School,0,,188,,,,,,,,,,,,,,,,,,,,,5331,,,,,,,1,,0,0,1,1,0,1,0,placeholders/placeholder-elementary-7.png,,0,0,0,0,2181,,PK-12,"Pre-K, K, 1st, 2nd, 3rd, 4th, 5th, 6th, 7th, 8th, 9th, 10th, 11th, 12th"
001V400000tPCz0,Second Baptist School University Model North,001V400000tOBYc,Second Baptist University Model Schools,second-baptist-school-university-model-north-tx-77339,,"+1 281 359 1090",,https://www.sbsum-north.org/,22770 Hwy 59 N,,Kingwood,Harris County,TX,"77339",US,30.04461490,-95.25179490,classical,second-baptist-school-university-model-north-tx-77339-fcapi-classicality-abstract.md,second-baptist-school-university-model-north-tx-77339-fcapi-classicality-audit.md,second-baptist-school-university-model-north-tx-77339-fcapi-classicality-audit.pdf,elementary-intermediate-secondary,Private School,Private,0,,,,,,,,,,,,,,,,,,,,,,,5331,,,,,,,0,,0,0,0,0,0,0,0,placeholders/placeholder-elementary-8.png,,0,0,0,0,873,,PK-12,"Pre-K, K, 1st, 2nd, 3rd, 4th, 5th, 6th, 7th, 8th, 9th, 10th, 11th, 12th"
001V400000tPCz1,Second Baptist School University Model South,001V400000tOBYc,Second Baptist University Model Schools,second-baptist-school-university-model-south-tx-77584,,"+1 713 365 2389",,https://www.sbsum-south.org/,12008 Shadow Creek Pkwy,,Pearland,Harris County,TX,"77584",US,29.57494480,-95.40504530,classical,second-baptist-school-university-model-south-tx-77584-fcapi-classicality-abstract.md,second-baptist-school-university-model-south-tx-77584-fcapi-classicality-audit.md,second-baptist-school-university-model-south-tx-77584-fcapi-classicality-audit.pdf,elementary-intermediate-secondary,Private School,Private,0,,,,,,,,,,,,,,,,,,,,,,,5331,,,,,,,0,,0,0,0,0,0,0,0,placeholders/placeholder-k12-1.png,,0,0,0,0,5332,,PK-12,"Pre-K, K, 1st, 2nd, 3rd, 4th, 5th, 6th, 7th, 8th, 9th, 10th, 11th, 12th"
001V400000tPCz2,Second Baptist School University Model West,001V400000tOBYc,Second Baptist University Model Schools,second-baptist-school-university-model-west-tx-77094,,"+1 713 365 2383",,https://www.sbsum-west.org/,19449 Katy Freeway,,Houston,Harris County,TX,"77094",US,29.78019160,-95.71024000,classical,second-baptist-school-university-model-west-tx-77094-fcapi-classicality-abstract.md,second-baptist-school-university-model-west-tx-77094-fcapi-classicality-audit.md,second-baptist-school-university-model-west-tx-77094-fcapi-classicality-audit.pdf,elementary-intermediate-secondary,Private School,Private,0,,,,,,,,,,,,,,,,,,,,,,,5331,,,,,,,0,,0,0,0,0,0,0,0,placeholders/placeholder-elementary-9.png,,0,0,0,0,2182,,PK-12,"Pre-K, K, 1st, 2nd, 3rd, 4th, 5th, 6th, 7th, 8th, 9th, 10th, 11th, 12th"
001V400000tPCz5,Sequitur Classical Academy,,,sequitur-classical-academy-la-70808,sequitur@sequiturbr.com,"+1 225 242 9737",,https://www.sequiturbr.com/,2037 Quail Drive,,Baton Rouge,East Baton Rouge Parish,LA,"70808",US,30.39747870,-91.13034310,classical,sequitur-classical-academy-la-70808-fcapi-classicality-abstract.md,sequitur-classical-academy-la-70808-fcapi-classicality-audit.md,sequitur-classical-academy-la-70808-fcapi-classicality-audit.pdf,elementary-intermediate-secondary,Private School,Private,0,,,,,,,,,,,,,,,,,,,,,,,,,,,,,,0,,0,0,0,0,0,0,0,placeholders/placeholder-elementary-4.png,,0,0,0,0,2185,,K-12,"K, 1st, 2nd, 3rd, 4th, 5th, 6th, 7th, 8th, 9th, 10th, 11th, 12th"
001V400000tPCz6,Seton-La Salle Catholic High School,,,seton-la-salle-catholic-high-school-pa-15226,,"+1 412 225 0440",,https://www.slshs.org/,1000 McNeilly Road,,Pittsburgh,Allegheny County,PA,"15226",US,40.38744570,-80.02677520,classical,seton-la-salle-catholic-high-school-pa-15226-fcapi-classicality-abstract.md,seton-la-salle-catholic-high-school-pa-15226-fcapi-classicality-audit.md,seton-la-salle-catholic-high-school-pa-15226-fcapi-classicality-audit.pdf,secondary,Private School,Private,0,,,,,,,,,,,,,,,,,,,,,,,,,,,,,,0,,0,0,0,0,0,0,0,placeholders/placeholder-secondary-5.png,,0,0,0,0,2189,,9-12,"9th, 10th, 11th, 12th"
001V400000tPCz7,Seven Oaks Classical School,,,seven-oaks-classical-school-in-47429,info@sevenoaksclassical.org,"+1 812 935 5003",,https://sevenoaksclassical.org/,200 East Association St.,,Ellettsville,Monroe County,IN,"47429",US,39.22968470,-86.62159380,classical,seven-oaks-classical-school-in-47429-fcapi-classicality-abstract.md,seven-oaks-classical-school-in-47429-fcapi-classicality-audit.md,seven-oaks-classical-school-in-47429-fcapi-classicality-audit.pdf,elementary-intermediate-secondary,Charter,Public,0,,,,,,,,,,,,,,,,,,,,,,,,,,,,,,0,,0,0,0,0,0,0,0,placeholders/placeholder-elementary-9.png,,0,0,0,0,2191,,K-12,"K, 1st, 2nd, 3rd, 4th, 5th, 6th, 7th, 8th, 9th, 10th, 11th, 12th"
001V400000tPCz8,Sheridan Hills Christian School,,,sheridan-hills-christian-school-fl-33021,admissions@shcssharks.com,"+1 954 966 7995",,https://shcssharks.com/,3751 Sheridan St.,,Hollywood,Broward County,FL,"33021",US,26.03340530,-80.18064880,classical,sheridan-hills-christian-school-fl-33021-fcapi-classicality-abstract.md,sheridan-hills-christian-school-fl-33021-fcapi-classicality-audit.md,sheridan-hills-christian-school-fl-33021-fcapi-classicality-audit.pdf,elementary-intermediate-secondary,Private School,Private,0,,,,,,,,,,,,,,,,,,,,,,,,,,,,,,0,,0,0,0,0,0,0,0,placeholders/placeholder-elementary-3.png,,0,0,0,0,2197,,K-12,"K, 1st, 2nd, 3rd, 4th, 5th, 6th, 7th, 8th, 9th, 10th, 11th, 12th"
001V400000tPCz9,Shiloh Christian Academy,,,shiloh-christian-academy-ok-73065,info@shilohca.org,"+1 405 387 2387",,https://www.shilohca.org/,313 S Highway 76 73065,,Newcastle,McClain County,OK,"73065",US,35.24418250,-97.65438840,classical,shiloh-christian-academy-ok-73065-fcapi-classicality-abstract.md,shiloh-christian-academy-ok-73065-fcapi-classicality-audit.md,shiloh-christian-academy-ok-73065-fcapi-classicality-audit.pdf,elementary-intermediate,Private School,Private,0,,,,,,,,,,,,,,,,,,,,,,,,,,,,,,0,,0,0,0,0,0,0,0,placeholders/placeholder-elementary-5.png,,0,0,0,0,2199,,K-8,"K, 1st, 2nd, 3rd, 4th, 5th, 6th, 7th, 8th"
001V400000tPCzB,Smith Preparatory Academy,,,smith-preparatory-academy-fl-32752,office@smithprep.com,"+1 407 260 0157",,https://www.smithprep.com/,PO Box 521522,,Casselberry,Seminole County,FL,"32752",US,28.66801750,-81.33847490,classical,smith-preparatory-academy-fl-32752-fcapi-classicality-abstract.md,smith-preparatory-academy-fl-32752-fcapi-classicality-audit.md,smith-preparatory-academy-fl-32752-fcapi-classicality-audit.pdf,elementary-intermediate-secondary,Private School,Private,0,,,,,,,,,,,,,,,,,,,,,,,,,,,,,,0,,0,0,0,0,0,0,0,placeholders/placeholder-elementary-1.png,,0,0,0,0,2206,,K-12,"K, 1st, 2nd, 3rd, 4th, 5th, 6th, 7th, 8th, 9th, 10th, 11th, 12th"
001V400000tPCzC,Sojourn Academy,,,sojourn-academy-tx-77385,admin@sojournacademy.org,"+1 281 298 5800",,https://sojournacademy.org/,27420 Robinson Rd.,,Oak Ridge North,Montgomery County,TX,"77385",US,30.15663500,-95.43865000,classical,sojourn-academy-tx-77385-fcapi-classicality-abstract.md,sojourn-academy-tx-77385-fcapi-classicality-audit.md,sojourn-academy-tx-77385-fcapi-classicality-audit.pdf,elementary-intermediate-secondary,Private School,Private,0,,,,,,,,,,,,,,,,,,,,,,,,,,,,,,0,,0,0,0,0,0,0,0,placeholders/placeholder-elementary-4.png,,0,0,0,0,2211,,K-12,"K, 1st, 2nd, 3rd, 4th, 5th, 6th, 7th, 8th, 9th, 10th, 11th, 12th"
001V400000tPCzD,Sola Gratia Classical Academy Inc,001V400000tOZKD,Schole Communities,sola-gratia-classical-academy-cary-nc,sgcadirector@gmail.com,"",,https://www.solagratiascholegroups.com,,,Cary,,NC,"",US,35.78904020,-78.77976440,classical,sola-gratia-classical-academy-cary-nc-fcapi-classicality-abstract.md,sola-gratia-classical-academy-cary-nc-fcapi-classicality-audit.md,sola-gratia-classical-academy-cary-nc-fcapi-classicality-audit.pdf,elementary-intermediate-secondary,,,0,,,,,,,,,,,,,,,,,,,,,,,5479,,,,,,,0,,0,0,0,0,0,0,0,placeholders/placeholder-schole-1.png,,0,0,0,0,5528,,,
001V400000tPCzG,Sonoran Learning Collective: A Scholé Community,001V400000tOZKD,Schole Communities,sonoran-learning-collective-schole-community-cave-creek-az,marta@sonoranlearningcollective.org,"",,https://www.sonoranlearningcollective.org,,,Cave Creek,,AZ,"",US,33.83211830,-111.94749440,classical,sonoran-learning-collective-schole-community-cave-creek-az-fcapi-classicality-abstract.md,sonoran-learning-collective-schole-community-cave-creek-az-fcapi-classicality-audit.md,sonoran-learning-collective-schole-community-cave-creek-az-fcapi-classicality-audit.pdf,elementary-intermediate-secondary,,,0,,,,,,,,,,,,,,,,,,,,,,,5479,,,,,,,0,,0,0,0,0,0,0,0,placeholders/placeholder-schole-1.png,,0,0,0,0,5498,,,
001V400000tPCzH,Sonoran Scholé,001V400000tOZKD,Schole Communities,sonoran-schole-north-phoenix-az,janetarizona@gmail.com,"",,https://www.facebook.com/groups/sonoranschole,,,North Phoenix,,AZ,"",US,33.66105340,-112.12087220,classical,sonoran-schole-north-phoenix-az-fcapi-classicality-abstract.md,sonoran-schole-north-phoenix-az-fcapi-classicality-audit.md,sonoran-schole-north-phoenix-az-fcapi-classicality-audit.pdf,elementary-intermediate-secondary,,,0,,,,,,,,,,,,,,,,,,,,,,,5479,,,,,,,0,,0,0,0,0,0,0,0,placeholders/placeholder-schole-1.png,,0,0,0,0,5497,,,
001V400000tPCzN,South Hills Catholic Academy,,,south-hills-catholic-academy-pa-15228,,"+1 412 631 3131",,https://www.shcacademy.com/,550 Sleepy Hollow Rd.,Suite 2,Pittsburgh,Allegheny County,PA,"15228",US,40.37546550,-80.02336340,classical,south-hills-catholic-academy-pa-15228-fcapi-classicality-abstract.md,south-hills-catholic-academy-pa-15228-fcapi-classicality-audit.md,south-hills-catholic-academy-pa-15228-fcapi-classicality-audit.pdf,elementary-intermediate,Private School,Private,0,,,,,,,,,,,,,,,,,,,,,,,,,,,,,,0,,0,0,0,0,0,0,0,placeholders/placeholder-elementary-4.png,,0,0,0,0,2220,,PK-8,"Pre-K, K, 1st, 2nd, 3rd, 4th, 5th, 6th, 7th, 8th"
001V400000tPLIb,Southeast Ohio Classical Academy,,,southeast-ohio-classical-academy-oh-43138,,"+1 740 823 7622",,https://www.socacademy.org/,15663 -595,,Logan,Hocking County,OH,"43138",US,39.49583730,-82.32912800,classical,southeast-ohio-classical-academy-oh-43138-fcapi-classicality-abstract.md,southeast-ohio-classical-academy-oh-43138-fcapi-classicality-audit.md,southeast-ohio-classical-academy-oh-43138-fcapi-classicality-audit.pdf,elementary-intermediate,Charter,Public,0,,,,,,,,,,,,,,,,,,,,,,,,,,,,,,0,,0,0,0,0,0,0,0,placeholders/placeholder-elementary-9.png,,0,0,0,0,2225,,K-6,"K, 1st, 2nd, 3rd, 4th, 5th, 6th"
001V400000tPCzO,Southern Scholé Scholars,001V400000tOZKD,Schole Communities,southern-schole-scholars-columbus-ga,southernschole@gmail.com,"",,,,,Columbus,,GA,"",US,32.46671070,-84.99189620,classical,southern-schole-scholars-columbus-ga-fcapi-classicality-abstract.md,southern-schole-scholars-columbus-ga-fcapi-classicality-audit.md,southern-schole-scholars-columbus-ga-fcapi-classicality-audit.pdf,elementary-intermediate-secondary,,,0,,,,,,,,,,,,,,,,,,,,,,,5479,,,,,,,0,,0,0,0,0,0,0,0,placeholders/placeholder-schole-1.png,,0,0,0,0,5509,,,
001V400000tPCzQ,Sparrow's Song: A Scholé Community,001V400000tOZKD,Schole Communities,sparrows-song-schole-community-chico-ca,sparrowssong@att.net,"",,,,,Chico,,CA,"",US,39.72849710,-121.83749090,classical,sparrows-song-schole-community-chico-ca-fcapi-classicality-abstract.md,sparrows-song-schole-community-chico-ca-fcapi-classicality-audit.md,sparrows-song-schole-community-chico-ca-fcapi-classicality-audit.pdf,elementary-intermediate-secondary,,,0,,,,,,,,,,,,,,,,,,,,,,,5479,,,,,,,0,,0,0,0,0,0,0,0,placeholders/placeholder-schole-1.png,,0,0,0,0,5500,,,
001V400000tPCzT,Spirit and Grace Academy,,,spirit-grace-academy-ne-68022,,"",,https://spiritandgraceacademy.com/,22520 Mt Michael Rd,,Elkhorn,,NE,"68022",US,41.31644500,-96.26879670,classical,spirit-grace-academy-ne-68022-fcapi-classicality-abstract.md,spirit-grace-academy-ne-68022-fcapi-classicality-audit.md,spirit-grace-academy-ne-68022-fcapi-classicality-audit.pdf,elementary-intermediate,Private School,Private School,0,,,,,,,,,,,,,,,,,,,,,,,,,,,,,,0,,0,0,0,1,0,0,1,placeholders/placeholder-elementary-9.png,,0,0,0,0,2237,,K-8,"K, 1st, 2nd, 3rd, 4th, 5th, 6th, 7th, 8th"
001V400000tPCzU,Spokane Classical Christian School,,,spokane-classical-christian-school-wa-99214,spokaneclassical@gmail.com,"+1 509 325 2252",,https://www.spokaneclassical.com/,2000 N Standard St.,,Spokane,Spokane County,WA,"99214",US,47.67588070,-117.40030490,classical,spokane-classical-christian-school-wa-99214-fcapi-classicality-abstract.md,spokane-classical-christian-school-wa-99214-fcapi-classicality-audit.md,spokane-classical-christian-school-wa-99214-fcapi-classicality-audit.pdf,elementary-intermediate-secondary,Private School,Private,0,,,,,,,,,,,,,,,,,,,,,,,,,,,,,,0,,0,0,0,0,0,0,0,placeholders/placeholder-elementary-1.png,,0,0,0,0,2240,,PK-12,"Pre-K, K, 1st, 2nd, 3rd, 4th, 5th, 6th, 7th, 8th, 9th, 10th, 11th, 12th"
001V400000tPCzX,Spring Hill Christian,,,spring-hill-christian-tn-37174,,"+1 615 302 1273",,http://shchristian.com,2001 Campbell Station Parkway,,Spring Hill,,TN,"37174",US,35.77638470,-86.91289200,classical,spring-hill-christian-tn-37174-fcapi-classicality-abstract.md,spring-hill-christian-tn-37174-fcapi-classicality-audit.md,spring-hill-christian-tn-37174-fcapi-classicality-audit.pdf,elementary-intermediate-secondary,,,0,,,,,,,,,,,,,,,,,,,,,,,,,,,,,,0,,0,0,0,0,0,0,0,placeholders/placeholder-k12-0.png,,0,0,0,0,5215,,,
001V400000tPCzb,St. Ambrose Academy,,,st-ambrose-academy-wi-53719,,"+1 608 827 5863",,https://ambroseacademy.org/,3 Point Place Ste. 150,,Madison,Dane County,WI,"53719",US,43.05148830,-89.52219310,classical,st-ambrose-academy-wi-53719-fcapi-classicality-abstract.md,st-ambrose-academy-wi-53719-fcapi-classicality-audit.md,st-ambrose-academy-wi-53719-fcapi-classicality-audit.pdf,intermediate-secondary,Private School,Private,0,,,,,,,,,,,,,,,,,,,,,,,,,,,,,,0,,0,0,0,0,0,0,0,placeholders/placeholder-intermediate-4.png,,0,0,0,0,2254,,6-12,"6th, 7th, 8th, 9th, 10th, 11th, 12th"
001V400000tPCzc,St. Andrew School,,,st-andrew-school-mt-59601,,"+1 402 641 5843",,https://standrewschool.org/,1900 Flowerree St,,Helena,Lewis and Clark County,MT,"59601",US,46.60035800,-112.06805900,classical,st-andrew-school-mt-59601-fcapi-classicality-abstract.md,st-andrew-school-mt-59601-fcapi-classicality-audit.md,st-andrew-school-mt-59601-fcapi-classicality-audit.pdf,elementary-intermediate-secondary,Private School,Private,0,,,,,,,,,,,,,,,,,,,,,,,,,,,,,,0,,0,0,0,0,0,0,0,placeholders/placeholder-elementary-5.png,,0,0,0,0,2256,,K-12,"K, 1st, 2nd, 3rd, 4th, 5th, 6th, 7th, 8th, 9th, 10th, 11th, 12th"
001V400000tPCzd,St. Ann Classical Academy,,,st-ann-classical-academy-nj-08869,info@stannclassical.org,"+1 908 725 7787",,https://stannclassical.org/,40 2nd Avenue,,Raritan,Somerset County,NJ,"08869",US,40.56937790,-74.63504380,classical,st-ann-classical-academy-nj-08869-fcapi-classicality-abstract.md,st-ann-classical-academy-nj-08869-fcapi-classicality-audit.md,st-ann-classical-academy-nj-08869-fcapi-classicality-audit.pdf,elementary-intermediate,Private School,Private School,0,,,,,,,,,,,,,,,,,,,,,,,,,,,,,,1,,0,0,1,0,0,0,0,placeholders/placeholder-elementary-8.png,,0,0,0,0,2259,,PK-8,"Pre-K, K, 1st, 2nd, 3rd, 4th, 5th, 6th, 7th, 8th"
001V400000tPCze,St. Anthony Academy,,,st-anthony-academy-va-22030,,"+1 703 330 2121",,https://stanthonyacademy.org/,10201 Main St.,Suite 125,Fairfax,,VA,"22030",US,38.84396110,-77.29972150,classical,st-anthony-academy-va-22030-fcapi-classicality-abstract.md,st-anthony-academy-va-22030-fcapi-classicality-audit.md,st-anthony-academy-va-22030-fcapi-classicality-audit.pdf,elementary-intermediate,Private School,Private,0,,,,,,,,,,,,,,,,,,,,,,,,,,,,,,0,,0,0,0,0,0,0,0,placeholders/placeholder-elementary-1.png,,0,0,0,0,2263,,K-8,"K, 1st, 2nd, 3rd, 4th, 5th, 6th, 7th, 8th"
001V400000tPCzf,St. Anthony Tri Parish Catholic School,,,st-anthony-tri-parish-catholic-school-wy-82604,,"+1 307 234 2873",,https://mounthopecasper.com/school/,1145 West 20th Street,,Casper,Natrona County,WY,"82604",US,42.83077530,-106.34000540,classical,st-anthony-tri-parish-catholic-school-wy-82604-fcapi-classicality-abstract.md,st-anthony-tri-parish-catholic-school-wy-82604-fcapi-classicality-audit.md,st-anthony-tri-parish-catholic-school-wy-82604-fcapi-classicality-audit.pdf,elementary-intermediate-secondary,Private School,Private,0,,,,,,,,,,,,,,,,,,,,,,,,,,,,,,0,,0,0,0,0,0,0,0,placeholders/placeholder-k12-2.png,,0,0,0,0,2266,,PK-12,"Pre-K, K, 1st, 2nd, 3rd, 4th, 5th, 6th, 7th, 8th, 9th, 10th, 11th, 12th"
001V400000tPCzg,St. Augustine Academy,,,st-augustine-academy-ca-93004,,"+1 805 672 0411",,https://saintaugustineacademy.com/,130 S. Wells Rd.,,Ventura,Ventura County,CA,"93004",US,34.29394580,-119.15984450,classical,st-augustine-academy-ca-93004-fcapi-classicality-abstract.md,st-augustine-academy-ca-93004-fcapi-classicality-audit.md,st-augustine-academy-ca-93004-fcapi-classicality-audit.pdf,elementary-intermediate-secondary,Private School,Private,0,,,,,,,,,,,,,,,,,,,,,,,,,,,,,,0,,0,0,0,0,0,0,0,placeholders/placeholder-elementary-5.png,,0,0,0,0,2268,,K-12,"K, 1st, 2nd, 3rd, 4th, 5th, 6th, 7th, 8th, 9th, 10th, 11th, 12th"
001V400000tPCzh,St. Austin School,,,st-austin-school-mo-63146,info@saintaustinschool.org,"+1 314 580 2802",,https://saintaustinschool.org/,11211 Schuetz Road,,St Louis,St. Louis County,MO,"63146",US,38.68599100,-90.41781700,classical,st-austin-school-mo-63146-fcapi-classicality-abstract.md,st-austin-school-mo-63146-fcapi-classicality-audit.md,st-austin-school-mo-63146-fcapi-classicality-audit.pdf,elementary-intermediate,Private School,Private,0,,,,,,,,,,,,,,,,,,,,,,,,,,,,,,0,,0,0,0,0,0,0,0,placeholders/placeholder-k12-3.png,,0,0,0,0,2271,,PK-8,"Pre-K, K, 1st, 2nd, 3rd, 4th, 5th, 6th, 7th, 8th"
001V400000tPCzi,St. Basil the Great Scholé Academy,001V400000tOZKD,Schole Communities,st-basil-great-schole-academy-rosholt-sd,info@stbasilschole.com,"",,https://stbasilschole.com/,,,Rosholt,,SD,"",US,45.86662630,-96.73146300,classical,st-basil-great-schole-academy-rosholt-sd-fcapi-classicality-abstract.md,st-basil-great-schole-academy-rosholt-sd-fcapi-classicality-audit.md,st-basil-great-schole-academy-rosholt-sd-fcapi-classicality-audit.pdf,elementary-intermediate-secondary,,,0,,,,,,,,,,,,,,,,,,,,,,,5479,,,,,,,0,,0,0,0,0,0,0,0,placeholders/placeholder-schole-1.png,,0,0,0,0,5544,,,
001V400000tPCzj,St. Basil's Scholé Community,001V400000tOZKD,Schole Communities,st-basils-schole-community-madison-wi,,"",,,,,Madison,,WI,"",US,43.07216610,-89.40075010,classical,st-basils-schole-community-madison-wi-fcapi-classicality-abstract.md,st-basils-schole-community-madison-wi-fcapi-classicality-audit.md,st-basils-schole-community-madison-wi-fcapi-classicality-audit.pdf,elementary-intermediate-secondary,,,0,,,,,,,,,,,,,,,,,,,,,,,5479,,,,,,,0,,0,0,0,0,0,0,0,placeholders/placeholder-schole-1.png,,0,0,0,0,5564,,,
001V400000tPCzk,St. Benedict Classical Academy,,,st-benedict-classical-academy-ma-01760,,"+1 508 650 1900",,https://www.stbca.org/,89 Union St,,Natick,Middlesex County,MA,"01760-5653",US,42.27871830,-71.33110190,classical,st-benedict-classical-academy-ma-01760-fcapi-classicality-abstract.md,st-benedict-classical-academy-ma-01760-fcapi-classicality-audit.md,st-benedict-classical-academy-ma-01760-fcapi-classicality-audit.pdf,elementary-intermediate,Private School,Private,0,,,,,,,,,,,,,,,,,,,,,,,,,,,,,,0,,0,0,0,0,0,0,0,placeholders/placeholder-k12-4.png,,0,0,0,0,2276,,PK-8,"Pre-K, K, 1st, 2nd, 3rd, 4th, 5th, 6th, 7th, 8th"
001V400000tPCzl,St. Benedict Classical Catholic School,,,st-benedict-classical-catholic-school-in-47404,,"+1 360 941 2329",,https://www.stbenedictclassical.org/work/,4609 Indiana 46,,Bloomington,Monroe County,IN,"47404",US,39.21617880,-86.59485370,classical,st-benedict-classical-catholic-school-in-47404-fcapi-classicality-abstract.md,st-benedict-classical-catholic-school-in-47404-fcapi-classicality-audit.md,st-benedict-classical-catholic-school-in-47404-fcapi-classicality-audit.pdf,elementary-intermediate-secondary,Private School,Private,0,,,,,,,,,,,,,,,,,,,,,,,,,,,,,,0,,0,0,0,0,0,0,0,placeholders/placeholder-k12-5.png,,0,0,0,0,2277,,PK-12,"Pre-K, K, 1st, 2nd, 3rd, 4th, 5th, 6th, 7th, 8th, 9th, 10th, 11th, 12th"
001V400000tPCzm,St. Boniface Catholic High School,,,st-boniface-catholic-high-school-tx-75965,,"+1 936 564 7807",,https://stbonifacenac.org/,2508 Appleby Sand Rd.,,Nacogdoches,Nacogdoches County,TX,"75965",US,31.62549350,-94.63115330,classical,st-boniface-catholic-high-school-tx-75965-fcapi-classicality-abstract.md,st-boniface-catholic-high-school-tx-75965-fcapi-classicality-audit.md,st-boniface-catholic-high-school-tx-75965-fcapi-classicality-audit.pdf,secondary,Private School,Private,0,,,,,,,,,,,,,,,,,,,,,,,,,,,,,,0,,0,0,0,0,0,0,0,placeholders/placeholder-secondary-8.png,,0,0,0,0,2283,,9-12,"9th, 10th, 11th, 12th"
001V400000tPCza,St. Brendans Parish School,,,st-brendans-parish-school-wa,,"+1 425 483 8300",,http://school.saintbrendan.org,10100 Northeast 192nd Street,,Bothell,,WA,"98011",US,47.76800530,-122.20444260,classical,st-brendans-parish-school-wa-fcapi-classicality-abstract.md,st-brendans-parish-school-wa-fcapi-classicality-audit.md,st-brendans-parish-school-wa-fcapi-classicality-audit.pdf,elementary-intermediate-secondary,,,0,,,,,,,,,,,,,,,,,,,,,,,,,,,,,,0,,0,0,0,0,0,0,0,placeholders/placeholder-k12-1.png,,0,0,0,0,5298,,,
001V400000tPCzn,St. Catherine of Siena Academy,,,st-catherine-siena-academy-ny-13617,,"",,https://www.sienaacademy.org/,2 Powers St,,Canton,,NY,"13617",US,44.60122220,-75.16896310,classical,st-catherine-siena-academy-ny-13617-fcapi-classicality-abstract.md,st-catherine-siena-academy-ny-13617-fcapi-classicality-audit.md,st-catherine-siena-academy-ny-13617-fcapi-classicality-audit.pdf,elementary,Private School,Private School,0,,,,,,,,,,,,,,,,,,,,,,,,,,,,,,0,,0,1,1,0,0,0,0,placeholders/placeholder-elementary-7.png,,0,0,0,0,2287,,K-5,"K, 1st, 2nd, 3rd, 4th, 5th"
001V400000tPCzo,St. Charles Borromeo Academy,,,st-charles-borromeo-academy-mo-64118,,"+1 816 679 9634",,https://borromeoacademy.com/,804 NE Shady Lane Dr.,,Kansas City,Clay County,MO,"64118",US,39.21080040,-94.57050110,classical,st-charles-borromeo-academy-mo-64118-fcapi-classicality-abstract.md,st-charles-borromeo-academy-mo-64118-fcapi-classicality-audit.md,st-charles-borromeo-academy-mo-64118-fcapi-classicality-audit.pdf,elementary-intermediate,Private School,Private,0,,,,,,,,,,,,,,,,,,,,,,,,,,,,,,0,,0,0,0,0,0,0,0,placeholders/placeholder-k12-6.png,,0,0,0,0,2290,,PK-8,"Pre-K, K, 1st, 2nd, 3rd, 4th, 5th, 6th, 7th, 8th"
001V400000tPCzp,St. Charles Catholic School,,,st-charles-catholic-school-wa-99205,,"+1 509 327 9575",,https://www.school.stcharlesspokane.org/,4515 North Alberta Street,,Spokane,Spokane County,WA,"99205",US,47.69910150,-117.45040610,classical,st-charles-catholic-school-wa-99205-fcapi-classicality-abstract.md,st-charles-catholic-school-wa-99205-fcapi-classicality-audit.md,st-charles-catholic-school-wa-99205-fcapi-classicality-audit.pdf,elementary-intermediate,Private School,Private,0,,,,,,,,,,,,,,,,,,,,,,,,,,,,,,0,,0,0,0,0,0,0,0,placeholders/placeholder-k12-7.png,,0,0,0,0,2291,,PK-8,"Pre-K, K, 1st, 2nd, 3rd, 4th, 5th, 6th, 7th, 8th"
001V400000tPCzq,St. Elizabeth Ann Seton Catholic School,,,st-elizabeth-ann-seton-catholic-school-tx-76248,svanderplas@seton.school,"+1 817 431 4845",,https://seton.school/,2016 Willis Lane,,Keller,Tarrant County,TX,"76248",US,32.89946620,-97.24834250,classical,st-elizabeth-ann-seton-catholic-school-tx-76248-fcapi-classicality-abstract.md,st-elizabeth-ann-seton-catholic-school-tx-76248-fcapi-classicality-audit.md,st-elizabeth-ann-seton-catholic-school-tx-76248-fcapi-classicality-audit.pdf,elementary-intermediate-secondary,Private School,Private,0,,,,,,,,,,,,,,,,,,,,,,,,,,,,,,0,,0,0,0,0,0,0,0,placeholders/placeholder-elementary-8.png,,0,0,0,0,2301,,PK-12,"Pre-K, K, 1st, 2nd, 3rd, 4th, 5th, 6th, 7th, 8th, 9th, 10th, 11th, 12th"
001V400000tPCzr,St. Francis Classical Academy,,,st-francis-classical-academy-fl-32571,stfrancisclassical@gmail.com,"+1 850 712 0709",,https://stfrancisclassical.com/,5020 Carlyn Dr.,,Pace,Santa Rosa County,FL,"32571",US,30.62119760,-87.12911010,classical,st-francis-classical-academy-fl-32571-fcapi-classicality-abstract.md,st-francis-classical-academy-fl-32571-fcapi-classicality-audit.md,st-francis-classical-academy-fl-32571-fcapi-classicality-audit.pdf,elementary-intermediate-secondary,Private School,Private,0,,,,,,,,,,,,,,,,,,,,,,,,,,,,,,0,,0,0,0,0,0,0,0,placeholders/placeholder-elementary-0.png,,0,0,0,0,2303,,K-12,"K, 1st, 2nd, 3rd, 4th, 5th, 6th, 7th, 8th, 9th, 10th, 11th, 12th"
001V400000tPCzs,St. Francis Classical Catholic Academy,,,st-francis-classical-catholic-academy-pa-19503,,"+1 610 845 7364",,https://saintfrancisclassical.com/,668 Pine Street,,Bally,Berks County,PA,"19503",US,40.39907000,-75.57994500,classical,st-francis-classical-catholic-academy-pa-19503-fcapi-classicality-abstract.md,st-francis-classical-catholic-academy-pa-19503-fcapi-classicality-audit.md,st-francis-classical-catholic-academy-pa-19503-fcapi-classicality-audit.pdf,elementary-intermediate-secondary,Private School,Private,0,,,,,,,,,,,,,,,,,,,,,,,,,,,,,,0,,0,0,0,0,0,0,0,placeholders/placeholder-elementary-1.png,,0,0,0,0,2304,,PK-10,"Pre-K, K, 1st, 2nd, 3rd, 4th, 5th, 6th, 7th, 8th, 9th, 10th"
001V400000tPCzt,St. Francis De Sales School,,,st-francis-de-sales-school-oh-43055,,"",,https://stfrancisnewark.org/,38 Granville St,,Newark,,OH,"43055",US,40.06016560,-82.40839380,classical,st-francis-de-sales-school-oh-43055-fcapi-classicality-abstract.md,st-francis-de-sales-school-oh-43055-fcapi-classicality-audit.md,st-francis-de-sales-school-oh-43055-fcapi-classicality-audit.pdf,elementary-intermediate,Private School,Private School,0,,270,,,,,,,,,,,,,,,,,,,,,,,,,,,,1,,0,0,1,1,0,0,0,placeholders/placeholder-k12-8.png,,0,0,0,0,2307,,PK-8,"Pre-K, K, 1st, 2nd, 3rd, 4th, 5th, 6th, 7th, 8th"
001V400000tPCzu,St. Francis Xavier Catholic School,,,st-francis-xavier-catholic-school-al-35213,,"+1 205 871 1687",,https://www.sfxcatholic.com/,2 Xavier Circle,,Brimingham,,AL,"35213",US,33.51683320,-86.74226600,classical,st-francis-xavier-catholic-school-al-35213-fcapi-classicality-abstract.md,st-francis-xavier-catholic-school-al-35213-fcapi-classicality-audit.md,st-francis-xavier-catholic-school-al-35213-fcapi-classicality-audit.pdf,elementary-intermediate,Private School,Private School,0,,176,,,,,,,,,,,,,,,,,,,,,,,,,,,,0,,0,0,0,0,0,0,0,placeholders/placeholder-k12-9.png,,0,0,0,0,2308,,PK-8,"Pre-K, K, 1st, 2nd, 3rd, 4th, 5th, 6th, 7th, 8th"
001V400000tPCzv,St. Gabriel Classical Academy,,,st-gabriel-classical-academy-co-80920,,"+1 719 418 5670",,https://stgclassical.com/,4727 Coach House Dr.,,Colorado Springs,El Paso County,CO,"80920",US,38.95678400,-104.73877950,classical,st-gabriel-classical-academy-co-80920-fcapi-classicality-abstract.md,st-gabriel-classical-academy-co-80920-fcapi-classicality-audit.md,st-gabriel-classical-academy-co-80920-fcapi-classicality-audit.pdf,elementary-intermediate,Private School,Private,0,,,,,,,,,,,,,,,,,,,,,,,,,,,,,,0,,0,0,0,0,0,0,0,placeholders/placeholder-k12-1.png,,0,0,0,0,2311,,PK-8,"Pre-K, K, 1st, 2nd, 3rd, 4th, 5th, 6th, 7th, 8th"
001V400000tPCzy,St. George Christian Academy,,,st-george-christian-academy-on-ca-l6m4j4,info@stgeorgechristianacademy.com,"+1 647 929 7332",,https://stgcacademy.ca/,3175 Dundas Street West,,Oakville,Regional Municipality of Halton,ON,"L6M 4J4",CA,43.43171520,-79.78246090,classical,st-george-christian-academy-on-ca-l6m4j4-fcapi-classicality-abstract.md,st-george-christian-academy-on-ca-l6m4j4-fcapi-classicality-audit.md,st-george-christian-academy-on-ca-l6m4j4-fcapi-classicality-audit.pdf,elementary-intermediate,Private School,Private,0,,,,,,,,,,,,,,,,,,,,,,,,,,,,,,0,,0,0,0,0,0,0,0,placeholders/placeholder-elementary-7.png,,0,0,0,0,2314,,K-6,"K, 1st, 2nd, 3rd, 4th, 5th, 6th"
001V400000tPCzz,St. George Classical School,,,st-george-classical-school-va-40324,,"+1 601 580 4704",,,143 Oxford Lane,,Lexington,,VA,"40324",US,37.75321280,-79.56133180,classical,st-george-classical-school-va-40324-fcapi-classicality-abstract.md,st-george-classical-school-va-40324-fcapi-classicality-audit.md,st-george-classical-school-va-40324-fcapi-classicality-audit.pdf,elementary-intermediate-secondary,,,0,,,,,,,,,,,,,,,,,,,,,,,,,,,,,,0,,0,0,0,0,0,0,0,placeholders/placeholder-k12-3.png,,0,0,0,0,5168,,,
001V400000tPD00,St. Giles Christian Academy,,,st-giles-christian-academy-ks-66048,SaintGilesAcademy@gmail.com,"+1 913 620 4726",,https://www.saintgiles.academy/,102 Santa Fe St,,Leavenworth,Leavenworth County,KS,"66048",US,39.30838650,-94.91314780,classical,st-giles-christian-academy-ks-66048-fcapi-classicality-abstract.md,st-giles-christian-academy-ks-66048-fcapi-classicality-audit.md,st-giles-christian-academy-ks-66048-fcapi-classicality-audit.pdf,elementary-intermediate-secondary,Private School,Private,0,,,,,,,,,,,,,,,,,,,,,,,,,,,,,,0,,0,0,0,0,0,0,0,placeholders/placeholder-elementary-9.png,,0,0,0,0,2316,,PK-10,"Pre-K, K, 1st, 2nd, 3rd, 4th, 5th, 6th, 7th, 8th, 9th, 10th"
001V400000tPD01,St. Ignatius Catholic School,,,st-ignatius-catholic-school-wi-54130,,"",,https://www.stignatiuskaukauna.org/,220 Doty St,,Kaukauna,,WI,"54130",US,44.28408770,-88.27001640,classical,st-ignatius-catholic-school-wi-54130-fcapi-classicality-abstract.md,st-ignatius-catholic-school-wi-54130-fcapi-classicality-audit.md,st-ignatius-catholic-school-wi-54130-fcapi-classicality-audit.pdf,elementary-intermediate-secondary,Private School,Private School,0,,260,,,,,,,,,,,,,,,,,,,,,,,,,,,,1,,1,0,1,1,0,0,0,placeholders/placeholder-k12-4.png,,0,0,0,0,2317,,PK-12,"Pre-K, K, 1st, 2nd, 3rd, 4th, 5th, 6th, 7th, 8th, 9th, 10th, 11th, 12th"
001V400000tPD02,St. Ignatius of Loyola Catholic School,001V400000tOZJi,Chesterton Schools Network,chesterton-academy-st-ignatius-loyola-catholic-school-wi-54130,,"+1 920 766 0186",,https://stignatiuskaukauna.org/,220 Doty St.,,Kaukauna,Outagamie County,WI,"54130",US,44.28408770,-88.27001640,classical,chesterton-academy-st-ignatius-loyola-catholic-school-wi-54130-fcapi-classicality-abstract.md,chesterton-academy-st-ignatius-loyola-catholic-school-wi-54130-fcapi-classicality-audit.md,chesterton-academy-st-ignatius-loyola-catholic-school-wi-54130-fcapi-classicality-audit.pdf,secondary,Private School,Private,0,,,,,,,,,,,,,,,,,,,,,,,5446,,,,,,,0,,0,0,0,0,0,0,0,placeholders/placeholder-elementary-4.png,,0,0,0,0,101,,9-12,"9th, 10th, 11th, 12th"
001V400000tPD03,St. Jerome Academy,,,st-jerome-academy-md-20781,,"+1 301 277 4568",,https://stjeromeacademy.org/,5207 42nd Place,,Hyattsville,Prince George's County,MD,"20781",US,38.95339400,-76.94324100,classical,st-jerome-academy-md-20781-fcapi-classicality-abstract.md,st-jerome-academy-md-20781-fcapi-classicality-audit.md,st-jerome-academy-md-20781-fcapi-classicality-audit.pdf,elementary-intermediate,Private School,Private,0,,,,,,,,,,,,,,,,,,,,,,,,,,,,,,0,,0,0,0,0,0,0,0,placeholders/placeholder-k12-6.png,,0,0,0,0,2324,,PK-8,"Pre-K, K, 1st, 2nd, 3rd, 4th, 5th, 6th, 7th, 8th"
001V400000tPD04,St. Jerome Institute,,,st-jerome-institute-dc-20018,info@stjeromeinstitute.org,"+1 202 390 1289",,https://stjeromeinstitute.org/,1800 Perry St NE,,Washington,,DC,"20018",US,38.93578330,-76.97709230,classical,st-jerome-institute-dc-20018-fcapi-classicality-abstract.md,st-jerome-institute-dc-20018-fcapi-classicality-audit.md,st-jerome-institute-dc-20018-fcapi-classicality-audit.pdf,secondary,Private School,Private School,0,,22,,,,,,,,,,,,,,,,,,,,,,,,,,,,1,,1,1,0,1,0,0,1,placeholders/placeholder-secondary-0.png,,0,0,0,0,2325,,9-12,"9th, 10th, 11th, 12th"
001V400000tPD05,St. John Bosco Academy,,,st-john-bosco-academy-id-83522,office@johnbosco.org,"+1 208 962 5650",,https://johnbosco.org/,122 Substation Road,,Cottonwood,Idaho County,ID,"83522",US,46.06571960,-116.35536190,classical,st-john-bosco-academy-id-83522-fcapi-classicality-abstract.md,st-john-bosco-academy-id-83522-fcapi-classicality-audit.md,st-john-bosco-academy-id-83522-fcapi-classicality-audit.pdf,elementary-intermediate-secondary,Private School,Private,0,,,,,,,,,,,,,,,,,,,,,,,,,,,,,,0,,0,0,0,0,0,0,0,placeholders/placeholder-elementary-5.png,,0,0,0,0,2327,,K-12,"K, 1st, 2nd, 3rd, 4th, 5th, 6th, 7th, 8th, 9th, 10th, 11th, 12th"
001V400000tPD07,St. John Catholic Academy,,,st-john-catholic-academy-fl-32401,,"+1 850 763 1775",,https://stjohncatholicacademy.org/,1005 Fortune Ave.,,Panama City,Bay County,FL,"32401",US,30.16690140,-85.68849450,classical,st-john-catholic-academy-fl-32401-fcapi-classicality-abstract.md,st-john-catholic-academy-fl-32401-fcapi-classicality-audit.md,st-john-catholic-academy-fl-32401-fcapi-classicality-audit.pdf,elementary-intermediate,Private School,Private,0,,,,,,,,,,,,,,,,,,,,,,,,,,,,,,0,,0,0,0,0,0,0,0,placeholders/placeholder-elementary-7.png,,0,0,0,0,2330,,PK-9,"Pre-K, K, 1st, 2nd, 3rd, 4th, 5th, 6th, 7th, 8th, 9th"
001V400000tPD08,St. John Chrysostom Academy,,,st-john-chrysostom-academy-pa-18017,,"+1 610 488 2722",,https://chrysostomacademy.org/,395 Bridle Path Road,,Bethlehem,Northampton County,PA,"18017",US,40.64836710,-75.38269950,classical,st-john-chrysostom-academy-pa-18017-fcapi-classicality-abstract.md,st-john-chrysostom-academy-pa-18017-fcapi-classicality-audit.md,st-john-chrysostom-academy-pa-18017-fcapi-classicality-audit.pdf,elementary-intermediate-secondary,Private School,Private,0,,,,,,,,,,,,,,,,,,,,,,,,,,,,,,0,,0,0,0,0,0,0,0,placeholders/placeholder-elementary-9.png,,0,0,0,0,2332,,K-10,"K, 1st, 2nd, 3rd, 4th, 5th, 6th, 7th, 8th, 9th, 10th"
001V400000tPLJt,St. John Neumann Catholic High School,,,st-john-neumann-catholic-high-school-fl-34116,,"+1 239 455 3044",,https://www.sjnceltics.com/,3000 53rd St SW,,Naples,Collier County,FL,"34116",US,26.17189980,-81.71269910,somewhat-classical,st-john-neumann-catholic-high-school-fl-34116-fcapi-classicality-abstract.md,st-john-neumann-catholic-high-school-fl-34116-fcapi-classicality-audit.md,st-john-neumann-catholic-high-school-fl-34116-fcapi-classicality-audit.pdf,secondary,Private School,Private,0,,,,,,,,,,,,,,,,,,,,,,,,,,,,,,0,,0,0,0,0,0,0,0,placeholders/placeholder-secondary-2.png,,0,0,0,0,2335,,9-12,"9th, 10th, 11th, 12th"
001V400000tPLK1,St. John Paul II Classical School,001V400000tOZJi,Chesterton Schools Network,st-john-paul-ii-classical-school-wi-54304,,"+1 920 617 9542",,https://sjpclassicalschoolgreenbay.org/,320 Victoria St.,,Green Bay,Brown County,WI,"54304",US,44.49887380,-87.98339600,classical,st-john-paul-ii-classical-school-wi-54304-fcapi-classicality-abstract.md,st-john-paul-ii-classical-school-wi-54304-fcapi-classicality-audit.md,st-john-paul-ii-classical-school-wi-54304-fcapi-classicality-audit.pdf,secondary,Private School,Private,0,,,,,,,,,,,,,,,,,,,,,,,5446,,,,,,,0,,0,0,0,0,0,0,0,placeholders/placeholder-elementary-8.png,,0,0,0,0,97,,9-12,"9th, 10th, 11th, 12th"
001V400000tPD09,St. John Paul II Independent School,,,st-john-paul-ii-independent-school-ks-67052,,"+1 316 765 1907",,https://www.jp2independentschool.org/,2701 S Leo Circle,,Colwich,Sedgwick County,KS,"67052",US,37.77917770,-97.53603230,classical,st-john-paul-ii-independent-school-ks-67052-fcapi-classicality-abstract.md,st-john-paul-ii-independent-school-ks-67052-fcapi-classicality-audit.md,st-john-paul-ii-independent-school-ks-67052-fcapi-classicality-audit.pdf,elementary-intermediate,Private School,Private,0,,,,,,,,,,,,,,,,,,,,,,,,,,,,,,0,,0,0,0,0,0,0,0,placeholders/placeholder-elementary-9.png,,0,0,0,0,2341,,K-8,"K, 1st, 2nd, 3rd, 4th, 5th, 6th, 7th, 8th"
001V400000tPD0A,St. John Paul II Preparatory School,,,st-john-paul-ii-preparatory-school-mo-63303,,"+1 314 201 2103",,https://johnpaulprep.org/,1418 South 1st Capitol Drive,,St Charles,St. Charles County,MO,"63303",US,38.77426970,-90.51518800,classical,st-john-paul-ii-preparatory-school-mo-63303-fcapi-classicality-abstract.md,st-john-paul-ii-preparatory-school-mo-63303-fcapi-classicality-audit.md,st-john-paul-ii-preparatory-school-mo-63303-fcapi-classicality-audit.pdf,elementary-intermediate-secondary,Private School,Private,0,,,,,,,,,,,,,,,,,,,,,,,,,,,,,,0,,0,0,0,0,0,0,0,placeholders/placeholder-k12-8.png,,0,0,0,0,2343,,PK-12,"Pre-K, K, 1st, 2nd, 3rd, 4th, 5th, 6th, 7th, 8th, 9th, 10th, 11th, 12th"
001V400000tPLKH,St. John's Classical Academy,,,st-johns-classical-academy-fl-32043,info@StJCA.org,"+1 904 458 8240",,https://stjca.org/,PO Box 8302,,Fleming Island,Clay County,FL,"32043",US,30.10109200,-81.72719900,somewhat-classical,st-johns-classical-academy-fl-32043-fcapi-classicality-abstract.md,st-johns-classical-academy-fl-32043-fcapi-classicality-audit.md,st-johns-classical-academy-fl-32043-fcapi-classicality-audit.pdf,elementary-intermediate-secondary,Charter,Public,0,,,,,,,,,,,,,,,,,,,,,,,,,,,,,,0,,0,0,0,0,0,0,0,placeholders/placeholder-elementary-3.png,,0,0,0,0,2359,,K-12,"K, 1st, 2nd, 3rd, 4th, 5th, 6th, 7th, 8th, 9th, 10th, 11th, 12th"
,St. Johns Classical Academy of Fleming Island,,,st-johns-classical-academy-fleming-island-fl-32073,,"+1 904 458 8240",,https://www.stjca.org/stjca-fleming-island-campus,114 Canova Road,,Fleming Island,,FL,"32003",US,30.10119910,-81.72707610,classical,st-johns-classical-academy-fleming-island-fl-32073-fcapi-classicality-abstract.md,st-johns-classical-academy-fleming-island-fl-32073-fcapi-classicality-audit.md,st-johns-classical-academy-fleming-island-fl-32073-fcapi-classicality-audit.pdf,elementary-intermediate,,,0,,,,,,,,,,,,,,,,,,,,,,,,,,,,,,0,,0,0,0,0,0,0,0,placeholders/placeholder-elementary-3.png,,0,0,0,0,7632,,K-6,"K, 1st, 2nd, 3rd, 4th, 5th, 6th"
001V400000tPLKM,St. Johns Classical Academy of Orange Park,,,st-johns-classical-academy-orange-park-fl-32073,,"+1 904 637 4325",,https://www.stjca.org/stjca-orange-park-campus,1324 Kingsley Avenue,,Orange Park,,FL,"32073",US,30.16607360,-81.70648400,classical,st-johns-classical-academy-orange-park-fl-32073-fcapi-classicality-abstract.md,st-johns-classical-academy-orange-park-fl-32073-fcapi-classicality-audit.md,st-johns-classical-academy-orange-park-fl-32073-fcapi-classicality-audit.pdf,elementary-intermediate,,,0,,,,,,,,,,,,,,,,,,,,,,,,,,,,,,0,,0,0,0,0,0,0,0,placeholders/placeholder-elementary-9.png,,0,0,0,0,5160,,K-6,"K, 1st, 2nd, 3rd, 4th, 5th, 6th"
001V400000tPD0B,St. Joseph Academy,,,st-joseph-academy-ca-92078,,"+1 760 305 8505",,https://www.sjaclassical.org/,500 Las Flores Dr,,San Marcos,,CA,"92078",US,33.14700770,-117.20569280,classical,st-joseph-academy-ca-92078-fcapi-classicality-abstract.md,st-joseph-academy-ca-92078-fcapi-classicality-audit.md,st-joseph-academy-ca-92078-fcapi-classicality-audit.pdf,elementary-intermediate-secondary,Private School,Private School,0,,355,,,,,,,,,,,,,,,,,,,,,,,,,,,,1,,1,1,1,0,0,0,0,placeholders/placeholder-k12-9.png,,0,0,0,0,2365,,PK-12,"Pre-K, K, 1st, 2nd, 3rd, 4th, 5th, 6th, 7th, 8th, 9th, 10th, 11th, 12th"
001V400000tPD0C,St. Joseph Academy,,,st-joseph-academy-fl-32084,,"+1 904 824 0431",,https://www.stjohnsacademy.com/,155 State Rd. 207,,St. Augustine,St. Johns County,FL,"32084",US,29.87972470,-81.32870410,classical,st-joseph-academy-fl-32084-fcapi-classicality-abstract.md,st-joseph-academy-fl-32084-fcapi-classicality-audit.md,st-joseph-academy-fl-32084-fcapi-classicality-audit.pdf,elementary-intermediate-secondary,Private School,Private,0,,,,,,,,,,,,,,,,,,,,,,,,,,,,,,0,,0,0,0,0,0,0,0,placeholders/placeholder-elementary-0.png,,0,0,0,0,2366,,K-10,"K, 1st, 2nd, 3rd, 4th, 5th, 6th, 7th, 8th, 9th, 10th"
001V400000tPD0D,St. Joseph Academy,,,st-joseph-academy-ky-41094,,"+1 859 485 6444",,https://sjawalton.com/,48 Needmore St.,,Walton,Boone County,KY,"41094",US,38.85918510,-84.61559030,classical,st-joseph-academy-ky-41094-fcapi-classicality-abstract.md,st-joseph-academy-ky-41094-fcapi-classicality-audit.md,st-joseph-academy-ky-41094-fcapi-classicality-audit.pdf,elementary-intermediate-secondary,,,0,,,,,,,,,,,,,,,,,,,,,,,,,,,,,,0,,0,0,0,0,0,0,0,placeholders/placeholder-k12-0.png,,0,0,0,0,2367,,,
001V400000tPD0E,St. Joseph Catholic Academy,,,st-joseph-catholic-academy-tx-76543,,"+1 254 634 7272",,https://www.sjc-academy.org/,2901 E Rancier Ave. Killeen,,Killen,Bell County,TX,"76543",US,31.12045120,-97.70140770,classical,st-joseph-catholic-academy-tx-76543-fcapi-classicality-abstract.md,st-joseph-catholic-academy-tx-76543-fcapi-classicality-audit.md,st-joseph-catholic-academy-tx-76543-fcapi-classicality-audit.pdf,elementary-intermediate-secondary,Private School,Private,0,,,,,,,,,,,,,,,,,,,,,,,,,,,,,,0,,0,0,0,0,0,0,0,placeholders/placeholder-elementary-2.png,,0,0,0,0,2369,,PK-10,"Pre-K, K, 1st, 2nd, 3rd, 4th, 5th, 6th, 7th, 8th, 9th, 10th"
001V400000tPD0F,St. Joseph Catholic School,,,st-joseph-catholic-school-tx-78539,,"+1 956 383 3957",,https://st-joseph-catholic-school.com/,119 West Fay Street,,Edinburg,Hidalgo County,TX,"78539",US,26.29785520,-98.16398140,classical,st-joseph-catholic-school-tx-78539-fcapi-classicality-abstract.md,st-joseph-catholic-school-tx-78539-fcapi-classicality-audit.md,st-joseph-catholic-school-tx-78539-fcapi-classicality-audit.pdf,elementary-intermediate,Private School,Private,0,,,,,,,,,,,,,,,,,,,,,,,,,,,,,,0,,0,0,0,0,0,0,0,placeholders/placeholder-k12-2.png,,0,0,0,0,2374,,PK-8,"Pre-K, K, 1st, 2nd, 3rd, 4th, 5th, 6th, 7th, 8th"
001V400000tPLKU,St. Joseph's Catholic School,,,st-josephs-catholic-school-sc-29607,,"+1 864 234 9009",,https://www.sjcatholicschool.org/,100 St Joseph'S Dr.,,Greenville,Greenville County,SC,"29607",US,34.81068590,-82.33992560,somewhat-classical,st-josephs-catholic-school-sc-29607-fcapi-classicality-abstract.md,st-josephs-catholic-school-sc-29607-fcapi-classicality-audit.md,st-josephs-catholic-school-sc-29607-fcapi-classicality-audit.pdf,elementary-intermediate-secondary,Private School,Private,0,,,,,,,,,,,,,,,,,,,,,,,,,,,,,,0,,0,0,0,0,0,0,0,placeholders/placeholder-elementary-7.png,,0,0,0,0,2377,,K-12,"K, 1st, 2nd, 3rd, 4th, 5th, 6th, 7th, 8th, 9th, 10th, 11th, 12th"
001V400000tPD0G,St. Leo School,,,st-leo-school-pa-15853,,"+1 814 772 9775",,https://eccss.org/slcs/,117 Depot St.,,Ridgway,Elk County,PA,"15853",US,41.42440400,-78.72723400,classical,st-leo-school-pa-15853-fcapi-classicality-abstract.md,st-leo-school-pa-15853-fcapi-classicality-audit.md,st-leo-school-pa-15853-fcapi-classicality-audit.pdf,elementary-intermediate,Private School,Private,0,,,,,,,,,,,,,,,,,,,,,,,,,,,,,,0,,0,0,0,0,0,0,0,placeholders/placeholder-k12-4.png,,0,0,0,0,2381,,PK-8,"Pre-K, K, 1st, 2nd, 3rd, 4th, 5th, 6th, 7th, 8th"
001V400000tPD0H,St. Mark Catholic Classical School,,,st-mark-catholic-classical-school-wa-98165,principal@stmss.org,"+1 206 364 1633",,https://stmss.org/,18033 15th Pl Ne,,Shoreline,King County,WA,"98165",US,47.76113710,-122.31372300,classical,st-mark-catholic-classical-school-wa-98165-fcapi-classicality-abstract.md,st-mark-catholic-classical-school-wa-98165-fcapi-classicality-audit.md,st-mark-catholic-classical-school-wa-98165-fcapi-classicality-audit.pdf,elementary-intermediate,Private School,Private,0,,,,,,,,,,,,,,,,,,,,,,,,,,,,,,0,,0,0,0,0,0,0,0,placeholders/placeholder-k12-5.png,,0,0,0,0,2385,,PK-8,"Pre-K, K, 1st, 2nd, 3rd, 4th, 5th, 6th, 7th, 8th"
001V400000tPD0I,St. Mary Catholic Classical School,,,st-mary-catholic-classical-school-mi-48895,,"+1 517 655 4038",,https://www.stmaryschoolwilliamston.com/,220 North Cedar St.,,Williamston,Ingham County,MI,"48895",US,42.68971290,-84.28018980,classical,st-mary-catholic-classical-school-mi-48895-fcapi-classicality-abstract.md,st-mary-catholic-classical-school-mi-48895-fcapi-classicality-audit.md,st-mary-catholic-classical-school-mi-48895-fcapi-classicality-audit.pdf,elementary-intermediate,Private School,Private,0,,,,,,,,,,,,,,,,,,,,,,,,,,,,,,0,,0,0,0,0,0,0,0,placeholders/placeholder-k12-6.png,,0,0,0,0,2394,,PK-8,"Pre-K, K, 1st, 2nd, 3rd, 4th, 5th, 6th, 7th, 8th"
001V400000tPD0J,St. Mary's Catholic Church,,,st-marys-catholic-church-or-97330,,"",,https://chestertonacademyofstandrew.org/,501 NW 25th St.,,Corvallis,Benton County,OR,"97330",US,44.57297590,-123.27845670,classical,st-marys-catholic-church-or-97330-fcapi-classicality-abstract.md,st-marys-catholic-church-or-97330-fcapi-classicality-audit.md,st-marys-catholic-church-or-97330-fcapi-classicality-audit.pdf,secondary,Private School,Private,0,,,,,,,,,,,,,,,,,,,,,,,,,,,,,,0,,0,0,0,0,0,0,0,placeholders/placeholder-secondary-5.png,,0,0,0,0,2399,,9-12,"9th, 10th, 11th, 12th"
001V400000tPD0K,St. Mary's Catholic School Taylor,,,st-marys-catholic-school-taylor-tx-76574,,"+1 512 352 2313",,https://stmarystaylor.org/,520 Washburn St.,,Taylor,Williamson County,TX,"76574",US,30.57227170,-97.40728320,classical,st-marys-catholic-school-taylor-tx-76574-fcapi-classicality-abstract.md,st-marys-catholic-school-taylor-tx-76574-fcapi-classicality-audit.md,st-marys-catholic-school-taylor-tx-76574-fcapi-classicality-audit.pdf,elementary-intermediate-secondary,Private School,Private,0,,,,,,,,,,,,,,,,,,,,,,,,,,,,,,0,,0,0,0,0,0,0,0,placeholders/placeholder-elementary-7.png,,0,0,0,0,2404,,PK-12,"Pre-K, K, 1st, 2nd, 3rd, 4th, 5th, 6th, 7th, 8th, 9th, 10th, 11th, 12th"
001V400000tPD0L,St. Michael Catholic School,,,st-michael-catholic-school-nc-28052,school@stmcsg.org,"+1 704 865 4382",,https://stmcsg.org/,704 St Michaels Lane,,Gastonia,Gaston County,NC,"28052",US,35.24655560,-81.19824670,classical,st-michael-catholic-school-nc-28052-fcapi-classicality-abstract.md,st-michael-catholic-school-nc-28052-fcapi-classicality-audit.md,st-michael-catholic-school-nc-28052-fcapi-classicality-audit.pdf,elementary-intermediate,Private School,Private,0,,,,,,,,,,,,,,,,,,,,,,,,,,,,,,0,,0,0,0,0,0,0,0,placeholders/placeholder-k12-7.png,,0,0,0,0,2412,,PK-8,"Pre-K, K, 1st, 2nd, 3rd, 4th, 5th, 6th, 7th, 8th"
001V400000tPD0M,St. Michael High School,,,st-michael-high-school-mi-49770,,"+1 231 489 3302",,https://stmichaelchesterton.org/,2275 Resort Pike Road,,Petoskey,Emmet County,MI,"49770",US,45.34454070,-84.99517120,classical,st-michael-high-school-mi-49770-fcapi-classicality-abstract.md,st-michael-high-school-mi-49770-fcapi-classicality-audit.md,st-michael-high-school-mi-49770-fcapi-classicality-audit.pdf,secondary,Private School,Private,0,,,,,,,,,,,,,,,,,,,,,,,,,,,,,,0,,0,0,0,0,0,0,0,placeholders/placeholder-secondary-7.png,,0,0,0,0,2409,,9-12,"9th, 10th, 11th, 12th"
001V400000tPD0N,St. Michael School,,,st-michael-school-ct-06379,info@stmichaelschoolct.com,"+1 860 599 1084",,https://stmichaelschoolct.com/,131 West Broad St,,Pawcatuck,,CT,"06379",US,41.37654160,-71.83745980,classical,st-michael-school-ct-06379-fcapi-classicality-abstract.md,st-michael-school-ct-06379-fcapi-classicality-audit.md,st-michael-school-ct-06379-fcapi-classicality-audit.pdf,elementary-intermediate,Private School,Private School,0,,,,,,,,,,,,,,,,,,,,,,,,,,,,,,1,,1,0,1,0,0,0,0,placeholders/placeholder-k12-8.png,,0,0,0,0,2414,,PK-8,"Pre-K, K, 1st, 2nd, 3rd, 4th, 5th, 6th, 7th, 8th"
001V400000tPD0O,St. Michael School,,,st-michael-school-vt-05301,lindsayoneil@smsvt.info,"+1 802 254 6320",,https://stmichaelschool.vermontcatholic.org/,48 Walnut St,,Brattleboro,,VT,"05301",US,42.85646540,-72.55823890,classical,st-michael-school-vt-05301-fcapi-classicality-abstract.md,st-michael-school-vt-05301-fcapi-classicality-audit.md,st-michael-school-vt-05301-fcapi-classicality-audit.pdf,elementary-intermediate-secondary,Private School,Private School,0,,,,,,,,,,,,,,,,,,,,,,,,,,,,,,1,,1,1,1,1,0,0,0,placeholders/placeholder-elementary-7.png,,0,0,0,0,2416,,K-12,"K, 1st, 2nd, 3rd, 4th, 5th, 6th, 7th, 8th, 9th, 10th, 11th, 12th"
001V400000tPD0P,St. Michael the Archangel Scholé Community,001V400000tOZKD,Schole Communities,st-michael-archangel-schole-community-midland-tx,StMichaeltheArchangelSC@gmail.com,"",,,,,Midland,,TX,"",US,31.99957970,-102.07567010,classical,st-michael-archangel-schole-community-midland-tx-fcapi-classicality-abstract.md,st-michael-archangel-schole-community-midland-tx-fcapi-classicality-audit.md,st-michael-archangel-schole-community-midland-tx-fcapi-classicality-audit.pdf,elementary-intermediate-secondary,,,0,,,,,,,,,,,,,,,,,,,,,,,5479,,,,,,,0,,0,0,0,0,0,0,0,placeholders/placeholder-schole-1.png,,0,0,0,0,5552,,,
001V400000tPD0Q,St. Monica Catholic School,,,st-monica-catholic-school-mi-49008,contact@stmonicakzoo.org,"+1 269 345 2444",,https://stmonicakzoo.org/,530 W. Kilgore Rd,,Kalamazoo,,MI,"49008",US,42.24555450,-85.59108950,classical,st-monica-catholic-school-mi-49008-fcapi-classicality-abstract.md,st-monica-catholic-school-mi-49008-fcapi-classicality-audit.md,st-monica-catholic-school-mi-49008-fcapi-classicality-audit.pdf,elementary-intermediate,Private School,Private School,0,,254,,,,,,,,,,,,,,,,,,,,,,,,,,,,0,,1,0,0,0,0,0,0,placeholders/placeholder-k12-9.png,,0,0,0,0,2422,,PK-8,"Pre-K, K, 1st, 2nd, 3rd, 4th, 5th, 6th, 7th, 8th"
001V400000tPD0R,St. Monica Catholic School,,,st-monica-catholic-school-wa-98040,,"+1 503 893 5273",,https://www.stmonicasea.org/,4320 87th Avenue Southeast,,Mercer Island,King County,WA,"98040",US,42.24617130,-85.59001880,classical,st-monica-catholic-school-wa-98040-fcapi-classicality-abstract.md,st-monica-catholic-school-wa-98040-fcapi-classicality-audit.md,st-monica-catholic-school-wa-98040-fcapi-classicality-audit.pdf,elementary-intermediate-secondary,Private School,Private,0,,,,,,,,,,,,,,,,,,,,,,,,,,,,,,0,,0,0,0,0,0,0,0,placeholders/placeholder-elementary-2.png,,0,0,0,0,2423,,K-12,"K, 1st, 2nd, 3rd, 4th, 5th, 6th, 7th, 8th, 9th, 10th, 11th, 12th"
001V400000tPD0S,St. Patrick Catholic Classical School,,,st-patrick-catholic-classical-school-tx-75901,,"",,https://stpatricklufkin.com/,2116 Lowry,,Lufkin,,TX,"75901",US,31.35736040,-94.71295760,classical,st-patrick-catholic-classical-school-tx-75901-fcapi-classicality-abstract.md,st-patrick-catholic-classical-school-tx-75901-fcapi-classicality-audit.md,st-patrick-catholic-classical-school-tx-75901-fcapi-classicality-audit.pdf,elementary-intermediate,Private School,Private School,0,,51,,,,,,,,,,,,,,,,,,,,,,,,,,,,1,,1,0,0,0,0,0,0,placeholders/placeholder-elementary-5.png,,0,0,0,0,2425,,K-8,"K, 1st, 2nd, 3rd, 4th, 5th, 6th, 7th, 8th"
001V400000tPD0U,St. Patrick School,,,st-patrick-school-mi-48117,schooloffice@stpatrick.school,"+1 734 654 2522",,https://www.stpatscarleton.com/,2970 W. Labo Rd,,Carleton,,MI,"48117",US,42.02558800,-83.41838080,classical,st-patrick-school-mi-48117-fcapi-classicality-abstract.md,st-patrick-school-mi-48117-fcapi-classicality-audit.md,st-patrick-school-mi-48117-fcapi-classicality-audit.pdf,elementary-intermediate,Private School,Private School,0,,128,,,,,,,,,,,,,,,,,,,,,,,,,,,,1,,1,0,1,0,0,0,0,placeholders/placeholder-k12-1.png,,0,0,0,0,2429,,PK-8,"Pre-K, K, 1st, 2nd, 3rd, 4th, 5th, 6th, 7th, 8th"
001V400000tPD0V,St. Paul Catholic Classical School,,,st-paul-catholic-classical-school-tx-75080,,"+1 972 235 3263",,https://spsdfw.org/,720 South Floyd Road,,Richardson,Dallas County,TX,"75080",US,32.94319620,-96.74514050,classical,st-paul-catholic-classical-school-tx-75080-fcapi-classicality-abstract.md,st-paul-catholic-classical-school-tx-75080-fcapi-classicality-audit.md,st-paul-catholic-classical-school-tx-75080-fcapi-classicality-audit.pdf,elementary-intermediate,Private School,Private,0,,,,,,,,,,,,,,,,,,,,,,,,,,,,,,0,,0,0,0,0,0,0,0,placeholders/placeholder-k12-2.png,,0,0,0,0,2432,,PK-8,"Pre-K, K, 1st, 2nd, 3rd, 4th, 5th, 6th, 7th, 8th"
001V400000tPD0W,St. Paul Lutheran School,,,st-paul-lutheran-school-il-62097,school@stpaulhamel.org,"+1 618 633 2202",,https://school.stpaulhamel.org/,6961 W. Frontage Rd.,,Worden,,IL,"62097",US,38.91034910,-89.82388670,classical,st-paul-lutheran-school-il-62097-fcapi-classicality-abstract.md,st-paul-lutheran-school-il-62097-fcapi-classicality-audit.md,st-paul-lutheran-school-il-62097-fcapi-classicality-audit.pdf,elementary-intermediate,Private School,Private School,0,,79,,,,,,,,,,,,,,,,,,,,,,,,,,,,1,,0,0,0,0,0,0,0,placeholders/placeholder-k12-3.png,,0,0,0,0,2434,,PK-8,"Pre-K, K, 1st, 2nd, 3rd, 4th, 5th, 6th, 7th, 8th"
001V400000tPD0X,St. Paul's Community School,,,st-pauls-community-school-ok-73139,,"+1 405 414 7444",,https://spcsokc.org/,6440 S Santa Fe Ave. C,,Oklahoma City,Oklahoma County,OK,"73139",US,35.40109860,-97.51170340,classical,st-pauls-community-school-ok-73139-fcapi-classicality-abstract.md,st-pauls-community-school-ok-73139-fcapi-classicality-audit.md,st-pauls-community-school-ok-73139-fcapi-classicality-audit.pdf,elementary-intermediate,Private School,Private,0,,,,,,,,,,,,,,,,,,,,,,,,,,,,,,0,,0,0,0,0,0,0,0,placeholders/placeholder-k12-4.png,,0,0,0,0,2440,,PK-6,"Pre-K, K, 1st, 2nd, 3rd, 4th, 5th, 6th"
001V400000tPD0Y,St. Paul‚Äö√Ñ√¥s Lutheran School,,,st-paulaonyens-lutheran-school-al-35055,,"+1 256 734 6580",,https://www.cullmanchristian.org/,510 3rd Ave. Se,,Cullman,Cullman County,AL,"35055",US,34.17459670,-86.83905420,classical,st-paulaonyens-lutheran-school-al-35055-fcapi-classicality-abstract.md,st-paulaonyens-lutheran-school-al-35055-fcapi-classicality-audit.md,st-paulaonyens-lutheran-school-al-35055-fcapi-classicality-audit.pdf,elementary-intermediate-secondary,Private School,Private,0,,,,,,,,,,,,,,,,,,,,,,,,,,,,,,0,,0,0,0,0,0,0,0,placeholders/placeholder-k12-5.png,,0,0,0,0,2441,,PK-12,"Pre-K, K, 1st, 2nd, 3rd, 4th, 5th, 6th, 7th, 8th, 9th, 10th, 11th, 12th"
001V400000tPD0Z,St. Peter the Apostle Catholic Classical School,,,st-peter-apostle-catholic-classical-school-tx-76108,,"+1 817 246 2032",,https://spsfw.org/,1201 South Cherry Lane,,White Settlement,Tarrant County,TX,"76108",US,32.74752650,-97.45097860,classical,st-peter-apostle-catholic-classical-school-tx-76108-fcapi-classicality-abstract.md,st-peter-apostle-catholic-classical-school-tx-76108-fcapi-classicality-audit.md,st-peter-apostle-catholic-classical-school-tx-76108-fcapi-classicality-audit.pdf,elementary-intermediate,Private School,Private,0,,,,,,,,,,,,,,,,,,,,,,,,,,,,,,0,,0,0,0,0,0,0,0,placeholders/placeholder-k12-6.png,,0,0,0,0,2449,,PK-8,"Pre-K, K, 1st, 2nd, 3rd, 4th, 5th, 6th, 7th, 8th"
001V400000tPD0a,St. Peter the Apostle Catholic School,,,st-peter-apostle-catholic-school-tx-78006,,"",,http://www.stpetersboerne.com,202 W. Kronkosky,,Boerne,,TX,"78006",US,29.78604270,-98.73125400,classical,st-peter-apostle-catholic-school-tx-78006-fcapi-classicality-abstract.md,st-peter-apostle-catholic-school-tx-78006-fcapi-classicality-audit.md,st-peter-apostle-catholic-school-tx-78006-fcapi-classicality-audit.pdf,elementary-intermediate-secondary,,,0,,,,,,,,,,,,,,,,,,,,,,,,,,,,,,0,,0,0,0,0,0,0,0,placeholders/placeholder-elementary-2.png,,0,0,0,0,5281,,K-12,"K, 1st, 2nd, 3rd, 4th, 5th, 6th, 7th, 8th, 9th, 10th, 11th, 12th"
001V400000tPD0b,St. Philip’s Academy,,,st-philips-academy-sc-29401,,"",,http://www.stphilipschurchsc.org/st-philips-academy,142 Church St.,,Charleston,,SC,"29401",US,32.77900930,-79.92925230,classical,st-philips-academy-sc-29401-fcapi-classicality-abstract.md,st-philips-academy-sc-29401-fcapi-classicality-audit.md,st-philips-academy-sc-29401-fcapi-classicality-audit.pdf,elementary-intermediate-secondary,,,0,,,,,,,,,,,,,,,,,,,,,,,,,,,,,,0,,0,0,0,0,0,0,0,placeholders/placeholder-elementary-5.png,,0,0,0,0,5194,,K-12,"K, 1st, 2nd, 3rd, 4th, 5th, 6th, 7th, 8th, 9th, 10th, 11th, 12th"
001V400000tPD0c,St. Pius X Catholic School,,,st-pius-x-catholic-school-tx-79905,,"+1 915 262 4846",,https://www.elpasostpiusx.org/,1007 Geronimo,,El Paso,El Paso County,TX,"79905",US,31.77913710,-106.40737020,classical,st-pius-x-catholic-school-tx-79905-fcapi-classicality-abstract.md,st-pius-x-catholic-school-tx-79905-fcapi-classicality-audit.md,st-pius-x-catholic-school-tx-79905-fcapi-classicality-audit.pdf,elementary-intermediate,Private School,Private,0,,,,,,,,,,,,,,,,,,,,,,,,,,,,,,0,,0,0,0,0,0,0,0,placeholders/placeholder-elementary-7.png,,0,0,0,0,2455,,PK-8,"Pre-K, K, 1st, 2nd, 3rd, 4th, 5th, 6th, 7th, 8th"
001V400000tPD0e,St. Regis Academy,,,st-regis-academy-mo-64138,,"+1 816 763 5837",,https://www.regisacademy.org/,8941 James A Reed Road,,Kansas City,Jackson County,MO,"64138",US,38.96111840,-94.49310400,classical,st-regis-academy-mo-64138-fcapi-classicality-abstract.md,st-regis-academy-mo-64138-fcapi-classicality-audit.md,st-regis-academy-mo-64138-fcapi-classicality-audit.pdf,elementary-intermediate,Private School,Private,0,,,,,,,,,,,,,,,,,,,,,,,,,,,,,,0,,0,0,0,0,0,0,0,placeholders/placeholder-elementary-0.png,,0,0,0,0,2460,,K-8,"K, 1st, 2nd, 3rd, 4th, 5th, 6th, 7th, 8th"
001V400000tPD0f,St. Stephen's Academy,,,st-stephens-academy-or-97008,info@ssa-k12.org,"+1 503 646 4617",,https://ssa-k12.org/,7275 SW Hall Blvd.,,Beaverton,Washington County,OR,"97008",US,45.46751360,-122.80457460,classical,st-stephens-academy-or-97008-fcapi-classicality-abstract.md,st-stephens-academy-or-97008-fcapi-classicality-audit.md,st-stephens-academy-or-97008-fcapi-classicality-audit.pdf,elementary-intermediate-secondary,Private School,Private,0,,,,,,,,,,,,,,,,,,,,,,,,,,,,,,0,,0,0,0,0,0,0,0,placeholders/placeholder-elementary-7.png,,0,0,0,0,2467,,K-12,"K, 1st, 2nd, 3rd, 4th, 5th, 6th, 7th, 8th, 9th, 10th, 11th, 12th"
001V400000tPD0g,St. Stephen's Classical Christian Academy,,,st-stephens-classical-christian-academy-md-21784,ststephenscca@gmail.com,"+1 410 795 1249",,https://ststephensclassical.org/,2275 Liberty Rd.,,Eldersburg,Carroll County,MD,"21784",US,39.39385100,-76.91533400,classical,st-stephens-classical-christian-academy-md-21784-fcapi-classicality-abstract.md,st-stephens-classical-christian-academy-md-21784-fcapi-classicality-audit.md,st-stephens-classical-christian-academy-md-21784-fcapi-classicality-audit.pdf,elementary-intermediate,Private School,Private,0,,,,,,,,,,,,,,,,,,,,,,,,,,,,,,0,,0,0,0,0,0,0,0,placeholders/placeholder-k12-7.png,,0,0,0,0,2469,,PK-8,"Pre-K, K, 1st, 2nd, 3rd, 4th, 5th, 6th, 7th, 8th"
001V400000tPD0h,St. Therese Carmelite School,,,st-therese-carmelite-school-ca-91801,admin@sainttheresecarmeliteschool.com,"+1 626 289 3364",,https://sainttheresecarmeliteschool.com/,1106 E. Alhambra Rd,,Alhambra,Los Angeles County,CA,"91801",US,34.10624190,-118.11866850,classical,st-therese-carmelite-school-ca-91801-fcapi-classicality-abstract.md,st-therese-carmelite-school-ca-91801-fcapi-classicality-audit.md,st-therese-carmelite-school-ca-91801-fcapi-classicality-audit.pdf,elementary-intermediate,Private School,Private,0,,,,,,,,,,,,,,,,,,,,,,,,,,,,,,0,,0,0,0,0,0,0,0,placeholders/placeholder-k12-8.png,,0,0,0,0,2474,,PK-8,"Pre-K, K, 1st, 2nd, 3rd, 4th, 5th, 6th, 7th, 8th"
001V400000tPD0i,St. Therese Classical Academy,,,st-therese-classical-academy-ny-10918,,"+1 845 926 7510",,https://stcacademy.org/,789 Craigville Rd.,,Chester,Orange County,NY,"10918",US,41.38472020,-74.23865020,classical,st-therese-classical-academy-ny-10918-fcapi-classicality-abstract.md,st-therese-classical-academy-ny-10918-fcapi-classicality-audit.md,st-therese-classical-academy-ny-10918-fcapi-classicality-audit.pdf,elementary-intermediate,Private School,Private,0,,,,,,,,,,,,,,,,,,,,,,,,,,,,,,0,,0,0,0,0,0,0,0,placeholders/placeholder-k12-0.png,,0,0,0,0,2477,,PK-8,"Pre-K, K, 1st, 2nd, 3rd, 4th, 5th, 6th, 7th, 8th"
001V400000tPD0l,St. Thomas More Academy,,,st-thomas-more-academy-fl-32771,stma.office@gmail.com,"+1 407 212 3032",,https://sspxflorida.com/en/st-thomas-more-academy-49815/,550 Riverview Ave.,,Sanford,Seminole County,FL,"32771",US,28.81662480,-81.29468880,classical,st-thomas-more-academy-fl-32771-fcapi-classicality-abstract.md,st-thomas-more-academy-fl-32771-fcapi-classicality-audit.md,st-thomas-more-academy-fl-32771-fcapi-classicality-audit.pdf,elementary-intermediate-secondary,Private School,Private,0,,,,,,,,,,,,,,,,,,,,,,,,,,,,,,0,,0,0,0,0,0,0,0,placeholders/placeholder-elementary-7.png,,0,0,0,0,2485,,K-12,"K, 1st, 2nd, 3rd, 4th, 5th, 6th, 7th, 8th, 9th, 10th, 11th, 12th"
001V400000tPD0m,St. Thomas More Academy,,,st-thomas-more-academy-md-21769,,"+1 240 490 5479",,https://www.stmamd.org/,103 Prospect Street,,Middletown,Frederick County,MD,"21769",US,41.67324720,-86.25847610,classical,st-thomas-more-academy-md-21769-fcapi-classicality-abstract.md,st-thomas-more-academy-md-21769-fcapi-classicality-audit.md,st-thomas-more-academy-md-21769-fcapi-classicality-audit.pdf,elementary-intermediate-secondary,Private School,Private,0,,,,,,,,,,,,,,,,,,,,,,,,,,,,,,0,,0,0,0,0,0,0,0,placeholders/placeholder-elementary-8.png,,0,0,0,0,2486,,K-12,"K, 1st, 2nd, 3rd, 4th, 5th, 6th, 7th, 8th, 9th, 10th, 11th, 12th"
001V400000tPD0n,St. Thomas More Academy,,,st-thomas-more-academy-nc-27616,,"+1 919 912 7534",,https://stmacademy.org/,3109 Spring Forest Road,,Raleigh,Wake County,NC,"27616",US,35.85565240,-78.58824030,classical,st-thomas-more-academy-nc-27616-fcapi-classicality-abstract.md,st-thomas-more-academy-nc-27616-fcapi-classicality-audit.md,st-thomas-more-academy-nc-27616-fcapi-classicality-audit.pdf,elementary-intermediate-secondary,Private School,Private,0,,,,,,,,,,,,,,,,,,,,,,,,,,,,,,0,,0,0,0,0,0,0,0,placeholders/placeholder-elementary-9.png,,0,0,0,0,2487,,K-12,"K, 1st, 2nd, 3rd, 4th, 5th, 6th, 7th, 8th, 9th, 10th, 11th, 12th"
001V400000tPD0o,St. Thomas More Academy,,,st-thomas-more-academy-in-46601,,"+1 574 222 9195",,https://stmasb.org/,308 S Scott St.,,South Bend,,IN,"46601",US,41.67326770,-86.25848190,classical,st-thomas-more-academy-in-46601-fcapi-classicality-abstract.md,st-thomas-more-academy-in-46601-fcapi-classicality-audit.md,st-thomas-more-academy-in-46601-fcapi-classicality-audit.pdf,elementary-intermediate-secondary,Private School,Private,0,,,,,,,,,,,,,,,,,,,,,,,,,,,,,,0,,0,0,0,0,0,0,0,placeholders/placeholder-elementary-0.png,,0,0,0,0,5340,,K-12,"K, 1st, 2nd, 3rd, 4th, 5th, 6th, 7th, 8th, 9th, 10th, 11th, 12th"
001V400000tPD0p,St. Thomas the Apostle School,,,st-thomas-apostle-school-mi-48104,,"+1 734 769 0911",,https://sta2.org/school/,540 Elizabeth Street,,Ann Arbor,Washtenaw County,MI,"48104",US,42.28575510,-83.74137680,classical,st-thomas-apostle-school-mi-48104-fcapi-classicality-abstract.md,st-thomas-apostle-school-mi-48104-fcapi-classicality-audit.md,st-thomas-apostle-school-mi-48104-fcapi-classicality-audit.pdf,elementary-intermediate-secondary,Private School,Private,0,,,,,,,,,,,,,,,,,,,,,,,,,,,,,,0,,0,0,0,0,0,0,0,placeholders/placeholder-elementary-1.png,,0,0,0,0,2488,,PK-11,"Pre-K, K, 1st, 2nd, 3rd, 4th, 5th, 6th, 7th, 8th, 9th, 10th, 11th"
001V400000tPD0q,St. Thomas‚Äö√Ñ√¥ Episcopal School,,,st-thomasaonyen-episcopal-school-tx-77096,,"+1 713 666 3111",,https://www.stes.org/,4900 Jackwood St,,Houston,Harris County,TX,"77096",US,29.68536070,-95.46483910,classical,st-thomasaonyen-episcopal-school-tx-77096-fcapi-classicality-abstract.md,st-thomasaonyen-episcopal-school-tx-77096-fcapi-classicality-audit.md,st-thomasaonyen-episcopal-school-tx-77096-fcapi-classicality-audit.pdf,elementary-intermediate-secondary,Private School,Private,0,,,,,,,,,,,,,,,,,,,,,,,,,,,,,,0,,0,0,0,0,0,0,0,placeholders/placeholder-k12-1.png,,0,0,0,0,2483,,PK-12,"Pre-K, K, 1st, 2nd, 3rd, 4th, 5th, 6th, 7th, 8th, 9th, 10th, 11th, 12th"
001V400000tPD0r,St. Timothy School,,,st-timothy-school-tx-75205,office@thesainttimothyschool.org,"+1 214 521 6062",,https://thesainttimothyschool.org/,4333 Cole Ave.,,Dallas,Dallas County,TX,"75205",US,32.81989330,-96.79133370,classical,st-timothy-school-tx-75205-fcapi-classicality-abstract.md,st-timothy-school-tx-75205-fcapi-classicality-audit.md,st-timothy-school-tx-75205-fcapi-classicality-audit.pdf,elementary-intermediate-secondary,Private School,Private,0,,,,,,,,,,,,,,,,,,,,,,,,,,,,,,0,,0,0,0,0,0,0,0,placeholders/placeholder-elementary-2.png,,0,0,0,0,2489,,PK-12,"Pre-K, K, 1st, 2nd, 3rd, 4th, 5th, 6th, 7th, 8th, 9th, 10th, 11th, 12th"
001V400000tPD0s,St. Timothy’s Classical Academy,,,st-timothys-classical-academy,,"+1 613 794 1750",,http://st-timothys.ca,350 Avondale Ave,,Ottawa,,ON,"K2A OR5",CA,45.38536930,-75.75044870,classical,st-timothys-classical-academy-fcapi-classicality-abstract.md,st-timothys-classical-academy-fcapi-classicality-audit.md,st-timothys-classical-academy-fcapi-classicality-audit.pdf,elementary-intermediate-secondary,,,0,,,,,,,,,,,,,,,,,,,,,,,,,,,,,,0,,0,0,0,0,0,0,0,placeholders/placeholder-k12-2.png,,0,0,0,0,5217,,,
001V400000tPD0t,Stella Maris Academy of San Francisco,,,stella-maris-academy-san-francisco-ca-94118,info@stellamarissf.org,"+1 628 977 4836",,https://stellamarissf.org/,360 9th Ave.,,San Francisco,San Francisco County,CA,"94118",US,37.78158570,-122.46736220,classical,stella-maris-academy-san-francisco-ca-94118-fcapi-classicality-abstract.md,stella-maris-academy-san-francisco-ca-94118-fcapi-classicality-audit.md,stella-maris-academy-san-francisco-ca-94118-fcapi-classicality-audit.pdf,elementary-intermediate,Private School,Private,0,,,,,,,,,,,,,,,,,,,,,,,,,,,,,,0,,0,0,0,0,0,0,0,placeholders/placeholder-k12-3.png,,0,0,0,0,2498,,PK-8,"Pre-K, K, 1st, 2nd, 3rd, 4th, 5th, 6th, 7th, 8th"
001V400000tPD0u,Sterling Classical School,,,sterling-classical-school-tx-78641,,"+1 512 259 2722",,https://www.sterlingclassicalschool.com/,12800 Angel Side Dr.,,Leander,Travis County,TX,"78641",US,30.52052300,-97.90502160,classical,sterling-classical-school-tx-78641-fcapi-classicality-abstract.md,sterling-classical-school-tx-78641-fcapi-classicality-audit.md,sterling-classical-school-tx-78641-fcapi-classicality-audit.pdf,elementary-intermediate-secondary,Private School,Private,0,,,,,,,,,,,,,,,,,,,,,,,,,,,,,,0,,0,0,0,0,0,0,0,placeholders/placeholder-elementary-1.png,,0,0,0,0,2499,,PK-12,"Pre-K, K, 1st, 2nd, 3rd, 4th, 5th, 6th, 7th, 8th, 9th, 10th, 11th, 12th"
001V400000tPD0v,Stonehaven School,,,stonehaven-school-ga-30060,office@stonehavenschool.org,"+1 901 218 8113",,https://stonehavenschool.org/,505 Atlanta St. Se,,Marietta,Cobb County,GA,"30060",US,33.94279090,-84.54459710,classical,stonehaven-school-ga-30060-fcapi-classicality-abstract.md,stonehaven-school-ga-30060-fcapi-classicality-audit.md,stonehaven-school-ga-30060-fcapi-classicality-audit.pdf,elementary-intermediate-secondary,Private School,Private,0,,,,,,,,,,,,,,,,,,,,,,,,,,,,,,0,,0,0,0,0,0,0,0,placeholders/placeholder-elementary-6.png,,0,0,0,0,2504,,K-12,"K, 1st, 2nd, 3rd, 4th, 5th, 6th, 7th, 8th, 9th, 10th, 11th, 12th"
001V400000tPD0y,Summit Academy,,,summit-academy-va-22407,,"",,https://thesummitva.org/,5888 Plank Rd,,Fredericksburg,,VA,"22407",US,38.29142090,-77.57329060,classical,summit-academy-va-22407-fcapi-classicality-abstract.md,summit-academy-va-22407-fcapi-classicality-audit.md,summit-academy-va-22407-fcapi-classicality-audit.pdf,intermediate-secondary,Private School,Private School,0,,104,,,,,,,,,,,,,,,,,,,,,,,,,,,,1,,1,0,0,1,0,1,0,placeholders/placeholder-k12-7.png,,0,0,0,0,2514,,6-12,"6th, 7th, 8th, 9th, 10th, 11th, 12th"
001V400000tPD0z,Summit Christian Academy,,,summit-christian-academy-mo-64081,info@summitacademywi.net,"+1 816 525 1480",,https://summit-christian-academy.org/,1500 SW Jefferson St.,,Lee's Summit,Jackson County,MO,"64081",US,38.89189420,-94.37845840,classical,summit-christian-academy-mo-64081-fcapi-classicality-abstract.md,summit-christian-academy-mo-64081-fcapi-classicality-audit.md,summit-christian-academy-mo-64081-fcapi-classicality-audit.pdf,elementary-intermediate-secondary,Private School,Private,0,,,,,,,,,,,,,,,,,,,,,,,,,,,,,,0,,0,0,0,0,0,0,0,placeholders/placeholder-elementary-5.png,,0,0,0,0,2516,,PK-12,"Pre-K, K, 1st, 2nd, 3rd, 4th, 5th, 6th, 7th, 8th, 9th, 10th, 11th, 12th"
001V400000tPD12,Summit Classical Academy,,,summit-classical-academy-co-80023,info@summitclassicalacademy.org,"+1 720 633 9300",,https://summitclassicalacademy.org/,3031 W. 144th Ave.,,Broomfield,Broomfield County,CO,"80023",US,39.95828440,-105.02606290,classical,summit-classical-academy-co-80023-fcapi-classicality-abstract.md,summit-classical-academy-co-80023-fcapi-classicality-audit.md,summit-classical-academy-co-80023-fcapi-classicality-audit.pdf,elementary-intermediate-secondary,Private School,Private,0,,,,,,,,,,,,,,,,,,,,,,,,,,,,,,0,,0,0,0,0,0,0,0,placeholders/placeholder-elementary-7.png,,0,0,0,0,2518,,K-10,"K, 1st, 2nd, 3rd, 4th, 5th, 6th, 7th, 8th, 9th, 10th"
001V400000tPD13,Summit Classical Christian School,,,summit-classical-christian-school-wa-98027,info@summitclassical.org,"+1 425 222 0564",,https://summitclassical.org/,5130 164th Ave. SE,,Issaquah,King County,WA,"98027",US,47.54200160,-122.05674540,classical,summit-classical-christian-school-wa-98027-fcapi-classicality-abstract.md,summit-classical-christian-school-wa-98027-fcapi-classicality-audit.md,summit-classical-christian-school-wa-98027-fcapi-classicality-audit.pdf,elementary-intermediate-secondary,Private School,Private,0,,,,,,,,,,,,,,,,,,,,,,,,,,,,,,0,,0,0,0,0,0,0,0,placeholders/placeholder-elementary-8.png,,0,0,0,0,2519,,K-12,"K, 1st, 2nd, 3rd, 4th, 5th, 6th, 7th, 8th, 9th, 10th, 11th, 12th"
001V400000tPD14,Sundial Classical Farmstead,,,sundial-classical-farmstead-mi-48823,,"+1 517 721 0739",,https://sundialclassical.farm/,5739 Old Rd.,,East Lansing,Ingham County,MI,"48823",US,42.75873400,-84.44877200,classical,sundial-classical-farmstead-mi-48823-fcapi-classicality-abstract.md,sundial-classical-farmstead-mi-48823-fcapi-classicality-audit.md,sundial-classical-farmstead-mi-48823-fcapi-classicality-audit.pdf,elementary-intermediate,Private School,Private School,0,,35,,,,,,,,,,,,,,,,,,,,,,,,,,,,1,,0,1,1,0,0,0,1,placeholders/placeholder-elementary-3.png,,0,0,0,0,2524,,K-6,"K, 1st, 2nd, 3rd, 4th, 5th, 6th"
001V400000tPD15,Surprise Scholé Academy,001V400000tOZKD,Schole Communities,surprise-schole-academy-sun-city-west-az,surprisescholeacademy@gmail.com,"",,https://www.homeschool-life.com/AZ/SurpriseSchole/,,,Sun City West,,AZ,"",US,33.66198190,-112.34127260,classical,surprise-schole-academy-sun-city-west-az-fcapi-classicality-abstract.md,surprise-schole-academy-sun-city-west-az-fcapi-classicality-audit.md,surprise-schole-academy-sun-city-west-az-fcapi-classicality-audit.pdf,elementary-intermediate-secondary,,,0,,,,,,,,,,,,,,,,,,,,,,,5479,,,,,,,0,,0,0,0,0,0,0,0,placeholders/placeholder-schole-1.png,,0,0,0,0,5495,,,
001V400000tPD16,Sycamore Christian Academy,,,sycamore-christian-academy-oh-45013,brad.tamplin@sycamorechristian.org,"+1 513 470 2132",,https://sycamorechristian.org,66 McKinley Ave.,,Hamilton,,OH,"45013",US,39.41574370,-84.58209990,classical,sycamore-christian-academy-oh-45013-fcapi-classicality-abstract.md,sycamore-christian-academy-oh-45013-fcapi-classicality-audit.md,sycamore-christian-academy-oh-45013-fcapi-classicality-audit.pdf,elementary,,,0,,,,,,,,,,,,,,,,,,,,,,,,,,,,,,0,,0,0,0,0,0,0,0,placeholders/placeholder-elementary-8.png,,0,0,0,0,3264,,PK-2,"Pre-K, K, 1st, 2nd"
001V400000tPD18,Tall Oaks Academy,,,tall-oaks-academy-wi-53142,kenoshaoaks@gmail.com,"+1 262 455 7688",,https://www.talloaksacademy.com/,8900 34th Avenue,,Kenosha,Kenosha County,WI,"53142",US,42.54305260,-87.85018130,classical,tall-oaks-academy-wi-53142-fcapi-classicality-abstract.md,tall-oaks-academy-wi-53142-fcapi-classicality-audit.md,tall-oaks-academy-wi-53142-fcapi-classicality-audit.pdf,elementary-intermediate,Private School,Private,0,,,,,,,,,,,,,,,,,,,,,,,,,,,,,,0,,0,0,0,0,0,0,0,placeholders/placeholder-elementary-5.png,,0,0,0,0,2535,,K-8,"K, 1st, 2nd, 3rd, 4th, 5th, 6th, 7th, 8th"
001V400000tPLMO,Tallahassee Classical School,,,tallahassee-classical-school-fl-32311,Info@tlhclassical.org,"+1 850 296 1970",,https://tlhclassical.org/,4141 Artemis Way,,Tallahassee,Leon County,FL,"32311",US,30.38616440,-84.25141670,classical,tallahassee-classical-school-fl-32311-fcapi-classicality-abstract.md,tallahassee-classical-school-fl-32311-fcapi-classicality-audit.md,tallahassee-classical-school-fl-32311-fcapi-classicality-audit.pdf,elementary-intermediate-secondary,Charter,Public,0,,,,,,,,,,,,,,,,,,,,,,,,,,,,,,0,,0,0,0,0,0,0,0,placeholders/placeholder-elementary-6.png,,0,0,0,0,2536,,K-12,"K, 1st, 2nd, 3rd, 4th, 5th, 6th, 7th, 8th, 9th, 10th, 11th, 12th"
001V400000tPD19,Telos Classical Academy,,,telos-classical-academy-ut-84098,,"+1 316 558 4518",,https://www.telosclassicalacademy.org/,7375 Silver Creek Rd,,Park City,,UT,"84098",US,40.74003240,-111.50056130,classical,telos-classical-academy-ut-84098-fcapi-classicality-abstract.md,telos-classical-academy-ut-84098-fcapi-classicality-audit.md,telos-classical-academy-ut-84098-fcapi-classicality-audit.pdf,elementary-intermediate-secondary,Private School,Private School,0,,,,,,,,,,,,,,,,,,,,,,,,,,,,,,1,,0,0,0,0,0,0,1,placeholders/placeholder-elementary-8.png,,0,0,0,0,2539,,K-10,"K, 1st, 2nd, 3rd, 4th, 5th, 6th, 7th, 8th, 9th, 10th"
001V400000tPD1B,Telos Classical Christian School,,,telos-classical-christian-school-tx-77532,jill.lee@fbccrosby.org,"+1 281 328 2564",,https://telosccs.org/,615 Runneburg Rd,,Crosby,,TX,"77532",US,29.91210100,-95.06194980,classical,telos-classical-christian-school-tx-77532-fcapi-classicality-abstract.md,telos-classical-christian-school-tx-77532-fcapi-classicality-audit.md,telos-classical-christian-school-tx-77532-fcapi-classicality-audit.pdf,elementary-intermediate,Private School,Private School,0,,24,,,,,,,,,,,,,,,,,,,,,,,,,,,,1,,1,0,1,0,0,0,0,placeholders/placeholder-elementary-0.png,,0,0,0,0,2542,,K-8,"K, 1st, 2nd, 3rd, 4th, 5th, 6th, 7th, 8th"
001V400000tPD1C,Tempe Preparatory Academy,,,tempe-preparatory-academy-az-85282,,"+1 480 839 3402",,https://www.tempeprep.org/,1251 East Southern Avenue,,Tempe,Maricopa County,AZ,"85282",US,33.39278020,-111.91820620,classical,tempe-preparatory-academy-az-85282-fcapi-classicality-abstract.md,tempe-preparatory-academy-az-85282-fcapi-classicality-audit.md,tempe-preparatory-academy-az-85282-fcapi-classicality-audit.pdf,intermediate-secondary,Charter,Public,0,,,,,,,,,,,,,,,,,,,,,,,,,,,,,,0,,0,0,0,0,0,0,0,placeholders/placeholder-elementary-3.png,,0,0,0,0,2545,,6-12,"6th, 7th, 8th, 9th, 10th, 11th, 12th"
001V400000tPLMU,Tennessee Christian Preparatory School,,,tennessee-christian-preparatory-school-tn-37312,,"+1 423 567 8277",,https://www.tennesseechristian.org/,1100 Stuart Road Northeast,,Cleveland,Bradley County,TN,"37312",US,35.19038930,-84.83273640,somewhat-classical,tennessee-christian-preparatory-school-tn-37312-fcapi-classicality-abstract.md,tennessee-christian-preparatory-school-tn-37312-fcapi-classicality-audit.md,tennessee-christian-preparatory-school-tn-37312-fcapi-classicality-audit.pdf,elementary-intermediate-secondary,Private School,Private,0,,,,,,,,,,,,,,,,,,,,,,,,,,,,,,0,,0,0,0,0,0,0,0,placeholders/placeholder-elementary-4.png,,0,0,0,0,2546,,K-12,"K, 1st, 2nd, 3rd, 4th, 5th, 6th, 7th, 8th, 9th, 10th, 11th, 12th"
001V400000tPD1D,Thales Academy Raleigh,001V400000tOBYe,Thales Academies,thales-academy-raleigh-nc-27616,,"",,https://www.thalesacademy.org/,8151 Town Dr.,,Raleigh,,NC,"27616",US,35.87744090,-78.55472830,classical,thales-academy-raleigh-nc-27616-fcapi-classicality-abstract.md,thales-academy-raleigh-nc-27616-fcapi-classicality-audit.md,thales-academy-raleigh-nc-27616-fcapi-classicality-audit.pdf,elementary-intermediate,Private School,Private School,0,,495,,,,,,,,,,,,,,,,,,,,,2549,,,,,,,1,,1,0,0,1,0,0,1,placeholders/placeholder-elementary-7.png,,0,0,0,0,240,,K-8,"K, 1st, 2nd, 3rd, 4th, 5th, 6th, 7th, 8th"
001V400000tPD1F,The Adeodatus & Santiago Scholé Community,001V400000tOZKD,Schole Communities,adeodatus-santiago-schole-community-alhambra-ca,alex@adeodatus.com,"",,,,,Alhambra,,CA,"",US,34.09275490,-118.12682110,classical,adeodatus-santiago-schole-community-alhambra-ca-fcapi-classicality-abstract.md,adeodatus-santiago-schole-community-alhambra-ca-fcapi-classicality-audit.md,adeodatus-santiago-schole-community-alhambra-ca-fcapi-classicality-audit.pdf,elementary-intermediate-secondary,,,0,,,,,,,,,,,,,,,,,,,,,,,5479,,,,,,,0,,0,0,0,0,0,0,0,placeholders/placeholder-schole-1.png,,0,0,0,0,5502,,,
001V400000tPD1G,The Ambrose School,,,ambrose-school-id-83646,office@theambroseschool.org,"+1 208 323 3888",,https://theambroseschool.org/,6100 N Locust Grove Rd.,,Meridian,Ada County,ID,"83646",US,43.66061480,-116.37389240,classical,ambrose-school-id-83646-fcapi-classicality-abstract.md,ambrose-school-id-83646-fcapi-classicality-audit.md,ambrose-school-id-83646-fcapi-classicality-audit.pdf,elementary-intermediate-secondary,Private School,Private,0,,,,,,,,,,,,,,,,,,,,,,,,,,,,,,0,,0,0,0,0,0,0,0,placeholders/placeholder-elementary-8.png,,0,0,0,0,338,,K-12,"K, 1st, 2nd, 3rd, 4th, 5th, 6th, 7th, 8th, 9th, 10th, 11th, 12th"
001V400000tPD1I,The Bridge Christian School,,,bridge-christian-school-va-24579,nbchristianfellowship@gmail.com,"+1 540 291 2332",,https://www.thebridgechristianacademy.org/,21 Gilmores Mill Rd,,Natural Bridge,,VA,"24579",US,37.62243430,-79.50762940,classical,bridge-christian-school-va-24579-fcapi-classicality-abstract.md,bridge-christian-school-va-24579-fcapi-classicality-audit.md,bridge-christian-school-va-24579-fcapi-classicality-audit.pdf,elementary-intermediate,,,0,,,,,,,,,,,,,,,,,,,,,,,,,,,,,,0,,0,0,0,0,0,0,0,placeholders/placeholder-elementary-9.png,,0,0,0,0,3268,,K-6,"K, 1st, 2nd, 3rd, 4th, 5th, 6th"
001V400000tPD1J,The Bridge Christian School,,,bridge-christian-school-wi-54872,,"+1 715 566 1230",,https://sirencovenantchurch.com/the-bridge-christian-school/,7686 Lofty Pines Dr,,Siren,,WI,"54872",US,45.77917750,-92.37918810,classical,bridge-christian-school-wi-54872-fcapi-classicality-abstract.md,bridge-christian-school-wi-54872-fcapi-classicality-audit.md,bridge-christian-school-wi-54872-fcapi-classicality-audit.pdf,elementary-intermediate-secondary,,,0,,,,,,,,,,,,,,,,,,,,,,,,,,,,,,0,,0,0,0,0,0,0,0,placeholders/placeholder-elementary-0.png,,0,0,0,0,5351,,K-12,"K, 1st, 2nd, 3rd, 4th, 5th, 6th, 7th, 8th, 9th, 10th, 11th, 12th"
001V400000tPD1K,The Cambridge School of Dallas,,,cambridge-school-dallas-tx-75229,wmesser@cambridgedallas.org,"+1 214 357 2995",,https://cambridgedallas.org/,PO Box 59895-1895,,Dallas,Dallas County,TX,"75229",US,32.77666420,-96.79698790,classical,cambridge-school-dallas-tx-75229-fcapi-classicality-abstract.md,cambridge-school-dallas-tx-75229-fcapi-classicality-audit.md,cambridge-school-dallas-tx-75229-fcapi-classicality-audit.pdf,intermediate-secondary,Private School,Private,0,,,,,,,,,,,,,,,,,,,,,,,,,,,,,,0,,0,0,0,0,0,0,0,placeholders/placeholder-intermediate-5.png,,0,0,0,0,581,,5-12,"5th, 6th, 7th, 8th, 9th, 10th, 11th, 12th"
001V400000tPD1M,The City School Poplar,001V400000tOBYf,The City Schools,city-school-poplar-pa-19123,,"+1 215 731 1930",,https://cityschool.org/,910 N 6th St,,Philadelphia,Philadelphia County,PA,"19123",US,39.96827940,-75.14742380,classical,city-school-poplar-pa-19123-fcapi-classicality-abstract.md,city-school-poplar-pa-19123-fcapi-classicality-audit.md,city-school-poplar-pa-19123-fcapi-classicality-audit.pdf,intermediate-secondary,Private School,Private,0,,,,,,,,,,,,,,,,,,,,,,,5643,,,,,,,0,,0,0,0,0,0,0,0,placeholders/placeholder-virtual-0.png,,0,0,0,0,5385,,6-12,"6th, 7th, 8th, 9th, 10th, 11th, 12th"
001V400000tPD1N,The Classical Academy,001V400000tOZJm,Classical Academies,classical-academy-ca-92025,info@classicalacademy.com,"+1 760 546 0101",,https://www.classicalacademy.com/locations/the-classical-academy,2950 S. Bear Valley Pkwy.,,Escondido,San Diego County,CA,"92025",US,33.08399500,-117.05544220,classical,classical-academy-ca-92025-fcapi-classicality-abstract.md,classical-academy-ca-92025-fcapi-classicality-audit.md,classical-academy-ca-92025-fcapi-classicality-audit.pdf,elementary-intermediate-secondary,,,0,,,,,,,,,,,,,,,,,,,,,,,108,,,,,,,0,,0,0,0,0,0,0,0,placeholders/placeholder-elementary-2.png,,0,0,0,0,109,,PK-12,"Pre-K, K, 1st, 2nd, 3rd, 4th, 5th, 6th, 7th, 8th, 9th, 10th, 11th, 12th"
001V400000tPD1O,The Classical Academy,,,classical-academy-in-46250,admissions@the-classical-academy.com,"+1 765 757 0407",,https://www.the-classical-academy.com/,6049 E 91st St,,Indianapolis,,IN,"46250",US,39.91816970,-86.06346190,classical,classical-academy-in-46250-fcapi-classicality-abstract.md,classical-academy-in-46250-fcapi-classicality-audit.md,classical-academy-in-46250-fcapi-classicality-audit.pdf,elementary-intermediate-secondary,,,0,,,,,,,,,,,,,,,,,,,,,,,,,,,,,,0,,0,0,0,0,0,0,0,placeholders/placeholder-virtual-1.png,,0,0,0,0,5386,,PK-12,"Pre-K, K, 1st, 2nd, 3rd, 4th, 5th, 6th, 7th, 8th, 9th, 10th, 11th, 12th"
001V400000tPCk2,The Classical Academy of Sarasota,,,classical-academy-sarasota-fl-34240,info@tcasarasota.com,"+1 813 368 3484",,https://tcasarasota.com/,8751 Fruitville Rd.,,Sarasota,Sarasota County,FL,"34240",US,27.34087880,-82.39577620,classical,classical-academy-sarasota-fl-34240-fcapi-classicality-abstract.md,classical-academy-sarasota-fl-34240-fcapi-classicality-audit.md,classical-academy-sarasota-fl-34240-fcapi-classicality-audit.pdf,elementary-intermediate-secondary,Private School,Private,0,,,,,,,,,,,,,,,,,,,,,,,,,,,,,,0,,0,0,0,0,0,0,0,placeholders/placeholder-elementary-1.png,,0,0,0,0,733,,PK-12,"Pre-K, K, 1st, 2nd, 3rd, 4th, 5th, 6th, 7th, 8th, 9th, 10th, 11th, 12th"
001V400000tPD1P,The Classical Christian Academy at Bethel,,,classical-christian-academy-bethel-wv-25403,admin@tcca.life,"+1 681 513 9010",,https://tcca.life,7192 Arden Nollville Rd,,Martinsburg,,WV,"25403",US,39.45672970,-78.02294700,classical,classical-christian-academy-bethel-wv-25403-fcapi-classicality-abstract.md,classical-christian-academy-bethel-wv-25403-fcapi-classicality-audit.md,classical-christian-academy-bethel-wv-25403-fcapi-classicality-audit.pdf,elementary-intermediate,,,0,,,,,,,,,,,,,,,,,,,,,,,,,,,,,,0,,0,0,0,0,0,0,0,placeholders/placeholder-elementary-4.png,,0,0,0,0,3271,,PK-7,"Pre-K, K, 1st, 2nd, 3rd, 4th, 5th, 6th, 7th"
,The Classical School,,,classical-school-boone-in-46052,info@tcsboone.org,"+1 765 482 1653",,https://tcsboone.org,1383 E 75 N,,Lebanon,,IN,"46052",US,40.04718260,-86.44307270,classical,classical-school-boone-in-46052-fcapi-classicality-abstract.md,classical-school-boone-in-46052-fcapi-classicality-audit.md,classical-school-boone-in-46052-fcapi-classicality-audit.pdf,elementary-intermediate,,,0,,,,,,,,,,,,,,,,,,,,,,,,,,,,,,0,,0,0,0,0,0,0,0,placeholders/placeholder-elementary-3.png,,0,0,0,0,7638,,K-8,"K, 1st, 2nd, 3rd, 4th, 5th, 6th, 7th, 8th"
001V400000tPD1Q,The Connection School of Houston,,,connection-school-houston-tx-77433,,"+1 832 544 6031",,https://theconnectionschool.org/,15815 House & Hahl Rd,,Cypress,,TX,"77433",US,29.97199890,-95.70366790,classical,connection-school-houston-tx-77433-fcapi-classicality-abstract.md,connection-school-houston-tx-77433-fcapi-classicality-audit.md,connection-school-houston-tx-77433-fcapi-classicality-audit.pdf,elementary-intermediate-secondary,Private School,Private School,0,,160,,,,,,,,,,,,,,,,,,,,,,,,,,,,1,,1,0,0,0,0,0,0,placeholders/placeholder-elementary-5.png,,0,0,0,0,2551,,K-12,"K, 1st, 2nd, 3rd, 4th, 5th, 6th, 7th, 8th, 9th, 10th, 11th, 12th"
001V400000tPD1R,The Covenant School,,,covenant-school-ca-22902,,"+1 434 220 7302",,http://covenantschool.org,175 Hickory Street,,Charlottesville,,CA,"22902",US,38.00153800,-78.51890570,classical,covenant-school-ca-22902-fcapi-classicality-abstract.md,covenant-school-ca-22902-fcapi-classicality-audit.md,covenant-school-ca-22902-fcapi-classicality-audit.pdf,elementary-intermediate-secondary,,,0,,,,,,,,,,,,,,,,,,,,,,,,,,,,,,0,,0,0,0,0,0,0,0,placeholders/placeholder-elementary-7.png,,0,0,0,0,5166,,K-12,"K, 1st, 2nd, 3rd, 4th, 5th, 6th, 7th, 8th, 9th, 10th, 11th, 12th"
001V400000tPClw,The Covenant School of Jacksonville,,,covenant-school-jacksonville-fl-32207,,"+1 904 265 7474",,https://wearecovenant.org/,2300 Bartram Rd.,,Jacksonville,Duval County,FL,"32207",US,30.30171880,-81.60363460,classical,covenant-school-jacksonville-fl-32207-fcapi-classicality-abstract.md,covenant-school-jacksonville-fl-32207-fcapi-classicality-audit.md,covenant-school-jacksonville-fl-32207-fcapi-classicality-audit.pdf,elementary-intermediate-secondary,Private School,Private,0,,,,,,,,,,,,,,,,,,,,,,,,,,,,,,0,,0,0,0,0,0,0,0,placeholders/placeholder-elementary-7.png,,0,0,0,0,876,,K-12,"K, 1st, 2nd, 3rd, 4th, 5th, 6th, 7th, 8th, 9th, 10th, 11th, 12th"
001V400000tPD1X,The Geneva School,,,geneva-school-fl-32707,lmmeyer@genevaschool.org,"+1 407 332 6363",,https://genevaschool.org/,1775 Seminola Blvd,,Casselberry,Seminole County,FL,"32707",US,28.67397690,-81.29954060,classical,geneva-school-fl-32707-fcapi-classicality-abstract.md,geneva-school-fl-32707-fcapi-classicality-audit.md,geneva-school-fl-32707-fcapi-classicality-audit.pdf,elementary-intermediate-secondary,Private School,Private,0,,685,,,,,,,,,,,,,,,,,,,,,,,,,,,,1,,1,0,1,1,0,1,0,placeholders/placeholder-elementary-0.png,,0,0,0,0,1112,,PK-12,"Pre-K, K, 1st, 2nd, 3rd, 4th, 5th, 6th, 7th, 8th, 9th, 10th, 11th, 12th"
001V400000tPD1Y,The Geneva School,,,geneva-school-ca-92637,info@genevaschooloc.org,"+1 949 377 1616",,https://www.genevaschooloc.org/,24301 El Toro Road,,Laguna Woods,,CA,"92637",US,33.60977180,-117.73331340,classical,geneva-school-ca-92637-fcapi-classicality-abstract.md,geneva-school-ca-92637-fcapi-classicality-audit.md,geneva-school-ca-92637-fcapi-classicality-audit.pdf,elementary-intermediate,Private School,Private School,0,,137,,,,,,,,,,,,,,,,,,,,,,,,,,,,1,,1,0,1,0,0,1,0,placeholders/placeholder-k12-7.png,,0,0,0,0,2552,,K-9,"K, 1st, 2nd, 3rd, 4th, 5th, 6th, 7th, 8th, 9th"
001V400000tPD1Z,The Habersham School,,,habersham-school-ga-31404,cfields@thehabershamschool.org,"+1 912 509 0540",,https://thehabershamschool.org/,4700 Skidaway Road,,Savannah,Chatham County,GA,"31404",US,32.04104260,-81.09379620,classical,habersham-school-ga-31404-fcapi-classicality-abstract.md,habersham-school-ga-31404-fcapi-classicality-audit.md,habersham-school-ga-31404-fcapi-classicality-audit.pdf,elementary-intermediate-secondary,Private School,Private,0,,,,,,,,,,,,,,,,,,,,,,,,,,,,,,0,,0,0,0,0,0,0,0,placeholders/placeholder-elementary-1.png,,0,0,0,0,1196,,K-12,"K, 1st, 2nd, 3rd, 4th, 5th, 6th, 7th, 8th, 9th, 10th, 11th, 12th"
001V400000tPD1b,The IMAGO School,,,imago-school-ma-01754,imago@imagoschool.org,"+1 978 857 0549",,https://imagoschool.org/,1 Percival St.,,Maynard,Middlesex County,MA,"01754",US,42.42767830,-71.45997270,classical,imago-school-ma-01754-fcapi-classicality-abstract.md,imago-school-ma-01754-fcapi-classicality-audit.md,imago-school-ma-01754-fcapi-classicality-audit.pdf,elementary-intermediate,Private School,Private,0,,,,,,,,,,,,,,,,,,,,,,,,,,,,,,0,,0,0,0,0,0,0,0,placeholders/placeholder-elementary-2.png,,0,0,0,0,1346,,PK-8,"Pre-K, K, 1st, 2nd, 3rd, 4th, 5th, 6th, 7th, 8th"
001V400000tPD1g,The Master's Academy,,,masters-academy-nc-28043,office@tmalions.com,"+1 828 229 3172",,https://tmalions.com,120 School Dr.,,Forest City,Rutherford County,NC,"28043",US,35.30922390,-81.85766320,classical,masters-academy-nc-28043-fcapi-classicality-abstract.md,masters-academy-nc-28043-fcapi-classicality-audit.md,masters-academy-nc-28043-fcapi-classicality-audit.pdf,elementary-intermediate-secondary,Private School,Private,0,,,,,,,,,,,,,,,,,,,,,,,,,,,,,,0,,0,0,0,0,0,0,0,placeholders/placeholder-elementary-5.png,,0,0,0,0,1622,,K-12,"K, 1st, 2nd, 3rd, 4th, 5th, 6th, 7th, 8th, 9th, 10th, 11th, 12th"
001V400000tPD1i,The Oaks Academy,,,oaks-academy-il-62321,theoakscarthage@gmail.com,"+1 217 430 3780",,https://www.theoaksacademyil.org/,409 S Madison St,,Carthage,,IL,"62321",US,40.40809100,-91.13605910,classical,oaks-academy-il-62321-fcapi-classicality-abstract.md,oaks-academy-il-62321-fcapi-classicality-audit.md,oaks-academy-il-62321-fcapi-classicality-audit.pdf,elementary-intermediate,,,0,,,,,,,,,,,,,,,,,,,,,,,,,,,,,,0,,0,0,0,0,0,0,0,placeholders/placeholder-elementary-7.png,,0,0,0,0,3278,,K-6,"K, 1st, 2nd, 3rd, 4th, 5th, 6th"
001V400000tPD1j,The Oaks Classical Cottage School,,,oaks-classical-cottage-school-al-36109,,"+1 334 356 8549",,https://www.theoaksccs.org/,125 Calhoun Road,,Montgomery,,AL,"36109",US,32.38816300,-86.26749910,classical,oaks-classical-cottage-school-al-36109-fcapi-classicality-abstract.md,oaks-classical-cottage-school-al-36109-fcapi-classicality-audit.md,oaks-classical-cottage-school-al-36109-fcapi-classicality-audit.pdf,elementary-intermediate-secondary,Private School,Private School,0,,52,,,,,,,,,,,,,,,,,,,,,,,,,,,,1,,1,0,0,0,0,1,0,placeholders/placeholder-elementary-0.png,,0,0,0,0,2556,,K-12,"K, 1st, 2nd, 3rd, 4th, 5th, 6th, 7th, 8th, 9th, 10th, 11th, 12th"
001V400000tPD1k,The Oaks School,,,oaks-school-ga-30809,admin@theoaksevans.org,"+1 706 513 7518",,https://theoaksevans.org,2540 William Few Parkway,,Evans,,GA,"30809",US,33.55004850,-82.21587350,classical,oaks-school-ga-30809-fcapi-classicality-abstract.md,oaks-school-ga-30809-fcapi-classicality-audit.md,oaks-school-ga-30809-fcapi-classicality-audit.pdf,elementary,Private School,Private School,0,,,,,,,,,,,,,,,,,,,,,,,,,,,,,,1,,0,0,0,0,0,0,0,placeholders/placeholder-elementary-1.png,,0,0,0,0,2557,,K-3,"K, 1st, 2nd, 3rd"
001V400000tPD1l,The Oaks Tutorials,,,oaks-tutorials-tx-76107,admin@theoakstutorials.net,"+1 704 996 4758",,https://theoakstutorials.net/,4629 Bryce Ave.,,Fort Worth,Tarrant County,TX,"76107",US,32.73917670,-97.38913410,classical,oaks-tutorials-tx-76107-fcapi-classicality-abstract.md,oaks-tutorials-tx-76107-fcapi-classicality-audit.md,oaks-tutorials-tx-76107-fcapi-classicality-audit.pdf,elementary-intermediate-secondary,Private School,Private,0,,,,,,,,,,,,,,,,,,,,,,,,,,,,,,0,,0,0,0,0,0,0,0,placeholders/placeholder-elementary-2.png,,0,0,0,0,1791,,K-12,"K, 1st, 2nd, 3rd, 4th, 5th, 6th, 7th, 8th, 9th, 10th, 11th, 12th"
001V400000tPD1m,The Oaks: A Classical Christian Academy,,,oaks-classical-christian-academy-wa-99214,office@theoakscca.org,"+1 509 536 5955",,https://theoakscca.org/,11711 E 24th Ave. Valley,,Spokane,Spokane County,WA,"99214-1146",US,47.63591940,-117.24731580,classical,oaks-classical-christian-academy-wa-99214-fcapi-classicality-abstract.md,oaks-classical-christian-academy-wa-99214-fcapi-classicality-audit.md,oaks-classical-christian-academy-wa-99214-fcapi-classicality-audit.pdf,elementary-intermediate-secondary,Private School,Private,0,,,,,,,,,,,,,,,,,,,,,,,,,,,,,,0,,0,0,0,0,0,0,0,placeholders/placeholder-elementary-3.png,,0,0,0,0,1784,,K-12,"K, 1st, 2nd, 3rd, 4th, 5th, 6th, 7th, 8th, 9th, 10th, 11th, 12th"
001V400000tPD1n,The Old School,,,old-school-tx-75024,,"",,,5810 Tennyson Parkway,,Plano,,TX,"75024",US,33.07149300,-96.82244610,classical,old-school-tx-75024-fcapi-classicality-abstract.md,old-school-tx-75024-fcapi-classicality-audit.md,old-school-tx-75024-fcapi-classicality-audit.pdf,elementary-intermediate-secondary,,,0,,,,,,,,,,,,,,,,,,,,,,,,,,,,,,0,,0,0,0,0,0,0,0,placeholders/placeholder-k12-5.png,,0,0,0,0,5255,,,
001V400000tPD1o,The Olive Branch Homeschool Co: A Scholé Community,001V400000tOZKD,Schole Communities,olive-branch-homeschool-schole-community-springfield-mo,,"",,https://www.facebook.com/profile.php/?id=100094735497546&_rdr,,,Springfield,,MO,"",US,37.20895720,-93.29229890,classical,olive-branch-homeschool-schole-community-springfield-mo-fcapi-classicality-abstract.md,olive-branch-homeschool-schole-community-springfield-mo-fcapi-classicality-audit.md,olive-branch-homeschool-schole-community-springfield-mo-fcapi-classicality-audit.pdf,elementary-intermediate-secondary,,,0,,,,,,,,,,,,,,,,,,,,,,,5479,,,,,,,0,,0,0,0,0,0,0,0,placeholders/placeholder-schole-1.png,,0,0,0,0,5522,,,
001V400000tPD1p,The Potter’s House,,,potters-house-mi-49509,,"+1 616 241 5202",,http://tphgr.org,810 Van Raalte Drive Southwest,,Grand Rapids,,MI,"49509",US,42.93699700,-85.68674400,classical,potters-house-mi-49509-fcapi-classicality-abstract.md,potters-house-mi-49509-fcapi-classicality-audit.md,potters-house-mi-49509-fcapi-classicality-audit.pdf,elementary-intermediate-secondary,,,0,,,,,,,,,,,,,,,,,,,,,,,,,,,,,,0,,0,0,0,0,0,0,0,placeholders/placeholder-elementary-4.png,,0,0,0,0,5223,,K-12,"K, 1st, 2nd, 3rd, 4th, 5th, 6th, 7th, 8th, 9th, 10th, 11th, 12th"
001V400000tPD1q,The River Academy,,,river-academy-wa-98801,theriver@theriveracademy.org,"+1 509 665 2415",,https://theriveracademy.org/,650 Crawford Ave.,,Wenatchee,Chelan County,WA,"98801",US,47.40471840,-120.31479340,classical,river-academy-wa-98801-fcapi-classicality-abstract.md,river-academy-wa-98801-fcapi-classicality-audit.md,river-academy-wa-98801-fcapi-classicality-audit.pdf,elementary-intermediate-secondary,Private School,Private,0,,,,,,,,,,,,,,,,,,,,,,,,,,,,,,0,,0,0,0,0,0,0,0,placeholders/placeholder-elementary-5.png,,0,0,0,0,2054,,PK-12,"Pre-K, K, 1st, 2nd, 3rd, 4th, 5th, 6th, 7th, 8th, 9th, 10th, 11th, 12th"
001V400000tPD1t,The Scholé Fellowship,001V400000tOZKD,Schole Communities,the-schole-fellowship-knoxville-tn,info@thescholefellowship.org,"",,https://thescholefellowship.org,,,Knoxville,,TN,"",US,35.96526600,-83.92330400,classical,the-schole-fellowship-knoxville-tn-fcapi-classicality-abstract.md,the-schole-fellowship-knoxville-tn-fcapi-classicality-audit.md,the-schole-fellowship-knoxville-tn-fcapi-classicality-audit.pdf,elementary-intermediate-secondary,,,0,,,,,,,,,,,,,,,,,,,,,,,5479,,,,,,,0,,0,0,0,0,0,0,0,placeholders/placeholder-schole-1.png,,0,0,0,0,5545,,,
001V400000tPD1v,The Timbers School,,,timbers-school-wa-99026,timbersoffices@gmail.com,"+1 509 939 6428",,,11223 W Charles Rd,,Nine Mile Fls,,WA,"99026",US,47.78591360,-117.56684120,classical,timbers-school-wa-99026-fcapi-classicality-abstract.md,timbers-school-wa-99026-fcapi-classicality-audit.md,timbers-school-wa-99026-fcapi-classicality-audit.pdf,elementary-intermediate-secondary,,,0,,,,,,,,,,,,,,,,,,,,,,,,,,,,,,0,,0,0,0,0,0,0,0,placeholders/placeholder-elementary-6.png,,0,0,0,0,3286,,K-12,"K, 1st, 2nd, 3rd, 4th, 5th, 6th, 7th, 8th, 9th, 10th, 11th, 12th"
001V400000tPD1w,The Veritas School,,,veritas-school-ca,office@veritasvallejo.org,"+1 707 692 3040",,https://veritasvallejo.org,901 Solano Ave,,Vallejo,,CA,"94590",US,38.09715460,-122.24542380,classical,veritas-school-ca-fcapi-classicality-abstract.md,veritas-school-ca-fcapi-classicality-audit.md,veritas-school-ca-fcapi-classicality-audit.pdf,elementary,,,0,,,,,,,,,,,,,,,,,,,,,,,,,,,,,,0,,0,0,0,0,0,0,0,placeholders/placeholder-elementary-7.png,,0,0,0,0,3287,,K,Kindergarten
001V400000tPD1z,Theoria Fellowship: A Schole' Group of Middle TN,001V400000tOZKD,Schole Communities,theoria-fellowship-schole-group-middle-tn-arrington-tn,Theoriafellowship@gmail.com,"",,https://www.instagram.com/theoriafellowship/,,,Arrington,,TN,"",US,35.86811990,-86.70916430,classical,theoria-fellowship-schole-group-middle-tn-arrington-tn-fcapi-classicality-abstract.md,theoria-fellowship-schole-group-middle-tn-arrington-tn-fcapi-classicality-audit.md,theoria-fellowship-schole-group-middle-tn-arrington-tn-fcapi-classicality-audit.pdf,elementary-intermediate-secondary,,,0,,,,,,,,,,,,,,,,,,,,,,,5479,,,,,,,0,,0,0,0,0,0,0,0,placeholders/placeholder-schole-1.png,,0,0,0,0,5547,,,
001V400000tPD20,Thomas MacLaren School,,,thomas-maclaren-school-co-80915,,"+1 719 313 4488",,https://www.maclarenschool.org/,1702 N. Murray Blvd.,,Colorado Springs,El Paso County,CO,"80915",US,38.85826040,-104.74860440,classical,thomas-maclaren-school-co-80915-fcapi-classicality-abstract.md,thomas-maclaren-school-co-80915-fcapi-classicality-audit.md,thomas-maclaren-school-co-80915-fcapi-classicality-audit.pdf,elementary-intermediate-secondary,Charter,Public,0,,,,,,,,,,,,,,,,,,,,,,,,,,,,,,0,,0,0,0,0,0,0,0,placeholders/placeholder-elementary-9.png,,0,0,0,0,2560,,K-12,"K, 1st, 2nd, 3rd, 4th, 5th, 6th, 7th, 8th, 9th, 10th, 11th, 12th"
001V400000tPD21,Three Oaks Christian School,,,three-oaks-christian-school-in-46733,info@threeoakscs.org,"+1 260 301 3478",,https://threeoakscs.org/,901 Everhart Drive,,Decatur,Adams County,IN,"46733",US,40.81985800,-84.92296900,classical,three-oaks-christian-school-in-46733-fcapi-classicality-abstract.md,three-oaks-christian-school-in-46733-fcapi-classicality-audit.md,three-oaks-christian-school-in-46733-fcapi-classicality-audit.pdf,elementary-intermediate-secondary,Private School,Private,0,,,,,,,,,,,,,,,,,,,,,,,,,,,,,,0,,0,0,0,0,0,0,0,placeholders/placeholder-k12-6.png,,0,0,0,0,2561,,PK-12,"Pre-K, K, 1st, 2nd, 3rd, 4th, 5th, 6th, 7th, 8th, 9th, 10th, 11th, 12th"
001V400000tPD23,Tidewater Classical Academy,,,tidewater-classical-academy-va-23453,TCA@greenrunbaptist.com,"+1 757 405 3680",,https://greenrunbaptist.com/,1201 Rosemont Rd.,,Virginia Beach,,VA,"23453",US,36.80026470,-76.09978910,classical,tidewater-classical-academy-va-23453-fcapi-classicality-abstract.md,tidewater-classical-academy-va-23453-fcapi-classicality-audit.md,tidewater-classical-academy-va-23453-fcapi-classicality-audit.pdf,elementary-intermediate-secondary,Private School,Private,0,,,,,,,,,,,,,,,,,,,,,,,,,,,,,,0,,0,0,0,0,0,0,0,placeholders/placeholder-elementary-1.png,,0,0,0,0,2563,,K-12,"K, 1st, 2nd, 3rd, 4th, 5th, 6th, 7th, 8th, 9th, 10th, 11th, 12th"
001V400000tPD28,Tre Capi Classical School,,,tre-capi-classical-school-fl-32836,,"",,,11224 Rockport Street,,Orlando,,FL,"32836",US,28.43905310,-81.54644500,classical,tre-capi-classical-school-fl-32836-fcapi-classicality-abstract.md,tre-capi-classical-school-fl-32836-fcapi-classicality-audit.md,tre-capi-classical-school-fl-32836-fcapi-classicality-audit.pdf,elementary-intermediate-secondary,,,0,,,,,,,,,,,,,,,,,,,,,,,,,,,,,,0,,0,0,0,0,0,0,0,placeholders/placeholder-k12-1.png,,0,0,0,0,5230,,,
001V400000tPD29,Treasure Coast Classical Academy,,,treasure-coast-classical-academy-fl-34997,info@treasurecoastclassical.org,"+1 772 240 9301",, https://www.thetcca.net/ ,1400 SE Cove Rd.,,Stuart,Martin County,FL,"34997",US,27.12034500,-80.23483050,classical,treasure-coast-classical-academy-fl-34997-fcapi-classicality-abstract.md,treasure-coast-classical-academy-fl-34997-fcapi-classicality-audit.md,treasure-coast-classical-academy-fl-34997-fcapi-classicality-audit.pdf,elementary-intermediate-secondary,Charter,Public,0,,,,,,,,,,,,,,,,,,,,,,,,,,,,,,0,,0,0,0,0,0,0,0,placeholders/placeholder-elementary-1.png,,0,0,0,0,2573,,K-12,"K, 1st, 2nd, 3rd, 4th, 5th, 6th, 7th, 8th, 9th, 10th, 11th, 12th"
001V400000tPD2A,Treasure Valley Classical Academy: Elementary,001V400000vNclQ,American Classical Schools of Idaho,treasure-valley-classical-academy-id-83619,info@tvcacademy.org,"+1 208 779 4088",,https://tvcacademy.org/,500 SW 3rd St,,Fruitland,Payette County,ID,"83619",US,44.00844430,-116.92004650,classical,treasure-valley-classical-academy-id-83619-fcapi-classicality-abstract.md,treasure-valley-classical-academy-id-83619-fcapi-classicality-audit.md,treasure-valley-classical-academy-id-83619-fcapi-classicality-audit.pdf,elementary-intermediate,Charter,Public,0,,,,,,,,,,,,,,,,,,,,,,,7637,,,,,,,0,,0,0,0,0,0,0,0,placeholders/placeholder-elementary-2.png,,0,0,0,0,2574,,K-7,"K, 1st, 2nd, 3rd, 4th, 5th, 6th, 7th"
001V400000b5Q6Z,Treasure Valley Classical Academy: Upper,001V400000vNclQ,American Classical Schools of Idaho,treasure-valley-classical-academy-upper-id-83661,info@tvcacademy.org,"+1 208 779 4088",,https://tvcacademy.org/,1860 7th Ave. N,,Payette,Payette County,ID,"83661",US,44.08403880,-116.91842730,classical,treasure-valley-classical-academy-upper-id-83661-fcapi-classicality-abstract.md,treasure-valley-classical-academy-upper-id-83661-fcapi-classicality-audit.md,treasure-valley-classical-academy-upper-id-83661-fcapi-classicality-audit.pdf,intermediate-secondary,Charter,Public,0,,,,,,,,,,,,,,,,,,,,,,,7637,,,,,,,0,,0,0,0,0,0,0,0,placeholders/placeholder-elementary-2.png,,0,0,0,0,7636,,8-12,"8th, 9th, 10th, 11th, 12th"
001V400000tPD2C,Trees and Souls Schole Community,001V400000tOZKD,Schole Communities,trees-souls-schole-community-sparta-mo,,"",,,,,Sparta,,MO,"",US,37.00116460,-93.08156780,classical,trees-souls-schole-community-sparta-mo-fcapi-classicality-abstract.md,trees-souls-schole-community-sparta-mo-fcapi-classicality-audit.md,trees-souls-schole-community-sparta-mo-fcapi-classicality-audit.pdf,elementary-intermediate-secondary,,,0,,,,,,,,,,,,,,,,,,,,,,,5479,,,,,,,0,,0,0,0,0,0,0,0,placeholders/placeholder-schole-1.png,,0,0,0,0,5523,,,
001V400000tPD2E,Tri-Cities Christian Academy,001V400000tOZJv,Lakeway Christian Schools,tri-cities-christian-academy-tn-37617,,"+1 423 323 7129",,https://www.lcstn.org/tca/home,1500 Tennessee 75,,Blountville,Sullivan County,TN,"37617",US,36.50991450,-82.38908570,classical,tri-cities-christian-academy-tn-37617-fcapi-classicality-abstract.md,tri-cities-christian-academy-tn-37617-fcapi-classicality-audit.md,tri-cities-christian-academy-tn-37617-fcapi-classicality-audit.pdf,elementary-intermediate-secondary,Private School,Private,0,,,,,,,,,,,,,,,,,,,,,,,187,,,,,,,0,,0,0,0,0,0,0,0,placeholders/placeholder-elementary-3.png,,0,0,0,0,188,,K-12,"K, 1st, 2nd, 3rd, 4th, 5th, 6th, 7th, 8th, 9th, 10th, 11th, 12th"
001V400000tPD2G,Trinitas Christian School,,,trinitas-christian-school-fl-32514,trinitas@trinitaschristian.org,"+1 850 293 1164",,https://www.trinitaschristian.org,3301 E Johnson Ave.,,Pensacola,Escambia County,FL,"32514",US,30.51653350,-87.19781890,classical,trinitas-christian-school-fl-32514-fcapi-classicality-abstract.md,trinitas-christian-school-fl-32514-fcapi-classicality-audit.md,trinitas-christian-school-fl-32514-fcapi-classicality-audit.pdf,elementary-intermediate-secondary,Private School,Private,0,,,,,,,,,,,,,,,,,,,,,,,,,,,,,,0,,0,0,0,0,0,0,0,placeholders/placeholder-elementary-8.png,,0,0,0,0,2579,,K-12,"K, 1st, 2nd, 3rd, 4th, 5th, 6th, 7th, 8th, 9th, 10th, 11th, 12th"
001V400000tPD2H,Trinitas Classical Academy,,,trinitas-classical-academy-tn-37064,info@tcafranklin.org,"+1 615 790 8556",,https://tcafranklin.org/,810 Del Rio Pike,,Franklin,,TN,"37064",US,35.93132290,-86.88319530,classical,trinitas-classical-academy-tn-37064-fcapi-classicality-abstract.md,trinitas-classical-academy-tn-37064-fcapi-classicality-audit.md,trinitas-classical-academy-tn-37064-fcapi-classicality-audit.pdf,elementary-intermediate-secondary,Private School,Private School,0,,77,,,,,,,,,,,,,,,,,,,,,,,,,,,,1,,1,0,1,0,0,0,0,placeholders/placeholder-elementary-9.png,,0,0,0,0,2580,,PK-12,"Pre-K, K, 1st, 2nd, 3rd, 4th, 5th, 6th, 7th, 8th, 9th, 10th, 11th, 12th"
001V400000tPD2I,Trinitas Classical School,,,trinitas-classical-school-mi-49508,office@trinitasclassical.org,"+1 616 855 6518",,https://www.trinitasclassical.org/,1934 52nd Street Southeast,,Grand Rapids,,MI,"49508",US,42.86840560,-85.61641010,classical,trinitas-classical-school-mi-49508-fcapi-classicality-abstract.md,trinitas-classical-school-mi-49508-fcapi-classicality-audit.md,trinitas-classical-school-mi-49508-fcapi-classicality-audit.pdf,elementary-intermediate,Private School,Private School,0,,75,,,,,,,,,,,,,,,,,,,,,,,,,,,,1,,0,1,0,1,1,0,0,placeholders/placeholder-k12-5.png,,0,0,0,0,2582,,K-8,"K, 1st, 2nd, 3rd, 4th, 5th, 6th, 7th, 8th"
001V400000tPD2K,Trinity Academy,,,trinity-academy-il-61440,,"+1 309 731 4016",,https://trinityeagles.org/,306 E. South St,,Industry,,IL,"61440",US,40.32421180,-90.60176760,classical,trinity-academy-il-61440-fcapi-classicality-abstract.md,trinity-academy-il-61440-fcapi-classicality-audit.md,trinity-academy-il-61440-fcapi-classicality-audit.pdf,elementary-intermediate-secondary,Private School,Private School,0,,91,,,,,,,,,,,,,,,,,,,,,,,,,,,,1,,1,0,1,1,0,0,1,placeholders/placeholder-elementary-4.png,,0,0,0,0,2586,,K-12,"K, 1st, 2nd, 3rd, 4th, 5th, 6th, 7th, 8th, 9th, 10th, 11th, 12th"
001V400000tPD2L,Trinity Academy,,,trinity-academy-nc-27613,,"+1 919 332 1429",,https://trinityacademy.com/,10224 Baileywick Rd.,,Raleigh,Wake County,NC,"27613",US,35.91167440,-78.69708460,classical,trinity-academy-nc-27613-fcapi-classicality-abstract.md,trinity-academy-nc-27613-fcapi-classicality-audit.md,trinity-academy-nc-27613-fcapi-classicality-audit.pdf,elementary-intermediate-secondary,Private School,Private,0,,,,,,,,,,,,,,,,,,,,,,,,,,,,,,0,,0,0,0,0,0,0,0,placeholders/placeholder-elementary-6.png,,0,0,0,0,2588,,PK-12,"Pre-K, K, 1st, 2nd, 3rd, 4th, 5th, 6th, 7th, 8th, 9th, 10th, 11th, 12th"
001V400000tPD2M,Trinity Academy,,,trinity-academy-or-97217,INFO@TRINITYACADEMYPORTLAND.ORG,"+1 503 567 9559",,https://trinityacademyportland.org/,7424 N Mississippi Ave.,,Portland,Multnomah County,OR,"97217",US,45.57671580,-122.67589340,classical,trinity-academy-or-97217-fcapi-classicality-abstract.md,trinity-academy-or-97217-fcapi-classicality-audit.md,trinity-academy-or-97217-fcapi-classicality-audit.pdf,intermediate-secondary,Private School,Private,0,,,,,,,,,,,,,,,,,,,,,,,,,,,,,,0,,0,0,0,0,0,0,0,placeholders/placeholder-elementary-7.png,,0,0,0,0,2589,,6-12,"6th, 7th, 8th, 9th, 10th, 11th, 12th"
001V400000tPD2N,"Trinity Alliance, a Scholé Community",001V400000tOZKD,Schole Communities,trinity-alliance-schole-community-citrus-heights-ca,charlotte.turner@trinityschole.com,"",,https://trinityschole.com,,,Citrus Heights,,CA,"",US,38.67825470,-121.29245900,classical,trinity-alliance-schole-community-citrus-heights-ca-fcapi-classicality-abstract.md,trinity-alliance-schole-community-citrus-heights-ca-fcapi-classicality-audit.md,trinity-alliance-schole-community-citrus-heights-ca-fcapi-classicality-audit.pdf,elementary-intermediate-secondary,,,0,,,,,,,,,,,,,,,,,,,,,,,5479,,,,,,,0,,0,0,0,0,0,0,0,placeholders/placeholder-schole-1.png,,0,0,0,0,5499,,,
001V400000tPD2O,Trinity Christian Academy,,,trinity-christian-academy-fl-32725,,"+1 305 221 9722",,https://www.rafikiclassicalacademy.org/,875 Elkcam Boulevard,,Deltona,Volusia County,FL,"32725",US,28.92446720,-81.25427240,classical,trinity-christian-academy-fl-32725-fcapi-classicality-abstract.md,trinity-christian-academy-fl-32725-fcapi-classicality-audit.md,trinity-christian-academy-fl-32725-fcapi-classicality-audit.pdf,elementary,Private School,Private,0,,,,,,,,,,,,,,,,,,,,,,,,,,,,,,0,,0,0,0,0,0,0,0,placeholders/placeholder-k12-7.png,,0,0,0,0,2596,,PK-5,"Pre-K, K, 1st, 2nd, 3rd, 4th, 5th"
001V400000tPD41,Trinity Christian Academy,,,trinity-christian-academy-ky-40515,office@trinitybaptist.com,"+1 859 271 0079",,https://www.trinitylex.org/,3900 Rapid Run Drive,,Lexington,,KY,"40515",US,37.96410850,-84.48255590,classical,trinity-christian-academy-ky-40515-fcapi-classicality-abstract.md,trinity-christian-academy-ky-40515-fcapi-classicality-audit.md,trinity-christian-academy-ky-40515-fcapi-classicality-audit.pdf,elementary-intermediate-secondary,Private School,Private School,0,,514,,,,,,,,,,,,,,,,,,,,,,,,,,,,1,,1,0,1,1,1,1,0,placeholders/placeholder-k12-8.png,,0,0,0,0,2597,,PK-12,"Pre-K, K, 1st, 2nd, 3rd, 4th, 5th, 6th, 7th, 8th, 9th, 10th, 11th, 12th"
001V400000tPD42,Trinity Christian School,,,trinity-christian-school-al-36801,smiller@tcsopelika.org,"+1 334 745 2464",,https://tcsopelika.org/,1010 India Rd.,,Opelika,Lee County,AL,"36801",US,32.66783080,-85.38892140,classical,trinity-christian-school-al-36801-fcapi-classicality-abstract.md,trinity-christian-school-al-36801-fcapi-classicality-audit.md,trinity-christian-school-al-36801-fcapi-classicality-audit.pdf,elementary-intermediate-secondary,Private School,Private,0,,,,,,,,,,,,,,,,,,,,,,,,,,,,,,0,,0,0,0,0,0,0,0,placeholders/placeholder-elementary-7.png,,0,0,0,0,2603,,K-12,"K, 1st, 2nd, 3rd, 4th, 5th, 6th, 7th, 8th, 9th, 10th, 11th, 12th"
001V400000tPD43,Trinity Christian School,,,trinity-christian-school-az-86305,office@trinitychristianaz.com,"+1 928 445 6306",,https://trinitychristianaz.com/,1212 Warrior Way,,Prescott,Yavapai County,AZ,"86305",US,34.64352030,-112.44009270,classical,trinity-christian-school-az-86305-fcapi-classicality-abstract.md,trinity-christian-school-az-86305-fcapi-classicality-audit.md,trinity-christian-school-az-86305-fcapi-classicality-audit.pdf,elementary-intermediate-secondary,Private School,Private,0,,,,,,,,,,,,,,,,,,,,,,,,,,,,,,0,,0,0,0,0,0,0,0,placeholders/placeholder-elementary-9.png,,0,0,0,0,2605,,K-12,"K, 1st, 2nd, 3rd, 4th, 5th, 6th, 7th, 8th, 9th, 10th, 11th, 12th"
001V400000tPD44,Trinity Christian School,,,trinity-christian-school-hi-96734,info@tcskailua.net,"+1 808 262 8501",,https://tcskailua.net/,875 Auloa Rd.,,Kailua,Honolulu County,HI,"96734",US,21.38761080,-157.75088990,classical,trinity-christian-school-hi-96734-fcapi-classicality-abstract.md,trinity-christian-school-hi-96734-fcapi-classicality-audit.md,trinity-christian-school-hi-96734-fcapi-classicality-audit.pdf,elementary-intermediate-secondary,Private School,Private,0,,,,,,,,,,,,,,,,,,,,,,,,,,,,,,0,,0,0,0,0,0,0,0,placeholders/placeholder-k12-0.png,,0,0,0,0,2607,,PK-12,"Pre-K, K, 1st, 2nd, 3rd, 4th, 5th, 6th, 7th, 8th, 9th, 10th, 11th, 12th"
001V400000tPD45,Trinity Christian School,,,trinity-christian-school-nj-07045,tcsoffice@tcsnj.org,"+1 973 334 1785",,https://tcsnj.org/,160 Changebridge Rd.,,Montville,Morris County,NJ,"07045",US,40.89146830,-74.36515560,classical,trinity-christian-school-nj-07045-fcapi-classicality-abstract.md,trinity-christian-school-nj-07045-fcapi-classicality-audit.md,trinity-christian-school-nj-07045-fcapi-classicality-audit.pdf,elementary-intermediate-secondary,Private School,Private,0,,,,,,,,,,,,,,,,,,,,,,,,,,,,,,0,,0,0,0,0,0,0,0,placeholders/placeholder-elementary-1.png,,0,0,0,0,2609,,K-12,"K, 1st, 2nd, 3rd, 4th, 5th, 6th, 7th, 8th, 9th, 10th, 11th, 12th"
001V400000tPD46,Trinity Christian School,,,trinity-christian-school-pa-15221,info@trinitychristian.net,"+1 412 242 8886",,https://trinitychristian.net/,299 Ridge Ave.,,Pittsburgh,Allegheny County,PA,"15221",US,40.42690520,-79.85564040,classical,trinity-christian-school-pa-15221-fcapi-classicality-abstract.md,trinity-christian-school-pa-15221-fcapi-classicality-audit.md,trinity-christian-school-pa-15221-fcapi-classicality-audit.pdf,elementary-intermediate-secondary,Private School,Private,0,,,,,,,,,,,,,,,,,,,,,,,,,,,,,,0,,0,0,0,0,0,0,0,placeholders/placeholder-elementary-2.png,,0,0,0,0,2611,,K-12,"K, 1st, 2nd, 3rd, 4th, 5th, 6th, 7th, 8th, 9th, 10th, 11th, 12th"
001V400000tPLNT,Trinity Christian School of PBG,,,trinity-christian-school-pbg-fl-33410,,"+1 561 253 3950",,https://www.tcspbg.org/,9625 N Military Trail,,Palm Beach Gardens,Palm Beach County,FL,"33410",US,26.81816020,-80.10723310,somewhat-classical,trinity-christian-school-pbg-fl-33410-fcapi-classicality-abstract.md,trinity-christian-school-pbg-fl-33410-fcapi-classicality-audit.md,trinity-christian-school-pbg-fl-33410-fcapi-classicality-audit.pdf,elementary-intermediate-secondary,Private School,Private,0,,,,,,,,,,,,,,,,,,,,,,,,,,,,,,0,,0,0,0,0,0,0,0,placeholders/placeholder-elementary-3.png,,0,0,0,0,2610,,K-12,"K, 1st, 2nd, 3rd, 4th, 5th, 6th, 7th, 8th, 9th, 10th, 11th, 12th"
001V400000tPD47,Trinity Classical Academy,,,trinity-classical-academy-ca-91355,jkulp@trinityclassicalacademy.com,"+1 661 965 1514",,https://trinityclassicalacademy.com/,28310 Kelly Johnson Parkway,,Valencia,Los Angeles County,CA,"91355",US,34.45049160,-118.57902240,classical,trinity-classical-academy-ca-91355-fcapi-classicality-abstract.md,trinity-classical-academy-ca-91355-fcapi-classicality-audit.md,trinity-classical-academy-ca-91355-fcapi-classicality-audit.pdf,elementary-intermediate-secondary,,,0,,,,,,,,,,,,,,,,,,,,,,,,,,,,,,0,,0,0,0,0,0,0,0,placeholders/placeholder-k12-2.png,,0,0,0,0,2612,,PK-12,"Pre-K, K, 1st, 2nd, 3rd, 4th, 5th, 6th, 7th, 8th, 9th, 10th, 11th, 12th"
001V400000tPD48,Trinity Classical Academy,,,trinity-classical-academy-ms-39565,office.trinityclassicalms@gmail.com,"+1 228 382 2724",,https://www.trinityclassicalms.com/,12513 -57,,Vancleave,Jackson County,MS,"39565",US,30.44487130,-88.54361590,classical,trinity-classical-academy-ms-39565-fcapi-classicality-abstract.md,trinity-classical-academy-ms-39565-fcapi-classicality-audit.md,trinity-classical-academy-ms-39565-fcapi-classicality-audit.pdf,elementary-intermediate-secondary,Private School,Private,0,,,,,,,,,,,,,,,,,,,,,,,,,,,,,,0,,0,0,0,0,0,0,0,placeholders/placeholder-elementary-4.png,,0,0,0,0,2613,,PK-12,"Pre-K, K, 1st, 2nd, 3rd, 4th, 5th, 6th, 7th, 8th, 9th, 10th, 11th, 12th"
001V400000tPD49,Trinity Classical Academy,,,trinity-classical-academy-ne-68137,info@tcaomaha.com,"+1 402 934 0090",,https://tcaomaha.com/,800 North Front St.,,Waterloo,Douglas County,NE,"68137",US,41.29029090,-96.29064130,classical,trinity-classical-academy-ne-68137-fcapi-classicality-abstract.md,trinity-classical-academy-ne-68137-fcapi-classicality-audit.md,trinity-classical-academy-ne-68137-fcapi-classicality-audit.pdf,elementary-intermediate-secondary,Private School,Private,0,,,,,,,,,,,,,,,,,,,,,,,,,,,,,,0,,0,0,0,0,0,0,0,placeholders/placeholder-elementary-5.png,,0,0,0,0,2614,,K-11,"K, 1st, 2nd, 3rd, 4th, 5th, 6th, 7th, 8th, 9th, 10th, 11th"
001V400000tPD4A,Trinity Classical Academy,,,trinity-classical-academy-sc-29483,contact@trinityclassicalva.com,"+1 843 885 1081",,https://www.tcasummerville.com/,111 Waring St.,,Summerville,Dorchester County,SC,"29483",US,33.01389060,-80.18925440,classical,trinity-classical-academy-sc-29483-fcapi-classicality-abstract.md,trinity-classical-academy-sc-29483-fcapi-classicality-audit.md,trinity-classical-academy-sc-29483-fcapi-classicality-audit.pdf,elementary-intermediate,,,0,,,,,,,,,,,,,,,,,,,,,,,,,,,,,,0,,0,0,0,0,0,0,0,placeholders/placeholder-k12-3.png,,0,0,0,0,2615,,K-8,"K, 1st, 2nd, 3rd, 4th, 5th, 6th, 7th, 8th"
001V400000tPD4B,Trinity Classical Christian School,,,trinity-classical-christian-school-id-83211,admin@trinityclassicalchristianschool.com,"+1 208 242 3015",,https://trinitychristianidaho.com/,329 Harrison St,,American Falls,Power County,ID,"83211",US,42.77979840,-112.86572960,classical,trinity-classical-christian-school-id-83211-fcapi-classicality-abstract.md,trinity-classical-christian-school-id-83211-fcapi-classicality-audit.md,trinity-classical-christian-school-id-83211-fcapi-classicality-audit.pdf,elementary-intermediate-secondary,Private School,Private,0,,,,,,,,,,,,,,,,,,,,,,,,,,,,,,0,,0,0,0,0,0,0,0,placeholders/placeholder-elementary-7.png,,0,0,0,0,2617,,K-12,"K, 1st, 2nd, 3rd, 4th, 5th, 6th, 7th, 8th, 9th, 10th, 11th, 12th"
001V400000tPD4C,Trinity Classical School,,,trinity-classical-school-ga-30563,lgotsch@trinityclassical.org,"+1 706 894 2404",,https://trinityclassical.org/,243 Hazel Creek Church Road,,Mt Airy,Habersham County,GA,"30563",US,34.57132540,-83.48366550,classical,trinity-classical-school-ga-30563-fcapi-classicality-abstract.md,trinity-classical-school-ga-30563-fcapi-classicality-audit.md,trinity-classical-school-ga-30563-fcapi-classicality-audit.pdf,elementary-intermediate-secondary,Private School,Private,0,,,,,,,,,,,,,,,,,,,,,,,,,,,,,,0,,0,0,0,0,0,0,0,placeholders/placeholder-elementary-8.png,,0,0,0,0,2618,,K-12,"K, 1st, 2nd, 3rd, 4th, 5th, 6th, 7th, 8th, 9th, 10th, 11th, 12th"
001V400000tPD4D,Trinity Classical School,,,trinity-classical-school-wa-98225,diana.lim@trinitybham.org,"+1 360 410 3229",,https://trinitybham.org/,2826 Birchwood Ave.,,Bellingham,Whatcom County,WA,"98225",US,48.77403180,-122.50516100,classical,trinity-classical-school-wa-98225-fcapi-classicality-abstract.md,trinity-classical-school-wa-98225-fcapi-classicality-audit.md,trinity-classical-school-wa-98225-fcapi-classicality-audit.pdf,elementary-intermediate-secondary,Private School,Private,0,,,,,,,,,,,,,,,,,,,,,,,,,,,,,,0,,0,0,0,0,0,0,0,placeholders/placeholder-elementary-9.png,,0,0,0,0,2620,,K-12,"K, 1st, 2nd, 3rd, 4th, 5th, 6th, 7th, 8th, 9th, 10th, 11th, 12th"
001V400000tPD4E,Trinity Classical School of Houston,,,trinity-classical-school-houston-tx-77024,info@tcshouston.org,"+1 281 656 1880",,https://tcshouston.org/,7941 Katy Freeway #110,,Houston,Harris County,TX,"77024",US,29.78291150,-95.47601980,classical,trinity-classical-school-houston-tx-77024-fcapi-classicality-abstract.md,trinity-classical-school-houston-tx-77024-fcapi-classicality-audit.md,trinity-classical-school-houston-tx-77024-fcapi-classicality-audit.pdf,elementary-intermediate-secondary,Private School,Private,0,,,,,,,,,,,,,,,,,,,,,,,,,,,,,,0,,0,0,0,0,0,0,0,placeholders/placeholder-elementary-0.png,,0,0,0,0,2619,,PK-12,"Pre-K, K, 1st, 2nd, 3rd, 4th, 5th, 6th, 7th, 8th, 9th, 10th, 11th, 12th"
001V400000tPD4G,Trinity Knox Classical Academy,,,trinity-knox-classical-academy-ca-95386,admin@trinityknoxclassical.com,"+1 209 874 8428",,https://trinityknoxclassical.com/,116 E St.,,Waterford,Stanislaus County,CA,"95386",US,37.63965140,-120.75843230,classical,trinity-knox-classical-academy-ca-95386-fcapi-classicality-abstract.md,trinity-knox-classical-academy-ca-95386-fcapi-classicality-audit.md,trinity-knox-classical-academy-ca-95386-fcapi-classicality-audit.pdf,elementary-intermediate,Private School,Private,0,,,,,,,,,,,,,,,,,,,,,,,,,,,,,,0,,0,0,0,0,0,0,0,placeholders/placeholder-elementary-3.png,,0,0,0,0,2625,,K-9,"K, 1st, 2nd, 3rd, 4th, 5th, 6th, 7th, 8th, 9th"
001V400000tPD4H,Trinity Lutheran School,,,trinity-lutheran-school-wy-82501,trinitylutheranchurch@wyoming.com,"+1 307 856 9340",,https://wyoming.com/,419 East Park Avenue,,Riverton,Fremont County,WY,"82501",US,43.02661390,-108.38551430,classical,trinity-lutheran-school-wy-82501-fcapi-classicality-abstract.md,trinity-lutheran-school-wy-82501-fcapi-classicality-audit.md,trinity-lutheran-school-wy-82501-fcapi-classicality-audit.pdf,elementary-intermediate,Private School,Private,0,,,,,,,,,,,,,,,,,,,,,,,,,,,,,,0,,0,0,0,0,0,0,0,placeholders/placeholder-k12-6.png,,0,0,0,0,2630,,PK-6,"Pre-K, K, 1st, 2nd, 3rd, 4th, 5th, 6th"
001V400000tPD4I,Trinity Lutheran School in Cheyenne,,,trinity-lutheran-school-cheyenne-wy-82001,,"",,https://trinitycheyenne.org/school/,601 East 2nd Street,,Cheyenne,Carver County,WY,"82001",US,44.84728760,-93.77746250,classical,trinity-lutheran-school-cheyenne-wy-82001-fcapi-classicality-abstract.md,trinity-lutheran-school-cheyenne-wy-82001-fcapi-classicality-audit.md,trinity-lutheran-school-cheyenne-wy-82001-fcapi-classicality-audit.pdf,elementary-intermediate,Private School,Private School,0,,56,,,,,,,,,,,,,,,,,,,,,,,,,,,,1,,1,0,1,0,0,0,0,placeholders/placeholder-k12-7.png,,0,0,0,0,2627,,PK-8,"Pre-K, K, 1st, 2nd, 3rd, 4th, 5th, 6th, 7th, 8th"
001V400000tPD4J,Trinity Lutheran School in Riverton,,,trinity-lutheran-school-riverton-wy-82501,trinitylutheranchurch@wyoming.com,"",,https://www.tlcriverton.org/school/,419 East Park Ave,,Riverton,,WY,"82501",US,43.02646360,-108.38552440,classical,trinity-lutheran-school-riverton-wy-82501-fcapi-classicality-abstract.md,trinity-lutheran-school-riverton-wy-82501-fcapi-classicality-audit.md,trinity-lutheran-school-riverton-wy-82501-fcapi-classicality-audit.pdf,elementary-intermediate,Private School,Private School,0,,55,,,,,,,,,,,,,,,,,,,,,,,,,,,,1,,0,0,0,0,0,0,0,placeholders/placeholder-k12-8.png,,0,0,0,0,2628,,PK-6,"Pre-K, K, 1st, 2nd, 3rd, 4th, 5th, 6th"
001V400000tPD4K,Trinity Preparatory School,,,trinity-preparatory-school-nj-08055,office@attendtrinity.com,"+1 609 200 0061",,https://attendtrinity.com/,199 Church Road,,Meford,Burlington County,NJ,"08055",US,39.91747070,-74.82831430,classical,trinity-preparatory-school-nj-08055-fcapi-classicality-abstract.md,trinity-preparatory-school-nj-08055-fcapi-classicality-audit.md,trinity-preparatory-school-nj-08055-fcapi-classicality-audit.pdf,elementary-intermediate-secondary,Private School,Private,0,,,,,,,,,,,,,,,,,,,,,,,,,,,,,,0,,0,0,0,0,0,0,0,placeholders/placeholder-elementary-7.png,,0,0,0,0,2634,,K-12,"K, 1st, 2nd, 3rd, 4th, 5th, 6th, 7th, 8th, 9th, 10th, 11th, 12th"
001V400000tPD4L,Trinity School at Meadow View,,,trinity-school-meadow-view-va-22042,,"+1 703 876 1920",,https://trinitymeadowview.org/,2853 Meadow View Road,,Falls Church,Fairfax County,VA,"22042",US,38.87448450,-77.20509190,classical,trinity-school-meadow-view-va-22042-fcapi-classicality-abstract.md,trinity-school-meadow-view-va-22042-fcapi-classicality-audit.md,trinity-school-meadow-view-va-22042-fcapi-classicality-audit.pdf,intermediate-secondary,Private School,Private,0,,,,,,,,,,,,,,,,,,,,,,,,,,,,,,0,,0,0,0,0,0,0,0,placeholders/placeholder-elementary-9.png,,0,0,0,0,2635,,7-12,"7th, 8th, 9th, 10th, 11th, 12th"
001V400000tPD4M,Trinity School at River Ridge,,,trinity-school-river-ridge-mn-55121,,"+1 651 789 2890",,https://trinityriverridge.org/,601 River Ridge Pkwy,,Eagan,Dakota County,MN,"55121",US,44.86012800,-93.10789800,classical,trinity-school-river-ridge-mn-55121-fcapi-classicality-abstract.md,trinity-school-river-ridge-mn-55121-fcapi-classicality-audit.md,trinity-school-river-ridge-mn-55121-fcapi-classicality-audit.pdf,intermediate-secondary,Private School,Private,0,,,,,,,,,,,,,,,,,,,,,,,,,,,,,,0,,0,0,0,0,0,0,0,placeholders/placeholder-elementary-0.png,,0,0,0,0,2636,,6-12,"6th, 7th, 8th, 9th, 10th, 11th, 12th"
001V400000tPD4P,Trivium Preparatory,001V400000tOBYR,Great Hearts America,trivium-preparatory-az-85395,,"+1 623 866 4730",,https://triviumprep.greatheartsamerica.org/,2001 N. Bullard Ave,,Goodyear,,AZ,"85395",US,33.46982120,-112.37422020,classical,trivium-preparatory-az-85395-fcapi-classicality-abstract.md,trivium-preparatory-az-85395-fcapi-classicality-audit.md,trivium-preparatory-az-85395-fcapi-classicality-audit.pdf,intermediate-secondary,,,0,,,,,,,,,,,,,,,,,,,,,,,157,,,,,,,0,,0,0,0,0,0,0,0,placeholders/placeholder-intermediate-8.png,,0,0,0,0,5154,,6-12,"6th, 7th, 8th, 9th, 10th, 11th, 12th"
001V400000tPD4Q,Trivium School,,,trivium-school-ma-01523,,"+1 978 365 4795",,https://triviumschool.com/,471 Langen Road,,Lancaster,Worcester County,MA,"01523",US,42.46199460,-71.68935120,classical,trivium-school-ma-01523-fcapi-classicality-abstract.md,trivium-school-ma-01523-fcapi-classicality-audit.md,trivium-school-ma-01523-fcapi-classicality-audit.pdf,intermediate-secondary,Private School,Private,0,,,,,,,,,,,,,,,,,,,,,,,,,,,,,,0,,0,0,0,0,0,0,0,placeholders/placeholder-elementary-6.png,,0,0,0,0,2645,,7-12,"7th, 8th, 9th, 10th, 11th, 12th"
001V400000tPD4R,True North Classical Academy,,,true-north-classical-academy-fl-33173,,"+1 305 804 5754",,https://www.tnclassical.org/,9393 Sunset Dr.,,Miami,Miami-Dade County,FL,"33173",US,25.70296780,-80.34546270,classical,true-north-classical-academy-fl-33173-fcapi-classicality-abstract.md,true-north-classical-academy-fl-33173-fcapi-classicality-audit.md,true-north-classical-academy-fl-33173-fcapi-classicality-audit.pdf,elementary-intermediate-secondary,Charter,Public,0,,,,,,,,,,,,,,,,,,,,,,,,,,,,,,0,,0,0,0,0,0,0,0,placeholders/placeholder-elementary-9.png,,0,0,0,0,2647,,K-12,"K, 1st, 2nd, 3rd, 4th, 5th, 6th, 7th, 8th, 9th, 10th, 11th, 12th"
001V400000tPD4S,Tucson Baptist Academy,,,tucson-baptist-academy-az,tbainfo@tucsonbaptist.com,"+1 520 748 2277",,https://tucsonbaptist.com,1525 South Columbus Blvd,,Tucson,,AZ,"85711",US,32.20381910,-110.89962410,classical,tucson-baptist-academy-az-fcapi-classicality-abstract.md,tucson-baptist-academy-az-fcapi-classicality-audit.md,tucson-baptist-academy-az-fcapi-classicality-audit.pdf,elementary-intermediate-secondary,,,0,,,,,,,,,,,,,,,,,,,,,,,,,,,,,,0,,0,0,0,0,0,0,0,placeholders/placeholder-elementary-1.png,,0,0,0,0,3297,,K-12,"K, 1st, 2nd, 3rd, 4th, 5th, 6th, 7th, 8th, 9th, 10th, 11th, 12th"
001V400000tPD4T,Tulsa Classical Academy,,,tulsa-classical-academy-ok-74133,,"+1 918 346 6730",,https://tulsaclassical.org/,9815 S. Sheridan,,Tulsa,Tulsa County,OK,"74133",US,36.02142630,-95.90214540,classical,tulsa-classical-academy-ok-74133-fcapi-classicality-abstract.md,tulsa-classical-academy-ok-74133-fcapi-classicality-audit.md,tulsa-classical-academy-ok-74133-fcapi-classicality-audit.pdf,elementary-intermediate,Charter,Public,0,,,,,,,,,,,,,,,,,,,,,,,,,,,,,,0,,0,0,0,0,0,0,0,placeholders/placeholder-elementary-2.png,,0,0,0,0,2650,,K-9,"K, 1st, 2nd, 3rd, 4th, 5th, 6th, 7th, 8th, 9th"
001V400000tPD4U,Tupelo Christian Preparatory School,,,tupelo-christian-preparatory-school-ms-38826,,"+1 662 680 9111",,https://www.tcps.net/,5440 Endville Road,,Tupelo,Lee County,MS,"38826",US,34.30939270,-88.79564370,classical,tupelo-christian-preparatory-school-ms-38826-fcapi-classicality-abstract.md,tupelo-christian-preparatory-school-ms-38826-fcapi-classicality-audit.md,tupelo-christian-preparatory-school-ms-38826-fcapi-classicality-audit.pdf,elementary-intermediate-secondary,Private School,Private,0,,,,,,,,,,,,,,,,,,,,,,,,,,,,,,0,,0,0,0,0,0,0,0,placeholders/placeholder-elementary-3.png,,0,0,0,0,2651,,K-12,"K, 1st, 2nd, 3rd, 4th, 5th, 6th, 7th, 8th, 9th, 10th, 11th, 12th"
001V400000tPD4V,Twelve Stones Classical School,,,twelve-stones-classical-school-co-80908,office@twelvestonescs.org,"+1 719 495 8679",,https://twelvestonescs.org/,10285 Federal Dr,,Colorado Springs,El Paso County,CO,"80908",US,38.98397770,-104.79040810,classical,twelve-stones-classical-school-co-80908-fcapi-classicality-abstract.md,twelve-stones-classical-school-co-80908-fcapi-classicality-audit.md,twelve-stones-classical-school-co-80908-fcapi-classicality-audit.pdf,elementary-intermediate-secondary,Private School,Private,0,,,,,,,,,,,,,,,,,,,,,,,,,,,,,,0,,0,0,0,0,0,0,0,placeholders/placeholder-k12-1.png,,0,0,0,0,2653,,PK-12,"Pre-K, K, 1st, 2nd, 3rd, 4th, 5th, 6th, 7th, 8th, 9th, 10th, 11th, 12th"
001V400000tPD4W,Twin Peaks Classical Academy,,,twin-peaks-classical-academy-co-80501,info@twinpeaksclassical.org,"+1 303 772 7286",,https://twinpeaksclassical.org/,340 S Sunset St,,Longmont,Boulder County,CO,"80501",US,40.15478200,-105.11833500,classical,twin-peaks-classical-academy-co-80501-fcapi-classicality-abstract.md,twin-peaks-classical-academy-co-80501-fcapi-classicality-audit.md,twin-peaks-classical-academy-co-80501-fcapi-classicality-audit.pdf,elementary-intermediate-secondary,Charter,Public,0,,,,,,,,,,,,,,,,,,,,,,,,,,,,,,0,,0,0,0,0,0,0,0,placeholders/placeholder-elementary-4.png,,0,0,0,0,2654,,K-12,"K, 1st, 2nd, 3rd, 4th, 5th, 6th, 7th, 8th, 9th, 10th, 11th, 12th"
001V400000tPD4X,Two Rivers Classical Academy,,,two-rivers-classical-academy-ia-50325,akaras@tworiversclassical.org,"+1 515 240 2040",,https://tworiversclassical.org/,1303 NW 93rd Ct,,Des Moines,Polk County,IA,"50325",US,41.60167780,-93.74620200,classical,two-rivers-classical-academy-ia-50325-fcapi-classicality-abstract.md,two-rivers-classical-academy-ia-50325-fcapi-classicality-audit.md,two-rivers-classical-academy-ia-50325-fcapi-classicality-audit.pdf,elementary-intermediate-secondary,Private School,Private,0,,,,,,,,,,,,,,,,,,,,,,,,,,,,,,0,,0,0,0,0,0,0,0,placeholders/placeholder-elementary-6.png,,0,0,0,0,2656,,K-12,"K, 1st, 2nd, 3rd, 4th, 5th, 6th, 7th, 8th, 9th, 10th, 11th, 12th"
001V400000tPD4Y,Tyndale Christian Academy,,,tyndale-christian-academy-fl-33527,,"+1 813 719 2273",,https://tyndalechristianacademy.com/,3223 Gallagher Rd.,,Dover,Hillsborough County,FL,"33527",US,27.99495420,-82.23536800,classical,tyndale-christian-academy-fl-33527-fcapi-classicality-abstract.md,tyndale-christian-academy-fl-33527-fcapi-classicality-audit.md,tyndale-christian-academy-fl-33527-fcapi-classicality-audit.pdf,elementary,Private School,Private,0,,,,,,,,,,,,,,,,,,,,,,,,,,,,,,0,,0,0,0,0,0,0,0,placeholders/placeholder-elementary-8.png,,0,0,0,0,2658,,K-2,"K, 1st, 2nd"
001V400000tPD4Z,Tyndale Christian School,,,tyndale-christian-school-va-22207,info@tyndaleschool.org,"+1 703 533 2867",,https://www.tyndaleschool.org/,4000 N. River St.,,Arlington,Arlington County,VA,"22207",US,38.92643640,-77.12883340,classical,tyndale-christian-school-va-22207-fcapi-classicality-abstract.md,tyndale-christian-school-va-22207-fcapi-classicality-audit.md,tyndale-christian-school-va-22207-fcapi-classicality-audit.pdf,elementary,Private School,Private,0,,,,,,,,,,,,,,,,,,,,,,,,,,,,,,0,,0,0,0,0,0,0,0,placeholders/placeholder-elementary-9.png,,0,0,0,0,2659,,K-5,"K, 1st, 2nd, 3rd, 4th, 5th"
001V400000tPD4a,Tyndale Classical Academy,,,tyndale-classical-academy-tx-75020,info@tyndaleclassicalacademy.com,"+1 903 718 4063",,https://tyndaleclassicalacademy.com/,800 W Woodard St,,Denison,Grayson County,TX,"75020",US,33.75628500,-96.54645120,classical,tyndale-classical-academy-tx-75020-fcapi-classicality-abstract.md,tyndale-classical-academy-tx-75020-fcapi-classicality-audit.md,tyndale-classical-academy-tx-75020-fcapi-classicality-audit.pdf,elementary-intermediate,Private School,Private,0,,,,,,,,,,,,,,,,,,,,,,,,,,,,,,0,,0,0,0,0,0,0,0,placeholders/placeholder-elementary-0.png,,0,0,0,0,2660,,K-8,"K, 1st, 2nd, 3rd, 4th, 5th, 6th, 7th, 8th"
001V400000tPD4b,Tyndale Classical Institute,,,tyndale-classical-institute-ms-39440,jerod.culpepper1014@gmail.com,"+1 601 422 9981",,https://www.tyndaleclassical.org/,748 W 13th St.,,Laurel,,MS,"39440",US,31.70519570,-89.13798590,classical,tyndale-classical-institute-ms-39440-fcapi-classicality-abstract.md,tyndale-classical-institute-ms-39440-fcapi-classicality-audit.md,tyndale-classical-institute-ms-39440-fcapi-classicality-audit.pdf,elementary-intermediate-secondary,,,0,,,,,,,,,,,,,,,,,,,,,,,,,,,,,,0,,0,0,0,0,0,0,0,placeholders/placeholder-elementary-1.png,,0,0,0,0,3299,,K-12,"K, 1st, 2nd, 3rd, 4th, 5th, 6th, 7th, 8th, 9th, 10th, 11th, 12th"
001V400000tPD4d,Upper Valley Christian School,,,upper-valley-christian-school-wa-98826,office@uvcschool.org,"+1 509 548 5292",,https://www.uvcschool.org/,111 Ski Hill Dr.,,Leavenworth,Chelan County,WA,"98826",US,47.59363700,-120.66903790,classical,upper-valley-christian-school-wa-98826-fcapi-classicality-abstract.md,upper-valley-christian-school-wa-98826-fcapi-classicality-audit.md,upper-valley-christian-school-wa-98826-fcapi-classicality-audit.pdf,elementary-intermediate-secondary,Private School,Private,0,,,,,,,,,,,,,,,,,,,,,,,,,,,,,,0,,0,0,0,0,0,0,0,placeholders/placeholder-elementary-0.png,,0,0,0,0,2670,,K-12,"K, 1st, 2nd, 3rd, 4th, 5th, 6th, 7th, 8th, 9th, 10th, 11th, 12th"
001V400000tPD4e,Upstate Classical Christian Academy,,,upstate-classical-christian-academy-sc-29651,info@upstateclassical.com,"+1 864 336 3547",,https://upstateclassical.com,4899 Jordan Rd.,,Greer,,SC,"29651",US,35.06386280,-82.28637020,classical,upstate-classical-christian-academy-sc-29651-fcapi-classicality-abstract.md,upstate-classical-christian-academy-sc-29651-fcapi-classicality-audit.md,upstate-classical-christian-academy-sc-29651-fcapi-classicality-audit.pdf,elementary,,,0,,,,,,,,,,,,,,,,,,,,,,,,,,,,,,0,,0,0,0,0,0,0,0,placeholders/placeholder-elementary-1.png,,0,0,0,0,3300,,K-1,"K, 1st"
001V400000tPD4f,Uvalde Classical Academy,,,uvalde-classical-academy-tx-78802,knowledge@uvaldeclassical.org,"+1 830 591 2242",,https://www.uvaldeclassical.org,PO Box 2004,,Uvalde,Uvalde County,TX,"78802",US,29.21446870,-99.78778830,classical,uvalde-classical-academy-tx-78802-fcapi-classicality-abstract.md,uvalde-classical-academy-tx-78802-fcapi-classicality-audit.md,uvalde-classical-academy-tx-78802-fcapi-classicality-audit.pdf,elementary-intermediate-secondary,Charter,Public,0,,,,,,,,,,,,,,,,,,,,,,,,,,,,,,0,,0,0,0,0,0,0,0,placeholders/placeholder-elementary-2.png,,0,0,0,0,2671,,K-12,"K, 1st, 2nd, 3rd, 4th, 5th, 6th, 7th, 8th, 9th, 10th, 11th, 12th"
001V400000tPD4h,Valiant Cross Academy,,,valiant-cross-academy-al-36104,,"+1 334 694 9200",,http://valiantcross.org,301 Dexter Ave,,Montgomery,,AL,"36104",US,32.37792770,-86.30471790,classical,valiant-cross-academy-al-36104-fcapi-classicality-abstract.md,valiant-cross-academy-al-36104-fcapi-classicality-audit.md,valiant-cross-academy-al-36104-fcapi-classicality-audit.pdf,elementary-intermediate-secondary,,,0,,,,,,,,,,,,,,,,,,,,,,,,,,,,,,0,,0,0,0,0,0,0,0,placeholders/placeholder-elementary-4.png,,0,0,0,0,5224,,K-12,"K, 1st, 2nd, 3rd, 4th, 5th, 6th, 7th, 8th, 9th, 10th, 11th, 12th"
001V400000tPD4l,Valley Classical School,,,valley-classical-school-va-24062,vcs@valleyclassicalschool.org,"+1 540 739 2037",,https://valleyclassicalschool.org/,PO Box 11112,,Blacksburg,Montgomery County,VA,"24062",US,37.23006680,-80.41507450,classical,valley-classical-school-va-24062-fcapi-classicality-abstract.md,valley-classical-school-va-24062-fcapi-classicality-audit.md,valley-classical-school-va-24062-fcapi-classicality-audit.pdf,elementary-intermediate-secondary,Charter,Public,0,,,,,,,,,,,,,,,,,,,,,,,,,,,,,,0,,0,0,0,0,0,0,0,placeholders/placeholder-elementary-8.png,,0,0,0,0,2676,,PK-11,"Pre-K, K, 1st, 2nd, 3rd, 4th, 5th, 6th, 7th, 8th, 9th, 10th, 11th"
001V400000tPD4m,Valor Christian High School,,,valor-christian-high-school-co-80126,Info@ValorChristian.com,"+1 303 470 3090",,https://valorchristian.com/,3775 Grace Blvd.,,Highlands Ranch,Douglas County,CO,"80126",US,39.54054170,-104.94344840,classical,valor-christian-high-school-co-80126-fcapi-classicality-abstract.md,valor-christian-high-school-co-80126-fcapi-classicality-audit.md,valor-christian-high-school-co-80126-fcapi-classicality-audit.pdf,secondary,,,0,,,,,,,,,,,,,,,,,,,,,,,,,,,,,,0,,0,0,0,0,0,0,0,placeholders/placeholder-secondary-1.png,,0,0,0,0,2680,,9-12,"9th, 10th, 11th, 12th"
001V400000tPD4n,Valor Classical Academy,,,valor-classical-academy-in-46061,indianaclassicalschools@gmail.com,"",,https://www.valorclassicalacademy.org/,P O Box 1382,,Noblesville,,IN,"46061",US,40.04000000,-86.00000000,classical,valor-classical-academy-in-46061-fcapi-classicality-abstract.md,valor-classical-academy-in-46061-fcapi-classicality-audit.md,valor-classical-academy-in-46061-fcapi-classicality-audit.pdf,elementary-intermediate,Charter,,0,,,,,,,,,,,,,,,,,,,,,,,,,,,,,,1,,1,1,1,1,0,0,0,placeholders/placeholder-elementary-1.png,,0,0,0,0,2683,,K-6,"K, 1st, 2nd, 3rd, 4th, 5th, 6th"
001V400000vNxmY,Valor Classical Academy,,American Classical Schools of Idaho,valor-classical-academy-id-83634,shunter@acs-id.org,"+1 208 918 1394",,https://vcaidaho.org,10501 W. Tiercel Dr.,,Kuna,,ID,"83634",US,43.49778420,-116.32210090,classical,valor-classical-academy-id-83634-fcapi-classicality-abstract.md,valor-classical-academy-id-83634-fcapi-classicality-audit.md,valor-classical-academy-id-83634-fcapi-classicality-audit.pdf,elementary-intermediate,Charter,Public,0,,,,,,,,,,,,,,,https://vcaidaho.org/apply/,,,,,,,,,,,,,,,0,,0,0,0,0,0,0,0,placeholders/placeholder-elementary-3.png,,0,0,0,0,7634,,K-7,"K, 1st, 2nd, 3rd, 4th, 5th, 6th, 7th"
001V400000tPD4o,Valor Classical Academy Co-op,,,valor-classical-academy-co-op-mn-55125,info@valorcca.com,"+1 702 533 8126",,https://valorcca.com/,2975 Pioneer Dr.,,Woodbury,Washington County,MN,"55125",US,44.90646720,-92.92753440,classical,valor-classical-academy-co-op-mn-55125-fcapi-classicality-abstract.md,valor-classical-academy-co-op-mn-55125-fcapi-classicality-audit.md,valor-classical-academy-co-op-mn-55125-fcapi-classicality-audit.pdf,elementary-intermediate-secondary,Private School,Private,0,,,,,,,,,,,,,,,,,,,,,,,,,,,,,,0,,0,0,0,0,0,0,0,placeholders/placeholder-elementary-2.png,,0,0,0,0,2682,,K-12,"K, 1st, 2nd, 3rd, 4th, 5th, 6th, 7th, 8th, 9th, 10th, 11th, 12th"
001V400000tPD4p,Valor Classical Christian Academy,,,valor-classical-christian-academy-wi-54956,,"+1 920 486 9225",,https://www.valorclassical.org/,1025 Tullar Road,,Neenah,Winnebago County,WI,"54956",US,44.16994510,-88.49617080,classical,valor-classical-christian-academy-wi-54956-fcapi-classicality-abstract.md,valor-classical-christian-academy-wi-54956-fcapi-classicality-audit.md,valor-classical-christian-academy-wi-54956-fcapi-classicality-audit.pdf,elementary-intermediate,Charter,Public,0,,,,,,,,,,,,,,,,,,,,,,,,,,,,,,0,,0,0,0,0,0,0,0,placeholders/placeholder-elementary-3.png,,0,0,0,0,2684,,K-6,"K, 1st, 2nd, 3rd, 4th, 5th, 6th"
001V400000tPD4r,Valor Kyle,,,valor-kyle-tx-78640,,"+1 512 646 4170",,https://www.valoreducation.org/kyle/,2355 Windy Hill Rd.,,Kyle,Hays County,TX,"78640",US,30.03491650,-97.81092860,classical,valor-kyle-tx-78640-fcapi-classicality-abstract.md,valor-kyle-tx-78640-fcapi-classicality-audit.md,valor-kyle-tx-78640-fcapi-classicality-audit.pdf,elementary-intermediate-secondary,Charter,Public,0,,,,,,,,,,,,,,,,,,,,,,,,,,,,,,0,,0,0,0,0,0,0,0,placeholders/placeholder-elementary-5.png,,0,0,0,0,2687,,K-10,"K, 1st, 2nd, 3rd, 4th, 5th, 6th, 7th, 8th, 9th, 10th"
001V400000tPD4s,Valor Leander,,,valor-leander-tx-78641,,"+1 512 729 0159",,https://www.valoreducation.org/leander/,906 Crystal Falls Pkwy,,Leander,Williamson County,TX,"78641",US,30.55207730,-97.85418810,classical,valor-leander-tx-78641-fcapi-classicality-abstract.md,valor-leander-tx-78641-fcapi-classicality-audit.md,valor-leander-tx-78641-fcapi-classicality-audit.pdf,elementary-intermediate,Charter,Public,0,,,,,,,,,,,,,,,,,,,,,,,,,,,,,,0,,0,0,0,0,0,0,0,placeholders/placeholder-elementary-6.png,,0,0,0,0,2688,,K-9,"K, 1st, 2nd, 3rd, 4th, 5th, 6th, 7th, 8th, 9th"
001V400000tPD4t,Valor North Austin,,,valor-north-austin-tx-78728,,"+1 512 646 4168",,https://www.valoreducation.org/northaustin/,14200 N. Interstate Hwy 35,,Austin,Travis County,TX,"78728",US,30.43188840,-97.67120850,classical,valor-north-austin-tx-78728-fcapi-classicality-abstract.md,valor-north-austin-tx-78728-fcapi-classicality-audit.md,valor-north-austin-tx-78728-fcapi-classicality-audit.pdf,elementary-intermediate-secondary,Private School,Private,0,,,,,,,,,,,,,,,,,,,,,,,,,,,,,,0,,0,0,0,0,0,0,0,placeholders/placeholder-elementary-7.png,,0,0,0,0,2689,,K-12,"K, 1st, 2nd, 3rd, 4th, 5th, 6th, 7th, 8th, 9th, 10th, 11th, 12th"
001V400000tPD4u,Valor San Antonio,,,valor-san-antonio-tx-78228,,"+1 210 903 0383",,https://www.valoreducation.org/sanantonio/,4300 Centerview Dr.,,San Antonio,Bexar County,TX,"78228",US,29.48784780,-98.56701040,classical,valor-san-antonio-tx-78228-fcapi-classicality-abstract.md,valor-san-antonio-tx-78228-fcapi-classicality-audit.md,valor-san-antonio-tx-78228-fcapi-classicality-audit.pdf,elementary-intermediate,Charter,Public,0,,,,,,,,,,,,,,,,,,,,,,,,,,,,,,0,,0,0,0,0,0,0,0,placeholders/placeholder-elementary-8.png,,0,0,0,0,2691,,K-9,"K, 1st, 2nd, 3rd, 4th, 5th, 6th, 7th, 8th, 9th"
001V400000tPD4w,Vanguard School,,,vanguard-school-co-80905,,"+1 7194711999200",,https://thevanguardschool.com/,1605 S. Corona Ave.,,Colorado Springs,El Paso County,CO,"80905",US,38.81122120,-104.81572860,classical,vanguard-school-co-80905-fcapi-classicality-abstract.md,vanguard-school-co-80905-fcapi-classicality-audit.md,vanguard-school-co-80905-fcapi-classicality-audit.pdf,elementary-intermediate-secondary,Charter,Public,0,,,,,,,,,,,,,,,,,,,,,,,,,,,,,,0,,0,0,0,0,0,0,0,placeholders/placeholder-elementary-5.png,,0,0,0,0,2695,,K-12,"K, 1st, 2nd, 3rd, 4th, 5th, 6th, 7th, 8th, 9th, 10th, 11th, 12th"
001V400000tPD4x,Veritas Academy,,,veritas-academy-ga-31412,office@veritassav.org,"+1 912 238 1222",,https://veritassav.org/,PO Box 8332,,Savannah,Chatham County,GA,"31412",US,32.07677920,-81.09347300,classical,veritas-academy-ga-31412-fcapi-classicality-abstract.md,veritas-academy-ga-31412-fcapi-classicality-audit.md,veritas-academy-ga-31412-fcapi-classicality-audit.pdf,elementary-intermediate-secondary,Private School,Private,0,,,,,,,,,,,,,,,,,,,,,,,,,,,,,,0,,0,0,0,0,0,0,0,placeholders/placeholder-elementary-0.png,,0,0,0,0,2700,,K-12,"K, 1st, 2nd, 3rd, 4th, 5th, 6th, 7th, 8th, 9th, 10th, 11th, 12th"
001V400000tPD4y,Veritas Academy,,,veritas-academy-mn-55056,va@veritasclassical.org,"+1 651 462 3894",,https://veritasclassical.org/,34888 Kable Ave.,,North Branch,Chisago County,MN,"55056",US,45.45308880,-92.91024360,classical,veritas-academy-mn-55056-fcapi-classicality-abstract.md,veritas-academy-mn-55056-fcapi-classicality-audit.md,veritas-academy-mn-55056-fcapi-classicality-audit.pdf,elementary-intermediate-secondary,Private School,Private,0,,,,,,,,,,,,,,,,,,,,,,,,,,,,,,0,,0,0,0,0,0,0,0,placeholders/placeholder-elementary-2.png,,0,0,0,0,2703,,K-12,"K, 1st, 2nd, 3rd, 4th, 5th, 6th, 7th, 8th, 9th, 10th, 11th, 12th"
001V400000tPD4z,Veritas Academy,,,veritas-academy-oh-43017,info@veritasacademy.org,"+1 614 726 9988",,https://veritasacademy.org/,7541 Rd.,,Dublin,Franklin County,OH,"43017",US,40.12101800,-83.12041180,classical,veritas-academy-oh-43017-fcapi-classicality-abstract.md,veritas-academy-oh-43017-fcapi-classicality-audit.md,veritas-academy-oh-43017-fcapi-classicality-audit.pdf,elementary-intermediate-secondary,Private School,Private,0,,,,,,,,,,,,,,,,,,,,,,,,,,,,,,0,,0,0,0,0,0,0,0,placeholders/placeholder-elementary-3.png,,0,0,0,0,2705,,3-12,"3rd, 4th, 5th, 6th, 7th, 8th, 9th, 10th, 11th, 12th"
001V400000tPD50,Veritas Academy,,,veritas-academy-pa-17540,gmiller@veritasacademy.com,"+1 717 556 0690",,https://veritasacademy.com/,26 Hillcrest Ave.,,Leola,Lancaster County,PA,"17540",US,40.08611630,-76.18599230,classical,veritas-academy-pa-17540-fcapi-classicality-abstract.md,veritas-academy-pa-17540-fcapi-classicality-audit.md,veritas-academy-pa-17540-fcapi-classicality-audit.pdf,elementary-intermediate-secondary,Private School,Private,0,,,,,,,,,,,,,,,,,,,,,,,,,,,,,,0,,0,0,0,0,0,0,0,placeholders/placeholder-elementary-4.png,,0,0,0,0,2706,,K-12,"K, 1st, 2nd, 3rd, 4th, 5th, 6th, 7th, 8th, 9th, 10th, 11th, 12th"
001V400000tPD51,Veritas Academy,,,veritas-academy-tx-78739,info@veritasacademy.net,"+1 512 891 1673",,https://www.veritasacademy.net/,13401 Escarpment Blvd.,,Austin,Hays County,TX,"78739",US,30.16334340,-97.91493980,classical,veritas-academy-tx-78739-fcapi-classicality-abstract.md,veritas-academy-tx-78739-fcapi-classicality-audit.md,veritas-academy-tx-78739-fcapi-classicality-audit.pdf,elementary-intermediate-secondary,Private School,Private,0,,,,,,,,,,,,,,,,,,,,,,,,,,,,,,0,,0,0,0,0,0,0,0,placeholders/placeholder-elementary-5.png,,0,0,0,0,2707,,PK-12,"Pre-K, K, 1st, 2nd, 3rd, 4th, 5th, 6th, 7th, 8th, 9th, 10th, 11th, 12th"
001V400000tPD52,Veritas Academy,,,veritas-academy-wy-82414,office@codyveritas.com,"+1 307 250 5167",,https://codyveritas.com/,2025 23rd Street,,Cody,Park County,WY,"82414",US,44.52634220,-109.05653080,classical,veritas-academy-wy-82414-fcapi-classicality-abstract.md,veritas-academy-wy-82414-fcapi-classicality-audit.md,veritas-academy-wy-82414-fcapi-classicality-audit.pdf,elementary-intermediate-secondary,Private School,Private,0,,,,,,,,,,,,,,,,,,,,,,,,,,,,,,0,,0,0,0,0,0,0,0,placeholders/placeholder-elementary-6.png,,0,0,0,0,2708,,PK-11,"Pre-K, K, 1st, 2nd, 3rd, 4th, 5th, 6th, 7th, 8th, 9th, 10th, 11th"
001V400000tPD53,Veritas Academy,,,veritas-academy-ca-92122,jacqueline@veritasacademyca.com,"+1 858 609 9551",,https://veritasacademyca.com,5055 Governor Dr,,San Diego,,CA,"92122",US,32.85400980,-117.18731560,classical,veritas-academy-ca-92122-fcapi-classicality-abstract.md,veritas-academy-ca-92122-fcapi-classicality-audit.md,veritas-academy-ca-92122-fcapi-classicality-audit.pdf,elementary-intermediate,,,0,,,,,,,,,,,,,,,,,,,,,,,,,,,,,,0,,0,0,0,0,0,0,0,placeholders/placeholder-elementary-7.png,,0,0,0,0,3301,,K-8,"K, 1st, 2nd, 3rd, 4th, 5th, 6th, 7th, 8th"
001V400000tPD54,"Veritas Academy Chicago, a Scholé Group",001V400000tOZKD,Schole Communities,veritas-academy-chicago-schole-group-chicago-il,,"",,https://www.veritasacademychicago.com/,,,Chicago,,IL,"",US,41.88325000,-87.63238790,classical,veritas-academy-chicago-schole-group-chicago-il-fcapi-classicality-abstract.md,veritas-academy-chicago-schole-group-chicago-il-fcapi-classicality-audit.md,veritas-academy-chicago-schole-group-chicago-il-fcapi-classicality-audit.pdf,elementary-intermediate-secondary,,,0,,,,,,,,,,,,,,,,,,,,,,,5479,,,,,,,0,,0,0,0,0,0,0,0,placeholders/placeholder-schole-1.png,,0,0,0,0,5513,,,
001V400000tPD55,Veritas Academy of Tucson,,,veritas-academy-tucson-az-85716,admissions@vatucson.com,"+1 520 576 0427",,https://vatucson.com/,2151 N Palo Verde Blvd.,,Tucson,Pima County,AZ,"85716",US,32.24801790,-110.91875040,classical,veritas-academy-tucson-az-85716-fcapi-classicality-abstract.md,veritas-academy-tucson-az-85716-fcapi-classicality-audit.md,veritas-academy-tucson-az-85716-fcapi-classicality-audit.pdf,elementary-intermediate-secondary,Private School,Private,0,,,,,,,,,,,,,,,,,,,,,,,,,,,,,,0,,0,0,0,0,0,0,0,placeholders/placeholder-elementary-8.png,,0,0,0,0,2704,,K-11,"K, 1st, 2nd, 3rd, 4th, 5th, 6th, 7th, 8th, 9th, 10th, 11th"
001V400000tPD56,Veritas Christian Academy,,,veritas-christian-academy-co-81101,info@veritaschristian.academy,"+1 719 529 1204",,https://www.veritaschristian.academy/,2910 Clark St,,Alamosa,,CO,"81101",US,37.47986490,-105.89542070,classical,veritas-christian-academy-co-81101-fcapi-classicality-abstract.md,veritas-christian-academy-co-81101-fcapi-classicality-audit.md,veritas-christian-academy-co-81101-fcapi-classicality-audit.pdf,elementary-intermediate,Private School,Private School,0,,46,,,,,,,,,,,,,,,,,,,,,,,,,,,,1,,1,0,1,0,0,0,0,placeholders/placeholder-elementary-0.png,,0,0,0,0,2710,,K-8,"K, 1st, 2nd, 3rd, 4th, 5th, 6th, 7th, 8th"
001V400000tPD57,Veritas Christian Academy,,,veritas-christian-academy-ky-40509,info@VeritasChristianKY.org,"+1 859 608 4853",,https://veritaschristianky.org/,2598 Liberty Rd.,,Lexington,Fayette County,KY,"40509",US,38.01764670,-84.43510430,classical,veritas-christian-academy-ky-40509-fcapi-classicality-abstract.md,veritas-christian-academy-ky-40509-fcapi-classicality-audit.md,veritas-christian-academy-ky-40509-fcapi-classicality-audit.pdf,elementary-intermediate-secondary,Private School,Private,0,,,,,,,,,,,,,,,,,,,,,,,,,,,,,,0,,0,0,0,0,0,0,0,placeholders/placeholder-elementary-1.png,,0,0,0,0,2711,,PK-12,"Pre-K, K, 1st, 2nd, 3rd, 4th, 5th, 6th, 7th, 8th, 9th, 10th, 11th, 12th"
001V400000tPD58,Veritas Christian Academy,,,veritas-christian-academy-ma-01778,info@veritasca.org,"+1 508 653 1188",,https://www.veritasma.org/,6 Loker Street,,Wayland,Middlesex County,MA,"01778",US,42.32448960,-71.34980930,classical,veritas-christian-academy-ma-01778-fcapi-classicality-abstract.md,veritas-christian-academy-ma-01778-fcapi-classicality-audit.md,veritas-christian-academy-ma-01778-fcapi-classicality-audit.pdf,elementary-intermediate-secondary,Private School,Private,0,,,,,,,,,,,,,,,,,,,,,,,,,,,,,,0,,0,0,0,0,0,0,0,placeholders/placeholder-elementary-2.png,,0,0,0,0,2712,,PK-12,"Pre-K, K, 1st, 2nd, 3rd, 4th, 5th, 6th, 7th, 8th, 9th, 10th, 11th, 12th"
001V400000tPD59,Veritas Christian Academy,,,veritas-christian-academy-nc-28732,rwoods@veritasnc.org,"+1 828 681 0546",,https://www.veritasnc.org/,17 Cane Creek Rd,,Fletcher,,NC,"28732",US,35.43579800,-82.49993010,classical,veritas-christian-academy-nc-28732-fcapi-classicality-abstract.md,veritas-christian-academy-nc-28732-fcapi-classicality-audit.md,veritas-christian-academy-nc-28732-fcapi-classicality-audit.pdf,elementary-intermediate-secondary,Private School,Private School,0,,362,,,,,,,,,,,,,,,,,,,,,,,,,,,,1,,1,0,1,1,0,1,1,placeholders/placeholder-elementary-3.png,,0,0,0,0,2713,,K-12,"K, 1st, 2nd, 3rd, 4th, 5th, 6th, 7th, 8th, 9th, 10th, 11th, 12th"
001V400000tPD5A,Veritas Christian Academy of Houston,,,veritas-christian-academy-houston-tx-77401,,"+1 713 773 9605",,https://www.veritasca.org/,7000 Ferris Street,,Bellaire,Harris County,TX,"77401",US,29.70311720,-95.47366730,classical,veritas-christian-academy-houston-tx-77401-fcapi-classicality-abstract.md,veritas-christian-academy-houston-tx-77401-fcapi-classicality-audit.md,veritas-christian-academy-houston-tx-77401-fcapi-classicality-audit.pdf,elementary-intermediate,Private School,Private,0,,,,,,,,,,,,,,,,,,,,,,,,,,,,,,0,,0,0,0,0,0,0,0,placeholders/placeholder-elementary-4.png,,0,0,0,0,2714,,PK-8,"Pre-K, K, 1st, 2nd, 3rd, 4th, 5th, 6th, 7th, 8th"
001V400000tPD5B,Veritas Christian Community School,,,veritas-christian-community-school-az-85635,office@veritasccs.com,"+1 520 417 1113",,https://veritasccs.com/,215 Taylor Dr.,,Sierra Vista,Cochise County,AZ,"85635",US,31.49767130,-110.25667030,classical,veritas-christian-community-school-az-85635-fcapi-classicality-abstract.md,veritas-christian-community-school-az-85635-fcapi-classicality-audit.md,veritas-christian-community-school-az-85635-fcapi-classicality-audit.pdf,elementary-intermediate-secondary,Private School,Private,0,,,,,,,,,,,,,,,,,,,,,,,,,,,,,,0,,0,0,0,0,0,0,0,placeholders/placeholder-elementary-5.png,,0,0,0,0,2715,,K-12,"K, 1st, 2nd, 3rd, 4th, 5th, 6th, 7th, 8th, 9th, 10th, 11th, 12th"
001V400000tPD5C,Veritas Christian School,,,veritas-christian-school-ks-66047,mchivalette@veritaschristianschool.org,"+1 785 749 0083",,https://veritaschristianschool.org/,3001 Lawrence Avenue,,Lawrence,Douglas County,KS,"66047",US,38.92882520,-95.27424330,classical,veritas-christian-school-ks-66047-fcapi-classicality-abstract.md,veritas-christian-school-ks-66047-fcapi-classicality-audit.md,veritas-christian-school-ks-66047-fcapi-classicality-audit.pdf,elementary-intermediate-secondary,Private School,Private,0,,,,,,,,,,,,,,,,,,,,,,,,,,,,,,0,,0,0,0,0,0,0,0,placeholders/placeholder-elementary-6.png,,0,0,0,0,2716,,K-12,"K, 1st, 2nd, 3rd, 4th, 5th, 6th, 7th, 8th, 9th, 10th, 11th, 12th"
001V400000tPD5D,Veritas Classical Academy,,,veritas-classical-academy-ca-92833,dkim@veritasclassicalacademy.com,"+1 949 557 1311",,https://veritasclassicalacademy.com/,1601 W. Malvern Ave.,,Fullerton,Orange County,CA,"92833",US,33.87642290,-117.95133620,classical,veritas-classical-academy-ca-92833-fcapi-classicality-abstract.md,veritas-classical-academy-ca-92833-fcapi-classicality-audit.md,veritas-classical-academy-ca-92833-fcapi-classicality-audit.pdf,elementary-intermediate-secondary,Private School,Private,0,,,,,,,,,,,,,,,,,,,,,,,,,,,,,,0,,0,0,0,0,0,0,0,placeholders/placeholder-elementary-7.png,,0,0,0,0,2717,,PK-12,"Pre-K, K, 1st, 2nd, 3rd, 4th, 5th, 6th, 7th, 8th, 9th, 10th, 11th, 12th"
001V400000tPD5E,Veritas Classical Academy,,,veritas-classical-academy-oh-45750,peterson54@gmail.com,"+1 740 885 8466",,https://www.veritasmarietta.com/,115 Victory Place,,Marietta,Washington County,OH,"45750",US,39.41365570,-81.47036070,classical,veritas-classical-academy-oh-45750-fcapi-classicality-abstract.md,veritas-classical-academy-oh-45750-fcapi-classicality-audit.md,veritas-classical-academy-oh-45750-fcapi-classicality-audit.pdf,elementary-intermediate-secondary,Private School,Private,0,,,,,,,,,,,,,,,,,,,,,,,,,,,,,,0,,0,0,0,0,0,0,0,placeholders/placeholder-k12-5.png,,0,0,0,0,2718,,PK-12,"Pre-K, K, 1st, 2nd, 3rd, 4th, 5th, 6th, 7th, 8th, 9th, 10th, 11th, 12th"
001V400000tPD5F,Veritas Classical Academy,,,veritas-classical-academy-ok-73072,,"+1 405 850 5309",,https://www.saintsophiaclassical.com/,4600 36th Avenue Northwest,,Norman,Cleveland County,OK,"73072",US,35.27402070,-97.49607750,classical,veritas-classical-academy-ok-73072-fcapi-classicality-abstract.md,veritas-classical-academy-ok-73072-fcapi-classicality-audit.md,veritas-classical-academy-ok-73072-fcapi-classicality-audit.pdf,elementary-intermediate-secondary,Private School,Private,0,,,,,,,,,,,,,,,,,,,,,,,,,,,,,,0,,0,0,0,0,0,0,0,placeholders/placeholder-elementary-8.png,,0,0,0,0,2719,,K-12,"K, 1st, 2nd, 3rd, 4th, 5th, 6th, 7th, 8th, 9th, 10th, 11th, 12th"
001V400000tPD5G,Veritas Classical Academy,,,veritas-classical-academy-tx-77701,info@veritasclassicalacademy.org,"+1 409 225 9107",,https://veritasclassicalacademy.org/,530 North Main Street,,Beaumont,Jefferson County,TX,"77701",US,30.08657350,-94.09919900,classical,veritas-classical-academy-tx-77701-fcapi-classicality-abstract.md,veritas-classical-academy-tx-77701-fcapi-classicality-audit.md,veritas-classical-academy-tx-77701-fcapi-classicality-audit.pdf,elementary-intermediate-secondary,Private School,Private,0,,,,,,,,,,,,,,,,,,,,,,,,,,,,,,0,,0,0,0,0,0,0,0,placeholders/placeholder-elementary-9.png,,0,0,0,0,2720,,PK-12,"Pre-K, K, 1st, 2nd, 3rd, 4th, 5th, 6th, 7th, 8th, 9th, 10th, 11th, 12th"
001V400000tPLOK,Veritas Classical Academy,,,veritas-classical-academy-wi-54729,info@veritasclassical.com,"+1 715 438 5100",,https://veritasclassical.com/,913 1st Avenue,,Chippewa Farms,Chippewa County,WI,"54729",US,44.95127690,-91.38538990,classical,veritas-classical-academy-wi-54729-fcapi-classicality-abstract.md,veritas-classical-academy-wi-54729-fcapi-classicality-audit.md,veritas-classical-academy-wi-54729-fcapi-classicality-audit.pdf,elementary-intermediate-secondary,Charter,Public,0,,,,,,,,,,,,,,,,,,,,,,,,,,,,,,0,,0,0,0,0,0,0,0,placeholders/placeholder-elementary-0.png,,0,0,0,0,2722,,K-12,"K, 1st, 2nd, 3rd, 4th, 5th, 6th, 7th, 8th, 9th, 10th, 11th, 12th"
001V400000tPD5H,Veritas Classical Academy,,,veritas-classical-academy-wa-98550,info@veritasgraysharbor.com,"+1 564 212 9245",,https://veritasgraysharbor.com,729 Eklund Ave.,Po Box 1743,Hoquiam,,WA,"98550",US,46.97537080,-123.81572180,classical,veritas-classical-academy-wa-98550-fcapi-classicality-abstract.md,veritas-classical-academy-wa-98550-fcapi-classicality-audit.md,veritas-classical-academy-wa-98550-fcapi-classicality-audit.pdf,elementary-intermediate,,,0,,,,,,,,,,,,,,,,,,,,,,,,,,,,,,0,,0,0,0,0,0,0,0,placeholders/placeholder-elementary-1.png,,0,0,0,0,3303,,PK-8,"Pre-K, K, 1st, 2nd, 3rd, 4th, 5th, 6th, 7th, 8th"
001V400000tPD5J,Veritas Classical Christian School,,,veritas-classical-christian-school-wa,,"",,http://veritasccs.org,14024 Steward Road Southeast,,Sumner,,WA,"98390",US,47.24974740,-122.24219170,classical,veritas-classical-christian-school-wa-fcapi-classicality-abstract.md,veritas-classical-christian-school-wa-fcapi-classicality-audit.md,veritas-classical-christian-school-wa-fcapi-classicality-audit.pdf,elementary-intermediate-secondary,,,0,,,,,,,,,,,,,,,,,,,,,,,,,,,,,,0,,0,0,0,0,0,0,0,placeholders/placeholder-k12-7.png,,0,0,0,0,5299,,,
001V400000tOBYg,Veritas Classical School,001V400000tOBYg,Veritas Classical Schools,veritas-classical-school-fl-32084,office@veritasclassicalschool.org,"+1 904 810 1050",,https://veritasclassicalschool.org/,169 Martin Luther King Avenue,,St. Augustine,St. Johns County,FL,"32084",US,29.88104760,-81.31264790,classical,veritas-classical-school-fl-32084-fcapi-classicality-abstract.md,veritas-classical-school-fl-32084-fcapi-classicality-audit.md,veritas-classical-school-fl-32084-fcapi-classicality-audit.pdf,elementary-intermediate-secondary,Private School,Private,0,,,,,,,,,,,,,,,,,,,,,,,245,,,,,,,0,,0,0,0,0,0,0,0,placeholders/placeholder-elementary-5.png,,0,0,0,0,245,,K-12,"K, 1st, 2nd, 3rd, 4th, 5th, 6th, 7th, 8th, 9th, 10th, 11th, 12th"
001V400000tPD5K,Veritas Classical School,001V400000tOBYg,Veritas Classical Schools,veritas-classical-school-in-47112,4mrs.erickson@gmail.com,"+1 502 548 3958",,https://www.veritas.corydonbaptist.org,2454 Hwy 337 NW,,Corydon,,IN,"47112",US,38.23824430,-86.15149430,classical,veritas-classical-school-in-47112-fcapi-classicality-abstract.md,veritas-classical-school-in-47112-fcapi-classicality-audit.md,veritas-classical-school-in-47112-fcapi-classicality-audit.pdf,elementary-intermediate-secondary,Private School,Private,0,,,,,,,,,,,,,,,,,,,,,,,245,,,,,,,0,,0,0,0,0,0,0,0,placeholders/placeholder-elementary-6.png,,0,0,0,0,247,,K-12,"K, 1st, 2nd, 3rd, 4th, 5th, 6th, 7th, 8th, 9th, 10th, 11th, 12th"
001V400000tPD5L,Veritas Classical Schools of North Georgia,001V400000tOBYg,Veritas Classical Schools,veritas-classical-schools-north-georgia-ga-30534,,"+1 706 828 1689",,https://veritasnga.org/,32 Grant Road West,,Murrayville,Dawson County,GA,"30534",US,34.38845940,-84.02399330,classical,veritas-classical-schools-north-georgia-ga-30534-fcapi-classicality-abstract.md,veritas-classical-schools-north-georgia-ga-30534-fcapi-classicality-audit.md,veritas-classical-schools-north-georgia-ga-30534-fcapi-classicality-audit.pdf,elementary-intermediate-secondary,Private School,Private,0,,,,,,,,,,,,,,,,,,,,,,,245,,,,,,,0,,0,0,0,0,0,0,0,placeholders/placeholder-elementary-9.png,,0,0,0,0,248,,K-12,"K, 1st, 2nd, 3rd, 4th, 5th, 6th, 7th, 8th, 9th, 10th, 11th, 12th"
001V400000tPD5M,Veritas Collegiate Academy,,,veritas-collegiate-academy-va-23320,dcinfo@veritasca.com,"+1 757 410 5095",,https://www.veritasca.com,1208 Centerville Turnpike N.,,Arlington,,VA,"23320",US,36.76002370,-76.18643420,classical,veritas-collegiate-academy-va-23320-fcapi-classicality-abstract.md,veritas-collegiate-academy-va-23320-fcapi-classicality-audit.md,veritas-collegiate-academy-va-23320-fcapi-classicality-audit.pdf,elementary-intermediate-secondary,Private School,Private,0,,,,,,,,,,,,,,,,,,,,,,,,,,,,,,0,,0,0,0,0,0,0,0,placeholders/placeholder-elementary-0.png,,0,0,0,0,2724,,K-12,"K, 1st, 2nd, 3rd, 4th, 5th, 6th, 7th, 8th, 9th, 10th, 11th, 12th"
001V400000tPD5N,Veritas Collegiate Academy of DC,,,veritas-collegiate-academy-dc-va-22202,,"",,https://www.veritasacademydc.com/,935 23rd St S,,Arlington,Arlington County,VA,"22202",US,38.85350300,-77.06260750,classical,veritas-collegiate-academy-dc-va-22202-fcapi-classicality-abstract.md,veritas-collegiate-academy-dc-va-22202-fcapi-classicality-audit.md,veritas-collegiate-academy-dc-va-22202-fcapi-classicality-audit.pdf,elementary-intermediate-secondary,Private School,Private School,0,,,,,,,,,,,,,,,,,,,,,,,,,,,,,,1,,1,0,1,0,0,0,0,placeholders/placeholder-elementary-1.png,,0,0,0,0,2725,,K-12,"K, 1st, 2nd, 3rd, 4th, 5th, 6th, 7th, 8th, 9th, 10th, 11th, 12th"
001V400000tPD5P,Veritas Preparatory Academy,001V400000tOBYR,Great Hearts America,veritas-preparatory-academy-az-85018,,"+1 602 263 1128",,https://veritasprep.greatheartsamerica.org/,3102 North 56th Street,,Phoenix,Maricopa County,AZ,"85018",US,33.48410950,-111.96172660,classical,veritas-preparatory-academy-az-85018-fcapi-classicality-abstract.md,veritas-preparatory-academy-az-85018-fcapi-classicality-audit.md,veritas-preparatory-academy-az-85018-fcapi-classicality-audit.pdf,intermediate-secondary,Charter,Public,0,,,,,,,,,,,,,,,,,,,,,,,157,,,,,,,0,,0,0,0,0,0,0,0,placeholders/placeholder-intermediate-1.png,,0,0,0,0,172,,6-12,"6th, 7th, 8th, 9th, 10th, 11th, 12th"
001V400000tPD5Q,Veritas Preparatory School,,,veritas-preparatory-school-nv-89406,office@veritasfallon.org,"+1 775 217 0069",,https://www.veritasfallon.org/,665 Sheckler Rd.,,Fallon,Churchill County,NV,"89406",US,39.45942480,-118.79416240,classical,veritas-preparatory-school-nv-89406-fcapi-classicality-abstract.md,veritas-preparatory-school-nv-89406-fcapi-classicality-audit.md,veritas-preparatory-school-nv-89406-fcapi-classicality-audit.pdf,elementary-intermediate,Private School,Private,0,,,,,,,,,,,,,,,,,,,,,,,,,,,,,,0,,0,0,0,0,0,0,0,placeholders/placeholder-elementary-5.png,,0,0,0,0,2728,,K-8,"K, 1st, 2nd, 3rd, 4th, 5th, 6th, 7th, 8th"
001V400000tPD5R,Veritas Preparatory School,,,veritas-preparatory-school-sc-29604,info@veritasgreenville.com,"+1 864 309 0511",,https://www.veritasgreenville.com/,PO Box 9621,,Greenville,Greenville County,SC,"29604",US,34.83652280,-82.38707780,classical,veritas-preparatory-school-sc-29604-fcapi-classicality-abstract.md,veritas-preparatory-school-sc-29604-fcapi-classicality-audit.md,veritas-preparatory-school-sc-29604-fcapi-classicality-audit.pdf,elementary-intermediate-secondary,Private School,Private,0,,,,,,,,,,,,,,,,,,,,,,,,,,,,,,0,,0,0,0,0,0,0,0,placeholders/placeholder-elementary-6.png,,0,0,0,0,2729,,K-12,"K, 1st, 2nd, 3rd, 4th, 5th, 6th, 7th, 8th, 9th, 10th, 11th, 12th"
001V400000tPD5T,Veritas School,,,veritas-school-or-97132,blynch@veritasschool.net,"+1 503 538 1962",,https://veritasschool.net/,26288 NE Bell Rd.,,Newberg,Yamhill County,OR,"97132",US,45.33027260,-122.96715540,classical,veritas-school-or-97132-fcapi-classicality-abstract.md,veritas-school-or-97132-fcapi-classicality-audit.md,veritas-school-or-97132-fcapi-classicality-audit.pdf,elementary-intermediate-secondary,Private School,Private,0,,,,,,,,,,,,,,,,,,,,,,,,,,,,,,0,,0,0,0,0,0,0,0,placeholders/placeholder-elementary-7.png,,0,0,0,0,2731,,K-12,"K, 1st, 2nd, 3rd, 4th, 5th, 6th, 7th, 8th, 9th, 10th, 11th, 12th"
001V400000tPD5U,Veritas School,,,veritas-school-va-23227,office@veritasschool.com,"+1 586 243 0971",,https://veritasschool.com/,3400 Brook Rd.,,Richmond,,VA,"23227",US,37.57856080,-77.45159110,classical,veritas-school-va-23227-fcapi-classicality-abstract.md,veritas-school-va-23227-fcapi-classicality-audit.md,veritas-school-va-23227-fcapi-classicality-audit.pdf,elementary-intermediate-secondary,Private School,Private,0,,,,,,,,,,,,,,,,,,,,,,,,,,,,,,0,,0,0,0,0,0,0,0,placeholders/placeholder-elementary-8.png,,0,0,0,0,2732,,PK-12,"Pre-K, K, 1st, 2nd, 3rd, 4th, 5th, 6th, 7th, 8th, 9th, 10th, 11th, 12th"
001V400000tPD5V,Vero Classical School,,,vero-classical-school-fl-32962,info@veroclassicalschool.org,"+1 772 321 2868",,https://www.veroclassicalschool.org/,51 Old Dixie Highway,,Vero Beach,Indian River County,FL,"32962",US,27.60185560,-80.38743670,classical,vero-classical-school-fl-32962-fcapi-classicality-abstract.md,vero-classical-school-fl-32962-fcapi-classicality-audit.md,vero-classical-school-fl-32962-fcapi-classicality-audit.pdf,elementary,Private School,Private,0,,,,,,,,,,,,,,,,,,,,,,,,,,,,,,0,,0,0,0,0,0,0,0,placeholders/placeholder-elementary-9.png,,0,0,0,0,2733,,K-5,"K, 1st, 2nd, 3rd, 4th, 5th"
001V400000tPD5Y,Victory Academy Ocala,,,victory-academy-ocala-fl-34471,info@victoryacademyocala.com,"+1 352 622 4410",,https://victoryacademyocala.com/,3401 SE Lake Weir Ave.,,Ocala,Marion County,FL,"34471",US,29.15402840,-82.11812060,classical,victory-academy-ocala-fl-34471-fcapi-classicality-abstract.md,victory-academy-ocala-fl-34471-fcapi-classicality-audit.md,victory-academy-ocala-fl-34471-fcapi-classicality-audit.pdf,elementary-intermediate,Private School,Private,0,,,,,,,,,,,,,,,,,,,,,,,,,,,,,,0,,0,0,0,0,0,0,0,placeholders/placeholder-elementary-1.png,,0,0,0,0,2735,,PK-8,"Pre-K, K, 1st, 2nd, 3rd, 4th, 5th, 6th, 7th, 8th"
001V400000tPD5Z,Victory in Christ Classical Lutheran Academy,,,victory-christ-classical-lutheran-academy-tx-76071,,"+1 817 489 5400",,https://www.viccla.org/,508 Main Street,,Newark,Wise County,TX,"76071",US,33.00123560,-97.48446570,classical,victory-christ-classical-lutheran-academy-tx-76071-fcapi-classicality-abstract.md,victory-christ-classical-lutheran-academy-tx-76071-fcapi-classicality-audit.md,victory-christ-classical-lutheran-academy-tx-76071-fcapi-classicality-audit.pdf,elementary-intermediate-secondary,Private School,Private,0,,,,,,,,,,,,,,,,,,,,,,,,,,,,,,0,,0,0,0,0,0,0,0,placeholders/placeholder-elementary-5.png,,0,0,0,0,2742,,K-12,"K, 1st, 2nd, 3rd, 4th, 5th, 6th, 7th, 8th, 9th, 10th, 11th, 12th"
001V400000tPD5a,Ville De Marie Academy,,,ville-de-marie-academy-az-85251,info@villedemarieacademy.org,"+1 480 947 9441",,https://villedemarieacademy.org/,8524 East Thomas Road,,Scottsdale,Maricopa County,AZ,"85251",US,33.48063260,-111.89705150,classical,ville-de-marie-academy-az-85251-fcapi-classicality-abstract.md,ville-de-marie-academy-az-85251-fcapi-classicality-audit.md,ville-de-marie-academy-az-85251-fcapi-classicality-audit.pdf,elementary-intermediate-secondary,Private School,Private,0,,,,,,,,,,,,,,,,,,,,,,,,,,,,,,0,,0,0,0,0,0,0,0,placeholders/placeholder-elementary-9.png,,0,0,0,0,2746,,K-12,"K, 1st, 2nd, 3rd, 4th, 5th, 6th, 7th, 8th, 9th, 10th, 11th, 12th"
001V400000tPD5c,"Vine Classical Community, A Scholé Group",001V400000tOZKD,Schole Communities,vine-classical-community-schole-group-austin-tx,interest@vineclassicalcommunity.com,"",,https://vineclassicalcommunity.com/,,,Austin,,TX,"",US,30.26715300,-97.74306080,classical,vine-classical-community-schole-group-austin-tx-fcapi-classicality-abstract.md,vine-classical-community-schole-group-austin-tx-fcapi-classicality-audit.md,vine-classical-community-schole-group-austin-tx-fcapi-classicality-audit.pdf,elementary-intermediate-secondary,,,0,,,,,,,,,,,,,,,,,,,,,,,5479,,,,,,,0,,0,0,0,0,0,0,0,placeholders/placeholder-schole-1.png,,0,0,0,0,5550,,,
001V400000tPDAT,Vintage Christian Academy,,,vintage-christian-academy-tx-76548,,"+1 512 557 4703",,https://www.vintage.academy/,171 Farm-To-Market 3219,,Harker Heights,Bell County,TX,"76548",US,31.10363390,-97.64082040,classical,vintage-christian-academy-tx-76548-fcapi-classicality-abstract.md,vintage-christian-academy-tx-76548-fcapi-classicality-audit.md,vintage-christian-academy-tx-76548-fcapi-classicality-audit.pdf,elementary-intermediate,Private School,Private,0,,,,,,,,,,,,,,,,,,,,,,,,,,,,,,0,,0,0,0,0,0,0,0,placeholders/placeholder-k12-5.png,,0,0,0,0,2749,,PK-6,"Pre-K, K, 1st, 2nd, 3rd, 4th, 5th, 6th"
001V400000tPDAU,Virginia Classical Academy,,,virginia-classical-academy-va-23454,office@virginiaclassicalacademy.org,"+1 866 454 7628",,https://www.virginiaclassicalacademy.com/,1020 General Jackson Drive,,Virginia Beach,,VA,"23454",US,36.86536650,-76.04851430,classical,virginia-classical-academy-va-23454-fcapi-classicality-abstract.md,virginia-classical-academy-va-23454-fcapi-classicality-audit.md,virginia-classical-academy-va-23454-fcapi-classicality-audit.pdf,elementary-intermediate-secondary,Private School,Private,0,,,,,,,,,,,,,,,,,,,,,,,,,,,,,,0,,0,0,0,0,0,0,0,placeholders/placeholder-elementary-2.png,,0,0,0,0,2750,,K-12,"K, 1st, 2nd, 3rd, 4th, 5th, 6th, 7th, 8th, 9th, 10th, 11th, 12th"
001V400000tPDAZ,Washington Classical Christian School,,,washington-classical-christian-school-fl-32084,mearysgreene@gmail.com,"+1 904 342 7105",,https://washingtonccs.com/,2121 Florida 5,,St Augustine,St. Johns County,FL,"32084",US,29.88519270,-81.31233200,classical,washington-classical-christian-school-fl-32084-fcapi-classicality-abstract.md,washington-classical-christian-school-fl-32084-fcapi-classicality-audit.md,washington-classical-christian-school-fl-32084-fcapi-classicality-audit.pdf,elementary-intermediate-secondary,Private School,Private,0,,,,,,,,,,,,,,,,,,,,,,,,,,,,,,0,,0,0,0,0,0,0,0,placeholders/placeholder-elementary-3.png,,0,0,0,0,2762,,K-12,"K, 1st, 2nd, 3rd, 4th, 5th, 6th, 7th, 8th, 9th, 10th, 11th, 12th"
001V400000tPDAa,Waterbrook Christian Academy - A Scholé Community,,,waterbrook-christian-academy-schole-mi-48506,bball@waterbrookca.org,"+1 810 736 3833",,https://waterbrookca.org/,6100 Richfield Road,,Flint,Genesee County,MI,"48506",US,43.05547740,-83.59355280,classical,waterbrook-christian-academy-schole-mi-48506-fcapi-classicality-abstract.md,waterbrook-christian-academy-schole-mi-48506-fcapi-classicality-audit.md,waterbrook-christian-academy-schole-mi-48506-fcapi-classicality-audit.pdf,elementary-intermediate-secondary,Private School,Private,0,,,,,,,,,,,,,,,,,,,,,,,,,,,,,,0,,0,0,0,0,0,0,0,placeholders/placeholder-elementary-7.png,,0,0,0,0,2766,,K-12,"K, 1st, 2nd, 3rd, 4th, 5th, 6th, 7th, 8th, 9th, 10th, 11th, 12th"
001V400000tPDAc,Waterloo School,,,waterloo-school-tx-78704,learn@waterlooaustin.org,"+1 512 758 4445",,http://waterlooaustin.org,1511 South Congress Avenue,,Austin,,TX,"78704",US,30.24842300,-97.74964910,classical,waterloo-school-tx-78704-fcapi-classicality-abstract.md,waterloo-school-tx-78704-fcapi-classicality-audit.md,waterloo-school-tx-78704-fcapi-classicality-audit.pdf,elementary-intermediate-secondary,,,0,,,,,,,,,,,,,,,,,,,,,,,,,,,,,,0,,0,0,0,0,0,0,0,placeholders/placeholder-elementary-8.png,,0,0,0,0,5278,,K-12,"K, 1st, 2nd, 3rd, 4th, 5th, 6th, 7th, 8th, 9th, 10th, 11th, 12th"
001V400000tPDAd,Watermark Classical Academy,,,watermark-classical-academy-pa-15143,spalmer@ststephenschurch.net,"+1 412 607 3060",,https://ststephenschurch.net/,801 Beaver Street,,Sewickley,Allegheny County,PA,"15143",US,40.53744950,-80.17700700,classical,watermark-classical-academy-pa-15143-fcapi-classicality-abstract.md,watermark-classical-academy-pa-15143-fcapi-classicality-audit.md,watermark-classical-academy-pa-15143-fcapi-classicality-audit.pdf,elementary-intermediate,Private School,Private,0,,,,,,,,,,,,,,,,,,,,,,,,,,,,,,0,,0,0,0,0,0,0,0,placeholders/placeholder-elementary-9.png,,0,0,0,0,2767,,K-8,"K, 1st, 2nd, 3rd, 4th, 5th, 6th, 7th, 8th"
001V400000tPDAg,Wellmont Academy,,,wellmont-academy-fl-33710,office@wellmontacademy.com,"+1 727 300 1870",,http://wellmontacademy.com,6000 38th Ave. N St.,,Saint Petersburg,,FL,"33710",US,27.80568790,-82.71690050,classical,wellmont-academy-fl-33710-fcapi-classicality-abstract.md,wellmont-academy-fl-33710-fcapi-classicality-audit.md,wellmont-academy-fl-33710-fcapi-classicality-audit.pdf,elementary-intermediate-secondary,,,0,,,,,,,,,,,,,,,,,,,,,,,,,,,,,,0,,0,0,0,0,0,0,0,placeholders/placeholder-elementary-6.png,,0,0,0,0,5237,,K-12,"K, 1st, 2nd, 3rd, 4th, 5th, 6th, 7th, 8th, 9th, 10th, 11th, 12th"
001V400000tPDAh,West Christian Prep,,,west-christian-prep-tx-77077,westchristianprep@gmail.com,"+1 281 241 7327",,https://westchristianprep.org/,2100 Eldridge Pkwy.,,Houston,,TX,"77077",US,29.74439530,-95.62473980,classical,west-christian-prep-tx-77077-fcapi-classicality-abstract.md,west-christian-prep-tx-77077-fcapi-classicality-audit.md,west-christian-prep-tx-77077-fcapi-classicality-audit.pdf,elementary,,,0,,,,,,,,,,,,,,,,,,,,,,,,,,,,,,0,,0,0,0,0,0,0,0,placeholders/placeholder-elementary-1.png,,0,0,0,0,3311,,3-5,"3rd, 4th, 5th"
001V400000tPDAi,West Dallas Community School,,,west-dallas-community-school-tx-75212,,"+1 214 231 2453",,https://www.wdcschool.org/,2300 Canada Drive,,Dallas,Dallas County,TX,"75212",US,32.79189180,-96.85968680,classical,west-dallas-community-school-tx-75212-fcapi-classicality-abstract.md,west-dallas-community-school-tx-75212-fcapi-classicality-audit.md,west-dallas-community-school-tx-75212-fcapi-classicality-audit.pdf,elementary-intermediate,Private School,Private,0,,,,,,,,,,,,,,,,,,,,,,,,,,,,,,0,,0,0,0,0,0,0,0,placeholders/placeholder-k12-0.png,,0,0,0,0,2777,,PK-8,"Pre-K, K, 1st, 2nd, 3rd, 4th, 5th, 6th, 7th, 8th"
001V400000tPDAj,West Texas Scholé Group,001V400000tOZKD,Schole Communities,west-texas-schole-group-midland-tx,,"",,https://www.facebook.com/West-Texas-Schole-Group-110574354104005,,,Midland,,TX,"",US,31.99957970,-102.07567010,classical,west-texas-schole-group-midland-tx-fcapi-classicality-abstract.md,west-texas-schole-group-midland-tx-fcapi-classicality-audit.md,west-texas-schole-group-midland-tx-fcapi-classicality-audit.pdf,elementary-intermediate-secondary,,,0,,,,,,,,,,,,,,,,,,,,,,,5479,,,,,,,0,,0,0,0,0,0,0,0,placeholders/placeholder-schole-1.png,,0,0,0,0,5549,,,
001V400000tPDAl,Western Avenue Baptist Church School,,,western-avenue-baptist-church-school-in,office@westernavenuebc.org,"+1 765 825 4461",,https://westernavenuebc.org,2800 Western Ave,,Connersville,,IN,"47331",US,39.66912680,-85.13796970,classical,western-avenue-baptist-church-school-in-fcapi-classicality-abstract.md,western-avenue-baptist-church-school-in-fcapi-classicality-audit.md,western-avenue-baptist-church-school-in-fcapi-classicality-audit.pdf,elementary-intermediate-secondary,,,0,,,,,,,,,,,,,,,,,,,,,,,,,,,,,,0,,0,0,0,0,0,0,0,placeholders/placeholder-elementary-7.png,,0,0,0,0,3312,,K-12,"K, 1st, 2nd, 3rd, 4th, 5th, 6th, 7th, 8th, 9th, 10th, 11th, 12th"
001V400000tPDAm,Westminster Academy,,,westminster-academy-tn-38119,admin@westminstertampa.org,"+1 813 279 5225",,https://www.wamemphis.com/,804 North Lincoln Avenue,,Memphis,,TN,"38119",US,35.08078730,-89.85814110,classical,westminster-academy-tn-38119-fcapi-classicality-abstract.md,westminster-academy-tn-38119-fcapi-classicality-audit.md,westminster-academy-tn-38119-fcapi-classicality-audit.pdf,elementary-intermediate-secondary,Private School,Private School,0,,420,,,,,,,,,,,,,,,,,,,,,,,,,,,,1,,1,0,1,0,1,1,0,placeholders/placeholder-k12-1.png,,0,0,0,0,2786,,PK-12,"Pre-K, K, 1st, 2nd, 3rd, 4th, 5th, 6th, 7th, 8th, 9th, 10th, 11th, 12th"
001V400000tPDAn,Westminster Academy Tampa,,,westminster-academy-tampa-fl-33609,info@westminstertampa.org,"+1 813 279 5225",,https://westminstertampa.org/,804 North Lincoln Ave.,,Tampa,Hillsborough County,FL,"33609",US,27.95135690,-82.49770200,classical,westminster-academy-tampa-fl-33609-fcapi-classicality-abstract.md,westminster-academy-tampa-fl-33609-fcapi-classicality-audit.md,westminster-academy-tampa-fl-33609-fcapi-classicality-audit.pdf,elementary-intermediate,Private School,Private,0,,,,,,,,,,,,,,,,,,,,,,,,,,,,,,0,,0,0,0,0,0,0,0,placeholders/placeholder-k12-2.png,,0,0,0,0,2785,,PK-6,"Pre-K, K, 1st, 2nd, 3rd, 4th, 5th, 6th"
001V400000tPDAo,Westminster Christian Academy,,,westminster-christian-academy-ga-30677,,"+1 706 769 9372",,https://www.wcalions.org/,1640 New High Shoals Road,,Watkinsville,,GA,"30677",US,33.84889010,-83.42851540,classical,westminster-christian-academy-ga-30677-fcapi-classicality-abstract.md,westminster-christian-academy-ga-30677-fcapi-classicality-audit.md,westminster-christian-academy-ga-30677-fcapi-classicality-audit.pdf,elementary-intermediate-secondary,Private School,Private School,0,,402,,,,,,,,,,,,,,,,,,,,,,,,,,,,1,,1,0,1,0,0,0,0,placeholders/placeholder-k12-3.png,,0,0,0,0,2789,,PK-12,"Pre-K, K, 1st, 2nd, 3rd, 4th, 5th, 6th, 7th, 8th, 9th, 10th, 11th, 12th"
001V400000tPDAp,Westminster Classical Christian School,,,westminster-classical-christian-school-on-ca-m6r1y4,office@westminsterclassical.ca,"+1 416 466 8819",,https://westminsterclassical.ca/,"9 Hewitt Avenue, Toronto, Ontario M6R 1Y4",,Toronto,Toronto,ON,"M6R 1Y4",CA,43.65226110,-79.45171750,classical,westminster-classical-christian-school-on-ca-m6r1y4-fcapi-classicality-abstract.md,westminster-classical-christian-school-on-ca-m6r1y4-fcapi-classicality-audit.md,westminster-classical-christian-school-on-ca-m6r1y4-fcapi-classicality-audit.pdf,elementary-intermediate-secondary,Private School,Private,0,,,,,,,,,,,,,,,,,,,,,,,,,,,,,,0,,0,0,0,0,0,0,0,placeholders/placeholder-elementary-3.png,,0,0,0,0,2791,,K-12,"K, 1st, 2nd, 3rd, 4th, 5th, 6th, 7th, 8th, 9th, 10th, 11th, 12th"
001V400000tPDAq,Westminster School at Oak Mountain,,,westminster-school-oak-mountain-al-35242,bgriffith@westminsterknights.org,"+1 205 995 9694",,https://westminsterknights.org/,5080 Cahaba Valley Trace,,Birmingham,Shelby County,AL,"35242",US,33.37709680,-86.70593080,classical,westminster-school-oak-mountain-al-35242-fcapi-classicality-abstract.md,westminster-school-oak-mountain-al-35242-fcapi-classicality-audit.md,westminster-school-oak-mountain-al-35242-fcapi-classicality-audit.pdf,elementary-intermediate-secondary,Private School,Private,0,,,,,,,,,,,,,,,,,,,,,,,,,,,,,,0,,0,0,0,0,0,0,0,placeholders/placeholder-elementary-4.png,,0,0,0,0,2792,,K-12,"K, 1st, 2nd, 3rd, 4th, 5th, 6th, 7th, 8th, 9th, 10th, 11th, 12th"
001V400000tPDAr,Weston Classical School,,,weston-classical-school-tn-38242,catkins@westonclassical.org,"+1 731 697 9052",,https://westonclassical.org/,137 Ashli Ln,,Paris,Henry County,TN,"38242",US,36.32435770,-88.27506730,classical,weston-classical-school-tn-38242-fcapi-classicality-abstract.md,weston-classical-school-tn-38242-fcapi-classicality-audit.md,weston-classical-school-tn-38242-fcapi-classicality-audit.pdf,elementary-intermediate-secondary,Private School,Private,0,,,,,,,,,,,,,,,,,,,,,,,,,,,,,,0,,0,0,0,0,0,0,0,placeholders/placeholder-elementary-6.png,,0,0,0,0,2794,,K-12,"K, 1st, 2nd, 3rd, 4th, 5th, 6th, 7th, 8th, 9th, 10th, 11th, 12th"
001V400000tPDAs,Westside Christian Academy,,,westside-christian-academy-oh-44145,wca@westsideacademy.org,"+1 440 331 1300",,https://westsideacademy.org/,23096 Center Ridge Rd.,,Westlake,Cuyahoga County,OH,"44145",US,41.45776010,-81.87635290,classical,westside-christian-academy-oh-44145-fcapi-classicality-abstract.md,westside-christian-academy-oh-44145-fcapi-classicality-audit.md,westside-christian-academy-oh-44145-fcapi-classicality-audit.pdf,elementary-intermediate-secondary,Private School,Private,0,,,,,,,,,,,,,,,,,,,,,,,,,,,,,,0,,0,0,0,0,0,0,0,placeholders/placeholder-elementary-7.png,,0,0,0,0,2795,,K-12,"K, 1st, 2nd, 3rd, 4th, 5th, 6th, 7th, 8th, 9th, 10th, 11th, 12th"
001V400000tPDAt,White Horse Academy,,,white-horse-academy-il-61761,Info@whitehorseclassical.org,"+1 309 306 1405",,https://whitehorseclassical.org,404 N Prarie St,,Bloomington,Monroe County,IL,"61761",US,40.48138400,-88.99188700,classical,white-horse-academy-il-61761-fcapi-classicality-abstract.md,white-horse-academy-il-61761-fcapi-classicality-audit.md,white-horse-academy-il-61761-fcapi-classicality-audit.pdf,elementary,,,0,,,,,,,,,,,,,,,,,,,,,,,,,,,,,,0,,0,0,0,0,0,0,0,placeholders/placeholder-elementary-1.png,,0,0,0,0,3313,,K-3,"K, 1st, 2nd, 3rd"
001V400000tPDAv,Whitefield Academy,,,whitefield-academy-mo-64131,offices@whitefieldacademy.org,"+1 816 444 3567",,https://whitefieldacademy.org/,8929 Holmes Rd.,,Kansas City,Jackson County,MO,"64131",US,38.96501930,-94.58102300,classical,whitefield-academy-mo-64131-fcapi-classicality-abstract.md,whitefield-academy-mo-64131-fcapi-classicality-audit.md,whitefield-academy-mo-64131-fcapi-classicality-audit.pdf,elementary-intermediate-secondary,Private School,Private,0,,,,,,,,,,,,,,,,,,,,,,,,,,,,,,0,,0,0,0,0,0,0,0,placeholders/placeholder-k12-5.png,,0,0,0,0,2802,,PK-12,"Pre-K, K, 1st, 2nd, 3rd, 4th, 5th, 6th, 7th, 8th, 9th, 10th, 11th, 12th"
001V400000tPDAx,Whitmore Classical Academy,,,whitmore-classical-academy-or-97439,,"",,https://www.whitmoreacademy.com/,625 Hwy 101 #1035,,Florence,,OR,"97439",US,43.97215260,-124.10587150,classical,whitmore-classical-academy-or-97439-fcapi-classicality-abstract.md,whitmore-classical-academy-or-97439-fcapi-classicality-audit.md,whitmore-classical-academy-or-97439-fcapi-classicality-audit.pdf,elementary-intermediate-secondary,,,0,,,,,,,,,,,,,,,,,,,,,,,,,,,,,,0,,0,0,0,0,0,0,0,placeholders/placeholder-elementary-7.png,,0,0,0,0,5308,,K-12,"K, 1st, 2nd, 3rd, 4th, 5th, 6th, 7th, 8th, 9th, 10th, 11th, 12th"
001V400000tPDAw,Whitmore School,,,whitmore-school-29223,office@scwhitmoreschool.org,"+1 866 476 6416",,https://www.scwhitmoreschool.org/,501 Commerce Dr NE,,Columbia,,SC,"29223",US,34.05850020,-80.99525930,classical,whitmore-school-29223-fcapi-classicality-abstract.md,whitmore-school-29223-fcapi-classicality-audit.md,whitmore-school-29223-fcapi-classicality-audit.pdf,elementary-intermediate-secondary,Charter,Public,0,,,,,,,,,,,,,,,,,,,,,,,,,,,,,,0,,0,0,0,0,0,0,0,placeholders/placeholder-elementary-6.png,,0,0,0,0,2805,,K-12,"K, 1st, 2nd, 3rd, 4th, 5th, 6th, 7th, 8th, 9th, 10th, 11th, 12th"
001V400000tPDAy,Wilberforce School,,,wilberforce-school-nj-08540,business@wilberforceschool.org,"+1 609 924 6111",,https://wilberforceschool.org/,75 Mapleton Rd. Building 2,,Princeton,Middlesex County,NJ,"08540",US,40.35884100,-74.62149770,classical,wilberforce-school-nj-08540-fcapi-classicality-abstract.md,wilberforce-school-nj-08540-fcapi-classicality-audit.md,wilberforce-school-nj-08540-fcapi-classicality-audit.pdf,elementary-intermediate-secondary,Private School,Private,0,,,,,,,,,,,,,,,,,,,,,,,,,,,,,,0,,0,0,0,0,0,0,0,placeholders/placeholder-elementary-9.png,,0,0,0,0,2808,,PK-12,"Pre-K, K, 1st, 2nd, 3rd, 4th, 5th, 6th, 7th, 8th, 9th, 10th, 11th, 12th"
001V400000tPDB1,Willow Glen Christian School,,,willow-glen-christian-school-ny-13068,,"+1 607 379 4095",,https://willowglencs.org/,1768 Dr.yden Rd.,,Freeville,Tompkins County,NY,"13068",US,42.48181700,-76.36983320,classical,willow-glen-christian-school-ny-13068-fcapi-classicality-abstract.md,willow-glen-christian-school-ny-13068-fcapi-classicality-audit.md,willow-glen-christian-school-ny-13068-fcapi-classicality-audit.pdf,elementary-intermediate-secondary,Private School,Private,0,,,,,,,,,,,,,,,,,,,,,,,,,,,,,,0,,0,0,0,0,0,0,0,placeholders/placeholder-k12-8.png,,0,0,0,0,2811,,PK-12,"Pre-K, K, 1st, 2nd, 3rd, 4th, 5th, 6th, 7th, 8th, 9th, 10th, 11th, 12th"
001V400000tPDB2,Willowbrook Heights,,,willowbrook-heights-ny-14305,admin@willowbrookheights.ca,"+1 905 330 1728",,https://willowbrookheights.ca/,3909 Witmer Rd.,,Burlington,Niagara County,NY,"14305",US,43.12967310,-79.01618320,classical,willowbrook-heights-ny-14305-fcapi-classicality-abstract.md,willowbrook-heights-ny-14305-fcapi-classicality-audit.md,willowbrook-heights-ny-14305-fcapi-classicality-audit.pdf,elementary-intermediate-secondary,Private School,Private,0,,,,,,,,,,,,,,,,,,,,,,,,,,,,,,0,,0,0,0,0,0,0,0,placeholders/placeholder-elementary-2.png,,0,0,0,0,2812,,4-12,"4th, 5th, 6th, 7th, 8th, 9th, 10th, 11th, 12th"
001V400000tPDB3,Wilmington Preschool of the Arts and Classical Day School,,,wilmington-preschool-arts-classical-day-school-nc-28403,,"+1 910 794 3025",,https://www.wilmingtonartspreschoolnc.com/,3830 Oleander Dr.,,Wilmington,New Hanover County,NC,"28403",US,34.21301520,-77.90043640,classical,wilmington-preschool-arts-classical-day-school-nc-28403-fcapi-classicality-abstract.md,wilmington-preschool-arts-classical-day-school-nc-28403-fcapi-classicality-audit.md,wilmington-preschool-arts-classical-day-school-nc-28403-fcapi-classicality-audit.pdf,elementary-intermediate-secondary,Private School,Private,0,,,,,,,,,,,,,,,,,,,,,,,,,,,,,,0,,0,0,0,0,0,0,0,placeholders/placeholder-elementary-5.png,,0,0,0,0,2815,,K-12,"K, 1st, 2nd, 3rd, 4th, 5th, 6th, 7th, 8th, 9th, 10th, 11th, 12th"
001V400000tPDB4,Wilson Hill Academy,,,wilson-hill-academy-tx-78703,info@wilsonhillacademy.com,"+1 512 655 9421",,https://wilsonhillacademy.com/,1300 West Lynn St,Suite 210,Austin,,TX,"78703",US,30.28104600,-97.75879610,classical,wilson-hill-academy-tx-78703-fcapi-classicality-abstract.md,wilson-hill-academy-tx-78703-fcapi-classicality-audit.md,wilson-hill-academy-tx-78703-fcapi-classicality-audit.pdf,elementary-intermediate-secondary,,,0,,,,,,,,,,,,,,,,,,,,,,,,,,,,,,0,,0,0,0,0,0,0,0,placeholders/placeholder-elementary-6.png,,0,0,0,0,251,,K-12,"K, 1st, 2nd, 3rd, 4th, 5th, 6th, 7th, 8th, 9th, 10th, 11th, 12th"
001V400000tPDB5,Windsor Christian Academy,,,windsor-christian-academy-pa-19335,office@windsorca.org,"+1 610 458 7177",,https://windsorca.org/,213 Little Conestoga Road,,Eagle,Chester County,PA,"19335",US,40.07907480,-75.69220730,classical,windsor-christian-academy-pa-19335-fcapi-classicality-abstract.md,windsor-christian-academy-pa-19335-fcapi-classicality-audit.md,windsor-christian-academy-pa-19335-fcapi-classicality-audit.pdf,elementary-intermediate,Private School,Private,0,,,,,,,,,,,,,,,,,,,,,,,,,,,,,,0,,0,0,0,0,0,0,0,placeholders/placeholder-elementary-8.png,,0,0,0,0,2817,,K-8,"K, 1st, 2nd, 3rd, 4th, 5th, 6th, 7th, 8th"
001V400000tPDB6,Wing Classical Academy,,,wing-classical-academy-mi-48130,,"",,https://wing.academy/,11875 Jackson Road,,Dexter,,MI,"48130",US,42.29460290,-83.96550920,classical,wing-classical-academy-mi-48130-fcapi-classicality-abstract.md,wing-classical-academy-mi-48130-fcapi-classicality-audit.md,wing-classical-academy-mi-48130-fcapi-classicality-audit.pdf,elementary-intermediate,Private School,Private School,0,,,,,,,,,,,,,,,,,,,,,,,,,,,,,,1,,1,0,1,0,0,0,0,placeholders/placeholder-elementary-9.png,,0,0,0,0,2818,,K-6,"K, 1st, 2nd, 3rd, 4th, 5th, 6th"
001V400000tPDB7,Wisdom & Truth Classical Academy,,,wisdom-truth-classical-academy-ar-72713,lharris@wisdomatca.org,"+1 502 938 1999",,https://wisdomatca.org/,7702 Southwest Regional Airport Boulevard,,Bentonville,Benton County,AR,"72713",US,36.31574780,-94.29976300,classical,wisdom-truth-classical-academy-ar-72713-fcapi-classicality-abstract.md,wisdom-truth-classical-academy-ar-72713-fcapi-classicality-audit.md,wisdom-truth-classical-academy-ar-72713-fcapi-classicality-audit.pdf,elementary-intermediate-secondary,,,1,,,,,,,,,,,,,,,,,,,,,,,,,,,,,,0,,0,0,0,0,0,0,0,placeholders/placeholder-k12-9.png,,0,0,0,0,2819,,,"Pre-K, K, 1st, 2nd, 3rd, 4th, 5th"
001V400000tPDBB,Wonderview School,,,wonderview-school-ne-68516,,"+1 402 805 1348",,https://www.wonderviewschool.org/,7821 Amelia Dr.,,Lincoln,Lancaster County,NE,"68516",US,40.75149030,-96.64072130,classical,wonderview-school-ne-68516-fcapi-classicality-abstract.md,wonderview-school-ne-68516-fcapi-classicality-audit.md,wonderview-school-ne-68516-fcapi-classicality-audit.pdf,elementary-intermediate-secondary,Private School,Private,0,,,,,,,,,,,,,,,,,,,,,,,,,,,,,,0,,0,0,0,0,0,0,0,placeholders/placeholder-elementary-0.png,,0,0,0,0,2820,,K-12,"K, 1st, 2nd, 3rd, 4th, 5th, 6th, 7th, 8th, 9th, 10th, 11th, 12th"
001V400000tPDBD,Woodstream Christian Academy,,,woodstream-christian-academy-md-20721,inquiry@woodstreamacademy.com,"+1 301 955 1160",,https://woodstreamacademy.com/,9800 Lottsford Road,,Bowie,Prince George's County,MD,"20721",US,38.91525050,-76.83784400,classical,woodstream-christian-academy-md-20721-fcapi-classicality-abstract.md,woodstream-christian-academy-md-20721-fcapi-classicality-audit.md,woodstream-christian-academy-md-20721-fcapi-classicality-audit.pdf,elementary-intermediate-secondary,Private School,Private,0,,,,,,,,,,,,,,,,,,,,,,,,,,,,,,0,,0,0,0,0,0,0,0,placeholders/placeholder-elementary-8.png,,0,0,0,0,2828,,K-12,"K, 1st, 2nd, 3rd, 4th, 5th, 6th, 7th, 8th, 9th, 10th, 11th, 12th"
001V400000tPDBE,Wyoming Classical Academy,,,wyoming-classical-academy-wy-82644,,"+1 307 253 3400",,https://www.wyoclassical.org/,420 2nd Street,,Mills,Natrona County,WY,"82644",US,42.84138190,-106.36688500,classical,wyoming-classical-academy-wy-82644-fcapi-classicality-abstract.md,wyoming-classical-academy-wy-82644-fcapi-classicality-audit.md,wyoming-classical-academy-wy-82644-fcapi-classicality-audit.pdf,elementary-intermediate,Charter,Public,0,,,,,,,,,,,,,,,,,,,,,,,,,,,,,,0,,0,0,0,0,0,0,0,placeholders/placeholder-elementary-4.png,,0,0,0,0,2834,,K-7,"K, 1st, 2nd, 3rd, 4th, 5th, 6th, 7th"
001V400000tPDBF,Xavier Charter School,,,xavier-charter-school-id-83301,,"+1 208 734 3947",,https://xaviercharter.org/,1218 North College Road West,,Twin Falls,Twin Falls County,ID,"83301",US,42.58663410,-114.50846160,classical,xavier-charter-school-id-83301-fcapi-classicality-abstract.md,xavier-charter-school-id-83301-fcapi-classicality-audit.md,xavier-charter-school-id-83301-fcapi-classicality-audit.pdf,elementary-intermediate-secondary,Charter,Public,0,,,,,,,,,,,,,,,,,,,,,,,,,,,,,,0,,0,0,0,0,0,0,0,placeholders/placeholder-elementary-5.png,,0,0,0,0,2835,,K-12,"K, 1st, 2nd, 3rd, 4th, 5th, 6th, 7th, 8th, 9th, 10th, 11th, 12th"
001V400000tPDBG,Yellowstone Classical Christian Academy,,,yellowstone-classical-christian-academy-mt-59041,info@yccacademy.org,"+1 406 962 3555",,https://yccacademy.org,101 S 1st St.,,Joliet,,MT,"59041",US,45.48394010,-108.97378930,classical,yellowstone-classical-christian-academy-mt-59041-fcapi-classicality-abstract.md,yellowstone-classical-christian-academy-mt-59041-fcapi-classicality-audit.md,yellowstone-classical-christian-academy-mt-59041-fcapi-classicality-audit.pdf,elementary,,,0,,,,,,,,,,,,,,,,,,,,,,,,,,,,,,0,,0,0,0,0,0,0,0,placeholders/placeholder-elementary-6.png,,0,0,0,0,3315,,K-4,"K, 1st, 2nd, 3rd, 4th"
001V400000tPDBH,Yellowstone Schools,,,yellowstone-schools-tx-77004,,"+1 713 741 8000",,https://www.yellowstoneschools.org/,3000 Trulley St.,,Houston,Harris County,TX,"77004",US,29.73760270,-95.35636940,classical,yellowstone-schools-tx-77004-fcapi-classicality-abstract.md,yellowstone-schools-tx-77004-fcapi-classicality-audit.md,yellowstone-schools-tx-77004-fcapi-classicality-audit.pdf,elementary-intermediate-secondary,Private School,Private,0,,,,,,,,,,,,,,,,,,,,,,,,,,,,,,0,,0,0,0,0,0,0,0,placeholders/placeholder-elementary-7.png,,0,0,0,0,2836,,K-12,"K, 1st, 2nd, 3rd, 4th, 5th, 6th, 7th, 8th, 9th, 10th, 11th, 12th"
001V400000tPLPd,Young Hearts Buckeye,001V400000tOBYR,Great Hearts America,young-hearts-buckeye-az-85326,clewis@youngheartspreschools.org,"+1 623 300 8206",,https://youngheartsbuckeye.greatheartsamerica.org/,555 S. Jackrabbit Tr.,,Buckeye,,AZ,"85326",US,33.44224610,-112.47588190,classical,young-hearts-buckeye-az-85326-fcapi-classicality-abstract.md,young-hearts-buckeye-az-85326-fcapi-classicality-audit.md,young-hearts-buckeye-az-85326-fcapi-classicality-audit.pdf,elementary,,,0,,,,,,,,,,,,,,,,,,,,,,,157,,,,,,,0,,0,0,0,0,0,0,0,placeholders/placeholder-k12-5.png,,0,0,0,0,146,,K-5,"K, 1st, 2nd, 3rd, 4th, 5th"
001V400000tPDBJ,Zion Classical Academy,,,zion-classical-academy-ne-68901,principal@zionclassical.org,"+1 402 462 5012",,https://zionclassical.org/,465 S. Marian Rd.,,Hastings,Adams County,NE,"68901",US,40.57777570,-98.41970760,classical,zion-classical-academy-ne-68901-fcapi-classicality-abstract.md,zion-classical-academy-ne-68901-fcapi-classicality-audit.md,zion-classical-academy-ne-68901-fcapi-classicality-audit.pdf,elementary-intermediate,Private School,Private,0,,,,,,,,,,,,,,,,,,,,,,,,,,,,,,0,,0,0,0,0,0,0,0,placeholders/placeholder-k12-2.png,,0,0,0,0,2839,,PK-6,"Pre-K, K, 1st, 2nd, 3rd, 4th, 5th, 6th"
001V400000tPDBK,Zion Lutheran School,,,zion-lutheran-school-id-83686,zlsoffice1@gmail.com,"+1 208 466 9141",,https://www.zlsnampa.org/,1012 12th Ave. Rd.,,Nampa,,ID,"83686",US,43.48913720,-116.58943900,classical,zion-lutheran-school-id-83686-fcapi-classicality-abstract.md,zion-lutheran-school-id-83686-fcapi-classicality-audit.md,zion-lutheran-school-id-83686-fcapi-classicality-audit.pdf,elementary-intermediate-secondary,Private School,Private School,0,,62,,,,,,,,,,,,,,,,,,,,,,,,,,,,1,,1,0,1,0,0,0,0,placeholders/placeholder-elementary-0.png,,0,0,0,0,2840,,PK-11,"Pre-K, K, 1st, 2nd, 3rd, 4th, 5th, 6th, 7th, 8th, 9th, 10th, 11th"
